ID_Trem,Ciclo,Grupo,RUL_Alvo,Inclinacao_Mecanica,Vibracao_Max,Vibracao_Kurtosis,Vib_Energia_MaxAcumulado,Vib_Max_MaxAcumulado,Dist_Ref_Suavizada
1,50,Validação,955.0,2.0,184.0,50.00000000000087,1656932.0,184.0,8.0
1,55,Validação,950.0,0.0,182.0,0.0,1656932.0,184.0,8.0
1,60,Validação,945.0,0.0,182.0,0.0,1656932.0,184.0,8.0
1,65,Validação,940.0,0.0,182.0,0.0,1656932.0,184.0,8.0
1,70,Validação,935.0,0.0,182.0,0.0,1656932.0,184.0,8.0
1,75,Validação,930.0,0.0,182.0,0.0,1656932.0,184.0,8.0
1,80,Validação,925.0,0.0,182.0,0.0,1656932.0,184.0,8.0
1,85,Validação,920.0,0.0,182.0,0.0,1656932.0,184.0,8.0
1,90,Validação,915.0,0.0,182.0,0.0,1656932.0,184.0,8.0
1,95,Validação,910.0,0.0,182.0,0.0,1656932.0,184.0,8.0
1,100,Validação,905.0,0.0,182.0,0.0,1656932.0,184.0,8.0
1,105,Validação,900.0,0.0,182.0,0.0,1656932.0,184.0,8.0
1,110,Validação,895.0,0.0,182.0,0.0,1656932.0,184.0,8.0
1,115,Validação,890.0,0.0,182.0,0.0,1656932.0,184.0,8.0
1,120,Validação,885.0,0.0,182.0,0.0,1656932.0,184.0,8.0
1,125,Validação,880.0,0.0,182.0,0.0,1656932.0,184.0,8.0
1,130,Validação,875.0,0.0,182.0,0.0,1656932.0,184.0,8.0
1,135,Validação,870.0,16.0,182.0,50.0000000000001,1656932.0,184.0,9.6
1,140,Validação,865.0,16.0,182.0,3.973746776273395,1656932.0,184.0,11.2
1,145,Validação,860.0,16.0,182.0,-0.0539444216587656,1656932.0,184.0,12.8
1,150,Validação,855.0,16.0,182.0,-1.4163763210605425,1656932.0,184.0,14.4
1,155,Validação,850.0,15.0,182.0,-1.958566354635371,1656932.0,184.0,15.9
1,160,Validação,845.0,15.0,182.0,-2.069751925016281,1656932.0,184.0,17.4
1,165,Validação,840.0,15.0,182.0,-1.810876222323453,1656932.0,184.0,18.9
1,170,Validação,835.0,15.0,182.0,-1.0277666334539948,1656932.0,184.0,20.4
1,175,Validação,830.0,15.0,182.0,0.9498430659588184,1656932.0,184.0,21.9
1,180,Validação,825.0,16.0,182.0,8.245791840215686,1656932.0,184.0,23.5
1,185,Validação,820.0,-1.0,167.0,-1.900487588652503,1656932.0,184.0,23.4
1,190,Validação,815.0,-1.0,167.0,-1.579626047711176,1656932.0,184.0,23.3
1,195,Validação,810.0,0.0,167.0,-1.4253656914893118,1656932.0,184.0,23.2
1,200,Validação,805.0,-1.0,167.0,-1.2411347517731457,1656932.0,184.0,23.1
1,205,Validação,800.0,1.0,167.0,-1.579626047711176,1656932.0,184.0,23.2
1,210,Validação,795.0,0.0,167.0,-1.9686965028123875,1656932.0,184.0,23.3
1,215,Validação,790.0,0.0,167.0,-1.708176344562721,1656932.0,184.0,23.3
1,220,Validação,785.0,0.0,167.0,-1.900487588652503,1656932.0,184.0,23.3
1,225,Validação,780.0,-1.0,167.0,-1.8142903587038768,1656932.0,184.0,23.3
1,230,Validação,775.0,0.0,167.0,-1.579626047711176,1656932.0,184.0,23.2
1,235,Validação,770.0,-1.0,167.0,-1.579626047711176,1656932.0,184.0,23.2
1,240,Validação,765.0,0.0,167.0,-1.241134751773146,1656932.0,184.0,23.2
1,245,Validação,760.0,14.0,167.0,5.637601203042811,1656932.0,184.0,24.7
1,250,Validação,755.0,15.0,167.0,0.3827765455248917,1656932.0,184.0,26.2
1,255,Validação,750.0,14.0,167.0,-1.2442939461741112,1656932.0,184.0,27.6
1,260,Validação,745.0,15.0,167.0,-1.8990073218055967,1656932.0,184.0,29.0
1,265,Validação,740.0,15.0,167.0,-2.081306890326338,1656932.0,184.0,30.5
1,270,Validação,735.0,15.0,167.0,-1.8981036244385847,1656932.0,184.0,32.0
1,275,Validação,730.0,15.0,167.0,-1.2368469113518932,1656932.0,184.0,33.5
1,280,Validação,725.0,14.0,167.0,0.4164688721568028,1656932.0,184.0,35.0
1,285,Validação,720.0,15.0,167.0,5.791962174940899,1656932.0,184.0,36.5
1,290,Validação,715.0,0.0,152.0,0.0,1656932.0,184.0,38.0
1,295,Validação,710.0,0.0,152.0,0.0,1656932.0,184.0,38.0
1,300,Validação,705.0,0.0,152.0,0.0,1656932.0,184.0,38.0
1,305,Validação,700.0,0.0,152.0,0.0,1656932.0,184.0,38.0
1,310,Validação,695.0,0.0,152.0,0.0,1656932.0,184.0,38.0
1,315,Validação,690.0,0.0,152.0,0.0,1656932.0,184.0,38.0
1,320,Validação,685.0,0.0,152.0,0.0,1656932.0,184.0,38.0
1,325,Validação,680.0,6.0,152.0,22.330729166666515,1656932.0,184.0,38.6
1,330,Validação,675.0,6.0,152.0,2.6843146956951847,1656932.0,184.0,39.2
1,335,Validação,670.0,6.0,152.0,-0.4429707913400476,1656932.0,184.0,39.8
1,340,Validação,665.0,6.0,152.0,-1.5796260477111457,1656932.0,184.0,40.4
1,345,Validação,660.0,6.0,152.0,-2.020369922630556,1656932.0,184.0,41.0
1,350,Validação,655.0,6.0,152.0,-2.056566279507998,1656932.0,184.0,41.6
1,355,Validação,650.0,6.0,152.0,-1.7081763445626443,1656932.0,184.0,42.2
1,360,Validação,645.0,6.0,152.0,-0.7586145884018265,1656932.0,184.0,42.8
1,365,Validação,640.0,6.0,152.0,1.7259530141843695,1656932.0,184.0,43.4
1,370,Validação,635.0,6.0,152.0,13.124339821940382,1656932.0,184.0,44.0
1,375,Validação,630.0,12.0,146.0,8.53448774283068,1656932.0,184.0,45.2
1,380,Validação,625.0,12.0,146.0,0.9888715908435736,1656932.0,184.0,46.4
1,385,Validação,620.0,12.0,146.0,-1.02135047281325,1656932.0,184.0,47.6
1,390,Validação,615.0,12.0,146.0,-1.8142903587038983,1656932.0,184.0,48.8
1,395,Validação,610.0,12.0,146.0,-2.0780056601200214,1656932.0,184.0,50.0
1,400,Validação,605.0,12.0,146.0,-1.9686965028124213,1656932.0,184.0,51.2
1,405,Validação,600.0,12.0,146.0,-1.4253656914893638,1656932.0,184.0,52.4
1,410,Validação,595.0,12.0,146.0,-0.060754847988873,1656932.0,184.0,53.6
1,415,Validação,590.0,12.0,146.0,3.973746776273374,1656932.0,184.0,54.8
1,420,Validação,585.0,21.0,146.0,6.327491154860581,1656932.0,184.0,56.9
1,425,Validação,580.0,9.0,134.0,0.4686567712266396,1656932.0,184.0,57.8
1,430,Validação,575.0,9.0,134.0,-1.2073048208854371,1656932.0,184.0,58.7
1,435,Validação,570.0,9.0,134.0,-1.879621082692233,1656932.0,184.0,59.6
1,440,Validação,565.0,9.0,134.0,-2.071961773525341,1656932.0,184.0,60.5
1,445,Validação,560.0,9.0,134.0,-1.893643670260925,1656932.0,184.0,61.4
1,450,Validação,555.0,9.0,134.0,-1.24250267193092,1656932.0,184.0,62.3
1,455,Validação,550.0,9.0,134.0,0.3864960513552722,1656932.0,184.0,63.2
1,460,Validação,545.0,23.0,134.0,2.7992645923332447,1656932.0,184.0,65.5
1,465,Validação,540.0,12.0,125.0,0.4289245590198427,1656932.0,184.0,67.7
1,470,Validação,535.0,13.0,125.0,-1.2186330757793244,1656932.0,184.0,69.0
1,475,Validação,530.0,13.0,125.0,-1.884304305052799,1656932.0,184.0,70.3
1,480,Validação,525.0,14.0,125.0,-2.0732368988604,1656932.0,184.0,71.7
1,485,Validação,520.0,13.0,125.0,-1.8940400976796512,1656932.0,184.0,73.0
1,490,Validação,515.0,24.0,125.0,-0.7751442146417218,1656932.0,184.0,75.4
1,495,Validação,510.0,22.0,125.0,-0.2347740973993732,1656932.0,184.0,77.6
1,500,Validação,505.0,21.0,125.0,0.7500912356963991,1656932.0,184.0,79.7
1,505,Validação,500.0,10.0,112.0,-1.571770598783419,1656932.0,184.0,82.1
1,510,Validação,495.0,10.0,112.0,-1.899816459560771,1656932.0,184.0,83.1
1,515,Validação,490.0,10.0,112.0,-1.8618350844262328,1656932.0,184.0,84.2
1,520,Validação,485.0,17.0,112.0,-1.0228934964947074,1656932.0,184.0,85.9
1,525,Validação,480.0,17.0,112.0,-0.7082949078428431,1656932.0,184.0,87.6
1,530,Validação,475.0,17.0,112.0,-0.102637167100231,1656932.0,184.0,89.2
1,535,Validação,470.0,17.0,112.0,-0.1628705722912302,1656932.0,184.0,90.9
1,540,Validação,465.0,8.0,104.0,-1.7964183567028642,1656932.0,184.0,91.5
1,545,Validação,460.0,7.0,104.0,-1.4775805892544909,1656932.0,184.0,92.3
1,550,Validação,455.0,9.0,104.0,-0.5558693315476964,1656932.0,184.0,93.2
1,555,Validação,450.0,18.0,104.0,3.661153590425526,1656932.0,184.0,95.0
1,560,Validação,445.0,21.0,104.0,1.0413990738094825,1656932.0,184.0,96.8
1,565,Validação,440.0,12.0,95.0,-0.7586145884018265,1656932.0,184.0,98.6
1,570,Validação,435.0,12.0,95.0,-1.7081763445626443,1656932.0,184.0,99.8
1,575,Validação,430.0,12.0,95.0,-2.056566279508,1656932.0,184.0,101.0
1,580,Validação,425.0,12.0,95.0,-2.020369922630561,1656932.0,184.0,102.2
1,585,Validação,420.0,12.0,95.0,-1.579626047711153,1656932.0,184.0,103.4
1,590,Validação,415.0,12.0,95.0,-0.4429707913400471,1656932.0,184.0,104.6
1,595,Validação,410.0,12.0,95.0,2.6728797270013223,1656932.0,184.0,105.8
1,600,Validação,405.0,15.0,95.0,18.4651373112248,1656932.0,184.0,107.3
1,605,Validação,400.0,1.0,83.0,4.328477785547264,1656932.0,184.0,107.4
1,610,Validação,395.0,3.0,83.0,0.7573698718090984,1656932.0,184.0,107.7
1,615,Validação,390.0,3.0,83.0,-0.8173483855431343,1656932.0,184.0,108.0
1,620,Validação,385.0,1.0,83.0,-1.4382596309159754,1656932.0,184.0,108.1
1,625,Validação,380.0,0.0,83.0,-1.684987596475784,1656932.0,184.0,108.1
1,630,Validação,375.0,3.0,83.0,-1.9251717713453893,1656932.0,184.0,108.4
1,635,Validação,370.0,0.0,83.0,-1.9128168922713509,1656932.0,184.0,108.4
1,640,Validação,365.0,3.0,83.0,-1.6452807470221047,1656932.0,184.0,108.7
1,645,Validação,360.0,9.0,83.0,3.867076013183474,1656932.0,184.0,109.6
1,650,Validação,355.0,7.0,83.0,0.6098616071371903,1656932.0,184.0,110.3
1,655,Validação,350.0,7.0,83.0,-0.8844928769579834,1656932.0,184.0,111.1
1,660,Validação,345.0,6.0,83.0,-1.5194571037876947,1656932.0,184.0,111.7
1,665,Validação,340.0,6.0,83.0,-1.7199781260575333,1656932.0,184.0,112.3
1,670,Validação,335.0,8.0,83.0,-1.5474733975751085,1656932.0,184.0,113.1
1,675,Validação,330.0,9.0,83.0,-0.9420405136425004,1656932.0,184.0,114.0
1,680,Validação,325.0,21.0,83.0,6.258523827231567,1656932.0,184.0,116.1
1,685,Validação,320.0,21.0,83.0,2.257101508151892,1656932.0,184.0,118.5
1,690,Validação,315.0,21.0,83.0,-0.0748482564254815,1656932.0,184.0,120.6
1,695,Validação,310.0,15.0,74.0,-1.4256826105280755,1656932.0,184.0,122.1
1,700,Validação,305.0,15.0,74.0,-1.96614935475672,1656932.0,184.0,123.5
1,705,Validação,300.0,15.0,74.0,-2.076492208799907,1656932.0,184.0,125.0
1,710,Validação,295.0,15.0,74.0,-1.8136438654626488,1656932.0,184.0,126.5
1,715,Validação,290.0,15.0,74.0,-1.0219265841599023,1656932.0,184.0,128.0
1,720,Validação,285.0,15.0,74.0,0.985049587813279,1656932.0,184.0,129.5
1,725,Validação,280.0,17.0,74.0,8.408218191361437,1656932.0,184.0,131.2
1,730,Validação,275.0,2.0,59.0,3.382790293797819,1656932.0,184.0,131.4
1,735,Validação,270.0,2.0,59.0,0.3904600777251046,1656932.0,184.0,131.6
1,740,Validação,265.0,0.0,59.0,-0.7158717060960416,1656932.0,184.0,131.6
1,745,Validação,260.0,2.0,59.0,-1.5186178338695535,1656932.0,184.0,131.8
1,750,Validação,255.0,0.0,59.0,-1.7799202127659577,1656932.0,184.0,131.8
1,755,Validação,250.0,0.0,59.0,-1.7737042159352578,1656932.0,184.0,131.8
1,760,Validação,245.0,2.0,59.0,-1.5183061782871603,1656932.0,184.0,132.0
1,765,Validação,240.0,2.0,59.0,-0.7961884692077841,1656932.0,184.0,132.2
1,770,Validação,235.0,2.0,59.0,0.4292290677665153,1656932.0,184.0,132.4
1,775,Validação,230.0,5.0,59.0,3.7988829489438976,1656932.0,184.0,132.9
1,780,Validação,225.0,6.0,59.0,0.2220118374163444,1656932.0,184.0,133.5
1,785,Validação,220.0,5.0,59.0,-1.1410631055751166,1656932.0,184.0,134.1
1,790,Validação,215.0,6.0,59.0,-1.7130593182587794,1656932.0,184.0,134.9
1,795,Validação,210.0,6.0,59.0,-1.8452798911531176,1656932.0,184.0,135.5
1,800,Validação,205.0,6.0,59.0,-1.6170413334938778,1656932.0,184.0,136.3
1,805,Validação,200.0,10.0,59.0,-0.4184989768627369,1656932.0,184.0,137.6
1,810,Validação,195.0,12.0,59.0,0.136559102358019,1656932.0,184.0,138.8
1,815,Validação,190.0,13.0,59.0,0.3991906937168785,1656932.0,184.0,139.9
1,820,Validação,185.0,8.0,52.0,-1.2710170879624794,1656932.0,184.0,141.2
1,825,Validação,180.0,7.0,52.0,-1.7287092358398304,1656932.0,184.0,142.0
1,830,Validação,175.0,6.0,52.0,-1.819742562609136,1656932.0,184.0,142.5
1,835,Validação,170.0,5.0,52.0,-1.566337004378322,1656932.0,184.0,143.0
1,840,Validação,165.0,5.0,52.0,-0.8089632353871798,1656932.0,184.0,143.5
1,845,Validação,160.0,5.0,52.0,1.1049811319011908,1656932.0,184.0,144.0
1,850,Validação,155.0,5.0,51.0,6.849487077726916,1656932.0,184.0,144.5
1,855,Validação,150.0,8.0,46.0,5.428747828918802,1656932.0,184.0,145.3
1,860,Validação,145.0,5.0,46.0,0.9760215389783644,1656932.0,184.0,145.7
1,865,Validação,140.0,5.0,46.0,-0.568661350048743,1656932.0,184.0,146.2
1,870,Validação,135.0,6.0,46.0,-1.357874639536896,1656932.0,184.0,146.8
1,875,Validação,130.0,3.0,46.0,-1.6619827469920323,1656932.0,184.0,147.1
1,880,Validação,125.0,5.0,46.0,-1.6567920690654654,1656932.0,184.0,147.6
1,885,Validação,120.0,8.0,46.0,-1.321632609540927,1656932.0,184.0,148.4
1,890,Validação,115.0,8.0,46.0,-0.4911972894524732,1656932.0,184.0,149.2
1,895,Validação,110.0,21.0,46.0,7.70522065911579,1656932.0,184.0,151.3
1,900,Validação,105.0,12.0,41.0,2.046343520371056,1656932.0,184.0,153.3
1,905,Validação,100.0,14.0,41.0,-0.5254923307951134,1656932.0,184.0,154.7
1,910,Validação,95.0,13.0,41.0,-1.550873809924891,1656932.0,184.0,156.3
1,915,Validação,90.0,15.0,41.0,-1.9397844452912003,1656932.0,184.0,157.9
1,920,Validação,85.0,16.0,41.0,-1.9509965144956145,1656932.0,184.0,159.2
1,925,Validação,80.0,13.0,41.0,-1.5778340818529246,1656932.0,184.0,160.8
1,930,Validação,75.0,16.0,41.0,-0.6000129020528822,1656932.0,184.0,162.4
1,935,Validação,70.0,13.0,41.0,1.8985043999857087,1656932.0,184.0,163.7
1,940,Validação,65.0,22.0,41.0,7.243921732631156,1656932.0,184.0,165.9
1,945,Validação,60.0,8.0,26.0,1.9574474235971548,1656932.0,184.0,166.7
1,950,Validação,55.0,8.0,26.0,-0.5738992316250191,1656932.0,184.0,167.7
1,955,Validação,50.0,11.0,26.0,-1.509581352692897,1656932.0,184.0,168.7
1,960,Validação,45.0,10.0,26.0,-1.895936068559736,1656932.0,184.0,169.6
1,965,Validação,40.0,10.0,26.0,-1.9153230274822688,1656932.0,184.0,170.5
1,970,Validação,35.0,12.0,26.0,-1.4882700973889944,1656932.0,184.0,171.7
1,975,Validação,30.0,12.0,25.0,-0.6471956861233172,1656932.0,184.0,172.9
1,980,Validação,25.0,12.0,25.0,1.253871057830553,1656932.0,184.0,174.1
1,985,Validação,20.0,11.0,25.0,6.006591053363229,1656932.0,184.0,175.3
1,990,Validação,15.0,4.0,17.0,-1.807647588672576,1656932.0,184.0,175.6
1,995,Validação,10.0,4.0,17.0,-1.5936446104672406,1656932.0,184.0,176.0
1,1000,Validação,5.0,3.0,17.0,-1.064899868278245,1656932.0,184.0,176.3
1,1005,Validação,0.0,1.0,16.0,-0.1953367635470235,1656932.0,184.0,176.4
2,50,Treino,1177.0,10.0,189.0,50.00000000000024,1605730.0,189.0,10.0
2,55,Treino,1172.0,0.0,179.0,0.0,1605730.0,189.0,10.0
2,60,Treino,1167.0,0.0,179.0,0.0,1605730.0,189.0,10.0
2,65,Treino,1162.0,0.0,179.0,0.0,1605730.0,189.0,10.0
2,70,Treino,1157.0,0.0,179.0,0.0,1605730.0,189.0,10.0
2,75,Treino,1152.0,0.0,179.0,0.0,1605730.0,189.0,10.0
2,80,Treino,1147.0,0.0,179.0,0.0,1605730.0,189.0,10.0
2,85,Treino,1142.0,0.0,179.0,0.0,1605730.0,189.0,10.0
2,90,Treino,1137.0,0.0,179.0,0.0,1605730.0,189.0,10.0
2,95,Treino,1132.0,0.0,179.0,0.0,1605730.0,189.0,10.0
2,100,Treino,1127.0,0.0,179.0,0.0,1605730.0,189.0,10.0
2,105,Treino,1122.0,0.0,179.0,0.0,1605730.0,189.0,10.0
2,110,Treino,1117.0,0.0,179.0,0.0,1605730.0,189.0,10.0
2,115,Treino,1112.0,0.0,179.0,0.0,1605730.0,189.0,10.0
2,120,Treino,1107.0,0.0,179.0,0.0,1605730.0,189.0,10.0
2,125,Treino,1102.0,0.0,179.0,0.0,1605730.0,189.0,10.0
2,130,Treino,1097.0,0.0,179.0,0.0,1605730.0,189.0,10.0
2,135,Treino,1092.0,0.0,179.0,0.0,1605730.0,189.0,10.0
2,140,Treino,1087.0,15.0,179.0,8.534487742830752,1605730.0,189.0,11.5
2,145,Treino,1082.0,15.0,179.0,0.9888715908435844,1605730.0,189.0,13.0
2,150,Treino,1077.0,15.0,179.0,-1.0213504728132317,1605730.0,189.0,14.5
2,155,Treino,1072.0,15.0,179.0,-1.8142903587038943,1605730.0,189.0,16.0
2,160,Treino,1067.0,15.0,179.0,-2.07800566012002,1605730.0,189.0,17.5
2,165,Treino,1062.0,15.0,179.0,-1.968696502812426,1605730.0,189.0,19.0
2,170,Treino,1057.0,15.0,179.0,-1.4253656914893678,1605730.0,189.0,20.5
2,175,Treino,1052.0,15.0,179.0,-0.0607548479889015,1605730.0,189.0,22.0
2,180,Treino,1047.0,15.0,179.0,3.973746776273349,1605730.0,189.0,23.5
2,185,Treino,1042.0,15.0,179.0,49.99999999999983,1605730.0,189.0,25.0
2,190,Treino,1037.0,0.0,164.0,0.0,1605730.0,189.0,25.0
2,195,Treino,1032.0,0.0,164.0,0.0,1605730.0,189.0,25.0
2,200,Treino,1027.0,0.0,164.0,0.0,1605730.0,189.0,25.0
2,205,Treino,1022.0,0.0,164.0,0.0,1605730.0,189.0,25.0
2,210,Treino,1017.0,0.0,164.0,0.0,1605730.0,189.0,25.0
2,215,Treino,1012.0,0.0,164.0,0.0,1605730.0,189.0,25.0
2,220,Treino,1007.0,0.0,164.0,0.0,1605730.0,189.0,25.0
2,225,Treino,1002.0,0.0,164.0,0.0,1605730.0,189.0,25.0
2,230,Treino,997.0,0.0,164.0,0.0,1605730.0,189.0,25.0
2,235,Treino,992.0,0.0,164.0,0.0,1605730.0,189.0,25.0
2,240,Treino,987.0,0.0,164.0,0.0,1605730.0,189.0,25.0
2,245,Treino,982.0,0.0,164.0,0.0,1605730.0,189.0,25.0
2,250,Treino,977.0,0.0,164.0,0.0,1605730.0,189.0,25.0
2,255,Treino,972.0,0.0,164.0,0.0,1605730.0,189.0,25.0
2,260,Treino,967.0,0.0,164.0,0.0,1605730.0,189.0,25.0
2,265,Treino,962.0,0.0,164.0,0.0,1605730.0,189.0,25.0
2,270,Treino,957.0,0.0,164.0,0.0,1605730.0,189.0,25.0
2,275,Treino,952.0,0.0,164.0,0.0,1605730.0,189.0,25.0
2,280,Treino,947.0,10.0,164.0,8.534487742830652,1605730.0,189.0,26.0
2,285,Treino,942.0,9.0,164.0,1.0134775454437517,1605730.0,189.0,26.9
2,290,Treino,937.0,9.0,164.0,-0.9794927906020447,1605730.0,189.0,27.8
2,295,Treino,932.0,9.0,164.0,-1.778062504796382,1605730.0,189.0,28.7
2,300,Treino,927.0,9.0,164.0,-2.05147874752738,1605730.0,189.0,29.6
2,305,Treino,922.0,9.0,164.0,-1.9530817582513087,1605730.0,189.0,30.5
2,310,Treino,917.0,9.0,164.0,-1.4258137237503514,1605730.0,189.0,31.4
2,315,Treino,912.0,9.0,164.0,-0.098413396562627,1605730.0,189.0,32.3
2,320,Treino,907.0,9.0,164.0,3.769800300021553,1605730.0,189.0,33.2
2,325,Treino,902.0,9.0,164.0,41.73108747044917,1605730.0,189.0,34.1
2,330,Treino,897.0,-1.0,155.0,5.791962174941121,1605730.0,189.0,34.0
2,335,Treino,892.0,-1.0,155.0,49.99999999999781,1605730.0,189.0,34.0
2,340,Treino,887.0,0.0,155.0,0.0,1605730.0,189.0,34.0
2,345,Treino,882.0,0.0,155.0,0.0,1605730.0,189.0,34.0
2,350,Treino,877.0,0.0,155.0,0.0,1605730.0,189.0,34.0
2,355,Treino,872.0,0.0,155.0,0.0,1605730.0,189.0,34.0
2,360,Treino,867.0,0.0,155.0,0.0,1605730.0,189.0,34.0
2,365,Treino,862.0,0.0,155.0,0.0,1605730.0,189.0,34.0
2,370,Treino,857.0,0.0,155.0,0.0,1605730.0,189.0,34.0
2,375,Treino,852.0,0.0,155.0,0.0,1605730.0,189.0,34.0
2,380,Treino,847.0,0.0,155.0,0.0,1605730.0,189.0,34.0
2,385,Treino,842.0,0.0,155.0,0.0,1605730.0,189.0,34.0
2,390,Treino,837.0,0.0,155.0,0.0,1605730.0,189.0,34.0
2,395,Treino,832.0,0.0,155.0,0.0,1605730.0,189.0,34.0
2,400,Treino,827.0,0.0,155.0,0.0,1605730.0,189.0,34.0
2,405,Treino,822.0,0.0,155.0,0.0,1605730.0,189.0,34.0
2,410,Treino,817.0,0.0,155.0,0.0,1605730.0,189.0,34.0
2,415,Treino,812.0,18.0,155.0,22.330729166666675,1605730.0,189.0,35.8
2,420,Treino,807.0,18.0,155.0,2.6843146956951847,1605730.0,189.0,37.6
2,425,Treino,802.0,18.0,155.0,-0.4429707913400471,1605730.0,189.0,39.4
2,430,Treino,797.0,18.0,155.0,-1.579626047711156,1605730.0,189.0,41.2
2,435,Treino,792.0,18.0,155.0,-2.020369922630559,1605730.0,189.0,43.0
2,440,Treino,787.0,18.0,155.0,-2.0565662795080004,1605730.0,189.0,44.8
2,445,Treino,782.0,18.0,155.0,-1.7081763445626434,1605730.0,189.0,46.6
2,450,Treino,777.0,18.0,155.0,-0.7586145884018252,1605730.0,189.0,48.4
2,455,Treino,772.0,18.0,155.0,1.7259530141844035,1605730.0,189.0,50.2
2,460,Treino,767.0,18.0,155.0,13.1243398219405,1605730.0,189.0,52.0
2,465,Treino,762.0,0.0,137.0,0.0,1605730.0,189.0,52.0
2,470,Treino,757.0,0.0,137.0,0.0,1605730.0,189.0,52.0
2,475,Treino,752.0,0.0,137.0,0.0,1605730.0,189.0,52.0
2,480,Treino,747.0,0.0,137.0,0.0,1605730.0,189.0,52.0
2,485,Treino,742.0,0.0,137.0,0.0,1605730.0,189.0,52.0
2,490,Treino,737.0,0.0,137.0,0.0,1605730.0,189.0,52.0
2,495,Treino,732.0,0.0,137.0,0.0,1605730.0,189.0,52.0
2,500,Treino,727.0,0.0,137.0,0.0,1605730.0,189.0,52.0
2,505,Treino,722.0,0.0,137.0,0.0,1605730.0,189.0,52.0
2,510,Treino,717.0,0.0,137.0,0.0,1605730.0,189.0,52.0
2,515,Treino,712.0,0.0,137.0,0.0,1605730.0,189.0,52.0
2,520,Treino,707.0,0.0,137.0,0.0,1605730.0,189.0,52.0
2,525,Treino,702.0,0.0,137.0,0.0,1605730.0,189.0,52.0
2,530,Treino,697.0,7.0,137.0,5.791962174940965,1605730.0,189.0,52.7
2,535,Treino,692.0,7.0,137.0,0.4072473404255183,1605730.0,189.0,53.4
2,540,Treino,687.0,7.0,137.0,-1.241134751773043,1605730.0,189.0,54.1
2,545,Treino,682.0,7.0,137.0,-1.900487588652488,1605730.0,189.0,54.8
2,550,Treino,677.0,7.0,137.0,-2.085106382978723,1605730.0,189.0,55.5
2,555,Treino,672.0,7.0,137.0,-1.900487588652488,1605730.0,189.0,56.2
2,560,Treino,667.0,7.0,137.0,-1.2411347517730429,1605730.0,189.0,56.9
2,565,Treino,662.0,7.0,137.0,0.3773005692394231,1605730.0,189.0,57.6
2,570,Treino,657.0,7.0,137.0,5.638995428583472,1605730.0,189.0,58.3
2,575,Treino,652.0,0.0,131.0,22.33072916666752,1605730.0,189.0,59.0
2,580,Treino,647.0,0.0,131.0,22.33072916666752,1605730.0,189.0,59.0
2,585,Treino,642.0,0.0,131.0,22.3307291666675,1605730.0,189.0,59.0
2,590,Treino,637.0,0.0,131.0,13.124339821940383,1605730.0,189.0,59.0
2,595,Treino,632.0,0.0,131.0,13.124339821940383,1605730.0,189.0,59.0
2,600,Treino,627.0,0.0,131.0,13.124339821940383,1605730.0,189.0,59.0
2,605,Treino,622.0,0.0,131.0,13.124339821940383,1605730.0,189.0,59.0
2,610,Treino,617.0,10.0,131.0,5.690284612848462,1605730.0,189.0,60.0
2,615,Treino,612.0,10.0,131.0,0.4012539964804755,1605730.0,189.0,61.0
2,620,Treino,607.0,10.0,131.0,-1.241514498951032,1605730.0,189.0,62.0
2,625,Treino,602.0,10.0,131.0,-1.8984315160082432,1605730.0,189.0,63.0
2,630,Treino,597.0,10.0,131.0,-2.081089006607536,1605730.0,189.0,64.0
2,635,Treino,592.0,11.0,131.0,-1.893902237706365,1605730.0,189.0,65.0
2,640,Treino,587.0,10.0,130.0,-1.2411347517730495,1605730.0,189.0,66.0
2,645,Treino,582.0,10.0,130.0,0.4072473404255321,1605730.0,189.0,67.0
2,650,Treino,577.0,10.0,130.0,5.791962174940899,1605730.0,189.0,68.0
2,655,Treino,572.0,0.0,120.0,0.0,1605730.0,189.0,69.0
2,660,Treino,567.0,0.0,120.0,0.0,1605730.0,189.0,69.0
2,665,Treino,562.0,0.0,120.0,0.0,1605730.0,189.0,69.0
2,670,Treino,557.0,0.0,120.0,0.0,1605730.0,189.0,69.0
2,675,Treino,552.0,0.0,120.0,0.0,1605730.0,189.0,69.0
2,680,Treino,547.0,0.0,120.0,0.0,1605730.0,189.0,69.0
2,685,Treino,542.0,9.0,120.0,13.124339821940502,1605730.0,189.0,69.9
2,690,Treino,537.0,9.0,120.0,1.7259530141844015,1605730.0,189.0,70.8
2,695,Treino,532.0,9.0,120.0,-0.7586145884018269,1605730.0,189.0,71.7
2,700,Treino,527.0,9.0,120.0,-1.7081763445626446,1605730.0,189.0,72.6
2,705,Treino,522.0,9.0,120.0,-2.0565662795080004,1605730.0,189.0,73.5
2,710,Treino,517.0,9.0,120.0,-2.02036992263056,1605730.0,189.0,74.4
2,715,Treino,512.0,9.0,120.0,-1.5796260477111557,1605730.0,189.0,75.3
2,720,Treino,507.0,9.0,120.0,-0.4429707913400471,1605730.0,189.0,76.2
2,725,Treino,502.0,9.0,120.0,2.684314695695188,1605730.0,189.0,77.1
2,730,Treino,497.0,9.0,120.0,22.33072916666668,1605730.0,189.0,78.0
2,735,Treino,492.0,0.0,111.0,0.0,1605730.0,189.0,78.0
2,740,Treino,487.0,0.0,111.0,0.0,1605730.0,189.0,78.0
2,745,Treino,482.0,0.0,111.0,0.0,1605730.0,189.0,78.0
2,750,Treino,477.0,0.0,111.0,0.0,1605730.0,189.0,78.0
2,755,Treino,472.0,16.0,111.0,50.0000000000001,1605730.0,189.0,79.6
2,760,Treino,467.0,16.0,111.0,3.973746776273369,1605730.0,189.0,81.2
2,765,Treino,462.0,16.0,111.0,-0.0607548479888873,1605730.0,189.0,82.8
2,770,Treino,457.0,16.0,111.0,-1.425365691489363,1605730.0,189.0,84.4
2,775,Treino,452.0,16.0,111.0,-1.9686965028124228,1605730.0,189.0,86.0
2,780,Treino,447.0,16.0,111.0,-2.0780056601200227,1605730.0,189.0,87.6
2,785,Treino,442.0,16.0,111.0,-1.8142903587038968,1605730.0,189.0,89.2
2,790,Treino,437.0,16.0,111.0,-1.0213504728132423,1605730.0,189.0,90.8
2,795,Treino,432.0,16.0,111.0,0.9888715908435756,1605730.0,189.0,92.4
2,800,Treino,427.0,16.0,111.0,8.534487742830713,1605730.0,189.0,94.0
2,805,Treino,422.0,0.0,95.0,0.0,1605730.0,189.0,94.0
2,810,Treino,417.0,0.0,95.0,0.0,1605730.0,189.0,94.0
2,815,Treino,412.0,6.0,95.0,8.831463204438073,1605730.0,189.0,94.6
2,820,Treino,407.0,6.0,95.0,1.0695435469629624,1605730.0,189.0,95.2
2,825,Treino,402.0,6.0,95.0,-0.9838140700965208,1605730.0,189.0,95.8
2,830,Treino,397.0,6.0,95.0,-1.7926160281460424,1605730.0,189.0,96.4
2,835,Treino,392.0,6.0,95.0,-2.064439648807744,1605730.0,189.0,97.0
2,840,Treino,387.0,6.0,95.0,-1.960778985387758,1605730.0,189.0,97.6
2,845,Treino,382.0,6.0,95.0,-1.4235743702366392,1605730.0,189.0,98.2
2,850,Treino,377.0,6.0,95.0,-0.0711378246808442,1605730.0,189.0,98.8
2,855,Treino,372.0,6.0,95.0,3.911137682433602,1605730.0,189.0,99.4
2,860,Treino,367.0,6.0,95.0,47.2437605554515,1605730.0,189.0,100.0
2,865,Treino,362.0,0.0,89.0,0.0,1605730.0,189.0,100.0
2,870,Treino,357.0,0.0,89.0,0.0,1605730.0,189.0,100.0
2,875,Treino,352.0,0.0,89.0,0.0,1605730.0,189.0,100.0
2,880,Treino,347.0,0.0,89.0,0.0,1605730.0,189.0,100.0
2,885,Treino,342.0,0.0,89.0,0.0,1605730.0,189.0,100.0
2,890,Treino,337.0,14.0,89.0,8.751574178224171,1605730.0,189.0,101.4
2,895,Treino,332.0,14.0,89.0,1.0374447091510106,1605730.0,189.0,102.8
2,900,Treino,327.0,14.0,89.0,-1.0005571042718897,1605730.0,189.0,104.2
2,905,Treino,322.0,14.0,89.0,-1.8032206953639007,1605730.0,189.0,105.6
2,910,Treino,317.0,14.0,89.0,-2.071945344958116,1605730.0,189.0,107.0
2,915,Treino,312.0,14.0,89.0,-1.9663745384440965,1605730.0,189.0,108.4
2,920,Treino,307.0,14.0,89.0,-1.42755071393581,1605730.0,189.0,109.8
2,925,Treino,302.0,14.0,89.0,-0.0724826018020134,1605730.0,189.0,111.2
2,930,Treino,297.0,22.0,89.0,2.830706428066261,1605730.0,189.0,113.4
2,935,Treino,292.0,21.0,89.0,6.859705326172472,1605730.0,189.0,115.5
2,940,Treino,287.0,7.0,75.0,-0.688795802133833,1605730.0,189.0,116.2
2,945,Treino,282.0,7.0,75.0,-1.6661127862674845,1605730.0,189.0,116.9
2,950,Treino,277.0,7.0,75.0,-2.029601332453198,1605730.0,189.0,117.6
2,955,Treino,272.0,7.0,75.0,-2.0041094999685547,1605730.0,189.0,118.3
2,960,Treino,267.0,7.0,75.0,-1.5746556904896538,1605730.0,189.0,119.0
2,965,Treino,262.0,7.0,75.0,-0.4586766747852517,1605730.0,189.0,119.7
2,970,Treino,257.0,7.0,75.0,2.5937046044128538,1605730.0,189.0,120.4
2,975,Treino,252.0,7.0,75.0,20.93186017112836,1605730.0,189.0,121.1
2,980,Treino,247.0,0.0,68.0,50.00000000000087,1605730.0,189.0,121.0
2,985,Treino,242.0,-1.0,68.0,50.00000000000087,1605730.0,189.0,121.0
2,990,Treino,237.0,0.0,68.0,0.0,1605730.0,189.0,121.0
2,995,Treino,232.0,0.0,68.0,0.0,1605730.0,189.0,121.0
2,1000,Treino,227.0,14.0,68.0,8.534487742830697,1605730.0,189.0,122.4
2,1005,Treino,222.0,14.0,68.0,0.9888715908435736,1605730.0,189.0,123.8
2,1010,Treino,217.0,14.0,68.0,-1.0213504728132392,1605730.0,189.0,125.2
2,1015,Treino,212.0,14.0,68.0,-1.814290358703898,1605730.0,189.0,126.6
2,1020,Treino,207.0,14.0,68.0,-2.078005660120022,1605730.0,189.0,128.0
2,1025,Treino,202.0,14.0,68.0,-1.968696502812424,1605730.0,189.0,129.4
2,1030,Treino,197.0,14.0,68.0,-1.425365691489361,1605730.0,189.0,130.8
2,1035,Treino,192.0,14.0,68.0,-0.0607548479888899,1605730.0,189.0,132.2
2,1040,Treino,187.0,24.0,68.0,2.6619794280963625,1605730.0,189.0,134.6
2,1045,Treino,182.0,24.0,68.0,3.553624488075161,1605730.0,189.0,137.0
2,1050,Treino,177.0,10.0,54.0,-0.7586145884018243,1605730.0,189.0,138.0
2,1055,Treino,172.0,11.0,54.0,-1.70010323110186,1605730.0,189.0,139.1
2,1060,Treino,167.0,10.0,54.0,-2.051654496909241,1605730.0,189.0,140.1
2,1065,Treino,162.0,10.0,54.0,-2.017539025694276,1605730.0,189.0,141.1
2,1070,Treino,157.0,10.0,54.0,-1.578880343114444,1605730.0,189.0,142.1
2,1075,Treino,152.0,10.0,54.0,-0.4459351772326512,1605730.0,189.0,143.1
2,1080,Treino,147.0,10.0,54.0,2.668045734247227,1605730.0,189.0,144.1
2,1085,Treino,142.0,10.0,54.0,22.07840802194185,1605730.0,189.0,145.1
2,1090,Treino,137.0,0.0,44.0,49.99999999999929,1605730.0,189.0,145.1
2,1095,Treino,132.0,0.0,44.0,49.99999999999929,1605730.0,189.0,145.1
2,1100,Treino,127.0,0.0,44.0,49.99999999999929,1605730.0,189.0,145.1
2,1105,Treino,122.0,15.0,44.0,50.00000000000004,1605730.0,189.0,146.5
2,1110,Treino,117.0,15.0,44.0,3.973746776273379,1605730.0,189.0,148.0
2,1115,Treino,112.0,15.0,44.0,-0.0607548479888877,1605730.0,189.0,149.5
2,1120,Treino,107.0,15.0,44.0,-1.42536569148936,1605730.0,189.0,151.0
2,1125,Treino,102.0,15.0,44.0,-1.9686965028124228,1605730.0,189.0,152.5
2,1130,Treino,97.0,15.0,44.0,-2.078005660120022,1605730.0,189.0,154.0
2,1135,Treino,92.0,15.0,44.0,-1.8142903587038977,1605730.0,189.0,155.5
2,1140,Treino,87.0,15.0,44.0,-1.0213504728132403,1605730.0,189.0,157.0
2,1145,Treino,82.0,15.0,44.0,0.984621296748335,1605730.0,189.0,158.5
2,1150,Treino,77.0,15.0,44.0,8.48096415599392,1605730.0,189.0,160.0
2,1155,Treino,72.0,0.0,30.0,22.330729166666764,1605730.0,189.0,160.0
2,1160,Treino,67.0,0.0,30.0,13.12433982194063,1605730.0,189.0,160.0
2,1165,Treino,62.0,-1.0,30.0,8.534487742830796,1605730.0,189.0,159.9
2,1170,Treino,57.0,15.0,30.0,8.436742958567475,1605730.0,189.0,161.4
2,1175,Treino,52.0,15.0,30.0,0.9747669010647888,1605730.0,189.0,162.9
2,1180,Treino,47.0,15.0,30.0,-1.0187558284217464,1605730.0,189.0,164.4
2,1185,Treino,42.0,15.0,30.0,-1.804877764803892,1605730.0,189.0,165.9
2,1190,Treino,37.0,14.0,30.0,-2.065240823566464,1605730.0,189.0,167.3
2,1195,Treino,32.0,15.0,30.0,-1.957244441579956,1605730.0,189.0,168.8
2,1200,Treino,27.0,14.0,30.0,-1.4188732833859,1605730.0,189.0,170.2
2,1205,Treino,22.0,15.0,30.0,-0.0657178683471872,1605730.0,189.0,171.7
2,1210,Treino,17.0,15.0,30.0,3.8820056755463215,1605730.0,189.0,173.2
2,1215,Treino,12.0,14.0,29.0,44.45007317347744,1605730.0,189.0,174.7
2,1220,Treino,7.0,-1.0,15.0,-2.0780056601200223,1605730.0,189.0,174.6
2,1225,Treino,2.0,1.0,15.0,-2.02036992263056,1605730.0,189.0,174.6
3,50,Validação,370.0,16.0,189.0,50.00000000000013,1502242.0,189.0,16.0
3,55,Validação,365.0,15.0,173.0,13.12433982194052,1502242.0,189.0,23.5
3,60,Validação,360.0,15.0,173.0,1.7259530141843902,1502242.0,189.0,26.0
3,65,Validação,355.0,15.0,173.0,-0.7586145884018265,1502242.0,189.0,27.25
3,70,Validação,350.0,15.0,173.0,-1.7081763445626494,1502242.0,189.0,28.0
3,75,Validação,345.0,15.0,173.0,-2.056566279508001,1502242.0,189.0,28.5
3,80,Validação,340.0,15.0,173.0,-2.02036992263056,1502242.0,189.0,28.857142857142858
3,85,Validação,335.0,15.0,173.0,-1.579626047711151,1502242.0,189.0,29.125
3,90,Validação,330.0,15.0,173.0,-0.4429707913400467,1502242.0,189.0,29.333333333333332
3,95,Validação,325.0,15.0,173.0,2.684314695695212,1502242.0,189.0,29.5
3,100,Validação,320.0,33.0,173.0,4.249719331540506,1502242.0,189.0,32.8
3,105,Validação,315.0,18.0,158.0,0.4246093236920369,1502242.0,189.0,34.6
3,110,Validação,310.0,18.0,158.0,-1.229938406144251,1502242.0,189.0,36.4
3,115,Validação,305.0,18.0,158.0,-1.8932829827834616,1502242.0,189.0,38.2
3,120,Validação,300.0,18.0,158.0,-2.080546781801772,1502242.0,189.0,40.0
3,125,Validação,295.0,18.0,158.0,-1.89825763739648,1502242.0,189.0,41.8
3,130,Validação,290.0,18.0,158.0,-1.2421218764649395,1502242.0,189.0,43.6
3,135,Validação,285.0,18.0,158.0,0.3984517948268933,1502242.0,189.0,45.4
3,140,Validação,280.0,18.0,158.0,5.7410207757433565,1502242.0,189.0,47.2
3,145,Validação,275.0,21.0,140.0,5.756228350198287,1502242.0,189.0,51.2
3,150,Validação,270.0,22.0,140.0,0.4057929406579075,1502242.0,189.0,53.4
3,155,Validação,265.0,22.0,140.0,-1.2413870464871135,1502242.0,189.0,55.6
3,160,Validação,260.0,22.0,140.0,-1.900487588652484,1502242.0,189.0,57.8
3,165,Validação,255.0,22.0,140.0,-2.085106382978723,1502242.0,189.0,60.0
3,170,Validação,250.0,22.0,140.0,-1.9004875886524808,1502242.0,189.0,62.2
3,175,Validação,245.0,22.0,140.0,-1.241134751773047,1502242.0,189.0,64.4
3,180,Validação,240.0,22.0,140.0,0.4072473404255281,1502242.0,189.0,66.6
3,185,Validação,235.0,22.0,140.0,5.791962174940883,1502242.0,189.0,68.8
3,190,Validação,230.0,0.0,118.0,0.0,1502242.0,189.0,71.0
3,195,Validação,225.0,0.0,118.0,0.0,1502242.0,189.0,71.0
3,200,Validação,220.0,15.0,118.0,50.00000000000004,1502242.0,189.0,72.5
3,205,Validação,215.0,14.0,118.0,4.016996910403386,1502242.0,189.0,73.9
3,210,Validação,210.0,14.0,118.0,-0.0435116654682761,1502242.0,189.0,75.3
3,215,Validação,205.0,14.0,118.0,-1.4162388463035396,1502242.0,189.0,76.7
3,220,Validação,200.0,14.0,118.0,-1.9632071373849869,1502242.0,189.0,78.1
3,225,Validação,195.0,14.0,118.0,-2.074700275875088,1502242.0,189.0,79.5
3,230,Validação,190.0,14.0,118.0,-1.8128655520865868,1502242.0,189.0,80.9
3,235,Validação,185.0,14.0,118.0,-1.0226263966831657,1502242.0,189.0,82.3
3,240,Validação,180.0,14.0,118.0,0.9803648822734994,1502242.0,189.0,83.7
3,245,Validação,175.0,14.0,118.0,8.475419033509143,1502242.0,189.0,85.1
3,250,Validação,170.0,13.0,104.0,13.152057936639668,1502242.0,189.0,86.4
3,255,Validação,165.0,14.0,104.0,1.741882501888912,1502242.0,189.0,87.8
3,260,Validação,160.0,14.0,104.0,-0.7521691336549852,1502242.0,189.0,89.2
3,265,Validação,155.0,14.0,104.0,-1.7047716994231408,1502242.0,189.0,90.6
3,270,Validação,150.0,14.0,104.0,-2.054622890543806,1502242.0,189.0,92.0
3,275,Validação,145.0,14.0,104.0,-2.019418912068911,1502242.0,189.0,93.4
3,280,Validação,140.0,14.0,104.0,-1.5797285418117195,1502242.0,189.0,94.8
3,285,Validação,135.0,14.0,104.0,-0.4450292590283267,1502242.0,189.0,96.2
3,290,Validação,130.0,14.0,104.0,2.6752062795061446,1502242.0,189.0,97.6
3,295,Validação,125.0,14.0,104.0,22.19828783198377,1502242.0,189.0,99.0
3,300,Validação,120.0,0.0,90.0,0.0,1502242.0,189.0,99.0
3,305,Validação,115.0,19.0,90.0,8.534487742830724,1502242.0,189.0,100.9
3,310,Validação,110.0,19.0,90.0,0.9888715908435676,1502242.0,189.0,102.8
3,315,Validação,105.0,19.0,90.0,-1.0213504728132352,1502242.0,189.0,104.7
3,320,Validação,100.0,19.0,90.0,-1.8142903587038977,1502242.0,189.0,106.6
3,325,Validação,95.0,19.0,90.0,-2.078005660120022,1502242.0,189.0,108.5
3,330,Validação,90.0,19.0,90.0,-1.9686965028124248,1502242.0,189.0,110.4
3,335,Validação,85.0,19.0,90.0,-1.4253656914893602,1502242.0,189.0,112.3
3,340,Validação,80.0,19.0,90.0,-0.0607548479888944,1502242.0,189.0,114.2
3,345,Validação,75.0,19.0,90.0,3.973746776273371,1502242.0,189.0,116.1
3,350,Validação,70.0,19.0,90.0,49.99999999999999,1502242.0,189.0,118.0
3,355,Validação,65.0,0.0,71.0,0.0,1502242.0,189.0,118.0
3,360,Validação,60.0,0.0,71.0,0.0,1502242.0,189.0,118.0
3,365,Validação,55.0,19.0,71.0,8.567800703837056,1502242.0,189.0,119.9
3,370,Validação,50.0,18.0,71.0,0.9973057430047384,1502242.0,189.0,121.7
3,375,Validação,45.0,18.0,71.0,-1.0175414833402263,1502242.0,189.0,123.5
3,380,Validação,40.0,18.0,71.0,-1.8103063844113545,1502242.0,189.0,125.3
3,385,Validação,35.0,42.0,71.0,0.5944715436148531,1502242.0,189.0,129.5
3,390,Validação,30.0,42.0,71.0,-0.3083068173170518,1502242.0,189.0,133.7
3,395,Validação,25.0,42.0,71.0,-1.055840401572159,1502242.0,189.0,137.9
3,400,Validação,20.0,42.0,71.0,-1.3038233695859274,1502242.0,189.0,142.1
3,405,Validação,15.0,63.0,71.0,-0.7494232244617658,1502242.0,189.0,148.4
3,410,Validação,10.0,62.0,71.0,-0.96376841159023,1502242.0,189.0,154.6
3,415,Validação,5.0,44.0,53.0,-1.350823356003397,1502242.0,189.0,158.9
3,420,Validação,0.0,45.0,53.0,-1.256077878907775,1502242.0,189.0,163.4
4,50,Treino,859.0,12.0,182.0,-1.428752519966684,1524523.0,182.0,19.0
4,55,Treino,854.0,7.0,177.0,-2.056566279508,1524523.0,182.0,19.0
4,60,Treino,849.0,7.0,177.0,-2.020369922630565,1524523.0,182.0,19.0
4,65,Treino,844.0,7.0,177.0,-1.5796260477111488,1524523.0,182.0,19.0
4,70,Treino,839.0,15.0,177.0,0.5258858395036556,1524523.0,182.0,20.6
4,75,Treino,834.0,15.0,177.0,0.2146534802633071,1524523.0,182.0,21.666666666666668
4,80,Treino,829.0,15.0,177.0,-0.4346514275343391,1524523.0,182.0,22.428571428571427
4,85,Treino,824.0,8.0,170.0,-1.814290358703893,1524523.0,182.0,23.0
4,90,Treino,819.0,8.0,170.0,-2.078005660120022,1524523.0,182.0,23.444444444444443
4,95,Treino,814.0,12.0,170.0,-1.842834785825756,1524523.0,182.0,24.2
4,100,Treino,809.0,12.0,170.0,-1.2683694543340136,1524523.0,182.0,25.4
4,105,Treino,804.0,12.0,170.0,-0.491094153958759,1524523.0,182.0,26.6
4,110,Treino,799.0,12.0,170.0,1.1609833454872938,1524523.0,182.0,27.8
4,115,Treino,794.0,12.0,170.0,3.074480617046365,1524523.0,182.0,29.0
4,120,Treino,789.0,4.0,162.0,-2.07800566012002,1524523.0,182.0,29.4
4,125,Treino,784.0,4.0,162.0,-1.8142903587039088,1524523.0,182.0,29.8
4,130,Treino,779.0,10.0,162.0,1.290780141843972,1524523.0,182.0,30.8
4,135,Treino,774.0,10.0,162.0,1.1149527186761228,1524523.0,182.0,31.8
4,140,Treino,769.0,10.0,162.0,-0.0924095333324892,1524523.0,182.0,32.8
4,145,Treino,764.0,6.0,158.0,-1.4253656914893458,1524523.0,182.0,33.4
4,150,Treino,759.0,6.0,158.0,-1.968696502812428,1524523.0,182.0,34.0
4,155,Treino,754.0,6.0,158.0,-2.0780056601200214,1524523.0,182.0,34.6
4,160,Treino,749.0,11.0,158.0,-1.1148650390820078,1524523.0,182.0,35.7
4,165,Treino,744.0,11.0,158.0,-0.7069862993204765,1524523.0,182.0,36.8
4,170,Treino,739.0,11.0,158.0,-0.4225243285016127,1524523.0,182.0,37.9
4,175,Treino,734.0,11.0,158.0,0.0686987235003364,1524523.0,182.0,39.0
4,180,Treino,729.0,5.0,152.0,-2.0203699226305565,1524523.0,182.0,39.5
4,185,Treino,724.0,5.0,152.0,-2.0565662795080035,1524523.0,182.0,40.0
4,190,Treino,719.0,5.0,152.0,-1.70817634456266,1524523.0,182.0,40.5
4,195,Treino,714.0,12.0,152.0,1.629591334394001,1524523.0,182.0,41.7
4,200,Treino,709.0,12.0,152.0,0.441734351730958,1524523.0,182.0,42.9
4,205,Treino,704.0,12.0,152.0,-0.4868233730992828,1524523.0,182.0,44.1
4,210,Treino,699.0,7.0,147.0,-1.690980575106349,1524523.0,182.0,44.8
4,215,Treino,694.0,7.0,147.0,-2.0459573720848776,1524523.0,182.0,45.5
4,220,Treino,689.0,7.0,147.0,-2.014063601427666,1524523.0,182.0,46.2
4,225,Treino,684.0,13.0,147.0,-0.8185167414500327,1524523.0,182.0,47.5
4,230,Treino,679.0,13.0,147.0,-0.6228928601210355,1524523.0,182.0,48.8
4,235,Treino,674.0,13.0,147.0,-0.262792094787156,1524523.0,182.0,50.1
4,240,Treino,669.0,13.0,147.0,-0.1405340712657947,1524523.0,182.0,51.4
4,245,Treino,664.0,6.0,140.0,-2.0780056601200214,1524523.0,182.0,52.0
4,250,Treino,659.0,6.0,140.0,-1.968696502812428,1524523.0,182.0,52.6
4,255,Treino,654.0,6.0,140.0,-1.425365691489345,1524523.0,182.0,53.2
4,260,Treino,649.0,10.0,140.0,-0.0924095333324892,1524523.0,182.0,54.2
4,265,Treino,644.0,10.0,140.0,1.1149527186761228,1524523.0,182.0,55.2
4,270,Treino,639.0,10.0,140.0,1.290780141843972,1524523.0,182.0,56.2
4,275,Treino,634.0,4.0,134.0,-1.814290358703909,1524523.0,182.0,56.6
4,280,Treino,629.0,4.0,134.0,-2.07800566012002,1524523.0,182.0,57.0
4,285,Treino,624.0,4.0,134.0,-1.968696502812428,1524523.0,182.0,57.4
4,290,Treino,619.0,4.0,134.0,-1.4253656914893644,1524523.0,182.0,57.8
4,295,Treino,614.0,14.0,134.0,5.657198485903047,1524523.0,182.0,59.2
4,300,Treino,609.0,14.0,134.0,1.1084529588342449,1524523.0,182.0,60.6
4,305,Treino,604.0,14.0,134.0,-0.7509400709287863,1524523.0,182.0,62.0
4,310,Treino,599.0,10.0,130.0,-1.7081763445626443,1524523.0,182.0,63.0
4,315,Treino,594.0,10.0,130.0,-2.056566279507999,1524523.0,182.0,64.0
4,320,Treino,589.0,10.0,130.0,-2.0203699226305623,1524523.0,182.0,65.0
4,325,Treino,584.0,14.0,130.0,-1.4731438112223332,1524523.0,182.0,66.4
4,330,Treino,579.0,14.0,130.0,-0.6243586453172512,1524523.0,182.0,67.8
4,335,Treino,574.0,14.0,130.0,1.2025367777378468,1524523.0,182.0,69.2
4,340,Treino,569.0,14.0,130.0,5.889913394732423,1524523.0,182.0,70.6
4,345,Treino,564.0,4.0,120.0,-2.078005660120022,1524523.0,182.0,71.0
4,350,Treino,559.0,4.0,120.0,-1.968696502812428,1524523.0,182.0,71.4
4,355,Treino,554.0,7.0,120.0,-0.927591992199562,1524523.0,182.0,72.1
4,360,Treino,549.0,7.0,120.0,-0.3875365691489394,1524523.0,182.0,72.8
4,365,Treino,544.0,7.0,120.0,0.3011304717132437,1524523.0,182.0,73.5
4,370,Treino,539.0,7.0,120.0,-0.0016544423204787,1524523.0,182.0,74.2
4,375,Treino,534.0,3.0,116.0,-2.056566279507998,1524523.0,182.0,74.5
4,380,Treino,529.0,3.0,116.0,-2.020369922630556,1524523.0,182.0,74.8
4,385,Treino,524.0,6.0,116.0,-0.5466896045740883,1524523.0,182.0,75.4
4,390,Treino,519.0,6.0,116.0,-0.2596863683695201,1524523.0,182.0,76.0
4,395,Treino,514.0,6.0,116.0,-0.2596863683695201,1524523.0,182.0,76.6
4,400,Treino,509.0,6.0,116.0,-0.5466896045740892,1524523.0,182.0,77.2
4,405,Treino,504.0,3.0,113.0,-2.020369922630556,1524523.0,182.0,77.5
4,410,Treino,499.0,3.0,113.0,-2.056566279507998,1524523.0,182.0,77.8
4,415,Treino,494.0,9.0,113.0,3.5176726796176467,1524523.0,182.0,78.7
4,420,Treino,489.0,9.0,113.0,0.8194981648712467,1524523.0,182.0,79.6
4,425,Treino,484.0,9.0,113.0,-0.6213336959595344,1524523.0,182.0,80.5
4,430,Treino,479.0,9.0,113.0,-1.4008025183380906,1524523.0,182.0,81.4
4,435,Treino,474.0,6.0,110.0,-2.020369922630561,1524523.0,182.0,82.0
4,440,Treino,469.0,6.0,110.0,-2.056566279508001,1524523.0,182.0,82.6
4,445,Treino,464.0,15.0,110.0,0.8783220653112087,1524523.0,182.0,84.1
4,450,Treino,459.0,15.0,110.0,-0.291944930822424,1524523.0,182.0,85.6
4,455,Treino,454.0,15.0,110.0,-0.9262572206943376,1524523.0,182.0,87.1
4,460,Treino,449.0,15.0,110.0,-1.3465805327243563,1524523.0,182.0,88.6
4,465,Treino,444.0,9.0,104.0,-2.0780056601200214,1524523.0,182.0,89.5
4,470,Treino,439.0,9.0,104.0,-1.968696502812424,1524523.0,182.0,90.4
4,475,Treino,434.0,12.0,104.0,-1.3775781101665188,1524523.0,182.0,91.6
4,480,Treino,429.0,12.0,104.0,-0.3076633570007767,1524523.0,182.0,92.8
4,485,Treino,424.0,12.0,104.0,2.270776154692824,1524523.0,182.0,94.0
4,490,Treino,419.0,12.0,104.0,10.020582998053388,1524523.0,182.0,95.2
4,495,Treino,414.0,3.0,95.0,-2.085106382978723,1524523.0,182.0,95.5
4,500,Treino,409.0,3.0,95.0,-1.900487588652486,1524523.0,182.0,95.8
4,505,Treino,404.0,13.0,95.0,13.726372926296907,1524523.0,182.0,97.1
4,510,Treino,399.0,13.0,95.0,2.75913536125888,1524523.0,182.0,98.4
4,515,Treino,394.0,13.0,95.0,-0.1756294725280183,1524523.0,182.0,99.7
4,520,Treino,389.0,10.0,92.0,-1.4253656914893642,1524523.0,182.0,101.0
4,525,Treino,384.0,10.0,92.0,-1.968696502812424,1524523.0,182.0,102.0
4,530,Treino,379.0,10.0,92.0,-2.0780056601200214,1524523.0,182.0,103.0
4,535,Treino,374.0,9.0,92.0,-1.8137228408425885,1524523.0,182.0,103.9
4,540,Treino,369.0,14.0,92.0,-1.0037549174442346,1524523.0,182.0,105.3
4,545,Treino,364.0,14.0,92.0,0.549196128312234,1524523.0,182.0,106.7
4,550,Treino,359.0,14.0,92.0,4.06840069917926,1524523.0,182.0,108.1
4,555,Treino,354.0,4.0,83.0,-1.4178024295462424,1524523.0,182.0,108.5
4,560,Treino,349.0,4.0,83.0,-1.9476054547875208,1524523.0,182.0,108.9
4,565,Treino,344.0,4.0,83.0,-2.044018697392435,1524523.0,182.0,109.3
4,570,Treino,339.0,4.0,83.0,-1.761445995544194,1524523.0,182.0,109.7
4,575,Treino,334.0,11.0,83.0,1.8174493630684123,1524523.0,182.0,110.8
4,580,Treino,329.0,11.0,83.0,0.1173859150965017,1524523.0,182.0,111.9
4,585,Treino,324.0,11.0,82.0,-0.8780216389998801,1524523.0,182.0,113.1
4,590,Treino,319.0,7.0,78.0,-1.8142903587038943,1524523.0,182.0,113.8
4,595,Treino,314.0,7.0,78.0,-2.078005660120022,1524523.0,182.0,114.5
4,600,Treino,309.0,7.0,78.0,-1.968696502812424,1524523.0,182.0,115.2
4,605,Treino,304.0,15.0,78.0,-0.0849538087055603,1524523.0,182.0,116.7
4,610,Treino,299.0,15.0,78.0,-0.3514020023638542,1524523.0,182.0,118.2
4,615,Treino,294.0,15.0,78.0,-0.5486405218242534,1524523.0,182.0,119.7
4,620,Treino,289.0,15.0,78.0,-1.2677475843489854,1524523.0,182.0,121.2
4,625,Treino,284.0,8.0,71.0,-2.0732068763206133,1524523.0,182.0,122.0
4,630,Treino,279.0,8.0,71.0,-1.9667839806537868,1524523.0,182.0,122.8
4,635,Treino,274.0,12.0,71.0,-1.257791093871285,1524523.0,182.0,124.0
4,640,Treino,269.0,12.0,71.0,-0.4635548557131783,1524523.0,182.0,125.2
4,645,Treino,264.0,12.0,71.0,1.1593157805482672,1524523.0,182.0,126.4
4,650,Treino,259.0,12.0,71.0,2.9167696704525907,1524523.0,182.0,127.6
4,655,Treino,254.0,4.0,63.0,-2.085106382978723,1524523.0,182.0,128.0
4,660,Treino,249.0,4.0,63.0,-1.900487588652484,1524523.0,182.0,128.4
4,665,Treino,244.0,4.0,63.0,-1.2411347517730555,1524523.0,182.0,128.8
4,670,Treino,239.0,9.0,63.0,0.9038501984229584,1524523.0,182.0,129.7
4,675,Treino,234.0,9.0,63.0,0.2160740326912553,1524523.0,182.0,130.6
4,680,Treino,229.0,5.0,59.0,-1.2411347517730495,1524523.0,182.0,131.5
4,685,Treino,224.0,5.0,59.0,-1.900487588652482,1524523.0,182.0,132.0
4,690,Treino,219.0,5.0,59.0,-2.085106382978723,1524523.0,182.0,132.5
4,695,Treino,214.0,5.0,59.0,-1.900487588652482,1524523.0,182.0,133.0
4,700,Treino,209.0,5.0,59.0,-1.2411347517730495,1524523.0,182.0,133.5
4,705,Treino,204.0,9.0,59.0,0.3481268560155994,1524523.0,182.0,134.4
4,710,Treino,199.0,9.0,59.0,1.1325792703278763,1524523.0,182.0,135.3
4,715,Treino,194.0,4.0,54.0,-1.021350472813233,1524523.0,182.0,136.2
4,720,Treino,189.0,4.0,54.0,-1.8142903587039008,1524523.0,182.0,136.6
4,725,Treino,184.0,4.0,54.0,-2.078005660120022,1524523.0,182.0,137.0
4,730,Treino,179.0,4.0,54.0,-1.968696502812423,1524523.0,182.0,137.4
4,735,Treino,174.0,10.0,54.0,0.9961778043679326,1524523.0,182.0,138.4
4,740,Treino,169.0,10.0,54.0,-0.1538581910312393,1524523.0,182.0,139.4
4,745,Treino,164.0,10.0,54.0,-0.832444976847782,1524523.0,182.0,140.4
4,750,Treino,159.0,10.0,54.0,-1.571056348228426,1524523.0,182.0,141.4
4,755,Treino,154.0,6.0,50.0,-2.0780056601200223,1524523.0,182.0,142.0
4,760,Treino,149.0,6.0,50.0,-1.9686965028124248,1524523.0,182.0,142.6
4,765,Treino,144.0,12.0,50.0,-0.4546306532563595,1524523.0,182.0,143.8
4,770,Treino,139.0,12.0,50.0,-0.5541045800963049,1524523.0,182.0,145.0
4,775,Treino,134.0,12.0,50.0,-0.4728324995348534,1524523.0,182.0,146.2
4,780,Treino,129.0,12.0,50.0,-1.096641893175598,1524523.0,182.0,147.4
4,785,Treino,124.0,6.0,44.0,-2.085106382978723,1524523.0,182.0,148.0
4,790,Treino,119.0,9.0,44.0,-1.653039507841633,1524523.0,182.0,148.9
4,795,Treino,114.0,9.0,44.0,-1.1695817537760744,1524523.0,182.0,149.8
4,800,Treino,109.0,9.0,44.0,-0.2935474417993684,1524523.0,182.0,150.7
4,805,Treino,104.0,9.0,44.0,1.6467343438557371,1524523.0,182.0,151.6
4,810,Treino,99.0,3.0,38.0,-2.056566279508001,1524523.0,182.0,152.5
4,815,Treino,94.0,3.0,38.0,-2.020369922630561,1524523.0,182.0,152.8
4,820,Treino,89.0,3.0,38.0,-1.579626047711162,1524523.0,182.0,153.1
4,825,Treino,84.0,9.0,38.0,3.7362819022680105,1524523.0,182.0,154.0
4,830,Treino,79.0,9.0,38.0,0.825908506071932,1524523.0,182.0,154.9
4,835,Treino,74.0,9.0,38.0,-0.7114468524279802,1524523.0,182.0,155.8
4,840,Treino,69.0,6.0,35.0,-1.7081763445626443,1524523.0,182.0,156.4
4,845,Treino,64.0,6.0,35.0,-2.056566279508,1524523.0,182.0,157.0
4,850,Treino,59.0,6.0,35.0,-2.020369922630561,1524523.0,182.0,157.6
4,855,Treino,54.0,6.0,35.0,-1.579626047711153,1524523.0,182.0,158.2
4,860,Treino,49.0,15.0,35.0,1.0720626887846183,1524523.0,182.0,159.7
4,865,Treino,44.0,15.0,35.0,-0.067489146234652,1524523.0,182.0,161.2
4,870,Treino,39.0,15.0,35.0,-0.9698868255849482,1524523.0,182.0,162.7
4,875,Treino,34.0,9.0,29.0,-1.9004875886524824,1524523.0,182.0,163.6
4,880,Treino,29.0,9.0,29.0,-2.085106382978723,1524523.0,182.0,164.5
4,885,Treino,24.0,15.0,29.0,-1.4869172063300795,1524523.0,182.0,166.0
4,890,Treino,19.0,15.0,29.0,-1.008602835016832,1524523.0,182.0,167.5
4,895,Treino,14.0,15.0,29.0,-0.4740294613361184,1524523.0,182.0,169.0
4,900,Treino,9.0,16.0,29.0,0.3742700184824858,1524523.0,182.0,170.6
4,905,Treino,4.0,7.0,20.0,-1.963346809142439,1524523.0,182.0,172.2
5,50,Treino,1089.0,4.0,185.0,49.99999999999929,1639514.0,185.0,9.0
5,55,Treino,1084.0,0.0,181.0,0.0,1639514.0,185.0,9.0
5,60,Treino,1079.0,0.0,181.0,0.0,1639514.0,185.0,9.0
5,65,Treino,1074.0,0.0,181.0,0.0,1639514.0,185.0,9.0
5,70,Treino,1069.0,0.0,181.0,0.0,1639514.0,185.0,9.0
5,75,Treino,1064.0,0.0,181.0,0.0,1639514.0,185.0,9.0
5,80,Treino,1059.0,0.0,181.0,0.0,1639514.0,185.0,9.0
5,85,Treino,1054.0,0.0,181.0,0.0,1639514.0,185.0,9.0
5,90,Treino,1049.0,0.0,181.0,0.0,1639514.0,185.0,9.0
5,95,Treino,1044.0,0.0,181.0,0.0,1639514.0,185.0,9.0
5,100,Treino,1039.0,0.0,181.0,0.0,1639514.0,185.0,9.0
5,105,Treino,1034.0,0.0,181.0,0.0,1639514.0,185.0,9.0
5,110,Treino,1029.0,0.0,181.0,0.0,1639514.0,185.0,9.0
5,115,Treino,1024.0,3.0,181.0,8.534487742830558,1639514.0,185.0,9.3
5,120,Treino,1019.0,3.0,181.0,0.9888715908436208,1639514.0,185.0,9.6
5,125,Treino,1014.0,3.0,181.0,-1.02135047281325,1639514.0,185.0,9.9
5,130,Treino,1009.0,3.0,181.0,-1.8142903587038768,1639514.0,185.0,10.2
5,135,Treino,1004.0,3.0,181.0,-2.0780056601200214,1639514.0,185.0,10.5
5,140,Treino,999.0,3.0,181.0,-1.968696502812415,1639514.0,185.0,10.8
5,145,Treino,994.0,3.0,181.0,-1.4253656914893813,1639514.0,185.0,11.1
5,150,Treino,989.0,3.0,181.0,-0.060754847988873,1639514.0,185.0,11.4
5,155,Treino,984.0,3.0,181.0,3.973746776273231,1639514.0,185.0,11.7
5,160,Treino,979.0,3.0,181.0,49.99999999999984,1639514.0,185.0,12.0
5,165,Treino,974.0,0.0,178.0,0.0,1639514.0,185.0,12.0
5,170,Treino,969.0,0.0,178.0,0.0,1639514.0,185.0,12.0
5,175,Treino,964.0,0.0,178.0,0.0,1639514.0,185.0,12.0
5,180,Treino,959.0,0.0,178.0,0.0,1639514.0,185.0,12.0
5,185,Treino,954.0,0.0,178.0,0.0,1639514.0,185.0,12.0
5,190,Treino,949.0,0.0,178.0,0.0,1639514.0,185.0,12.0
5,195,Treino,944.0,0.0,178.0,0.0,1639514.0,185.0,12.0
5,200,Treino,939.0,0.0,178.0,0.0,1639514.0,185.0,12.0
5,205,Treino,934.0,0.0,178.0,0.0,1639514.0,185.0,12.0
5,210,Treino,929.0,0.0,178.0,0.0,1639514.0,185.0,12.0
5,215,Treino,924.0,0.0,178.0,0.0,1639514.0,185.0,12.0
5,220,Treino,919.0,5.0,178.0,5.791962174940899,1639514.0,185.0,12.5
5,225,Treino,914.0,5.0,178.0,0.4072473404255321,1639514.0,185.0,13.0
5,230,Treino,909.0,5.0,178.0,-1.2411347517730495,1639514.0,185.0,13.5
5,235,Treino,904.0,5.0,178.0,-1.900487588652482,1639514.0,185.0,14.0
5,240,Treino,899.0,5.0,178.0,-2.085106382978723,1639514.0,185.0,14.5
5,245,Treino,894.0,5.0,178.0,-1.900487588652482,1639514.0,185.0,15.0
5,250,Treino,889.0,5.0,178.0,-1.2411347517730495,1639514.0,185.0,15.5
5,255,Treino,884.0,5.0,178.0,0.4072473404255321,1639514.0,185.0,16.0
5,260,Treino,879.0,12.0,178.0,7.17402763545943,1639514.0,185.0,17.2
5,265,Treino,874.0,7.0,173.0,3.973746776273356,1639514.0,185.0,18.4
5,270,Treino,869.0,7.0,173.0,-0.0607548479888757,1639514.0,185.0,19.1
5,275,Treino,864.0,7.0,173.0,-1.4253656914893709,1639514.0,185.0,19.8
5,280,Treino,859.0,7.0,173.0,-1.968696502812423,1639514.0,185.0,20.5
5,285,Treino,854.0,7.0,173.0,-2.078005660120023,1639514.0,185.0,21.2
5,290,Treino,849.0,7.0,173.0,-1.8142903587038963,1639514.0,185.0,21.9
5,295,Treino,844.0,7.0,173.0,-1.021350472813249,1639514.0,185.0,22.6
5,300,Treino,839.0,7.0,173.0,0.9888715908435924,1639514.0,185.0,23.3
5,305,Treino,834.0,7.0,173.0,8.534487742830704,1639514.0,185.0,24.0
5,310,Treino,829.0,8.0,166.0,5.791962174940842,1639514.0,185.0,24.8
5,315,Treino,824.0,8.0,166.0,0.4072473404255436,1639514.0,185.0,25.6
5,320,Treino,819.0,8.0,166.0,-1.2411347517730555,1639514.0,185.0,26.4
5,325,Treino,814.0,8.0,166.0,-1.9004875886524768,1639514.0,185.0,27.2
5,330,Treino,809.0,8.0,166.0,-2.085106382978723,1639514.0,185.0,28.0
5,335,Treino,804.0,8.0,166.0,-1.9004875886524768,1639514.0,185.0,28.8
5,340,Treino,799.0,8.0,166.0,-1.2411347517730555,1639514.0,185.0,29.6
5,345,Treino,794.0,8.0,166.0,0.4072473404255436,1639514.0,185.0,30.4
5,350,Treino,789.0,8.0,166.0,5.791962174940846,1639514.0,185.0,31.2
5,355,Treino,784.0,4.0,158.0,5.791962174940842,1639514.0,185.0,32.4
5,360,Treino,779.0,4.0,158.0,0.4072473404254846,1639514.0,185.0,32.8
5,365,Treino,774.0,4.0,158.0,-1.2411347517730256,1639514.0,185.0,33.2
5,370,Treino,769.0,4.0,158.0,-1.9004875886524764,1639514.0,185.0,33.6
5,375,Treino,764.0,4.0,158.0,-2.085106382978723,1639514.0,185.0,34.0
5,380,Treino,759.0,4.0,158.0,-1.9004875886524768,1639514.0,185.0,34.4
5,385,Treino,754.0,4.0,158.0,-1.2411347517730256,1639514.0,185.0,34.8
5,390,Treino,749.0,4.0,158.0,0.4072473404254846,1639514.0,185.0,35.2
5,395,Treino,744.0,4.0,158.0,5.791962174940846,1639514.0,185.0,35.6
5,400,Treino,739.0,3.0,154.0,14.738281250000243,1639514.0,185.0,36.3
5,405,Treino,734.0,3.0,154.0,2.1441032592679905,1639514.0,185.0,36.6
5,410,Treino,729.0,3.0,154.0,-0.5680215078631319,1639514.0,185.0,36.9
5,415,Treino,724.0,3.0,154.0,-1.5973166249695472,1639514.0,185.0,37.2
5,420,Treino,719.0,3.0,154.0,-1.984345352543834,1639514.0,185.0,37.5
5,425,Treino,714.0,3.0,154.0,-1.9725628842464165,1639514.0,185.0,37.8
5,430,Treino,709.0,3.0,154.0,-1.5541907969281128,1639514.0,185.0,38.1
5,435,Treino,704.0,3.0,154.0,-0.4543124197778545,1639514.0,185.0,38.4
5,440,Treino,699.0,3.0,154.0,2.543550531914849,1639514.0,185.0,38.7
5,445,Treino,694.0,6.0,154.0,9.970288700255852,1639514.0,185.0,39.3
5,450,Treino,689.0,3.0,151.0,2.684314695695312,1639514.0,185.0,39.6
5,455,Treino,684.0,3.0,151.0,-0.4429707913400476,1639514.0,185.0,39.9
5,460,Treino,679.0,3.0,151.0,-1.5796260477111754,1639514.0,185.0,40.2
5,465,Treino,674.0,3.0,151.0,-2.020369922630556,1639514.0,185.0,40.5
5,470,Treino,669.0,3.0,151.0,-2.056566279507998,1639514.0,185.0,40.8
5,475,Treino,664.0,3.0,151.0,-1.7081763445626708,1639514.0,185.0,41.1
5,480,Treino,659.0,3.0,151.0,-0.7586145884018265,1639514.0,185.0,41.4
5,485,Treino,654.0,3.0,151.0,1.725953014184471,1639514.0,185.0,41.7
5,490,Treino,649.0,3.0,151.0,13.124339821940382,1639514.0,185.0,42.0
5,495,Treino,644.0,6.0,148.0,5.987569575492062,1639514.0,185.0,42.6
5,500,Treino,639.0,6.0,148.0,0.508176645834391,1639514.0,185.0,43.2
5,505,Treino,634.0,6.0,148.0,-1.153794607097606,1639514.0,185.0,43.8
5,510,Treino,629.0,5.0,148.0,-1.8065143720592307,1639514.0,185.0,44.3
5,515,Treino,624.0,5.0,148.0,-2.010238709324524,1639514.0,185.0,44.8
5,520,Treino,619.0,5.0,148.0,-1.8582631635713585,1639514.0,185.0,45.3
5,525,Treino,614.0,5.0,148.0,-1.2579717201758118,1639514.0,185.0,45.8
5,530,Treino,609.0,5.0,148.0,0.2278802068738596,1639514.0,185.0,46.3
5,535,Treino,604.0,12.0,148.0,5.465005844983947,1639514.0,185.0,47.5
5,540,Treino,599.0,6.0,144.0,3.433612651043565,1639514.0,185.0,48.7
5,545,Treino,594.0,7.0,144.0,-0.1471990114382286,1639514.0,185.0,49.3
5,550,Treino,589.0,7.0,144.0,-1.431383302106495,1639514.0,185.0,49.9
5,555,Treino,584.0,7.0,144.0,-1.9605301720701929,1639514.0,185.0,50.5
5,560,Treino,579.0,7.0,144.0,-2.061572801202569,1639514.0,185.0,51.2
5,565,Treino,574.0,6.0,144.0,-1.7861497378182012,1639514.0,185.0,51.9
5,570,Treino,569.0,7.0,144.0,-0.9942783255834078,1639514.0,185.0,52.6
5,575,Treino,564.0,7.0,144.0,1.0474264833500238,1639514.0,185.0,53.3
5,580,Treino,559.0,8.0,144.0,8.75332098250431,1639514.0,185.0,54.0
5,585,Treino,554.0,6.0,136.0,13.124339821940389,1639514.0,185.0,54.6
5,590,Treino,549.0,6.0,136.0,1.725953014184367,1639514.0,185.0,55.2
5,595,Treino,544.0,6.0,136.0,-0.7586145884018265,1639514.0,185.0,55.8
5,600,Treino,539.0,6.0,136.0,-1.7081763445626443,1639514.0,185.0,56.4
5,605,Treino,534.0,6.0,136.0,-2.056566279507998,1639514.0,185.0,57.0
5,610,Treino,529.0,6.0,136.0,-2.020369922630556,1639514.0,185.0,57.6
5,615,Treino,524.0,6.0,136.0,-1.579626047711145,1639514.0,185.0,58.2
5,620,Treino,519.0,6.0,136.0,-0.4429707913400471,1639514.0,185.0,58.8
5,625,Treino,514.0,6.0,136.0,2.684314695695188,1639514.0,185.0,59.4
5,630,Treino,509.0,10.0,136.0,12.319464813841888,1639514.0,185.0,60.4
5,635,Treino,504.0,4.0,130.0,2.684314695695184,1639514.0,185.0,60.8
5,640,Treino,499.0,4.0,130.0,-0.4429707913400769,1639514.0,185.0,61.2
5,645,Treino,494.0,4.0,130.0,-1.579626047711176,1639514.0,185.0,61.6
5,650,Treino,489.0,4.0,130.0,-2.020369922630556,1639514.0,185.0,62.0
5,655,Treino,484.0,4.0,130.0,-2.056566279508001,1639514.0,185.0,62.4
5,660,Treino,479.0,4.0,130.0,-1.7081763445626443,1639514.0,185.0,62.8
5,665,Treino,474.0,4.0,130.0,-0.7586145884018398,1639514.0,185.0,63.2
5,670,Treino,469.0,4.0,130.0,1.7259530141843928,1639514.0,185.0,63.6
5,675,Treino,464.0,12.0,130.0,12.420575698721024,1639514.0,185.0,64.8
5,680,Treino,459.0,8.0,126.0,2.684314695695184,1639514.0,185.0,65.6
5,685,Treino,454.0,8.0,126.0,-0.4429707913400551,1639514.0,185.0,66.4
5,690,Treino,449.0,8.0,126.0,-1.5796260477111537,1639514.0,185.0,67.2
5,695,Treino,444.0,8.0,126.0,-2.02036992263056,1639514.0,185.0,68.0
5,700,Treino,439.0,8.0,126.0,-2.056566279508001,1639514.0,185.0,68.8
5,705,Treino,434.0,8.0,126.0,-1.7081763445626443,1639514.0,185.0,69.6
5,710,Treino,429.0,8.0,126.0,-0.7586145884018212,1639514.0,185.0,70.4
5,715,Treino,424.0,8.0,126.0,1.7259530141843928,1639514.0,185.0,71.2
5,720,Treino,419.0,15.0,126.0,4.899449801703787,1639514.0,185.0,72.7
5,725,Treino,414.0,7.0,118.0,0.9888715908435516,1639514.0,185.0,73.4
5,730,Treino,409.0,7.0,118.0,-1.0213504728132308,1639514.0,185.0,74.1
5,735,Treino,404.0,7.0,118.0,-1.8142903587038943,1639514.0,185.0,74.8
5,740,Treino,399.0,7.0,118.0,-2.078005660120022,1639514.0,185.0,75.5
5,745,Treino,394.0,7.0,118.0,-1.968696502812424,1639514.0,185.0,76.2
5,750,Treino,389.0,7.0,118.0,-1.425365691489356,1639514.0,185.0,76.9
5,755,Treino,384.0,7.0,118.0,-0.0607548479889028,1639514.0,185.0,77.6
5,760,Treino,379.0,7.0,118.0,3.973746776273361,1639514.0,185.0,78.3
5,765,Treino,374.0,13.0,118.0,7.881202949385427,1639514.0,185.0,79.6
5,770,Treino,369.0,6.0,111.0,0.9888715908435736,1639514.0,185.0,80.2
5,775,Treino,364.0,6.0,111.0,-1.02135047281325,1639514.0,185.0,80.8
5,780,Treino,359.0,6.0,111.0,-1.8142903587038983,1639514.0,185.0,81.4
5,785,Treino,354.0,6.0,111.0,-2.0780056601200214,1639514.0,185.0,82.0
5,790,Treino,349.0,6.0,111.0,-1.9686965028124213,1639514.0,185.0,82.6
5,795,Treino,344.0,6.0,111.0,-1.4253656914893638,1639514.0,185.0,83.2
5,800,Treino,339.0,6.0,111.0,-0.060754847988873,1639514.0,185.0,83.8
5,805,Treino,334.0,6.0,111.0,3.973746776273374,1639514.0,185.0,84.4
5,810,Treino,329.0,9.0,111.0,13.118597864576572,1639514.0,185.0,85.3
5,815,Treino,324.0,2.0,105.0,3.941690001723393,1639514.0,185.0,85.5
5,820,Treino,319.0,3.0,105.0,1.01711587756874,1639514.0,185.0,85.8
5,825,Treino,314.0,2.0,105.0,0.0471350999739215,1639514.0,185.0,86.0
5,830,Treino,309.0,2.0,105.0,-0.3880570974613624,1639514.0,185.0,86.2
5,835,Treino,304.0,2.0,105.0,-0.4056649032260386,1639514.0,185.0,86.4
5,840,Treino,299.0,2.0,105.0,0.0388262354772419,1639514.0,185.0,86.6
5,845,Treino,294.0,2.0,105.0,1.0693678311881607,1639514.0,185.0,86.8
5,850,Treino,289.0,11.0,105.0,13.750936523375112,1639514.0,185.0,87.9
5,855,Treino,284.0,6.0,103.0,2.355928893123008,1639514.0,185.0,89.0
5,860,Treino,279.0,8.0,103.0,-0.4476553314912364,1639514.0,185.0,89.8
5,865,Treino,274.0,9.0,103.0,-1.547046961749053,1639514.0,185.0,90.7
5,870,Treino,269.0,10.0,103.0,-1.9891499637725585,1639514.0,185.0,91.6
5,875,Treino,264.0,10.0,103.0,-2.0276581079047884,1639514.0,185.0,92.6
5,880,Treino,259.0,10.0,103.0,-1.688293764307452,1639514.0,185.0,93.6
5,885,Treino,254.0,10.0,103.0,-0.7611755896713914,1639514.0,185.0,94.6
5,890,Treino,249.0,10.0,103.0,1.6386776946097823,1639514.0,185.0,95.6
5,895,Treino,244.0,15.0,103.0,7.166980748558318,1639514.0,185.0,97.1
5,900,Treino,239.0,6.0,94.0,1.342877156115927,1639514.0,185.0,97.7
5,905,Treino,234.0,6.0,94.0,-0.8101898178061528,1639514.0,185.0,98.3
5,910,Treino,229.0,5.0,94.0,-1.6826144506891725,1639514.0,185.0,98.9
5,915,Treino,224.0,6.0,94.0,-2.009884751474414,1639514.0,185.0,99.5
5,920,Treino,219.0,5.0,94.0,-1.9959313861224832,1639514.0,185.0,100.0
5,925,Treino,214.0,5.0,93.0,-1.5796260477111566,1639514.0,185.0,100.5
5,930,Treino,209.0,5.0,93.0,-0.4429707913400591,1639514.0,185.0,101.0
5,935,Treino,204.0,5.0,93.0,2.68431469569518,1639514.0,185.0,101.5
5,940,Treino,199.0,9.0,93.0,6.651921044662924,1639514.0,185.0,102.4
5,945,Treino,194.0,4.0,88.0,1.1245364854215785,1639514.0,185.0,102.8
5,950,Treino,189.0,4.0,88.0,-0.9649222517847992,1639514.0,185.0,103.2
5,955,Treino,184.0,4.0,88.0,-1.756058274960755,1639514.0,185.0,103.6
5,960,Treino,179.0,4.0,88.0,-2.0477637076242217,1639514.0,185.0,104.0
5,965,Treino,174.0,4.0,88.0,-1.959823289308298,1639514.0,185.0,104.4
5,970,Treino,169.0,4.0,88.0,-1.4429320140890285,1639514.0,185.0,104.8
5,975,Treino,164.0,3.0,88.0,-0.1997111673404576,1639514.0,185.0,105.1
5,980,Treino,159.0,4.0,88.0,3.258458160267687,1639514.0,185.0,105.5
5,985,Treino,154.0,6.0,88.0,8.133186845952542,1639514.0,185.0,106.1
5,990,Treino,149.0,2.0,85.0,0.1191761764391281,1639514.0,185.0,106.3
5,995,Treino,144.0,2.0,85.0,-1.1152592194208517,1639514.0,185.0,106.5
5,1000,Treino,139.0,2.0,85.0,-1.6218129520422817,1639514.0,185.0,106.7
5,1005,Treino,134.0,2.0,85.0,-1.7323361994266715,1639514.0,185.0,106.9
5,1010,Treino,129.0,2.0,85.0,-1.415238101999149,1639514.0,185.0,107.1
5,1015,Treino,124.0,2.0,85.0,-0.5475232130144034,1639514.0,185.0,107.3
5,1020,Treino,119.0,2.0,85.0,1.4676686444647258,1639514.0,185.0,107.5
5,1025,Treino,114.0,2.0,85.0,7.668931963104129,1639514.0,185.0,107.8
5,1030,Treino,109.0,6.0,82.0,13.124339821940556,1639514.0,185.0,108.6
5,1035,Treino,104.0,6.0,82.0,1.7259530141844204,1639514.0,185.0,109.2
5,1040,Treino,99.0,6.0,82.0,-0.7586145884018265,1639514.0,185.0,109.8
5,1045,Treino,94.0,6.0,82.0,-1.7081763445626443,1639514.0,185.0,110.4
5,1050,Treino,89.0,6.0,82.0,-2.056566279508001,1639514.0,185.0,111.0
5,1055,Treino,84.0,6.0,82.0,-2.020369922630561,1639514.0,185.0,111.6
5,1060,Treino,79.0,6.0,82.0,-1.579626047711162,1639514.0,185.0,112.2
5,1065,Treino,74.0,6.0,82.0,-0.4429707913400471,1639514.0,185.0,112.8
5,1070,Treino,69.0,6.0,82.0,2.684314695695188,1639514.0,185.0,113.4
5,1075,Treino,64.0,12.0,82.0,7.821545088325616,1639514.0,185.0,114.6
5,1080,Treino,59.0,6.0,76.0,1.7259530141844204,1639514.0,185.0,115.2
5,1085,Treino,54.0,6.0,76.0,-0.7586145884018265,1639514.0,185.0,115.8
5,1090,Treino,49.0,6.0,76.0,-1.7081763445626443,1639514.0,185.0,116.4
5,1095,Treino,44.0,6.0,76.0,-2.056566279508001,1639514.0,185.0,117.0
5,1100,Treino,39.0,6.0,76.0,-2.020369922630561,1639514.0,185.0,117.6
5,1105,Treino,34.0,6.0,76.0,-1.579626047711162,1639514.0,185.0,118.2
5,1110,Treino,29.0,6.0,76.0,-0.4429707913400471,1639514.0,185.0,118.8
5,1115,Treino,24.0,6.0,76.0,2.684314695695188,1639514.0,185.0,119.4
5,1120,Treino,19.0,10.0,76.0,9.73049645390071,1639514.0,185.0,120.4
5,1125,Treino,14.0,3.0,70.0,2.307277917310776,1639514.0,185.0,120.7
5,1130,Treino,9.0,3.0,70.0,-0.4548608897335531,1639514.0,185.0,121.0
5,1135,Treino,4.0,3.0,70.0,-1.424501907737081,1639514.0,185.0,121.3
6,50,Treino,66.0,66.0,190.0,-1.2220658251863274,1199537.0,190.0,66.0
6,55,Treino,61.0,69.0,172.0,-1.448429395340887,1199537.0,190.0,76.5
6,60,Treino,56.0,67.0,172.0,-1.3634823835592125,1199537.0,190.0,79.33333333333333
6,65,Treino,51.0,67.0,172.0,-1.2944093016401843,1199537.0,190.0,80.75
6,70,Treino,46.0,67.0,172.0,-1.2599422115495151,1199537.0,190.0,81.6
6,75,Treino,41.0,73.0,154.0,-0.633868980432637,1199537.0,190.0,86.16666666666667
6,80,Treino,36.0,73.0,154.0,-0.1054149806506772,1199537.0,190.0,89.42857142857143
6,85,Treino,31.0,72.0,154.0,-0.5124727134516949,1199537.0,190.0,91.75
6,90,Treino,26.0,58.0,124.0,-1.2843991389317353,1199537.0,190.0,95.33333333333333
6,95,Treino,21.0,58.0,124.0,-1.1551096049158125,1199537.0,190.0,98.2
6,100,Treino,16.0,79.0,124.0,-0.809724844391948,1199537.0,190.0,106.1
6,105,Treino,11.0,60.0,105.0,-0.8926709653523539,1199537.0,190.0,111.9
6,110,Treino,6.0,86.0,105.0,-0.2889982349835387,1199537.0,190.0,120.5
6,115,Treino,1.0,86.0,105.0,-0.7568324815328311,1199537.0,190.0,129.1
7,50,Validação,197.0,30.0,190.0,-0.4318593048186887,1541745.0,190.0,30.0
7,55,Validação,192.0,22.0,180.0,-1.5706070683295452,1541745.0,190.0,31.0
7,60,Validação,187.0,20.0,180.0,-2.013502497150992,1541745.0,190.0,30.666666666666668
7,65,Validação,182.0,20.0,180.0,-2.051435509110932,1541745.0,190.0,30.5
7,70,Validação,177.0,40.0,180.0,-0.958021340278386,1541745.0,190.0,34.4
7,75,Validação,172.0,38.0,180.0,-0.3761272997446485,1541745.0,190.0,36.666666666666664
7,80,Validação,167.0,38.0,180.0,-0.2001542526173327,1541745.0,190.0,38.285714285714285
7,85,Validação,162.0,39.0,180.0,-0.1141346238442109,1541745.0,190.0,39.625
7,90,Validação,157.0,19.0,160.0,-1.9565298930877777,1541745.0,190.0,40.666666666666664
7,95,Validação,152.0,19.0,160.0,-2.068094692278817,1541745.0,190.0,41.5
7,100,Validação,147.0,33.0,160.0,-1.1576724408318433,1541745.0,190.0,44.8
7,105,Validação,142.0,33.0,160.0,-0.8595268408507502,1541745.0,190.0,47.9
7,110,Validação,137.0,54.0,160.0,0.5156533433516062,1541745.0,190.0,53.3
7,115,Validação,132.0,54.0,160.0,0.5149964043978335,1541745.0,190.0,58.7
7,120,Validação,127.0,36.0,142.0,-0.850424794122683,1541745.0,190.0,62.1
7,125,Validação,122.0,41.0,142.0,-1.5331960521714674,1541745.0,190.0,66.3
7,130,Validação,117.0,41.0,141.0,-1.7189347830780948,1541745.0,190.0,70.5
7,135,Validação,112.0,41.0,141.0,-1.6064966918308765,1541745.0,190.0,74.6
7,140,Validação,107.0,50.0,141.0,-1.0929324790771895,1541745.0,190.0,79.6
7,145,Validação,102.0,50.0,141.0,-0.5321253909853039,1541745.0,190.0,84.6
7,150,Validação,97.0,37.0,127.0,-0.1861365158793315,1541745.0,190.0,88.3
7,155,Validação,92.0,50.0,127.0,1.0287153781961695,1541745.0,190.0,93.3
7,160,Validação,87.0,29.0,106.0,-0.766152298574128,1541745.0,190.0,96.2
7,165,Validação,82.0,32.0,106.0,-1.295012935488963,1541745.0,190.0,99.4
7,170,Validação,77.0,32.0,106.0,-1.5420392408296886,1541745.0,190.0,102.6
7,175,Validação,72.0,37.0,100.0,-1.474283939237314,1541745.0,190.0,106.3
7,180,Validação,67.0,37.0,100.0,-1.0858348901242332,1541745.0,190.0,110.0
7,185,Validação,62.0,37.0,100.0,-0.9389451392280111,1541745.0,190.0,113.7
7,190,Validação,57.0,28.0,91.0,-1.016621954021351,1541745.0,190.0,116.5
7,195,Validação,52.0,42.0,91.0,-0.1058337577099908,1541745.0,190.0,120.7
7,200,Validação,47.0,41.0,90.0,-0.6590957031931386,1541745.0,190.0,124.8
7,205,Validação,42.0,28.0,77.0,-1.3794362849568715,1541745.0,190.0,127.6
7,210,Validação,37.0,43.0,77.0,-0.6771441761837305,1541745.0,190.0,131.9
7,215,Validação,32.0,40.0,74.0,-1.015662816766696,1541745.0,190.0,135.9
7,220,Validação,27.0,40.0,74.0,-1.2426181301181511,1541745.0,190.0,139.9
7,225,Validação,22.0,36.0,63.0,-1.484487227537356,1541745.0,190.0,143.5
7,230,Validação,17.0,36.0,63.0,-1.342662961966718,1541745.0,190.0,147.1
7,235,Validação,12.0,36.0,63.0,-0.9106727642482966,1541745.0,190.0,150.7
7,240,Validação,7.0,50.0,63.0,-0.5006525925101606,1541745.0,190.0,155.7
7,245,Validação,2.0,36.0,49.0,-0.8096369980943185,1541745.0,190.0,159.3
8,50,Treino,176.0,33.0,190.0,2.611583092637363,1373218.0,190.0,33.0
8,55,Treino,171.0,27.0,169.0,0.9014834052694534,1373218.0,190.0,40.5
8,60,Treino,166.0,27.0,169.0,-0.3298986173412417,1373218.0,190.0,43.0
8,65,Treino,161.0,26.0,169.0,-1.183923282081805,1373218.0,190.0,44.25
8,70,Treino,156.0,27.0,169.0,-1.4856624023522598,1373218.0,190.0,45.0
8,75,Treino,151.0,48.0,169.0,-0.205926239067046,1373218.0,190.0,49.0
8,80,Treino,146.0,48.0,169.0,-0.8064996021987878,1373218.0,190.0,51.857142857142854
8,85,Treino,141.0,36.0,157.0,-1.4270317369099137,1373218.0,190.0,54.0
8,90,Treino,136.0,54.0,157.0,-1.2811749109971202,1373218.0,190.0,57.666666666666664
8,95,Treino,131.0,55.0,157.0,-0.9947701298464544,1373218.0,190.0,60.7
8,100,Treino,126.0,55.0,157.0,-1.0784658634397264,1373218.0,190.0,66.2
8,105,Treino,121.0,40.0,142.0,-1.391433067532415,1373218.0,190.0,70.2
8,110,Treino,116.0,51.0,142.0,-0.9732276524920388,1373218.0,190.0,75.3
8,115,Treino,111.0,51.0,142.0,-0.6657589901843548,1373218.0,190.0,80.4
8,120,Treino,106.0,30.0,121.0,-1.6310614926656375,1373218.0,190.0,85.5
8,125,Treino,101.0,43.0,121.0,-1.1934948352076558,1373218.0,190.0,89.8
8,130,Treino,96.0,43.0,121.0,-0.5460075921940271,1373218.0,190.0,94.1
8,135,Treino,91.0,44.0,121.0,-0.0042272865600616,1373218.0,190.0,98.5
8,140,Treino,86.0,26.0,103.0,-1.4084165669433293,1373218.0,190.0,101.1
8,145,Treino,81.0,38.0,103.0,-0.6987142495577539,1373218.0,190.0,104.9
8,150,Treino,76.0,39.0,103.0,-0.744695452451571,1373218.0,190.0,108.7
8,155,Treino,71.0,24.0,91.0,-1.3743454074681956,1373218.0,190.0,112.5
8,160,Treino,66.0,27.0,91.0,-1.433503698019907,1373218.0,190.0,115.2
8,165,Treino,61.0,34.0,91.0,-1.0770635313770365,1373218.0,190.0,118.6
8,170,Treino,56.0,34.0,91.0,-0.7127859134965902,1373218.0,190.0,122.0
8,175,Treino,51.0,21.0,78.0,-1.522099542832501,1373218.0,190.0,124.1
8,180,Treino,46.0,27.0,78.0,-0.8802512151247393,1373218.0,190.0,126.8
8,185,Treino,41.0,26.0,77.0,-0.046078780760542,1373218.0,190.0,129.4
8,190,Treino,36.0,26.0,77.0,0.7344596619606873,1373218.0,190.0,132.0
8,195,Treino,31.0,25.0,64.0,0.4485835458692024,1373218.0,190.0,134.5
8,200,Treino,26.0,25.0,64.0,-0.1381208601702521,1373218.0,190.0,137.0
8,205,Treino,21.0,25.0,64.0,-0.8355148481444323,1373218.0,190.0,139.5
8,210,Treino,16.0,18.0,57.0,-1.5679874023302394,1373218.0,190.0,142.0
8,215,Treino,11.0,33.0,57.0,-0.2441239913770769,1373218.0,190.0,145.3
8,220,Treino,6.0,33.0,57.0,-0.8788246494177643,1373218.0,190.0,148.6
8,225,Treino,1.0,33.0,57.0,-1.3046858388967004,1373218.0,190.0,151.9
9,50,Validação,1790.0,8.0,189.0,50.00000000000013,1641010.0,189.0,8.0
9,55,Validação,1785.0,0.0,181.0,0.0,1641010.0,189.0,8.0
9,60,Validação,1780.0,0.0,181.0,0.0,1641010.0,189.0,8.0
9,65,Validação,1775.0,0.0,181.0,0.0,1641010.0,189.0,8.0
9,70,Validação,1770.0,0.0,181.0,0.0,1641010.0,189.0,8.0
9,75,Validação,1765.0,0.0,181.0,0.0,1641010.0,189.0,8.0
9,80,Validação,1760.0,0.0,181.0,0.0,1641010.0,189.0,8.0
9,85,Validação,1755.0,0.0,181.0,0.0,1641010.0,189.0,8.0
9,90,Validação,1750.0,0.0,181.0,0.0,1641010.0,189.0,8.0
9,95,Validação,1745.0,0.0,181.0,0.0,1641010.0,189.0,8.0
9,100,Validação,1740.0,0.0,181.0,0.0,1641010.0,189.0,8.0
9,105,Validação,1735.0,0.0,181.0,0.0,1641010.0,189.0,8.0
9,110,Validação,1730.0,0.0,181.0,0.0,1641010.0,189.0,8.0
9,115,Validação,1725.0,0.0,181.0,0.0,1641010.0,189.0,8.0
9,120,Validação,1720.0,0.0,181.0,0.0,1641010.0,189.0,8.0
9,125,Validação,1715.0,0.0,181.0,0.0,1641010.0,189.0,8.0
9,130,Validação,1710.0,0.0,181.0,0.0,1641010.0,189.0,8.0
9,135,Validação,1705.0,0.0,181.0,0.0,1641010.0,189.0,8.0
9,140,Validação,1700.0,6.0,181.0,49.99999999999984,1641010.0,189.0,8.6
9,145,Validação,1695.0,6.0,181.0,3.97374677627338,1641010.0,189.0,9.2
9,150,Validação,1690.0,6.0,181.0,-0.0607548479888739,1641010.0,189.0,9.8
9,155,Validação,1685.0,6.0,181.0,-1.4253656914893458,1641010.0,189.0,10.4
9,160,Validação,1680.0,6.0,181.0,-1.968696502812428,1641010.0,189.0,11.0
9,165,Validação,1675.0,6.0,181.0,-2.0780056601200214,1641010.0,189.0,11.6
9,170,Validação,1670.0,6.0,181.0,-1.814290358703898,1641010.0,189.0,12.2
9,175,Validação,1665.0,6.0,181.0,-1.02135047281325,1641010.0,189.0,12.8
9,180,Validação,1660.0,6.0,181.0,0.988871590843532,1641010.0,189.0,13.4
9,185,Validação,1655.0,6.0,181.0,8.534487742830798,1641010.0,189.0,14.0
9,190,Validação,1650.0,0.0,175.0,0.0,1641010.0,189.0,14.0
9,195,Validação,1645.0,0.0,175.0,0.0,1641010.0,189.0,14.0
9,200,Validação,1640.0,0.0,175.0,0.0,1641010.0,189.0,14.0
9,205,Validação,1635.0,0.0,175.0,0.0,1641010.0,189.0,14.0
9,210,Validação,1630.0,0.0,175.0,0.0,1641010.0,189.0,14.0
9,215,Validação,1625.0,0.0,175.0,0.0,1641010.0,189.0,14.0
9,220,Validação,1620.0,0.0,175.0,0.0,1641010.0,189.0,14.0
9,225,Validação,1615.0,0.0,175.0,0.0,1641010.0,189.0,14.0
9,230,Validação,1610.0,0.0,175.0,0.0,1641010.0,189.0,14.0
9,235,Validação,1605.0,0.0,175.0,0.0,1641010.0,189.0,14.0
9,240,Validação,1600.0,0.0,175.0,0.0,1641010.0,189.0,14.0
9,245,Validação,1595.0,0.0,175.0,0.0,1641010.0,189.0,14.0
9,250,Validação,1590.0,0.0,175.0,0.0,1641010.0,189.0,14.0
9,255,Validação,1585.0,0.0,175.0,0.0,1641010.0,189.0,14.0
9,260,Validação,1580.0,0.0,175.0,0.0,1641010.0,189.0,14.0
9,265,Validação,1575.0,0.0,176.0,49.9999999999978,1641010.0,189.0,14.0
9,270,Validação,1570.0,0.0,176.0,49.9999999999978,1641010.0,189.0,14.0
9,275,Validação,1565.0,0.0,176.0,49.9999999999978,1641010.0,189.0,14.0
9,280,Validação,1560.0,0.0,176.0,49.9999999999978,1641010.0,189.0,14.0
9,285,Validação,1555.0,10.0,176.0,5.756064256062491,1641010.0,189.0,15.0
9,290,Validação,1550.0,10.0,176.0,0.4012539964804755,1641010.0,189.0,16.0
9,295,Validação,1545.0,10.0,176.0,-1.2415144989510196,1641010.0,189.0,17.0
9,300,Validação,1540.0,10.0,176.0,-1.8984315160082383,1641010.0,189.0,18.0
9,305,Validação,1535.0,10.0,176.0,-2.081089006607536,1641010.0,189.0,19.0
9,310,Validação,1530.0,10.0,176.0,-1.8939022377063697,1641010.0,189.0,20.0
9,315,Validação,1525.0,10.0,175.0,-1.2411347517730495,1641010.0,189.0,21.0
9,320,Validação,1520.0,10.0,175.0,0.4072473404255321,1641010.0,189.0,22.0
9,325,Validação,1515.0,10.0,175.0,5.791962174940899,1641010.0,189.0,23.0
9,330,Validação,1510.0,0.0,165.0,0.0,1641010.0,189.0,24.0
9,335,Validação,1505.0,0.0,165.0,0.0,1641010.0,189.0,24.0
9,340,Validação,1500.0,0.0,165.0,0.0,1641010.0,189.0,24.0
9,345,Validação,1495.0,0.0,165.0,0.0,1641010.0,189.0,24.0
9,350,Validação,1490.0,0.0,165.0,0.0,1641010.0,189.0,24.0
9,355,Validação,1485.0,0.0,165.0,0.0,1641010.0,189.0,24.0
9,360,Validação,1480.0,0.0,165.0,0.0,1641010.0,189.0,24.0
9,365,Validação,1475.0,0.0,165.0,0.0,1641010.0,189.0,24.0
9,370,Validação,1470.0,0.0,165.0,0.0,1641010.0,189.0,24.0
9,375,Validação,1465.0,0.0,165.0,0.0,1641010.0,189.0,24.0
9,380,Validação,1460.0,14.0,165.0,22.330729166666643,1641010.0,189.0,25.4
9,385,Validação,1455.0,14.0,165.0,2.684314695695184,1641010.0,189.0,26.8
9,390,Validação,1450.0,14.0,165.0,-0.4429707913400635,1641010.0,189.0,28.2
9,395,Validação,1445.0,14.0,165.0,-1.5796260477111497,1641010.0,189.0,29.6
9,400,Validação,1440.0,14.0,165.0,-2.0203699226305605,1641010.0,189.0,31.0
9,405,Validação,1435.0,14.0,165.0,-2.056566279508,1641010.0,189.0,32.4
9,410,Validação,1430.0,14.0,165.0,-1.7081763445626448,1641010.0,189.0,33.8
9,415,Validação,1425.0,14.0,165.0,-0.7586145884018114,1641010.0,189.0,35.2
9,420,Validação,1420.0,14.0,165.0,1.7259530141843804,1641010.0,189.0,36.6
9,425,Validação,1415.0,14.0,165.0,13.12433982194053,1641010.0,189.0,38.0
9,430,Validação,1410.0,0.0,151.0,0.0,1641010.0,189.0,38.0
9,435,Validação,1405.0,0.0,151.0,0.0,1641010.0,189.0,38.0
9,440,Validação,1400.0,0.0,151.0,0.0,1641010.0,189.0,38.0
9,445,Validação,1395.0,0.0,151.0,0.0,1641010.0,189.0,38.0
9,450,Validação,1390.0,0.0,151.0,0.0,1641010.0,189.0,38.0
9,455,Validação,1385.0,0.0,151.0,0.0,1641010.0,189.0,38.0
9,460,Validação,1380.0,0.0,151.0,0.0,1641010.0,189.0,38.0
9,465,Validação,1375.0,0.0,151.0,0.0,1641010.0,189.0,38.0
9,470,Validação,1370.0,0.0,151.0,0.0,1641010.0,189.0,38.0
9,475,Validação,1365.0,0.0,151.0,0.0,1641010.0,189.0,38.0
9,480,Validação,1360.0,6.0,151.0,8.534487742830798,1641010.0,189.0,38.6
9,485,Validação,1355.0,6.0,151.0,0.9888715908435266,1641010.0,189.0,39.2
9,490,Validação,1350.0,6.0,151.0,-1.02135047281325,1641010.0,189.0,39.8
9,495,Validação,1345.0,6.0,151.0,-1.8142903587038983,1641010.0,189.0,40.4
9,500,Validação,1340.0,6.0,151.0,-2.0780056601200214,1641010.0,189.0,41.0
9,505,Validação,1335.0,6.0,151.0,-1.968696502812428,1641010.0,189.0,41.6
9,510,Validação,1330.0,6.0,151.0,-1.425365691489345,1641010.0,189.0,42.2
9,515,Validação,1325.0,6.0,151.0,-0.060754847988873,1641010.0,189.0,42.8
9,520,Validação,1320.0,6.0,151.0,3.973746776273374,1641010.0,189.0,43.4
9,525,Validação,1315.0,6.0,151.0,49.99999999999984,1641010.0,189.0,44.0
9,530,Validação,1310.0,0.0,145.0,0.0,1641010.0,189.0,44.0
9,535,Validação,1305.0,0.0,145.0,0.0,1641010.0,189.0,44.0
9,540,Validação,1300.0,0.0,145.0,0.0,1641010.0,189.0,44.0
9,545,Validação,1295.0,0.0,145.0,0.0,1641010.0,189.0,44.0
9,550,Validação,1290.0,0.0,145.0,0.0,1641010.0,189.0,44.0
9,555,Validação,1285.0,0.0,145.0,0.0,1641010.0,189.0,44.0
9,560,Validação,1280.0,0.0,145.0,0.0,1641010.0,189.0,44.0
9,565,Validação,1275.0,0.0,145.0,0.0,1641010.0,189.0,44.0
9,570,Validação,1270.0,0.0,145.0,0.0,1641010.0,189.0,44.0
9,575,Validação,1265.0,6.0,145.0,13.124339821940389,1641010.0,189.0,44.6
9,580,Validação,1260.0,6.0,145.0,1.725953014184367,1641010.0,189.0,45.2
9,585,Validação,1255.0,6.0,145.0,-0.7586145884018265,1641010.0,189.0,45.8
9,590,Validação,1250.0,6.0,145.0,-1.7081763445626443,1641010.0,189.0,46.4
9,595,Validação,1245.0,5.0,145.0,-2.047573972427619,1641010.0,189.0,46.9
9,600,Validação,1240.0,6.0,145.0,-2.016523017814832,1641010.0,189.0,47.5
9,605,Validação,1235.0,6.0,145.0,-1.5814037291803398,1641010.0,189.0,48.1
9,610,Validação,1230.0,6.0,145.0,-0.4553920562684355,1641010.0,189.0,48.7
9,615,Validação,1225.0,6.0,145.0,2.6335380290722235,1641010.0,189.0,49.3
9,620,Validação,1220.0,6.0,145.0,21.621915035790515,1641010.0,189.0,49.9
9,625,Validação,1215.0,0.0,140.0,49.99999999999781,1641010.0,189.0,49.9
9,630,Validação,1210.0,0.0,140.0,49.99999999999781,1641010.0,189.0,49.9
9,635,Validação,1205.0,0.0,140.0,49.99999999999781,1641010.0,189.0,49.9
9,640,Validação,1200.0,0.0,140.0,49.99999999999781,1641010.0,189.0,49.9
9,645,Validação,1195.0,0.0,139.0,0.0,1641010.0,189.0,50.0
9,650,Validação,1190.0,0.0,139.0,0.0,1641010.0,189.0,50.0
9,655,Validação,1185.0,0.0,139.0,0.0,1641010.0,189.0,50.0
9,660,Validação,1180.0,0.0,139.0,0.0,1641010.0,189.0,50.0
9,665,Validação,1175.0,0.0,139.0,0.0,1641010.0,189.0,50.0
9,670,Validação,1170.0,7.0,139.0,13.124339821940666,1641010.0,189.0,50.7
9,675,Validação,1165.0,7.0,139.0,1.7259530141843813,1641010.0,189.0,51.4
9,680,Validação,1160.0,7.0,139.0,-0.7586145884018114,1641010.0,189.0,52.1
9,685,Validação,1155.0,7.0,139.0,-1.7081763445626557,1641010.0,189.0,52.8
9,690,Validação,1150.0,7.0,139.0,-2.056566279508,1641010.0,189.0,53.5
9,695,Validação,1145.0,7.0,139.0,-2.020369922630565,1641010.0,189.0,54.2
9,700,Validação,1140.0,7.0,139.0,-1.5796260477111488,1641010.0,189.0,54.9
9,705,Validação,1135.0,7.0,139.0,-0.4429707913400644,1641010.0,189.0,55.6
9,710,Validação,1130.0,7.0,139.0,2.684314695695238,1641010.0,189.0,56.3
9,715,Validação,1125.0,7.0,139.0,22.33072916666664,1641010.0,189.0,57.0
9,720,Validação,1120.0,0.0,132.0,0.0,1641010.0,189.0,57.0
9,725,Validação,1115.0,0.0,132.0,0.0,1641010.0,189.0,57.0
9,730,Validação,1110.0,0.0,132.0,0.0,1641010.0,189.0,57.0
9,735,Validação,1105.0,0.0,132.0,0.0,1641010.0,189.0,57.0
9,740,Validação,1100.0,0.0,132.0,0.0,1641010.0,189.0,57.0
9,745,Validação,1095.0,0.0,132.0,0.0,1641010.0,189.0,57.0
9,750,Validação,1090.0,0.0,132.0,0.0,1641010.0,189.0,57.0
9,755,Validação,1085.0,0.0,132.0,0.0,1641010.0,189.0,57.0
9,760,Validação,1080.0,0.0,132.0,0.0,1641010.0,189.0,57.0
9,765,Validação,1075.0,12.0,132.0,49.99999999999984,1641010.0,189.0,58.2
9,770,Validação,1070.0,14.0,132.0,4.077523034910938,1641010.0,189.0,59.6
9,775,Validação,1065.0,14.0,132.0,-0.0275865344151049,1641010.0,189.0,61.0
9,780,Validação,1060.0,14.0,132.0,-1.4094420634145697,1641010.0,189.0,62.4
9,785,Validação,1055.0,14.0,132.0,-1.9599305473883684,1641010.0,189.0,63.8
9,790,Validação,1050.0,14.0,132.0,-2.0734808697070304,1641010.0,189.0,65.2
9,795,Validação,1045.0,14.0,132.0,-1.8135442613000148,1641010.0,189.0,66.6
9,800,Validação,1040.0,14.0,132.0,-1.0262758976886293,1641010.0,189.0,68.0
9,805,Validação,1035.0,14.0,132.0,0.9685805108175858,1641010.0,189.0,69.4
9,810,Validação,1030.0,14.0,132.0,8.408608535077825,1641010.0,189.0,70.8
9,815,Validação,1025.0,0.0,118.0,0.0,1641010.0,189.0,71.0
9,820,Validação,1020.0,0.0,118.0,0.0,1641010.0,189.0,71.0
9,825,Validação,1015.0,0.0,118.0,0.0,1641010.0,189.0,71.0
9,830,Validação,1010.0,0.0,118.0,0.0,1641010.0,189.0,71.0
9,835,Validação,1005.0,0.0,118.0,0.0,1641010.0,189.0,71.0
9,840,Validação,1000.0,0.0,118.0,0.0,1641010.0,189.0,71.0
9,845,Validação,995.0,0.0,118.0,0.0,1641010.0,189.0,71.0
9,850,Validação,990.0,0.0,118.0,0.0,1641010.0,189.0,71.0
9,855,Validação,985.0,0.0,118.0,0.0,1641010.0,189.0,71.0
9,860,Validação,980.0,0.0,118.0,0.0,1641010.0,189.0,71.0
9,865,Validação,975.0,13.0,118.0,22.330729166666696,1641010.0,189.0,72.3
9,870,Validação,970.0,13.0,118.0,2.684314695695216,1641010.0,189.0,73.6
9,875,Validação,965.0,13.0,118.0,-0.4429707913400564,1641010.0,189.0,74.9
9,880,Validação,960.0,13.0,118.0,-1.5796260477111548,1641010.0,189.0,76.2
9,885,Validação,955.0,13.0,118.0,-2.0203699226305605,1641010.0,189.0,77.5
9,890,Validação,950.0,13.0,118.0,-2.056566279508001,1641010.0,189.0,78.8
9,895,Validação,945.0,13.0,118.0,-1.70817634456265,1641010.0,189.0,80.1
9,900,Validação,940.0,13.0,118.0,-0.7586145884018163,1641010.0,189.0,81.4
9,905,Validação,935.0,13.0,118.0,1.7259530141844,1641010.0,189.0,82.7
9,910,Validação,930.0,13.0,118.0,13.12433982194056,1641010.0,189.0,84.0
9,915,Validação,925.0,0.0,105.0,0.0,1641010.0,189.0,84.0
9,920,Validação,920.0,0.0,105.0,0.0,1641010.0,189.0,84.0
9,925,Validação,915.0,0.0,105.0,0.0,1641010.0,189.0,84.0
9,930,Validação,910.0,0.0,105.0,0.0,1641010.0,189.0,84.0
9,935,Validação,905.0,0.0,105.0,0.0,1641010.0,189.0,84.0
9,940,Validação,900.0,0.0,105.0,0.0,1641010.0,189.0,84.0
9,945,Validação,895.0,0.0,105.0,0.0,1641010.0,189.0,84.0
9,950,Validação,890.0,0.0,105.0,0.0,1641010.0,189.0,84.0
9,955,Validação,885.0,0.0,105.0,0.0,1641010.0,189.0,84.0
9,960,Validação,880.0,0.0,105.0,0.0,1641010.0,189.0,84.0
9,965,Validação,875.0,9.0,105.0,5.885652113324037,1641010.0,189.0,84.9
9,970,Validação,870.0,9.0,105.0,0.4563153726237337,1641010.0,189.0,85.8
9,975,Validação,865.0,9.0,105.0,-1.2158491285876498,1641010.0,189.0,86.7
9,980,Validação,860.0,9.0,105.0,-1.88533258226012,1641010.0,189.0,87.6
9,985,Validação,855.0,9.0,105.0,-2.0756942535110454,1641010.0,189.0,88.5
9,990,Validação,850.0,9.0,105.0,-1.8955950271473003,1641010.0,189.0,89.4
9,995,Validação,845.0,10.0,105.0,-1.2425026719309191,1641010.0,189.0,90.4
9,1000,Validação,840.0,9.0,105.0,0.3864960513552735,1641010.0,189.0,91.3
9,1005,Validação,835.0,9.0,105.0,5.667398409714339,1641010.0,189.0,92.2
9,1010,Validação,830.0,0.0,96.0,8.534487742830796,1641010.0,189.0,93.1
9,1015,Validação,825.0,-1.0,96.0,8.5344877428308,1641010.0,189.0,93.1
9,1020,Validação,820.0,0.0,96.0,13.124339821940389,1641010.0,189.0,93.1
9,1025,Validação,815.0,0.0,96.0,13.124339821940389,1641010.0,189.0,93.1
9,1030,Validação,810.0,0.0,96.0,8.534487742830796,1641010.0,189.0,93.1
9,1035,Validação,805.0,0.0,96.0,8.534487742830795,1641010.0,189.0,93.1
9,1040,Validação,800.0,1.0,96.0,3.973746776273228,1641010.0,189.0,93.2
9,1045,Validação,795.0,0.0,96.0,3.973746776273229,1641010.0,189.0,93.1
9,1050,Validação,790.0,0.0,96.0,2.68431469569518,1641010.0,189.0,93.1
9,1055,Validação,785.0,0.0,96.0,0.9888715908434368,1641010.0,189.0,93.1
9,1060,Validação,780.0,9.0,96.0,20.20813244381888,1641010.0,189.0,94.0
9,1065,Validação,775.0,9.0,96.0,2.549710575719633,1641010.0,189.0,94.9
9,1070,Validação,770.0,9.0,96.0,-0.4342595463405589,1641010.0,189.0,95.8
9,1075,Validação,765.0,9.0,96.0,-1.5598411809974528,1641010.0,189.0,96.7
9,1080,Validação,760.0,9.0,96.0,-1.990928875675992,1641010.0,189.0,97.6
9,1085,Validação,755.0,9.0,96.0,-2.0203077030899914,1641010.0,189.0,98.6
9,1090,Validação,750.0,10.0,96.0,-1.6748445985968532,1641010.0,189.0,99.5
9,1095,Validação,745.0,9.0,96.0,-0.7356081997533277,1641010.0,189.0,100.5
9,1100,Validação,740.0,8.0,96.0,1.684300503227564,1641010.0,189.0,101.4
9,1105,Validação,735.0,9.0,96.0,12.196354453932145,1641010.0,189.0,102.3
9,1110,Validação,730.0,1.0,87.0,-0.060754847988873,1641010.0,189.0,102.4
9,1115,Validação,725.0,0.0,87.0,-0.4429707913399876,1641010.0,189.0,102.4
9,1120,Validação,720.0,0.0,87.0,0.4072473404254846,1641010.0,189.0,102.4
9,1125,Validação,715.0,0.0,87.0,-0.0607548479888753,1641010.0,189.0,102.4
9,1130,Validação,710.0,0.0,87.0,-0.060754847988873,1641010.0,189.0,102.4
9,1135,Validação,705.0,0.0,87.0,-0.4429707913399885,1641010.0,189.0,102.4
9,1140,Validação,700.0,1.0,87.0,-0.0607548479888753,1641010.0,189.0,102.4
9,1145,Validação,695.0,0.0,87.0,-0.0607548479888753,1641010.0,189.0,102.3
9,1150,Validação,690.0,0.0,87.0,0.9888715908434378,1641010.0,189.0,102.3
9,1155,Validação,685.0,8.0,87.0,40.391039437967365,1641010.0,189.0,103.2
9,1160,Validação,680.0,8.0,87.0,3.7601358091517394,1641010.0,189.0,104.0
9,1165,Validação,675.0,9.0,87.0,-0.1012094482926833,1641010.0,189.0,104.9
9,1170,Validação,670.0,9.0,87.0,-1.4307201777710703,1641010.0,189.0,105.8
9,1175,Validação,665.0,9.0,87.0,-1.9592973554070885,1641010.0,189.0,106.7
9,1180,Validação,660.0,9.0,87.0,-2.0601688869390378,1641010.0,189.0,107.6
9,1185,Validação,655.0,9.0,87.0,-1.7946021535980528,1641010.0,189.0,108.4
9,1190,Validação,650.0,9.0,87.0,-0.9965040054587058,1641010.0,189.0,109.2
9,1195,Validação,645.0,9.0,87.0,1.0189941353613223,1641010.0,189.0,110.1
9,1200,Validação,640.0,9.0,87.0,8.666527744220936,1641010.0,189.0,111.0
9,1205,Validação,635.0,0.0,78.0,0.0,1641010.0,189.0,111.0
9,1210,Validação,630.0,0.0,78.0,0.0,1641010.0,189.0,111.0
9,1215,Validação,625.0,0.0,78.0,0.0,1641010.0,189.0,111.0
9,1220,Validação,620.0,0.0,78.0,0.0,1641010.0,189.0,111.0
9,1225,Validação,615.0,0.0,78.0,0.0,1641010.0,189.0,111.0
9,1230,Validação,610.0,0.0,78.0,0.0,1641010.0,189.0,111.0
9,1235,Validação,605.0,0.0,78.0,0.0,1641010.0,189.0,111.0
9,1240,Validação,600.0,0.0,78.0,0.0,1641010.0,189.0,111.0
9,1245,Validação,595.0,0.0,78.0,0.0,1641010.0,189.0,111.0
9,1250,Validação,590.0,0.0,78.0,0.0,1641010.0,189.0,111.0
9,1255,Validação,585.0,9.0,78.0,8.53448774283072,1641010.0,189.0,111.9
9,1260,Validação,580.0,9.0,78.0,0.9888715908435586,1641010.0,189.0,112.8
9,1265,Validação,575.0,9.0,78.0,-1.0213504728132343,1641010.0,189.0,113.7
9,1270,Validação,570.0,9.0,78.0,-1.8142903587038983,1641010.0,189.0,114.6
9,1275,Validação,565.0,9.0,78.0,-2.0780056601200214,1641010.0,189.0,115.5
9,1280,Validação,560.0,9.0,78.0,-1.968696502812424,1641010.0,189.0,116.4
9,1285,Validação,555.0,9.0,78.0,-1.425365691489357,1641010.0,189.0,117.3
9,1290,Validação,550.0,9.0,78.0,-0.0607548479888953,1641010.0,189.0,118.2
9,1295,Validação,545.0,9.0,78.0,3.973746776273379,1641010.0,189.0,119.1
9,1300,Validação,540.0,9.0,78.0,49.99999999999986,1641010.0,189.0,120.0
9,1305,Validação,535.0,0.0,69.0,0.0,1641010.0,189.0,120.0
9,1310,Validação,530.0,0.0,69.0,0.0,1641010.0,189.0,120.0
9,1315,Validação,525.0,0.0,69.0,0.0,1641010.0,189.0,120.0
9,1320,Validação,520.0,0.0,69.0,0.0,1641010.0,189.0,120.0
9,1325,Validação,515.0,0.0,69.0,0.0,1641010.0,189.0,120.0
9,1330,Validação,510.0,0.0,69.0,0.0,1641010.0,189.0,120.0
9,1335,Validação,505.0,0.0,69.0,0.0,1641010.0,189.0,120.0
9,1340,Validação,500.0,0.0,69.0,0.0,1641010.0,189.0,120.0
9,1345,Validação,495.0,0.0,69.0,0.0,1641010.0,189.0,120.0
9,1350,Validação,490.0,0.0,69.0,0.0,1641010.0,189.0,120.0
9,1355,Validação,485.0,12.0,69.0,5.791962174940888,1641010.0,189.0,121.2
9,1360,Validação,480.0,12.0,69.0,0.4072473404255241,1641010.0,189.0,122.4
9,1365,Validação,475.0,12.0,69.0,-1.2411347517730456,1641010.0,189.0,123.6
9,1370,Validação,470.0,12.0,69.0,-1.9004875886524817,1641010.0,189.0,124.8
9,1375,Validação,465.0,12.0,69.0,-2.085106382978723,1641010.0,189.0,126.0
9,1380,Validação,460.0,12.0,69.0,-1.900487588652481,1641010.0,189.0,127.2
9,1385,Validação,455.0,12.0,69.0,-1.2411347517730509,1641010.0,189.0,128.4
9,1390,Validação,450.0,12.0,69.0,0.4072473404255325,1641010.0,189.0,129.6
9,1395,Validação,445.0,12.0,69.0,5.791962174940883,1641010.0,189.0,130.8
9,1400,Validação,440.0,0.0,57.0,0.0,1641010.0,189.0,132.0
9,1405,Validação,435.0,0.0,57.0,0.0,1641010.0,189.0,132.0
9,1410,Validação,430.0,0.0,57.0,0.0,1641010.0,189.0,132.0
9,1415,Validação,425.0,0.0,57.0,0.0,1641010.0,189.0,132.0
9,1420,Validação,420.0,0.0,57.0,0.0,1641010.0,189.0,132.0
9,1425,Validação,415.0,0.0,57.0,0.0,1641010.0,189.0,132.0
9,1430,Validação,410.0,0.0,57.0,0.0,1641010.0,189.0,132.0
9,1435,Validação,405.0,0.0,57.0,0.0,1641010.0,189.0,132.0
9,1440,Validação,400.0,0.0,57.0,0.0,1641010.0,189.0,132.0
9,1445,Validação,395.0,0.0,57.0,0.0,1641010.0,189.0,132.0
9,1450,Validação,390.0,12.0,57.0,22.33072916666669,1641010.0,189.0,133.2
9,1455,Validação,385.0,12.0,57.0,2.6843146956952024,1641010.0,189.0,134.4
9,1460,Validação,380.0,12.0,57.0,-0.4429707913400542,1641010.0,189.0,135.6
9,1465,Validação,375.0,12.0,57.0,-1.579626047711153,1641010.0,189.0,136.8
9,1470,Validação,370.0,12.0,57.0,-2.020369922630561,1641010.0,189.0,138.0
9,1475,Validação,365.0,12.0,57.0,-2.0565662795080004,1641010.0,189.0,139.2
9,1480,Validação,360.0,12.0,57.0,-1.708176344562647,1641010.0,189.0,140.4
9,1485,Validação,355.0,12.0,57.0,-0.7586145884018207,1641010.0,189.0,141.6
9,1490,Validação,350.0,12.0,57.0,1.7259530141843935,1641010.0,189.0,142.8
9,1495,Validação,345.0,12.0,57.0,13.124339821940566,1641010.0,189.0,144.0
9,1500,Validação,340.0,0.0,45.0,0.0,1641010.0,189.0,144.0
9,1505,Validação,335.0,0.0,45.0,0.0,1641010.0,189.0,144.0
9,1510,Validação,330.0,0.0,45.0,0.0,1641010.0,189.0,144.0
9,1515,Validação,325.0,0.0,45.0,0.0,1641010.0,189.0,144.0
9,1520,Validação,320.0,0.0,45.0,0.0,1641010.0,189.0,144.0
9,1525,Validação,315.0,0.0,45.0,0.0,1641010.0,189.0,144.0
9,1530,Validação,310.0,0.0,45.0,0.0,1641010.0,189.0,144.0
9,1535,Validação,305.0,0.0,45.0,0.0,1641010.0,189.0,144.0
9,1540,Validação,300.0,0.0,45.0,0.0,1641010.0,189.0,144.0
9,1545,Validação,295.0,0.0,45.0,0.0,1641010.0,189.0,144.0
9,1550,Validação,290.0,6.0,45.0,8.534487742830734,1641010.0,189.0,144.6
9,1555,Validação,285.0,6.0,45.0,0.9888715908435736,1641010.0,189.0,145.2
9,1560,Validação,280.0,6.0,45.0,-1.021350472813238,1641010.0,189.0,145.8
9,1565,Validação,275.0,6.0,45.0,-1.8142903587038983,1641010.0,189.0,146.4
9,1570,Validação,270.0,6.0,45.0,-2.0780056601200223,1641010.0,189.0,147.0
9,1575,Validação,265.0,6.0,45.0,-1.9686965028124248,1641010.0,189.0,147.6
9,1580,Validação,260.0,6.0,45.0,-1.4253656914893638,1641010.0,189.0,148.2
9,1585,Validação,255.0,6.0,45.0,-0.0607548479888908,1641010.0,189.0,148.8
9,1590,Validação,250.0,6.0,45.0,3.973746776273374,1641010.0,189.0,149.4
9,1595,Validação,245.0,6.0,45.0,50.00000000000007,1641010.0,189.0,150.0
9,1600,Validação,240.0,0.0,39.0,0.0,1641010.0,189.0,150.0
9,1605,Validação,235.0,0.0,39.0,0.0,1641010.0,189.0,150.0
9,1610,Validação,230.0,0.0,39.0,0.0,1641010.0,189.0,150.0
9,1615,Validação,225.0,0.0,39.0,0.0,1641010.0,189.0,150.0
9,1620,Validação,220.0,0.0,39.0,0.0,1641010.0,189.0,150.0
9,1625,Validação,215.0,0.0,39.0,0.0,1641010.0,189.0,150.0
9,1630,Validação,210.0,0.0,39.0,0.0,1641010.0,189.0,150.0
9,1635,Validação,205.0,0.0,39.0,0.0,1641010.0,189.0,150.0
9,1640,Validação,200.0,0.0,39.0,0.0,1641010.0,189.0,150.0
9,1645,Validação,195.0,0.0,39.0,0.0,1641010.0,189.0,150.0
9,1650,Validação,190.0,13.0,39.0,5.791962174940906,1641010.0,189.0,151.3
9,1655,Validação,185.0,13.0,39.0,0.4296097903012148,1641010.0,189.0,152.6
9,1660,Validação,180.0,13.0,39.0,-1.2304051881232867,1641010.0,189.0,153.9
9,1665,Validação,175.0,12.0,39.0,-1.889329187360528,1641010.0,189.0,155.1
9,1670,Validação,170.0,13.0,39.0,-2.078645293012418,1641010.0,189.0,156.4
9,1675,Validação,165.0,13.0,39.0,-1.8979813344387584,1641010.0,189.0,157.7
9,1680,Validação,160.0,13.0,39.0,-1.2440000649636014,1641010.0,189.0,159.0
9,1685,Validação,155.0,13.0,39.0,0.3914825131257871,1641010.0,189.0,160.3
9,1690,Validação,150.0,13.0,39.0,5.707604922354967,1641010.0,189.0,161.6
9,1695,Validação,145.0,0.0,27.0,5.791962174940846,1641010.0,189.0,162.9
9,1700,Validação,140.0,0.0,27.0,5.791962174940842,1641010.0,189.0,162.9
9,1705,Validação,135.0,0.0,27.0,8.534487742830795,1641010.0,189.0,162.9
9,1710,Validação,130.0,0.0,27.0,3.973746776273342,1641010.0,189.0,162.8
9,1715,Validação,125.0,-1.0,27.0,0.9888715908435728,1641010.0,189.0,162.8
9,1720,Validação,120.0,-1.0,27.0,-1.0213504728132494,1641010.0,189.0,162.7
9,1725,Validação,115.0,0.0,27.0,-1.2411347517730555,1641010.0,189.0,162.7
9,1730,Validação,110.0,0.0,27.0,-1.241134751773055,1641010.0,189.0,162.7
9,1735,Validação,105.0,-1.0,27.0,-1.4253656914893638,1641010.0,189.0,162.6
9,1740,Validação,100.0,0.0,27.0,-1.5796260477111537,1641010.0,189.0,162.6
9,1745,Validação,95.0,11.0,27.0,20.22760852604913,1641010.0,189.0,163.7
9,1750,Validação,90.0,11.0,27.0,2.5480794200874017,1641010.0,189.0,164.8
9,1755,Validação,85.0,11.0,27.0,-0.4684949440941848,1641010.0,189.0,165.9
9,1760,Validação,80.0,12.0,27.0,-1.578059591638367,1641010.0,189.0,167.1
9,1765,Validação,75.0,12.0,27.0,-2.0083411474228354,1641010.0,189.0,168.3
9,1770,Validação,70.0,12.0,27.0,-2.043602620931224,1641010.0,189.0,169.5
9,1775,Validação,65.0,11.0,27.0,-1.6915250610035462,1641010.0,189.0,170.6
9,1780,Validação,60.0,11.0,27.0,-0.730418698421972,1641010.0,189.0,171.7
9,1785,Validação,55.0,12.0,27.0,1.7721848835998673,1641010.0,189.0,172.9
9,1790,Validação,50.0,11.0,27.0,13.259459304983997,1641010.0,189.0,174.0
9,1795,Validação,45.0,0.0,15.0,0.0,1641010.0,189.0,174.0
9,1800,Validação,40.0,0.0,15.0,0.0,1641010.0,189.0,174.0
9,1805,Validação,35.0,0.0,15.0,0.0,1641010.0,189.0,174.0
9,1810,Validação,30.0,0.0,15.0,0.0,1641010.0,189.0,174.0
9,1815,Validação,25.0,0.0,15.0,0.0,1641010.0,189.0,174.0
9,1820,Validação,20.0,0.0,15.0,0.0,1641010.0,189.0,174.0
9,1825,Validação,15.0,0.0,15.0,0.0,1641010.0,189.0,174.0
9,1830,Validação,10.0,0.0,15.0,0.0,1641010.0,189.0,174.0
9,1835,Validação,5.0,0.0,15.0,0.0,1641010.0,189.0,174.0
9,1840,Validação,0.0,0.0,15.0,0.0,1641010.0,189.0,174.0
10,50,Treino,915.0,15.0,189.0,46.98849423928949,1516469.0,189.0,15.0
10,55,Treino,910.0,0.0,174.0,3.973746776273229,1516469.0,189.0,15.0
10,60,Treino,905.0,0.0,174.0,1.72595301418447,1516469.0,189.0,15.0
10,65,Treino,900.0,0.0,174.0,1.7259530141844728,1516469.0,189.0,15.0
10,70,Treino,895.0,0.0,174.0,2.684314695695563,1516469.0,189.0,15.0
10,75,Treino,890.0,1.0,174.0,2.684314695695564,1516469.0,189.0,15.166666666666666
10,80,Treino,885.0,0.0,174.0,2.684314695695565,1516469.0,189.0,15.142857142857142
10,85,Treino,880.0,0.0,174.0,2.6843146956955604,1516469.0,189.0,15.125
10,90,Treino,875.0,-1.0,174.0,3.973746776273229,1516469.0,189.0,15.11111111111111
10,95,Treino,870.0,0.0,174.0,3.973746776273229,1516469.0,189.0,15.1
10,100,Treino,865.0,0.0,174.0,3.973746776273228,1516469.0,189.0,15.1
10,105,Treino,860.0,0.0,174.0,2.6843146956955604,1516469.0,189.0,15.1
10,110,Treino,855.0,0.0,174.0,5.791962174941123,1516469.0,189.0,15.1
10,115,Treino,850.0,0.0,174.0,5.791962174941121,1516469.0,189.0,15.1
10,120,Treino,845.0,12.0,174.0,21.511405792156,1516469.0,189.0,16.3
10,125,Treino,840.0,12.0,174.0,2.6379480549163885,1516469.0,189.0,17.4
10,130,Treino,835.0,12.0,174.0,-0.4533549240815828,1516469.0,189.0,18.6
10,135,Treino,830.0,12.0,174.0,-1.5800365895072126,1516469.0,189.0,19.8
10,140,Treino,825.0,11.0,174.0,-2.017903902942945,1516469.0,189.0,21.0
10,145,Treino,820.0,12.0,174.0,-2.0539720230746754,1516469.0,189.0,22.2
10,150,Treino,815.0,11.0,174.0,-1.703608696582505,1516469.0,189.0,23.4
10,155,Treino,810.0,12.0,174.0,-0.7586145884018265,1516469.0,189.0,24.6
10,160,Treino,805.0,12.0,174.0,1.7259530141844213,1516469.0,189.0,25.8
10,165,Treino,800.0,12.0,174.0,13.124339821940566,1516469.0,189.0,27.0
10,170,Treino,795.0,0.0,162.0,0.0,1516469.0,189.0,27.0
10,175,Treino,790.0,0.0,162.0,0.0,1516469.0,189.0,27.0
10,180,Treino,785.0,0.0,162.0,0.0,1516469.0,189.0,27.0
10,185,Treino,780.0,0.0,162.0,0.0,1516469.0,189.0,27.0
10,190,Treino,775.0,0.0,162.0,0.0,1516469.0,189.0,27.0
10,195,Treino,770.0,0.0,162.0,0.0,1516469.0,189.0,27.0
10,200,Treino,765.0,0.0,162.0,0.0,1516469.0,189.0,27.0
10,205,Treino,760.0,17.0,162.0,22.33072916666663,1516469.0,189.0,28.7
10,210,Treino,755.0,17.0,162.0,2.684314695695208,1516469.0,189.0,30.4
10,215,Treino,750.0,17.0,162.0,-0.4429707913400613,1516469.0,189.0,32.1
10,220,Treino,745.0,17.0,162.0,-1.5796260477111543,1516469.0,189.0,33.8
10,225,Treino,740.0,17.0,162.0,-2.020369922630559,1516469.0,189.0,35.5
10,230,Treino,735.0,17.0,162.0,-2.056566279507999,1516469.0,189.0,37.2
10,235,Treino,730.0,17.0,162.0,-1.7081763445626494,1516469.0,189.0,38.9
10,240,Treino,725.0,17.0,162.0,-0.7586145884018154,1516469.0,189.0,40.6
10,245,Treino,720.0,17.0,162.0,1.725953014184399,1516469.0,189.0,42.3
10,250,Treino,715.0,17.0,162.0,13.124339821940502,1516469.0,189.0,44.0
10,255,Treino,710.0,0.0,145.0,0.0,1516469.0,189.0,44.0
10,260,Treino,705.0,0.0,145.0,0.0,1516469.0,189.0,44.0
10,265,Treino,700.0,0.0,145.0,0.0,1516469.0,189.0,44.0
10,270,Treino,695.0,0.0,145.0,0.0,1516469.0,189.0,44.0
10,275,Treino,690.0,0.0,145.0,0.0,1516469.0,189.0,44.0
10,280,Treino,685.0,0.0,145.0,0.0,1516469.0,189.0,44.0
10,285,Treino,680.0,0.0,145.0,0.0,1516469.0,189.0,44.0
10,290,Treino,675.0,19.0,145.0,50.00000000000004,1516469.0,189.0,45.9
10,295,Treino,670.0,19.0,145.0,3.973746776273371,1516469.0,189.0,47.8
10,300,Treino,665.0,19.0,145.0,-0.0607548479888961,1516469.0,189.0,49.7
10,305,Treino,660.0,19.0,145.0,-1.4253656914893664,1516469.0,189.0,51.6
10,310,Treino,655.0,19.0,145.0,-1.968696502812422,1516469.0,189.0,53.5
10,315,Treino,650.0,19.0,145.0,-2.078005660120022,1516469.0,189.0,55.4
10,320,Treino,645.0,19.0,145.0,-1.814290358703897,1516469.0,189.0,57.3
10,325,Treino,640.0,19.0,145.0,-1.0213504728132348,1516469.0,189.0,59.2
10,330,Treino,635.0,19.0,145.0,0.988871590843579,1516469.0,189.0,61.1
10,335,Treino,630.0,19.0,145.0,8.534487742830711,1516469.0,189.0,63.0
10,340,Treino,625.0,0.0,126.0,0.0,1516469.0,189.0,63.0
10,345,Treino,620.0,0.0,126.0,0.0,1516469.0,189.0,63.0
10,350,Treino,615.0,0.0,126.0,0.0,1516469.0,189.0,63.0
10,355,Treino,610.0,0.0,126.0,0.0,1516469.0,189.0,63.0
10,360,Treino,605.0,0.0,126.0,0.0,1516469.0,189.0,63.0
10,365,Treino,600.0,0.0,126.0,0.0,1516469.0,189.0,63.0
10,370,Treino,595.0,0.0,126.0,0.0,1516469.0,189.0,63.0
10,375,Treino,590.0,19.0,126.0,22.33072916666664,1516469.0,189.0,64.9
10,380,Treino,585.0,19.0,126.0,2.684314695695205,1516469.0,189.0,66.8
10,385,Treino,580.0,19.0,126.0,-0.4429707913400533,1516469.0,189.0,68.7
10,390,Treino,575.0,19.0,126.0,-1.5796260477111517,1516469.0,189.0,70.6
10,395,Treino,570.0,19.0,126.0,-2.020369922630561,1516469.0,189.0,72.5
10,400,Treino,565.0,19.0,126.0,-2.056566279508,1516469.0,189.0,74.4
10,405,Treino,560.0,19.0,126.0,-1.7081763445626486,1516469.0,189.0,76.3
10,410,Treino,555.0,19.0,126.0,-0.7586145884018216,1516469.0,189.0,78.2
10,415,Treino,550.0,19.0,126.0,1.7259530141843866,1516469.0,189.0,80.1
10,420,Treino,545.0,19.0,126.0,13.12433982194054,1516469.0,189.0,82.0
10,425,Treino,540.0,0.0,107.0,0.0,1516469.0,189.0,82.0
10,430,Treino,535.0,0.0,107.0,0.0,1516469.0,189.0,82.0
10,435,Treino,530.0,0.0,108.0,50.00000000000087,1516469.0,189.0,82.0
10,440,Treino,525.0,0.0,108.0,50.00000000000087,1516469.0,189.0,82.0
10,445,Treino,520.0,0.0,108.0,50.00000000000087,1516469.0,189.0,82.0
10,450,Treino,515.0,0.0,108.0,50.00000000000087,1516469.0,189.0,82.0
10,455,Treino,510.0,0.0,108.0,50.00000000000087,1516469.0,189.0,82.0
10,460,Treino,505.0,0.0,108.0,50.00000000000087,1516469.0,189.0,82.0
10,465,Treino,500.0,14.0,108.0,8.574144767270973,1516469.0,189.0,83.4
10,470,Treino,495.0,14.0,108.0,1.0141562588262598,1516469.0,189.0,84.8
10,475,Treino,490.0,14.0,108.0,-1.0065909224558376,1516469.0,189.0,86.2
10,480,Treino,485.0,15.0,108.0,-1.8043580699491817,1516469.0,189.0,87.6
10,485,Treino,480.0,14.0,107.0,-2.072246485639946,1516469.0,189.0,89.0
10,490,Treino,475.0,14.0,107.0,-1.96409687853325,1516469.0,189.0,90.4
10,495,Treino,470.0,14.0,107.0,-1.4255017146877254,1516469.0,189.0,91.8
10,500,Treino,465.0,14.0,107.0,-0.0710791245074697,1516469.0,189.0,93.2
10,505,Treino,460.0,15.0,107.0,3.909703805387757,1516469.0,189.0,94.7
10,510,Treino,455.0,15.0,107.0,46.5709303418312,1516469.0,189.0,96.2
10,515,Treino,450.0,0.0,93.0,2.684314695695181,1516469.0,189.0,96.2
10,520,Treino,445.0,0.0,93.0,3.973746776273229,1516469.0,189.0,96.2
10,525,Treino,440.0,0.0,93.0,2.684314695695185,1516469.0,189.0,96.2
10,530,Treino,435.0,0.0,93.0,1.72595301418447,1516469.0,189.0,96.2
10,535,Treino,430.0,-1.0,93.0,0.9888715908434368,1516469.0,189.0,96.2
10,540,Treino,425.0,0.0,93.0,2.684314695695182,1516469.0,189.0,96.2
10,545,Treino,420.0,0.0,93.0,2.684314695695181,1516469.0,189.0,96.2
10,550,Treino,415.0,18.0,93.0,12.887428789622856,1516469.0,189.0,98.0
10,555,Treino,410.0,18.0,93.0,1.702153390348939,1516469.0,189.0,99.7
10,560,Treino,405.0,18.0,93.0,-0.762504378784592,1516469.0,189.0,101.4
10,565,Treino,400.0,18.0,93.0,-1.7077137122590569,1516469.0,189.0,103.2
10,570,Treino,395.0,17.0,93.0,-2.0539250328672343,1516469.0,189.0,105.0
10,575,Treino,390.0,18.0,93.0,-2.0166102945401105,1516469.0,189.0,106.8
10,580,Treino,385.0,18.0,93.0,-1.575140998194707,1516469.0,189.0,108.6
10,585,Treino,380.0,18.0,93.0,-0.4383703129163518,1516469.0,189.0,110.4
10,590,Treino,375.0,18.0,93.0,2.696726692920108,1516469.0,189.0,112.2
10,595,Treino,370.0,17.0,93.0,22.422804979900057,1516469.0,189.0,114.0
10,600,Treino,365.0,0.0,75.0,0.0,1516469.0,189.0,114.0
10,605,Treino,360.0,0.0,75.0,0.0,1516469.0,189.0,114.0
10,610,Treino,355.0,0.0,75.0,0.0,1516469.0,189.0,114.0
10,615,Treino,350.0,0.0,75.0,0.0,1516469.0,189.0,114.0
10,620,Treino,345.0,0.0,75.0,0.0,1516469.0,189.0,114.0
10,625,Treino,340.0,0.0,75.0,0.0,1516469.0,189.0,114.0
10,630,Treino,335.0,0.0,75.0,0.0,1516469.0,189.0,114.0
10,635,Treino,330.0,18.0,75.0,5.791962174940904,1516469.0,189.0,115.8
10,640,Treino,325.0,18.0,75.0,0.4072473404255374,1516469.0,189.0,117.6
10,645,Treino,320.0,18.0,75.0,-1.2411347517730524,1516469.0,189.0,119.4
10,650,Treino,315.0,18.0,75.0,-1.9004875886524824,1516469.0,189.0,121.2
10,655,Treino,310.0,18.0,75.0,-2.085106382978723,1516469.0,189.0,123.0
10,660,Treino,305.0,18.0,75.0,-1.900487588652483,1516469.0,189.0,124.8
10,665,Treino,300.0,18.0,75.0,-1.2411347517730478,1516469.0,189.0,126.6
10,670,Treino,295.0,18.0,75.0,0.4072473404255303,1516469.0,189.0,128.4
10,675,Treino,290.0,18.0,75.0,5.791962174940899,1516469.0,189.0,130.2
10,680,Treino,285.0,0.0,57.0,0.0,1516469.0,189.0,132.0
10,685,Treino,280.0,0.0,57.0,0.0,1516469.0,189.0,132.0
10,690,Treino,275.0,0.0,57.0,0.0,1516469.0,189.0,132.0
10,695,Treino,270.0,0.0,57.0,0.0,1516469.0,189.0,132.0
10,700,Treino,265.0,0.0,57.0,0.0,1516469.0,189.0,132.0
10,705,Treino,260.0,0.0,57.0,0.0,1516469.0,189.0,132.0
10,710,Treino,255.0,0.0,57.0,0.0,1516469.0,189.0,132.0
10,715,Treino,250.0,0.0,57.0,0.0,1516469.0,189.0,132.0
10,720,Treino,245.0,18.0,57.0,5.791962174940904,1516469.0,189.0,133.8
10,725,Treino,240.0,18.0,57.0,0.407247340425529,1516469.0,189.0,135.6
10,730,Treino,235.0,18.0,57.0,-1.241134751773049,1516469.0,189.0,137.4
10,735,Treino,230.0,18.0,57.0,-1.9004875886524824,1516469.0,189.0,139.2
10,740,Treino,225.0,18.0,57.0,-2.085106382978723,1516469.0,189.0,141.0
10,745,Treino,220.0,18.0,57.0,-1.900487588652483,1516469.0,189.0,142.8
10,750,Treino,215.0,18.0,57.0,-1.2411347517730478,1516469.0,189.0,144.6
10,755,Treino,210.0,18.0,57.0,0.4072473404255303,1516469.0,189.0,146.4
10,760,Treino,205.0,18.0,57.0,5.791962174940899,1516469.0,189.0,148.2
10,765,Treino,200.0,0.0,39.0,0.0,1516469.0,189.0,150.0
10,770,Treino,195.0,0.0,39.0,0.0,1516469.0,189.0,150.0
10,775,Treino,190.0,0.0,39.0,0.0,1516469.0,189.0,150.0
10,780,Treino,185.0,0.0,39.0,0.0,1516469.0,189.0,150.0
10,785,Treino,180.0,0.0,39.0,0.0,1516469.0,189.0,150.0
10,790,Treino,175.0,0.0,39.0,0.0,1516469.0,189.0,150.0
10,795,Treino,170.0,0.0,39.0,0.0,1516469.0,189.0,150.0
10,800,Treino,165.0,0.0,39.0,0.0,1516469.0,189.0,150.0
10,805,Treino,160.0,9.0,39.0,8.53448774283072,1516469.0,189.0,150.9
10,810,Treino,155.0,9.0,39.0,0.9888715908435728,1516469.0,189.0,151.8
10,815,Treino,150.0,9.0,39.0,-1.021350472813242,1516469.0,189.0,152.7
10,820,Treino,145.0,9.0,39.0,-1.8142903587038983,1516469.0,189.0,153.6
10,825,Treino,140.0,9.0,39.0,-2.078005660120022,1516469.0,189.0,154.5
10,830,Treino,135.0,9.0,39.0,-1.968696502812424,1516469.0,189.0,155.4
10,835,Treino,130.0,9.0,39.0,-1.4253656914893629,1516469.0,189.0,156.3
10,840,Treino,125.0,9.0,39.0,-0.0607548479888917,1516469.0,189.0,157.2
10,845,Treino,120.0,9.0,39.0,3.973746776273379,1516469.0,189.0,158.1
10,850,Treino,115.0,9.0,39.0,50.00000000000003,1516469.0,189.0,159.0
10,855,Treino,110.0,0.0,30.0,0.0,1516469.0,189.0,159.0
10,860,Treino,105.0,0.0,30.0,0.0,1516469.0,189.0,159.0
10,865,Treino,100.0,0.0,30.0,0.0,1516469.0,189.0,159.0
10,870,Treino,95.0,0.0,30.0,0.0,1516469.0,189.0,159.0
10,875,Treino,90.0,0.0,30.0,0.0,1516469.0,189.0,159.0
10,880,Treino,85.0,0.0,30.0,0.0,1516469.0,189.0,159.0
10,885,Treino,80.0,9.0,30.0,22.330729166666675,1516469.0,189.0,159.9
10,890,Treino,75.0,9.0,30.0,2.684314695695196,1516469.0,189.0,160.8
10,895,Treino,70.0,9.0,30.0,-0.4429707913400524,1516469.0,189.0,161.7
10,900,Treino,65.0,9.0,30.0,-1.579626047711153,1516469.0,189.0,162.6
10,905,Treino,60.0,9.0,30.0,-2.0203699226305614,1516469.0,189.0,163.5
10,910,Treino,55.0,9.0,30.0,-2.0565662795080004,1516469.0,189.0,164.4
10,915,Treino,50.0,9.0,30.0,-1.7081763445626468,1516469.0,189.0,165.3
10,920,Treino,45.0,10.0,30.0,-0.763126558215113,1516469.0,189.0,166.3
10,925,Treino,40.0,9.0,30.0,1.6985319132177708,1516469.0,189.0,167.2
10,930,Treino,35.0,9.0,30.0,12.638904048825175,1516469.0,189.0,168.1
10,935,Treino,30.0,1.0,21.0,3.973746776273342,1516469.0,189.0,168.2
10,940,Treino,25.0,1.0,21.0,1.7259530141843946,1516469.0,189.0,168.3
10,945,Treino,20.0,0.0,21.0,0.9888715908435728,1516469.0,189.0,168.3
10,950,Treino,15.0,1.0,21.0,-0.4429707913400311,1516469.0,189.0,168.4
10,955,Treino,10.0,0.0,21.0,-0.4429707913400311,1516469.0,189.0,168.4
10,960,Treino,5.0,0.0,21.0,-0.4429707913400311,1516469.0,189.0,168.4
10,965,Treino,0.0,0.0,21.0,-0.4429707913400316,1516469.0,189.0,168.4
11,50,Treino,1538.0,11.0,188.0,47.53786948461276,1571530.0,188.0,11.0
11,55,Treino,1533.0,0.0,178.0,13.124339821940383,1571530.0,188.0,11.0
11,60,Treino,1528.0,0.0,178.0,13.124339821940383,1571530.0,188.0,11.0
11,65,Treino,1523.0,0.0,178.0,22.3307291666675,1571530.0,188.0,11.0
11,70,Treino,1518.0,0.0,178.0,22.3307291666675,1571530.0,188.0,11.0
11,75,Treino,1513.0,0.0,178.0,22.3307291666675,1571530.0,188.0,11.0
11,80,Treino,1508.0,0.0,178.0,49.99999999999781,1571530.0,188.0,11.0
11,85,Treino,1503.0,0.0,177.0,0.0,1571530.0,188.0,11.0
11,90,Treino,1498.0,0.0,177.0,0.0,1571530.0,188.0,11.0
11,95,Treino,1493.0,0.0,177.0,0.0,1571530.0,188.0,11.0
11,100,Treino,1488.0,0.0,177.0,0.0,1571530.0,188.0,11.0
11,105,Treino,1483.0,0.0,177.0,0.0,1571530.0,188.0,11.0
11,110,Treino,1478.0,0.0,177.0,0.0,1571530.0,188.0,11.0
11,115,Treino,1473.0,0.0,177.0,0.0,1571530.0,188.0,11.0
11,120,Treino,1468.0,0.0,177.0,0.0,1571530.0,188.0,11.0
11,125,Treino,1463.0,7.0,177.0,50.000000000000426,1571530.0,188.0,11.7
11,130,Treino,1458.0,7.0,177.0,3.973746776273356,1571530.0,188.0,12.4
11,135,Treino,1453.0,7.0,177.0,-0.0607548479888757,1571530.0,188.0,13.1
11,140,Treino,1448.0,7.0,177.0,-1.4253656914893709,1571530.0,188.0,13.8
11,145,Treino,1443.0,7.0,177.0,-1.968696502812423,1571530.0,188.0,14.5
11,150,Treino,1438.0,7.0,177.0,-2.078005660120023,1571530.0,188.0,15.2
11,155,Treino,1433.0,7.0,177.0,-1.8142903587038963,1571530.0,188.0,15.9
11,160,Treino,1428.0,7.0,177.0,-1.021350472813249,1571530.0,188.0,16.6
11,165,Treino,1423.0,7.0,177.0,0.9888715908435924,1571530.0,188.0,17.3
11,170,Treino,1418.0,7.0,177.0,8.534487742830704,1571530.0,188.0,18.0
11,175,Treino,1413.0,0.0,170.0,0.0,1571530.0,188.0,18.0
11,180,Treino,1408.0,0.0,170.0,0.0,1571530.0,188.0,18.0
11,185,Treino,1403.0,0.0,170.0,0.0,1571530.0,188.0,18.0
11,190,Treino,1398.0,0.0,170.0,0.0,1571530.0,188.0,18.0
11,195,Treino,1393.0,0.0,170.0,0.0,1571530.0,188.0,18.0
11,200,Treino,1388.0,0.0,170.0,0.0,1571530.0,188.0,18.0
11,205,Treino,1383.0,0.0,170.0,0.0,1571530.0,188.0,18.0
11,210,Treino,1378.0,0.0,170.0,0.0,1571530.0,188.0,18.0
11,215,Treino,1373.0,0.0,170.0,0.0,1571530.0,188.0,18.0
11,220,Treino,1368.0,0.0,170.0,0.0,1571530.0,188.0,18.0
11,225,Treino,1363.0,0.0,170.0,0.0,1571530.0,188.0,18.0
11,230,Treino,1358.0,0.0,170.0,0.0,1571530.0,188.0,18.0
11,235,Treino,1353.0,0.0,170.0,0.0,1571530.0,188.0,18.0
11,240,Treino,1348.0,0.0,170.0,0.0,1571530.0,188.0,18.0
11,245,Treino,1343.0,0.0,170.0,0.0,1571530.0,188.0,18.0
11,250,Treino,1338.0,9.0,170.0,8.53448774283072,1571530.0,188.0,18.9
11,255,Treino,1333.0,9.0,170.0,0.9888715908435586,1571530.0,188.0,19.8
11,260,Treino,1328.0,9.0,170.0,-1.02135047281325,1571530.0,188.0,20.7
11,265,Treino,1323.0,9.0,170.0,-1.8142903587038908,1571530.0,188.0,21.6
11,270,Treino,1318.0,9.0,170.0,-2.0780056601200214,1571530.0,188.0,22.5
11,275,Treino,1313.0,9.0,170.0,-1.968696502812424,1571530.0,188.0,23.4
11,280,Treino,1308.0,9.0,170.0,-1.425365691489357,1571530.0,188.0,24.3
11,285,Treino,1303.0,9.0,170.0,-0.0607548479888739,1571530.0,188.0,25.2
11,290,Treino,1298.0,9.0,170.0,3.973746776273331,1571530.0,188.0,26.1
11,295,Treino,1293.0,9.0,170.0,49.99999999999986,1571530.0,188.0,27.0
11,300,Treino,1288.0,0.0,161.0,0.0,1571530.0,188.0,27.0
11,305,Treino,1283.0,0.0,161.0,0.0,1571530.0,188.0,27.0
11,310,Treino,1278.0,0.0,161.0,0.0,1571530.0,188.0,27.0
11,315,Treino,1273.0,0.0,161.0,0.0,1571530.0,188.0,27.0
11,320,Treino,1268.0,0.0,161.0,0.0,1571530.0,188.0,27.0
11,325,Treino,1263.0,0.0,161.0,0.0,1571530.0,188.0,27.0
11,330,Treino,1258.0,0.0,161.0,0.0,1571530.0,188.0,27.0
11,335,Treino,1253.0,0.0,161.0,0.0,1571530.0,188.0,27.0
11,340,Treino,1248.0,0.0,161.0,0.0,1571530.0,188.0,27.0
11,345,Treino,1243.0,0.0,161.0,0.0,1571530.0,188.0,27.0
11,350,Treino,1238.0,0.0,161.0,0.0,1571530.0,188.0,27.0
11,355,Treino,1233.0,0.0,161.0,0.0,1571530.0,188.0,27.0
11,360,Treino,1228.0,0.0,161.0,0.0,1571530.0,188.0,27.0
11,365,Treino,1223.0,0.0,161.0,0.0,1571530.0,188.0,27.0
11,370,Treino,1218.0,0.0,161.0,0.0,1571530.0,188.0,27.0
11,375,Treino,1213.0,9.0,161.0,22.330729166666508,1571530.0,188.0,27.9
11,380,Treino,1208.0,9.0,161.0,2.684314695695228,1571530.0,188.0,28.8
11,385,Treino,1203.0,9.0,161.0,-0.4429707913400471,1571530.0,188.0,29.7
11,390,Treino,1198.0,9.0,161.0,-1.579626047711156,1571530.0,188.0,30.6
11,395,Treino,1193.0,9.0,161.0,-2.0203699226305627,1571530.0,188.0,31.5
11,400,Treino,1188.0,9.0,161.0,-2.0565662795079978,1571530.0,188.0,32.4
11,405,Treino,1183.0,9.0,161.0,-1.7081763445626534,1571530.0,188.0,33.3
11,410,Treino,1178.0,9.0,161.0,-0.7586145884018252,1571530.0,188.0,34.2
11,415,Treino,1173.0,9.0,161.0,1.7259530141844035,1571530.0,188.0,35.1
11,420,Treino,1168.0,9.0,161.0,13.124339821940609,1571530.0,188.0,36.0
11,425,Treino,1163.0,0.0,152.0,0.0,1571530.0,188.0,36.0
11,430,Treino,1158.0,0.0,152.0,0.0,1571530.0,188.0,36.0
11,435,Treino,1153.0,0.0,152.0,0.0,1571530.0,188.0,36.0
11,440,Treino,1148.0,5.0,152.0,50.00000000000024,1571530.0,188.0,36.5
11,445,Treino,1143.0,5.0,152.0,3.973746776273411,1571530.0,188.0,37.0
11,450,Treino,1138.0,5.0,152.0,-0.0607548479888735,1571530.0,188.0,37.5
11,455,Treino,1133.0,4.0,152.0,-1.3962338735864193,1571530.0,188.0,37.9
11,460,Treino,1128.0,5.0,152.0,-1.9221975637538864,1571530.0,188.0,38.4
11,465,Treino,1123.0,4.0,152.0,-2.0465138113735075,1571530.0,188.0,38.8
11,470,Treino,1118.0,4.0,152.0,-1.80045685510214,1571530.0,188.0,39.2
11,475,Treino,1113.0,5.0,152.0,-1.1229836811003318,1571530.0,188.0,39.7
11,480,Treino,1108.0,5.0,152.0,0.5732707893052407,1571530.0,188.0,40.2
11,485,Treino,1103.0,4.0,152.0,5.914562530441657,1571530.0,188.0,40.6
11,490,Treino,1098.0,-1.0,149.0,0.9774978723402904,1571530.0,188.0,40.5
11,495,Treino,1093.0,-1.0,149.0,-0.0196201932855593,1571530.0,188.0,40.4
11,500,Treino,1088.0,0.0,149.0,-0.2566188148944661,1571530.0,188.0,40.4
11,505,Treino,1083.0,0.0,149.0,-0.4574468085106766,1571530.0,188.0,40.5
11,510,Treino,1078.0,0.0,149.0,-0.4574468085106771,1571530.0,188.0,40.5
11,515,Treino,1073.0,1.0,149.0,-0.6268103196616437,1571530.0,188.0,40.6
11,520,Treino,1068.0,0.0,149.0,-0.0196201932855588,1571530.0,188.0,40.7
11,525,Treino,1063.0,14.0,148.0,44.89799577387173,1571530.0,188.0,42.1
11,530,Treino,1058.0,14.0,148.0,3.854264118703062,1571530.0,188.0,43.5
11,535,Treino,1053.0,13.0,148.0,-0.0734088510638413,1571530.0,188.0,44.9
11,540,Treino,1048.0,14.0,148.0,-1.418380097274624,1571530.0,188.0,46.4
11,545,Treino,1043.0,15.0,148.0,-1.958049578585954,1571530.0,188.0,47.9
11,550,Treino,1038.0,14.0,148.0,-2.06406189196794,1571530.0,188.0,49.3
11,555,Treino,1033.0,14.0,148.0,-1.8000894359590724,1571530.0,188.0,50.7
11,560,Treino,1028.0,14.0,148.0,-1.0086047844315864,1571530.0,188.0,52.1
11,565,Treino,1023.0,13.0,148.0,0.9852488586126772,1571530.0,188.0,53.4
11,570,Treino,1018.0,14.0,147.0,8.416937852067244,1571530.0,188.0,54.8
11,575,Treino,1013.0,0.0,134.0,5.791962174941119,1571530.0,188.0,54.8
11,580,Treino,1008.0,0.0,134.0,2.684314695695564,1571530.0,188.0,54.8
11,585,Treino,1003.0,5.0,134.0,7.446313978001637,1571530.0,188.0,55.4
11,590,Treino,998.0,5.0,134.0,0.8586224918429544,1571530.0,188.0,55.9
11,595,Treino,993.0,5.0,134.0,-1.0338047225477776,1571530.0,188.0,56.4
11,600,Treino,988.0,5.0,134.0,-1.7873209974632942,1571530.0,188.0,56.9
11,605,Treino,983.0,5.0,134.0,-2.026576608750865,1571530.0,188.0,57.4
11,610,Treino,978.0,5.0,134.0,-1.8906417364187964,1571530.0,188.0,57.9
11,615,Treino,973.0,5.0,134.0,-1.3242827820280234,1571530.0,188.0,58.5
11,620,Treino,968.0,5.0,134.0,0.1108069888183864,1571530.0,188.0,59.0
11,625,Treino,963.0,5.0,134.0,4.294493634529057,1571530.0,188.0,59.5
11,630,Treino,958.0,5.0,133.0,50.00000000000024,1571530.0,188.0,60.0
11,635,Treino,953.0,0.0,128.0,0.0,1571530.0,188.0,60.0
11,640,Treino,948.0,0.0,128.0,0.0,1571530.0,188.0,60.0
11,645,Treino,943.0,0.0,128.0,0.0,1571530.0,188.0,60.0
11,650,Treino,938.0,0.0,128.0,0.0,1571530.0,188.0,60.0
11,655,Treino,933.0,0.0,128.0,0.0,1571530.0,188.0,60.0
11,660,Treino,928.0,0.0,128.0,0.0,1571530.0,188.0,60.0
11,665,Treino,923.0,0.0,128.0,0.0,1571530.0,188.0,60.0
11,670,Treino,918.0,8.0,128.0,13.12433982194051,1571530.0,188.0,60.8
11,675,Treino,913.0,8.0,128.0,1.7259530141843946,1571530.0,188.0,61.6
11,680,Treino,908.0,8.0,128.0,-0.7586145884018207,1571530.0,188.0,62.4
11,685,Treino,903.0,8.0,128.0,-1.6984186156248324,1571530.0,188.0,63.2
11,690,Treino,898.0,8.0,128.0,-2.0511238642922285,1571530.0,188.0,64.0
11,695,Treino,893.0,8.0,128.0,-2.017887426736365,1571530.0,188.0,64.8
11,700,Treino,888.0,8.0,128.0,-1.5803387278941765,1571530.0,188.0,65.6
11,705,Treino,883.0,8.0,128.0,-0.4496818624975591,1571530.0,188.0,66.4
11,710,Treino,878.0,8.0,128.0,2.655980389780117,1571530.0,188.0,67.2
11,715,Treino,873.0,8.0,128.0,21.927861907926896,1571530.0,188.0,68.0
11,720,Treino,868.0,0.0,121.0,50.00000000000087,1571530.0,188.0,68.0
11,725,Treino,863.0,0.0,121.0,50.00000000000087,1571530.0,188.0,68.0
11,730,Treino,858.0,0.0,121.0,50.00000000000087,1571530.0,188.0,68.0
11,735,Treino,853.0,0.0,120.0,0.0,1571530.0,188.0,68.0
11,740,Treino,848.0,0.0,120.0,0.0,1571530.0,188.0,68.0
11,745,Treino,843.0,7.0,120.0,5.791962174940883,1571530.0,188.0,68.7
11,750,Treino,838.0,7.0,120.0,0.4072473404255183,1571530.0,188.0,69.4
11,755,Treino,833.0,7.0,120.0,-1.241134751773043,1571530.0,188.0,70.1
11,760,Treino,828.0,7.0,120.0,-1.9004875886524808,1571530.0,188.0,70.8
11,765,Treino,823.0,7.0,120.0,-2.085106382978723,1571530.0,188.0,71.5
11,770,Treino,818.0,7.0,120.0,-1.9004875886524808,1571530.0,188.0,72.2
11,775,Treino,813.0,7.0,120.0,-1.2411347517730429,1571530.0,188.0,72.9
11,780,Treino,808.0,7.0,120.0,0.407247340425517,1571530.0,188.0,73.6
11,785,Treino,803.0,7.0,120.0,5.791962174940887,1571530.0,188.0,74.3
11,790,Treino,798.0,0.0,113.0,0.0,1571530.0,188.0,75.0
11,795,Treino,793.0,0.0,113.0,0.0,1571530.0,188.0,75.0
11,800,Treino,788.0,0.0,113.0,0.0,1571530.0,188.0,75.0
11,805,Treino,783.0,0.0,113.0,0.0,1571530.0,188.0,75.0
11,810,Treino,778.0,0.0,113.0,0.0,1571530.0,188.0,75.0
11,815,Treino,773.0,0.0,113.0,0.0,1571530.0,188.0,75.0
11,820,Treino,768.0,10.0,113.0,49.99999999999994,1571530.0,188.0,76.0
11,825,Treino,763.0,9.0,113.0,4.043265533339598,1571530.0,188.0,76.9
11,830,Treino,758.0,9.0,113.0,-0.0362442862147411,1571530.0,188.0,77.8
11,835,Treino,753.0,9.0,113.0,-1.4128286506970145,1571530.0,188.0,78.7
11,840,Treino,748.0,9.0,113.0,-1.9612298938045785,1571530.0,188.0,79.6
11,845,Treino,743.0,9.0,113.0,-2.0734657330963744,1571530.0,188.0,80.5
11,850,Treino,738.0,9.0,113.0,-1.812172422906932,1571530.0,188.0,81.4
11,855,Treino,733.0,9.0,113.0,-1.0225961492154916,1571530.0,188.0,82.3
11,860,Treino,728.0,9.0,113.0,0.9787492951912008,1571530.0,188.0,83.2
11,865,Treino,723.0,9.0,113.0,8.462350808741048,1571530.0,188.0,84.1
11,870,Treino,718.0,0.0,104.0,0.0,1571530.0,188.0,84.0
11,875,Treino,713.0,0.0,104.0,0.0,1571530.0,188.0,84.0
11,880,Treino,708.0,9.0,104.0,49.99999999999983,1571530.0,188.0,84.9
11,885,Treino,703.0,9.0,104.0,3.97374677627338,1571530.0,188.0,85.8
11,890,Treino,698.0,9.0,104.0,-0.0607548479888975,1571530.0,188.0,86.7
11,895,Treino,693.0,9.0,104.0,-1.425365691489358,1571530.0,188.0,87.6
11,900,Treino,688.0,9.0,104.0,-1.968696502812424,1571530.0,188.0,88.5
11,905,Treino,683.0,9.0,104.0,-2.078005660120021,1571530.0,188.0,89.4
11,910,Treino,678.0,9.0,104.0,-1.8142903587038983,1571530.0,188.0,90.3
11,915,Treino,673.0,9.0,104.0,-1.0213504728132343,1571530.0,188.0,91.2
11,920,Treino,668.0,9.0,104.0,0.9888715908435596,1571530.0,188.0,92.1
11,925,Treino,663.0,9.0,104.0,8.534487742830722,1571530.0,188.0,93.0
11,930,Treino,658.0,0.0,95.0,0.0,1571530.0,188.0,93.0
11,935,Treino,653.0,0.0,95.0,0.0,1571530.0,188.0,93.0
11,940,Treino,648.0,0.0,95.0,0.0,1571530.0,188.0,93.0
11,945,Treino,643.0,0.0,95.0,0.0,1571530.0,188.0,93.0
11,950,Treino,638.0,0.0,95.0,0.0,1571530.0,188.0,93.0
11,955,Treino,633.0,0.0,95.0,0.0,1571530.0,188.0,93.0
11,960,Treino,628.0,15.0,95.0,22.330729166666707,1571530.0,188.0,94.5
11,965,Treino,623.0,15.0,95.0,2.684314695695212,1571530.0,188.0,96.0
11,970,Treino,618.0,15.0,95.0,-0.4429707913400471,1571530.0,188.0,97.5
11,975,Treino,613.0,15.0,95.0,-1.5796260477111514,1571530.0,188.0,99.0
11,980,Treino,608.0,15.0,95.0,-2.02036992263056,1571530.0,188.0,100.5
11,985,Treino,603.0,15.0,95.0,-2.0565662795080004,1571530.0,188.0,102.0
11,990,Treino,598.0,15.0,95.0,-1.7081763445626497,1571530.0,188.0,103.5
11,995,Treino,593.0,15.0,95.0,-0.7586145884018265,1571530.0,188.0,105.0
11,1000,Treino,588.0,15.0,95.0,1.7259530141843893,1571530.0,188.0,106.5
11,1005,Treino,583.0,15.0,95.0,13.12433982194052,1571530.0,188.0,108.0
11,1010,Treino,578.0,0.0,80.0,0.0,1571530.0,188.0,108.0
11,1015,Treino,573.0,0.0,80.0,0.0,1571530.0,188.0,108.0
11,1020,Treino,568.0,0.0,80.0,0.0,1571530.0,188.0,108.0
11,1025,Treino,563.0,9.0,80.0,22.330729166666675,1571530.0,188.0,108.9
11,1030,Treino,558.0,9.0,80.0,2.6843146956951847,1571530.0,188.0,109.8
11,1035,Treino,553.0,9.0,80.0,-0.4429707913400471,1571530.0,188.0,110.7
11,1040,Treino,548.0,9.0,80.0,-1.579626047711156,1571530.0,188.0,111.6
11,1045,Treino,543.0,9.0,80.0,-2.020369922630559,1571530.0,188.0,112.5
11,1050,Treino,538.0,9.0,80.0,-2.0565662795080004,1571530.0,188.0,113.4
11,1055,Treino,533.0,9.0,80.0,-1.7081763445626434,1571530.0,188.0,114.3
11,1060,Treino,528.0,9.0,80.0,-0.7586145884018252,1571530.0,188.0,115.2
11,1065,Treino,523.0,9.0,80.0,1.7259530141844035,1571530.0,188.0,116.1
11,1070,Treino,518.0,9.0,80.0,13.1243398219405,1571530.0,188.0,117.0
11,1075,Treino,513.0,0.0,71.0,0.0,1571530.0,188.0,117.0
11,1080,Treino,508.0,0.0,71.0,0.0,1571530.0,188.0,117.0
11,1085,Treino,503.0,0.0,71.0,0.0,1571530.0,188.0,117.0
11,1090,Treino,498.0,0.0,71.0,0.0,1571530.0,188.0,117.0
11,1095,Treino,493.0,0.0,71.0,0.0,1571530.0,188.0,117.0
11,1100,Treino,488.0,0.0,71.0,0.0,1571530.0,188.0,117.0
11,1105,Treino,483.0,9.0,71.0,8.53448774283072,1571530.0,188.0,117.9
11,1110,Treino,478.0,9.0,71.0,0.9888715908435586,1571530.0,188.0,118.8
11,1115,Treino,473.0,9.0,71.0,-1.0213504728132343,1571530.0,188.0,119.7
11,1120,Treino,468.0,9.0,71.0,-1.8142903587038983,1571530.0,188.0,120.6
11,1125,Treino,463.0,9.0,71.0,-2.0780056601200214,1571530.0,188.0,121.5
11,1130,Treino,458.0,9.0,71.0,-1.968696502812424,1571530.0,188.0,122.4
11,1135,Treino,453.0,9.0,71.0,-1.425365691489357,1571530.0,188.0,123.3
11,1140,Treino,448.0,9.0,71.0,-0.0607548479888837,1571530.0,188.0,124.2
11,1145,Treino,443.0,9.0,71.0,3.973746776273379,1571530.0,188.0,125.1
11,1150,Treino,438.0,9.0,71.0,50.00000000000003,1571530.0,188.0,126.0
11,1155,Treino,433.0,0.0,62.0,0.0,1571530.0,188.0,126.0
11,1160,Treino,428.0,0.0,62.0,0.0,1571530.0,188.0,126.0
11,1165,Treino,423.0,0.0,62.0,0.0,1571530.0,188.0,126.0
11,1170,Treino,418.0,0.0,62.0,0.0,1571530.0,188.0,126.0
11,1175,Treino,413.0,0.0,62.0,0.0,1571530.0,188.0,126.0
11,1180,Treino,408.0,0.0,62.0,0.0,1571530.0,188.0,126.0
11,1185,Treino,403.0,0.0,62.0,0.0,1571530.0,188.0,126.0
11,1190,Treino,398.0,0.0,62.0,0.0,1571530.0,188.0,126.0
11,1195,Treino,393.0,13.0,62.0,22.33072916666664,1571530.0,188.0,127.3
11,1200,Treino,388.0,12.0,62.0,2.7078269177710643,1571530.0,188.0,128.5
11,1205,Treino,383.0,13.0,62.0,-0.4267992916206857,1571530.0,188.0,129.8
11,1210,Treino,378.0,13.0,62.0,-1.5711876633528783,1571530.0,188.0,131.1
11,1215,Treino,373.0,13.0,62.0,-2.01551218226267,1571530.0,188.0,132.4
11,1220,Treino,368.0,13.0,62.0,-2.054010917820697,1571530.0,188.0,133.7
11,1225,Treino,363.0,13.0,62.0,-1.7078626341026912,1571530.0,188.0,135.0
11,1230,Treino,358.0,13.0,62.0,-0.762032380126922,1571530.0,188.0,136.3
11,1235,Treino,353.0,13.0,62.0,1.7109567017177405,1571530.0,188.0,137.6
11,1240,Treino,348.0,13.0,62.0,12.993927900335958,1571530.0,188.0,138.9
11,1245,Treino,343.0,0.0,50.0,22.33072916666676,1571530.0,188.0,138.9
11,1250,Treino,338.0,-1.0,50.0,13.124339821940389,1571530.0,188.0,138.9
11,1255,Treino,333.0,-1.0,50.0,2.684314695695184,1571530.0,188.0,138.8
11,1260,Treino,328.0,-1.0,50.0,-0.0607548479888739,1571530.0,188.0,138.7
11,1265,Treino,323.0,0.0,50.0,-0.4429707913400778,1571530.0,188.0,138.7
11,1270,Treino,318.0,0.0,50.0,-0.4429707913400778,1571530.0,188.0,138.7
11,1275,Treino,313.0,6.0,50.0,17.24711879432624,1571530.0,188.0,139.3
11,1280,Treino,308.0,6.0,50.0,2.3303689335544053,1571530.0,188.0,139.9
11,1285,Treino,303.0,6.0,50.0,-0.5092187972782538,1571530.0,188.0,140.5
11,1290,Treino,298.0,6.0,50.0,-1.5715740577926238,1571530.0,188.0,141.1
11,1295,Treino,293.0,6.0,50.0,-1.9801662246029093,1571530.0,188.0,141.7
11,1300,Treino,288.0,7.0,50.0,-1.9948361739367864,1571530.0,188.0,142.4
11,1305,Treino,283.0,7.0,50.0,-1.631810806875598,1571530.0,188.0,143.1
11,1310,Treino,278.0,6.0,50.0,-0.7158678528842,1571530.0,188.0,143.8
11,1315,Treino,273.0,6.0,49.0,1.7259530141843935,1571530.0,188.0,144.4
11,1320,Treino,268.0,6.0,49.0,13.124339821940566,1571530.0,188.0,145.0
11,1325,Treino,263.0,0.0,43.0,0.0,1571530.0,188.0,145.0
11,1330,Treino,258.0,0.0,43.0,0.0,1571530.0,188.0,145.0
11,1335,Treino,253.0,0.0,43.0,0.0,1571530.0,188.0,145.0
11,1340,Treino,248.0,0.0,43.0,0.0,1571530.0,188.0,145.0
11,1345,Treino,243.0,0.0,43.0,0.0,1571530.0,188.0,145.0
11,1350,Treino,238.0,0.0,43.0,0.0,1571530.0,188.0,145.0
11,1355,Treino,233.0,11.0,43.0,13.124339821940566,1571530.0,188.0,146.1
11,1360,Treino,228.0,11.0,43.0,1.7259530141844015,1571530.0,188.0,147.2
11,1365,Treino,223.0,11.0,43.0,-0.7586145884018229,1571530.0,188.0,148.3
11,1370,Treino,218.0,11.0,43.0,-1.708176344562648,1571530.0,188.0,149.4
11,1375,Treino,213.0,11.0,43.0,-2.056566279508001,1571530.0,188.0,150.5
11,1380,Treino,208.0,11.0,43.0,-2.020369922630562,1571530.0,188.0,151.6
11,1385,Treino,203.0,11.0,43.0,-1.5796260477111554,1571530.0,188.0,152.7
11,1390,Treino,198.0,11.0,43.0,-0.4429707913400524,1571530.0,188.0,153.8
11,1395,Treino,193.0,11.0,43.0,2.684314695695201,1571530.0,188.0,154.9
11,1400,Treino,188.0,11.0,43.0,22.33072916666667,1571530.0,188.0,156.0
11,1405,Treino,183.0,0.0,32.0,0.0,1571530.0,188.0,156.0
11,1410,Treino,178.0,0.0,32.0,0.0,1571530.0,188.0,156.0
11,1415,Treino,173.0,0.0,32.0,0.0,1571530.0,188.0,156.0
11,1420,Treino,168.0,11.0,32.0,13.124339821940552,1571530.0,188.0,157.1
11,1425,Treino,163.0,11.0,32.0,1.7259530141843935,1571530.0,188.0,158.2
11,1430,Treino,158.0,11.0,32.0,-0.746602025041561,1571530.0,188.0,159.3
11,1435,Treino,153.0,12.0,32.0,-1.6960399293757236,1571530.0,188.0,160.5
11,1440,Treino,148.0,12.0,32.0,-2.039905013473502,1571530.0,188.0,161.7
11,1445,Treino,143.0,11.0,32.0,-2.008847980303778,1571530.0,188.0,162.8
11,1450,Treino,138.0,12.0,32.0,-1.5776136659770543,1571530.0,188.0,164.0
11,1455,Treino,133.0,11.0,32.0,-0.4662726696939714,1571530.0,188.0,165.1
11,1460,Treino,128.0,11.0,32.0,2.562944291517808,1571530.0,188.0,166.2
11,1465,Treino,123.0,11.0,32.0,20.476799142912167,1571530.0,188.0,167.3
11,1470,Treino,118.0,0.0,21.0,-0.7586145884018398,1571530.0,188.0,167.3
11,1475,Treino,113.0,1.0,21.0,-1.4253656914893642,1571530.0,188.0,167.4
11,1480,Treino,108.0,1.0,21.0,-1.7081763445626443,1571530.0,188.0,167.5
11,1485,Treino,103.0,-1.0,21.0,-1.9686965028124284,1571530.0,188.0,167.4
11,1490,Treino,98.0,0.0,21.0,-1.5796260477111537,1571530.0,188.0,167.3
11,1495,Treino,93.0,-1.0,21.0,-1.241134751773055,1571530.0,188.0,167.3
11,1500,Treino,88.0,12.0,21.0,43.544271942088685,1571530.0,188.0,168.4
11,1505,Treino,83.0,11.0,21.0,3.857256002296,1571530.0,188.0,169.5
11,1510,Treino,78.0,11.0,21.0,-0.0777809249665302,1571530.0,188.0,170.6
11,1515,Treino,73.0,11.0,21.0,-1.420349355088652,1571530.0,188.0,171.7
11,1520,Treino,68.0,12.0,21.0,-1.949223660819826,1571530.0,188.0,172.9
11,1525,Treino,63.0,12.0,21.0,-2.048618776909761,1571530.0,188.0,174.0
11,1530,Treino,58.0,11.0,21.0,-1.7912365437606823,1571530.0,188.0,175.1
11,1535,Treino,53.0,12.0,21.0,-1.0329114463125828,1571530.0,188.0,176.3
11,1540,Treino,48.0,12.0,21.0,0.9180268336859676,1571530.0,188.0,177.5
11,1545,Treino,43.0,12.0,21.0,8.034042385991075,1571530.0,188.0,178.7
11,1550,Treino,38.0,1.0,10.0,-1.8142903587039008,1571530.0,188.0,178.7
11,1555,Treino,33.0,1.0,10.0,-1.0213504728132323,1571530.0,188.0,178.8
11,1560,Treino,28.0,1.0,10.0,0.9888715908435756,1571530.0,188.0,178.9
11,1565,Treino,23.0,1.0,10.0,8.534487742830713,1571530.0,188.0,179.0
11,1570,Treino,18.0,0.0,9.0,0.0,1571530.0,188.0,179.0
11,1575,Treino,13.0,0.0,9.0,0.0,1571530.0,188.0,179.0
11,1580,Treino,8.0,0.0,9.0,0.0,1571530.0,188.0,179.0
11,1585,Treino,3.0,-1.0,10.0,50.0000000000001,1571530.0,188.0,178.9
12,50,Validação,1483.0,3.0,182.0,49.99999999999984,1603133.0,182.0,9.0
12,55,Validação,1478.0,0.0,179.0,0.0,1603133.0,182.0,9.0
12,60,Validação,1473.0,0.0,179.0,0.0,1603133.0,182.0,9.0
12,65,Validação,1468.0,0.0,179.0,0.0,1603133.0,182.0,9.0
12,70,Validação,1463.0,0.0,179.0,0.0,1603133.0,182.0,9.0
12,75,Validação,1458.0,0.0,179.0,0.0,1603133.0,182.0,9.0
12,80,Validação,1453.0,9.0,179.0,49.99999999999983,1603133.0,182.0,10.285714285714286
12,85,Validação,1448.0,9.0,179.0,3.973746776273328,1603133.0,182.0,11.25
12,90,Validação,1443.0,9.0,179.0,-0.0607548479888717,1603133.0,182.0,12.0
12,95,Validação,1438.0,9.0,179.0,-1.425365691489358,1603133.0,182.0,12.6
12,100,Validação,1433.0,9.0,179.0,-1.968696502812424,1603133.0,182.0,13.5
12,105,Validação,1428.0,9.0,179.0,-2.078005660120021,1603133.0,182.0,14.4
12,110,Validação,1423.0,9.0,179.0,-1.8142903587038912,1603133.0,182.0,15.3
12,115,Validação,1418.0,9.0,179.0,-1.0213504728132494,1603133.0,182.0,16.2
12,120,Validação,1413.0,9.0,179.0,0.9888715908435596,1603133.0,182.0,17.1
12,125,Validação,1408.0,9.0,179.0,8.534487742830722,1603133.0,182.0,18.0
12,130,Validação,1403.0,0.0,170.0,0.0,1603133.0,182.0,18.0
12,135,Validação,1398.0,0.0,170.0,0.0,1603133.0,182.0,18.0
12,140,Validação,1393.0,0.0,170.0,0.0,1603133.0,182.0,18.0
12,145,Validação,1388.0,0.0,170.0,0.0,1603133.0,182.0,18.0
12,150,Validação,1383.0,12.0,170.0,49.99999999999984,1603133.0,182.0,19.2
12,155,Validação,1378.0,12.0,170.0,3.97374677627338,1603133.0,182.0,20.4
12,160,Validação,1373.0,12.0,170.0,-0.0607548479888739,1603133.0,182.0,21.6
12,165,Validação,1368.0,12.0,170.0,-1.425365691489363,1603133.0,182.0,22.8
12,170,Validação,1363.0,12.0,170.0,-1.9686965028124213,1603133.0,182.0,24.0
12,175,Validação,1358.0,12.0,170.0,-2.0780056601200214,1603133.0,182.0,25.2
12,180,Validação,1353.0,12.0,170.0,-1.814290358703898,1603133.0,182.0,26.4
12,185,Validação,1348.0,12.0,170.0,-1.02135047281325,1603133.0,182.0,27.6
12,190,Validação,1343.0,12.0,170.0,0.9888715908435728,1603133.0,182.0,28.8
12,195,Validação,1338.0,12.0,170.0,8.53448774283068,1603133.0,182.0,30.0
12,200,Validação,1333.0,0.0,158.0,0.0,1603133.0,182.0,30.0
12,205,Validação,1328.0,0.0,158.0,0.0,1603133.0,182.0,30.0
12,210,Validação,1323.0,9.0,158.0,8.53448774283072,1603133.0,182.0,30.9
12,215,Validação,1318.0,9.0,158.0,0.9888715908435586,1603133.0,182.0,31.8
12,220,Validação,1313.0,9.0,158.0,-1.02135047281325,1603133.0,182.0,32.7
12,225,Validação,1308.0,9.0,158.0,-1.8142903587038908,1603133.0,182.0,33.6
12,230,Validação,1303.0,9.0,158.0,-2.0780056601200214,1603133.0,182.0,34.5
12,235,Validação,1298.0,9.0,158.0,-1.968696502812424,1603133.0,182.0,35.4
12,240,Validação,1293.0,9.0,158.0,-1.425365691489357,1603133.0,182.0,36.3
12,245,Validação,1288.0,9.0,158.0,-0.0607548479888739,1603133.0,182.0,37.2
12,250,Validação,1283.0,9.0,158.0,3.973746776273331,1603133.0,182.0,38.1
12,255,Validação,1278.0,9.0,158.0,49.99999999999986,1603133.0,182.0,39.0
12,260,Validação,1273.0,0.0,149.0,0.0,1603133.0,182.0,39.0
12,265,Validação,1268.0,0.0,149.0,0.0,1603133.0,182.0,39.0
12,270,Validação,1263.0,0.0,149.0,0.0,1603133.0,182.0,39.0
12,275,Validação,1258.0,0.0,149.0,0.0,1603133.0,182.0,39.0
12,280,Validação,1253.0,6.0,149.0,5.79196217494094,1603133.0,182.0,39.6
12,285,Validação,1248.0,6.0,149.0,0.4072473404255627,1603133.0,182.0,40.2
12,290,Validação,1243.0,6.0,149.0,-1.2411347517730658,1603133.0,182.0,40.8
12,295,Validação,1238.0,6.0,149.0,-1.9004875886524863,1603133.0,182.0,41.4
12,300,Validação,1233.0,6.0,149.0,-2.085106382978723,1603133.0,182.0,42.0
12,305,Validação,1228.0,6.0,149.0,-1.900487588652486,1603133.0,182.0,42.6
12,310,Validação,1223.0,6.0,149.0,-1.2411347517730655,1603133.0,182.0,43.2
12,315,Validação,1218.0,6.0,149.0,0.4072473404255636,1603133.0,182.0,43.8
12,320,Validação,1213.0,6.0,149.0,5.791962174940942,1603133.0,182.0,44.4
12,325,Validação,1208.0,0.0,143.0,0.0,1603133.0,182.0,45.0
12,330,Validação,1203.0,0.0,143.0,0.0,1603133.0,182.0,45.0
12,335,Validação,1198.0,8.0,143.0,50.0000000000001,1603133.0,182.0,45.8
12,340,Validação,1193.0,8.0,143.0,4.053956978685163,1603133.0,182.0,46.6
12,345,Validação,1188.0,7.0,143.0,0.0334859336739254,1603133.0,182.0,47.3
12,350,Validação,1183.0,7.0,143.0,-1.3560692132522951,1603133.0,182.0,48.0
12,355,Validação,1178.0,8.0,143.0,-1.9171095176255224,1603133.0,182.0,48.8
12,360,Validação,1173.0,8.0,143.0,-2.042419569624636,1603133.0,182.0,49.6
12,365,Validação,1168.0,8.0,143.0,-1.7987899645957175,1603133.0,182.0,50.4
12,370,Validação,1163.0,8.0,143.0,-1.048548777334508,1603133.0,182.0,51.2
12,375,Validação,1158.0,7.0,143.0,0.8254354576058907,1603133.0,182.0,51.9
12,380,Validação,1153.0,8.0,143.0,7.368786152181077,1603133.0,182.0,52.7
12,385,Validação,1148.0,-1.0,136.0,-1.8142903587038768,1603133.0,182.0,52.6
12,390,Validação,1143.0,0.0,136.0,-1.241134751773146,1603133.0,182.0,52.5
12,395,Validação,1138.0,4.0,136.0,12.644001535568272,1603133.0,182.0,52.9
12,400,Validação,1133.0,3.0,136.0,2.3076895586183435,1603133.0,182.0,53.3
12,405,Validação,1128.0,4.0,136.0,-0.3845235634393145,1603133.0,182.0,53.6
12,410,Validação,1123.0,4.0,136.0,-1.4716687642760062,1603133.0,182.0,53.9
12,415,Validação,1118.0,3.0,136.0,-1.919507382024006,1603133.0,182.0,54.2
12,420,Validação,1113.0,4.0,136.0,-2.0002496423744325,1603133.0,182.0,54.5
12,425,Validação,1108.0,4.0,136.0,-1.6983653838322756,1603133.0,182.0,54.9
12,430,Validação,1103.0,4.0,136.0,-0.8552746253747929,1603133.0,182.0,55.2
12,435,Validação,1098.0,4.0,136.0,1.3719437552422988,1603133.0,182.0,55.6
12,440,Validação,1093.0,3.0,136.0,9.68398056098775,1603133.0,182.0,56.0
12,445,Validação,1088.0,0.0,132.0,0.0,1603133.0,182.0,56.0
12,450,Validação,1083.0,0.0,132.0,0.0,1603133.0,182.0,56.0
12,455,Validação,1078.0,0.0,132.0,0.0,1603133.0,182.0,56.0
12,460,Validação,1073.0,12.0,132.0,13.124339821940556,1603133.0,182.0,57.2
12,465,Validação,1068.0,12.0,132.0,1.7259530141844204,1603133.0,182.0,58.4
12,470,Validação,1063.0,12.0,132.0,-0.7586145884018265,1603133.0,182.0,59.6
12,475,Validação,1058.0,12.0,132.0,-1.7081763445626443,1603133.0,182.0,60.8
12,480,Validação,1053.0,12.0,132.0,-2.056566279508,1603133.0,182.0,62.0
12,485,Validação,1048.0,12.0,132.0,-2.020369922630561,1603133.0,182.0,63.2
12,490,Validação,1043.0,12.0,132.0,-1.579626047711153,1603133.0,182.0,64.4
12,495,Validação,1038.0,12.0,132.0,-0.4429707913400471,1603133.0,182.0,65.6
12,500,Validação,1033.0,12.0,132.0,2.684314695695188,1603133.0,182.0,66.8
12,505,Validação,1028.0,12.0,132.0,22.33072916666664,1603133.0,182.0,68.0
12,510,Validação,1023.0,0.0,120.0,0.0,1603133.0,182.0,68.0
12,515,Validação,1018.0,0.0,121.0,50.00000000000087,1603133.0,182.0,68.0
12,520,Validação,1013.0,0.0,121.0,22.330729166666007,1603133.0,182.0,68.0
12,525,Validação,1008.0,0.0,121.0,22.330729166666007,1603133.0,182.0,68.0
12,530,Validação,1003.0,9.0,121.0,5.70640842127686,1603133.0,182.0,68.9
12,535,Validação,998.0,8.0,121.0,0.4544078076532503,1603133.0,182.0,69.7
12,540,Validação,993.0,8.0,121.0,-1.1696419639515794,1603133.0,182.0,70.5
12,545,Validação,988.0,9.0,121.0,-1.829381201655396,1603133.0,182.0,71.4
12,550,Validação,983.0,7.0,121.0,-2.007691669502673,1603133.0,182.0,72.1
12,555,Validação,978.0,9.0,121.0,-1.8566410783222147,1603133.0,182.0,73.0
12,560,Validação,973.0,8.0,121.0,-1.247513831969219,1603133.0,182.0,73.8
12,565,Validação,968.0,9.0,121.0,0.2481310103726395,1603133.0,182.0,74.7
12,570,Validação,963.0,9.0,120.0,4.661922132959201,1603133.0,182.0,75.6
12,575,Validação,958.0,-2.0,113.0,-0.667113344059854,1603133.0,182.0,76.3
12,580,Validação,953.0,0.0,113.0,-0.933096821238065,1603133.0,182.0,76.3
12,585,Validação,948.0,-2.0,113.0,-1.012572466876791,1603133.0,182.0,76.2
12,590,Validação,943.0,5.0,113.0,6.343937614232011,1603133.0,182.0,76.7
12,595,Validação,938.0,6.0,113.0,1.736137930465672,1603133.0,182.0,77.1
12,600,Validação,933.0,5.0,113.0,-0.3873870704127977,1603133.0,182.0,77.7
12,605,Validação,928.0,4.0,113.0,-1.3521977170727535,1603133.0,182.0,78.1
12,610,Validação,923.0,4.0,113.0,-1.7260453142647858,1603133.0,182.0,78.6
12,615,Validação,918.0,6.0,113.0,-1.721712197930319,1603133.0,182.0,79.0
12,620,Validação,913.0,4.0,113.0,-1.3392314792649431,1603133.0,182.0,79.4
12,625,Validação,908.0,6.0,113.0,-0.3783835275515486,1603133.0,182.0,80.0
12,630,Validação,903.0,4.0,113.0,1.990655618965115,1603133.0,182.0,80.4
12,635,Validação,898.0,4.0,113.0,10.994063447268475,1603133.0,182.0,81.0
12,640,Validação,893.0,0.0,107.0,0.0,1603133.0,182.0,81.0
12,645,Validação,888.0,0.0,107.0,0.0,1603133.0,182.0,81.0
12,650,Validação,883.0,0.0,107.0,0.0,1603133.0,182.0,81.0
12,655,Validação,878.0,0.0,107.0,0.0,1603133.0,182.0,81.0
12,660,Validação,873.0,0.0,107.0,0.0,1603133.0,182.0,81.0
12,665,Validação,868.0,12.0,107.0,5.791962174940888,1603133.0,182.0,82.2
12,670,Validação,863.0,12.0,107.0,0.4072473404255241,1603133.0,182.0,83.4
12,675,Validação,858.0,12.0,107.0,-1.2411347517730456,1603133.0,182.0,84.6
12,680,Validação,853.0,12.0,107.0,-1.9004875886524817,1603133.0,182.0,85.8
12,685,Validação,848.0,12.0,107.0,-2.085106382978723,1603133.0,182.0,87.0
12,690,Validação,843.0,12.0,107.0,-1.900487588652481,1603133.0,182.0,88.2
12,695,Validação,838.0,12.0,107.0,-1.2411347517730456,1603133.0,182.0,89.4
12,700,Validação,833.0,12.0,107.0,0.407247340425525,1603133.0,182.0,90.6
12,705,Validação,828.0,12.0,107.0,5.791962174940883,1603133.0,182.0,91.8
12,710,Validação,823.0,0.0,95.0,0.0,1603133.0,182.0,93.0
12,715,Validação,818.0,0.0,95.0,0.0,1603133.0,182.0,93.0
12,720,Validação,813.0,9.0,95.0,13.124339821940502,1603133.0,182.0,93.9
12,725,Validação,808.0,9.0,95.0,1.7259530141844015,1603133.0,182.0,94.8
12,730,Validação,803.0,9.0,95.0,-0.7586145884018269,1603133.0,182.0,95.7
12,735,Validação,798.0,9.0,95.0,-1.7081763445626446,1603133.0,182.0,96.6
12,740,Validação,793.0,9.0,95.0,-2.0565662795080004,1603133.0,182.0,97.5
12,745,Validação,788.0,9.0,95.0,-2.014801312282445,1603133.0,182.0,98.4
12,750,Validação,783.0,9.0,95.0,-1.584217017201878,1603133.0,182.0,99.3
12,755,Validação,778.0,9.0,95.0,-0.4748709467507654,1603133.0,182.0,100.2
12,760,Validação,773.0,9.0,95.0,2.554194674750586,1603133.0,182.0,101.1
12,765,Validação,768.0,9.0,95.0,20.064656958761,1603133.0,182.0,102.0
12,770,Validação,763.0,0.0,88.0,12.378430693692382,1603133.0,182.0,102.0
12,775,Validação,758.0,-1.0,88.0,9.483090438068864,1603133.0,182.0,101.9
12,780,Validação,753.0,0.0,88.0,5.733992786148484,1603133.0,182.0,101.9
12,785,Validação,748.0,0.0,88.0,5.733992786148482,1603133.0,182.0,101.9
12,790,Validação,743.0,3.0,88.0,5.036106006941921,1603133.0,182.0,102.2
12,795,Validação,738.0,3.0,87.0,0.6066356382978446,1603133.0,182.0,102.5
12,800,Validação,733.0,3.0,87.0,-1.0244915336011209,1603133.0,182.0,102.8
12,805,Validação,728.0,3.0,87.0,-1.7120514238812228,1603133.0,182.0,103.1
12,810,Validação,723.0,4.0,87.0,-1.9066335468484468,1603133.0,182.0,103.4
12,815,Validação,718.0,3.0,87.0,-1.7762552761862385,1603133.0,182.0,103.7
12,820,Validação,713.0,3.0,87.0,-1.139621956539604,1603133.0,182.0,104.0
12,825,Validação,708.0,4.0,87.0,0.3316443265467308,1603133.0,182.0,104.4
12,830,Validação,703.0,3.0,86.0,3.973746776273374,1603133.0,182.0,104.7
12,835,Validação,698.0,3.0,86.0,49.99999999999984,1603133.0,182.0,105.0
12,840,Validação,693.0,0.0,83.0,0.0,1603133.0,182.0,105.0
12,845,Validação,688.0,0.0,83.0,0.0,1603133.0,182.0,105.0
12,850,Validação,683.0,0.0,83.0,0.0,1603133.0,182.0,105.0
12,855,Validação,678.0,9.0,83.0,22.330729166666675,1603133.0,182.0,105.9
12,860,Validação,673.0,9.0,83.0,2.6843146956951847,1603133.0,182.0,106.8
12,865,Validação,668.0,9.0,83.0,-0.4429707913400471,1603133.0,182.0,107.7
12,870,Validação,663.0,9.0,83.0,-1.579626047711156,1603133.0,182.0,108.6
12,875,Validação,658.0,9.0,83.0,-2.020369922630559,1603133.0,182.0,109.5
12,880,Validação,653.0,9.0,83.0,-2.0565662795080004,1603133.0,182.0,110.4
12,885,Validação,648.0,9.0,83.0,-1.7081763445626434,1603133.0,182.0,111.3
12,890,Validação,643.0,9.0,83.0,-0.7586145884018252,1603133.0,182.0,112.2
12,895,Validação,638.0,9.0,83.0,1.7259530141844035,1603133.0,182.0,113.1
12,900,Validação,633.0,9.0,83.0,13.1243398219405,1603133.0,182.0,114.0
12,905,Validação,628.0,0.0,74.0,0.0,1603133.0,182.0,114.0
12,910,Validação,623.0,0.0,74.0,0.0,1603133.0,182.0,114.0
12,915,Validação,618.0,3.0,74.0,6.506683305182587,1603133.0,182.0,114.3
12,920,Validação,613.0,3.0,74.0,0.7712206818795679,1603133.0,182.0,114.6
12,925,Validação,608.0,3.0,74.0,-1.0007582085558058,1603133.0,182.0,114.9
12,930,Validação,603.0,3.0,74.0,-1.6876805883897987,1603133.0,182.0,115.2
12,935,Validação,598.0,1.0,74.0,-1.9128168922713509,1603133.0,182.0,115.3
12,940,Validação,593.0,3.0,74.0,-1.877690696140006,1603133.0,182.0,115.6
12,945,Validação,588.0,3.0,74.0,-1.5242837593311456,1603133.0,182.0,115.9
12,950,Validação,583.0,3.0,74.0,-0.5431273671836303,1603133.0,182.0,116.2
12,955,Validação,578.0,3.0,74.0,1.9790743337358967,1603133.0,182.0,116.5
12,960,Validação,573.0,0.0,73.0,4.774206435911967,1603133.0,182.0,116.8
12,965,Validação,568.0,-1.0,73.0,4.774206435911967,1603133.0,182.0,116.7
12,970,Validação,563.0,0.0,73.0,4.774206435911969,1603133.0,182.0,116.7
12,975,Validação,558.0,1.0,73.0,4.774206435911969,1603133.0,182.0,116.7
12,980,Validação,553.0,0.0,73.0,7.178157489038073,1603133.0,182.0,116.7
12,985,Validação,548.0,6.0,73.0,5.167646660106323,1603133.0,182.0,117.5
12,990,Validação,543.0,8.0,73.0,0.3258622049547002,1603133.0,182.0,118.1
12,995,Validação,538.0,6.0,72.0,-1.2418162411115037,1603133.0,182.0,118.7
12,1000,Validação,533.0,6.0,72.0,-1.8831775910008848,1603133.0,182.0,119.3
12,1005,Validação,528.0,6.0,72.0,-2.0538490201456288,1603133.0,182.0,119.9
12,1010,Validação,523.0,6.0,72.0,-1.8520767375584768,1603133.0,182.0,120.5
12,1015,Validação,518.0,6.0,72.0,-1.1826107442680658,1603133.0,182.0,121.2
12,1020,Validação,513.0,6.0,72.0,0.4746096524315661,1603133.0,182.0,121.8
12,1025,Validação,508.0,6.0,71.0,5.791962174940942,1603133.0,182.0,122.4
12,1030,Validação,503.0,0.0,65.0,0.0,1603133.0,182.0,123.0
12,1035,Validação,498.0,0.0,65.0,0.0,1603133.0,182.0,123.0
12,1040,Validação,493.0,0.0,65.0,0.0,1603133.0,182.0,123.0
12,1045,Validação,488.0,0.0,65.0,0.0,1603133.0,182.0,123.0
12,1050,Validação,483.0,6.0,65.0,49.99999999999984,1603133.0,182.0,123.6
12,1055,Validação,478.0,6.0,65.0,3.97374677627338,1603133.0,182.0,124.2
12,1060,Validação,473.0,6.0,65.0,-0.0607548479888908,1603133.0,182.0,124.8
12,1065,Validação,468.0,6.0,65.0,-1.425365691489363,1603133.0,182.0,125.4
12,1070,Validação,463.0,6.0,65.0,-1.9686965028124248,1603133.0,182.0,126.0
12,1075,Validação,458.0,6.0,65.0,-2.078005660120022,1603133.0,182.0,126.6
12,1080,Validação,453.0,6.0,65.0,-1.814290358703898,1603133.0,182.0,127.2
12,1085,Validação,448.0,6.0,65.0,-1.0213504728132397,1603133.0,182.0,127.8
12,1090,Validação,443.0,6.0,65.0,0.9888715908435728,1603133.0,182.0,128.4
12,1095,Validação,438.0,6.0,65.0,8.53448774283074,1603133.0,182.0,129.0
12,1100,Validação,433.0,0.0,59.0,0.0,1603133.0,182.0,129.0
12,1105,Validação,428.0,0.0,59.0,0.0,1603133.0,182.0,129.0
12,1110,Validação,423.0,0.0,59.0,0.0,1603133.0,182.0,129.0
12,1115,Validação,418.0,7.0,59.0,6.416910229126716,1603133.0,182.0,129.7
12,1120,Validação,413.0,7.0,59.0,0.6276007658017555,1603133.0,182.0,130.4
12,1125,Validação,408.0,7.0,59.0,-1.1238023892196738,1603133.0,182.0,131.1
12,1130,Validação,403.0,7.0,59.0,-1.8276819528559127,1603133.0,182.0,131.8
12,1135,Validação,398.0,7.0,59.0,-2.0068959969528017,1603133.0,182.0,132.5
12,1140,Validação,393.0,7.0,59.0,-1.852298307050636,1603133.0,182.0,133.2
12,1145,Validação,388.0,7.0,59.0,-1.235454790171115,1603133.0,182.0,133.9
12,1150,Validação,383.0,8.0,59.0,0.3035912205807798,1603133.0,182.0,134.7
12,1155,Validação,378.0,7.0,59.0,5.116510165737006,1603133.0,182.0,135.4
12,1160,Validação,373.0,-2.0,52.0,7.178157489038254,1603133.0,182.0,136.1
12,1165,Validação,368.0,1.0,52.0,7.352595194902735,1603133.0,182.0,136.2
12,1170,Validação,363.0,0.0,52.0,7.352595194902733,1603133.0,182.0,136.2
12,1175,Validação,358.0,2.0,52.0,2.7809086334165567,1603133.0,182.0,136.4
12,1180,Validação,353.0,0.0,52.0,-0.1958856175038406,1603133.0,182.0,136.6
12,1185,Validação,348.0,2.0,52.0,-1.152350933486764,1603133.0,182.0,136.8
12,1190,Validação,343.0,2.0,52.0,-1.6707119902232714,1603133.0,182.0,137.0
12,1195,Validação,338.0,2.0,52.0,-1.6097201131787349,1603133.0,182.0,137.2
12,1200,Validação,333.0,2.0,52.0,-1.4216875488030782,1603133.0,182.0,137.3
12,1205,Validação,328.0,2.0,52.0,-0.8653658987356696,1603133.0,182.0,137.6
12,1210,Validação,323.0,3.0,52.0,0.1065601738514097,1603133.0,182.0,137.9
12,1215,Validação,318.0,2.0,52.0,2.185769714367943,1603133.0,182.0,138.0
12,1220,Validação,313.0,0.0,50.0,-1.0213504728132503,1603133.0,182.0,138.2
12,1225,Validação,308.0,1.0,50.0,-1.4253656914893638,1603133.0,182.0,138.3
12,1230,Validação,303.0,1.0,50.0,-1.968696502812428,1603133.0,182.0,138.4
12,1235,Validação,298.0,1.0,50.0,-2.07800566012002,1603133.0,182.0,138.5
12,1240,Validação,293.0,2.0,50.0,1.625023167609931,1603133.0,182.0,138.8
12,1245,Validação,288.0,3.0,50.0,-0.3761751592793056,1603133.0,182.0,139.1
12,1250,Validação,283.0,3.0,50.0,-1.2793294345519106,1603133.0,182.0,139.4
12,1255,Validação,278.0,2.0,50.0,-1.6627070380674611,1603133.0,182.0,139.6
12,1260,Validação,273.0,2.0,50.0,-1.687333679344945,1603133.0,182.0,139.8
12,1265,Validação,268.0,3.0,50.0,-1.3447089638134169,1603133.0,182.0,140.1
12,1270,Validação,263.0,2.0,50.0,-0.6544850292641309,1603133.0,182.0,140.4
12,1275,Validação,258.0,2.0,49.0,0.4072473404255436,1603133.0,182.0,140.6
12,1280,Validação,253.0,2.0,49.0,5.791962174940846,1603133.0,182.0,140.8
12,1285,Validação,248.0,0.0,47.0,0.0,1603133.0,182.0,141.0
12,1290,Validação,243.0,0.0,47.0,0.0,1603133.0,182.0,141.0
12,1295,Validação,238.0,0.0,47.0,0.0,1603133.0,182.0,141.0
12,1300,Validação,233.0,9.0,47.0,5.791962174940904,1603133.0,182.0,141.9
12,1305,Validação,228.0,9.0,47.0,0.4072473404255374,1603133.0,182.0,142.8
12,1310,Validação,223.0,9.0,47.0,-1.2411347517730524,1603133.0,182.0,143.7
12,1315,Validação,218.0,9.0,47.0,-1.9004875886524824,1603133.0,182.0,144.6
12,1320,Validação,213.0,9.0,47.0,-2.085106382978723,1603133.0,182.0,145.5
12,1325,Validação,208.0,9.0,47.0,-1.900487588652483,1603133.0,182.0,146.4
12,1330,Validação,203.0,9.0,47.0,-1.2411347517730515,1603133.0,182.0,147.3
12,1335,Validação,198.0,9.0,47.0,0.4072473404255357,1603133.0,182.0,148.2
12,1340,Validação,193.0,9.0,47.0,5.747907510869966,1603133.0,182.0,149.1
12,1345,Validação,188.0,0.0,38.0,49.99999999999932,1603133.0,182.0,150.0
12,1350,Validação,183.0,0.0,38.0,49.99999999999932,1603133.0,182.0,150.0
12,1355,Validação,178.0,0.0,38.0,49.99999999999932,1603133.0,182.0,150.0
12,1360,Validação,173.0,12.0,38.0,12.97131702112527,1603133.0,182.0,151.2
12,1365,Validação,168.0,12.0,38.0,1.708303575047566,1603133.0,182.0,152.4
12,1370,Validação,163.0,12.0,38.0,-0.7626680685872764,1603133.0,182.0,153.6
12,1375,Validação,158.0,12.0,38.0,-1.7078482740773535,1603133.0,182.0,154.8
12,1380,Validação,153.0,12.0,38.0,-2.053609092185522,1603133.0,182.0,156.0
12,1385,Validação,148.0,12.0,38.0,-2.014716047769748,1603133.0,182.0,157.2
12,1390,Validação,143.0,12.0,38.0,-1.574490420106078,1603133.0,182.0,158.4
12,1395,Validação,138.0,12.0,38.0,-0.4328729591783387,1603133.0,182.0,159.6
12,1400,Validação,133.0,12.0,38.0,2.711807192949093,1603133.0,182.0,160.8
12,1405,Validação,128.0,11.0,38.0,22.543477076409253,1603133.0,182.0,162.0
12,1410,Validação,123.0,0.0,26.0,0.0,1603133.0,182.0,162.0
12,1415,Validação,118.0,0.0,26.0,0.0,1603133.0,182.0,162.0
12,1420,Validação,113.0,10.0,26.0,13.124339821940534,1603133.0,182.0,163.0
12,1425,Validação,108.0,10.0,26.0,1.7259530141843935,1603133.0,182.0,164.0
12,1430,Validação,103.0,10.0,26.0,-0.7586145884018243,1603133.0,182.0,165.0
12,1435,Validação,98.0,10.0,26.0,-1.708176344562649,1603133.0,182.0,166.0
12,1440,Validação,93.0,10.0,26.0,-2.056566279508001,1603133.0,182.0,167.0
12,1445,Validação,88.0,10.0,26.0,-2.02036992263056,1603133.0,182.0,168.0
12,1450,Validação,83.0,10.0,26.0,-1.579626047711153,1603133.0,182.0,169.0
12,1455,Validação,78.0,10.0,26.0,-0.4429707913400493,1603133.0,182.0,170.0
12,1460,Validação,73.0,10.0,26.0,2.684314695695201,1603133.0,182.0,171.0
12,1465,Validação,68.0,10.0,26.0,22.330729166666703,1603133.0,182.0,172.0
12,1470,Validação,63.0,0.0,16.0,0.0,1603133.0,182.0,172.0
12,1475,Validação,58.0,0.0,16.0,0.0,1603133.0,182.0,172.0
12,1480,Validação,53.0,5.0,16.0,8.534487742830708,1603133.0,182.0,172.5
12,1485,Validação,48.0,5.0,16.0,0.9888715908435656,1603133.0,182.0,173.0
12,1490,Validação,43.0,5.0,16.0,-1.0213504728132397,1603133.0,182.0,173.5
12,1495,Validação,38.0,5.0,16.0,-1.8142903587038977,1603133.0,182.0,174.0
12,1500,Validação,33.0,5.0,16.0,-2.078005660120022,1603133.0,182.0,174.5
12,1505,Validação,28.0,5.0,16.0,-1.968696502812424,1603133.0,182.0,175.0
12,1510,Validação,23.0,5.0,16.0,-1.4253656914893602,1603133.0,182.0,175.5
12,1515,Validação,18.0,5.0,16.0,-0.0607548479888913,1603133.0,182.0,176.0
12,1520,Validação,13.0,5.0,16.0,3.973746776273371,1603133.0,182.0,176.5
12,1525,Validação,8.0,5.0,16.0,49.99999999999994,1603133.0,182.0,177.0
12,1530,Validação,3.0,0.0,11.0,0.0,1603133.0,182.0,177.0
13,50,Validação,757.0,15.0,188.0,49.99999999999983,1501865.0,188.0,15.0
13,55,Validação,752.0,0.0,173.0,0.0,1501865.0,188.0,15.0
13,60,Validação,747.0,0.0,173.0,0.0,1501865.0,188.0,15.0
13,65,Validação,742.0,0.0,173.0,0.0,1501865.0,188.0,15.0
13,70,Validação,737.0,0.0,173.0,0.0,1501865.0,188.0,15.0
13,75,Validação,732.0,0.0,173.0,0.0,1501865.0,188.0,15.0
13,80,Validação,727.0,0.0,173.0,0.0,1501865.0,188.0,15.0
13,85,Validação,722.0,0.0,173.0,0.0,1501865.0,188.0,15.0
13,90,Validação,717.0,0.0,173.0,0.0,1501865.0,188.0,15.0
13,95,Validação,712.0,0.0,173.0,0.0,1501865.0,188.0,15.0
13,100,Validação,707.0,0.0,173.0,0.0,1501865.0,188.0,15.0
13,105,Validação,702.0,0.0,173.0,0.0,1501865.0,188.0,15.0
13,110,Validação,697.0,0.0,173.0,0.0,1501865.0,188.0,15.0
13,115,Validação,692.0,0.0,173.0,0.0,1501865.0,188.0,15.0
13,120,Validação,687.0,0.0,173.0,0.0,1501865.0,188.0,15.0
13,125,Validação,682.0,0.0,173.0,0.0,1501865.0,188.0,15.0
13,130,Validação,677.0,0.0,173.0,0.0,1501865.0,188.0,15.0
13,135,Validação,672.0,0.0,173.0,0.0,1501865.0,188.0,15.0
13,140,Validação,667.0,0.0,173.0,0.0,1501865.0,188.0,15.0
13,145,Validação,662.0,0.0,173.0,0.0,1501865.0,188.0,15.0
13,150,Validação,657.0,9.0,173.0,22.330729166666508,1501865.0,188.0,15.9
13,155,Validação,652.0,9.0,173.0,2.684314695695228,1501865.0,188.0,16.8
13,160,Validação,647.0,9.0,173.0,-0.4429707913400471,1501865.0,188.0,17.7
13,165,Validação,642.0,9.0,173.0,-1.579626047711156,1501865.0,188.0,18.6
13,170,Validação,637.0,9.0,173.0,-2.0203699226305627,1501865.0,188.0,19.5
13,175,Validação,632.0,9.0,173.0,-2.0565662795079978,1501865.0,188.0,20.4
13,180,Validação,627.0,9.0,173.0,-1.7081763445626534,1501865.0,188.0,21.3
13,185,Validação,622.0,9.0,173.0,-0.7586145884018252,1501865.0,188.0,22.2
13,190,Validação,617.0,9.0,173.0,1.7259530141844035,1501865.0,188.0,23.1
13,195,Validação,612.0,9.0,173.0,13.124339821940609,1501865.0,188.0,24.0
13,200,Validação,607.0,0.0,164.0,0.0,1501865.0,188.0,24.0
13,205,Validação,602.0,0.0,164.0,0.0,1501865.0,188.0,24.0
13,210,Validação,597.0,0.0,164.0,0.0,1501865.0,188.0,24.0
13,215,Validação,592.0,0.0,164.0,0.0,1501865.0,188.0,24.0
13,220,Validação,587.0,0.0,164.0,0.0,1501865.0,188.0,24.0
13,225,Validação,582.0,6.0,164.0,22.330729166666515,1501865.0,188.0,24.6
13,230,Validação,577.0,6.0,164.0,2.6843146956951847,1501865.0,188.0,25.2
13,235,Validação,572.0,6.0,164.0,-0.4429707913400476,1501865.0,188.0,25.8
13,240,Validação,567.0,6.0,164.0,-1.5796260477111457,1501865.0,188.0,26.4
13,245,Validação,562.0,6.0,164.0,-2.020369922630556,1501865.0,188.0,27.0
13,250,Validação,557.0,6.0,164.0,-2.056566279507998,1501865.0,188.0,27.6
13,255,Validação,552.0,6.0,164.0,-1.7081763445626443,1501865.0,188.0,28.2
13,260,Validação,547.0,6.0,164.0,-0.7586145884018265,1501865.0,188.0,28.8
13,265,Validação,542.0,6.0,164.0,1.7259530141843695,1501865.0,188.0,29.4
13,270,Validação,537.0,6.0,164.0,13.124339821940382,1501865.0,188.0,30.0
13,275,Validação,532.0,15.0,158.0,22.330729166666707,1501865.0,188.0,31.5
13,280,Validação,527.0,15.0,158.0,2.684314695695212,1501865.0,188.0,33.0
13,285,Validação,522.0,15.0,158.0,-0.4429707913400471,1501865.0,188.0,34.5
13,290,Validação,517.0,15.0,158.0,-1.5796260477111514,1501865.0,188.0,36.0
13,295,Validação,512.0,15.0,158.0,-2.02036992263056,1501865.0,188.0,37.5
13,300,Validação,507.0,15.0,158.0,-2.0565662795080004,1501865.0,188.0,39.0
13,305,Validação,502.0,30.0,158.0,-0.5227126194244183,1501865.0,188.0,42.0
13,310,Validação,497.0,30.0,158.0,-0.5246876859012493,1501865.0,188.0,45.0
13,315,Validação,492.0,30.0,158.0,-0.5246876859012493,1501865.0,188.0,48.0
13,320,Validação,487.0,30.0,158.0,-0.5227126194244183,1501865.0,188.0,51.0
13,325,Validação,482.0,15.0,143.0,-2.056566279508001,1501865.0,188.0,52.5
13,330,Validação,477.0,15.0,143.0,-2.02036992263056,1501865.0,188.0,54.0
13,335,Validação,472.0,15.0,143.0,-1.579626047711151,1501865.0,188.0,55.5
13,340,Validação,467.0,15.0,143.0,-0.4429707913400467,1501865.0,188.0,57.0
13,345,Validação,462.0,15.0,143.0,2.684314695695212,1501865.0,188.0,58.5
13,350,Validação,457.0,30.0,143.0,10.653590425531917,1501865.0,188.0,61.5
13,355,Validação,452.0,15.0,128.0,2.684314695695212,1501865.0,188.0,63.0
13,360,Validação,447.0,15.0,128.0,-0.4429707913400471,1501865.0,188.0,64.5
13,365,Validação,442.0,15.0,128.0,-1.5796260477111514,1501865.0,188.0,66.0
13,370,Validação,437.0,15.0,128.0,-2.02036992263056,1501865.0,188.0,67.5
13,375,Validação,432.0,15.0,128.0,-2.0565662795080004,1501865.0,188.0,69.0
13,380,Validação,427.0,15.0,128.0,-1.7081763445626497,1501865.0,188.0,70.5
13,385,Validação,422.0,15.0,128.0,-0.7586145884018265,1501865.0,188.0,72.0
13,390,Validação,417.0,27.0,128.0,0.949304739264906,1501865.0,188.0,74.7
13,395,Validação,412.0,28.0,128.0,1.343052458596767,1501865.0,188.0,77.5
13,400,Validação,407.0,13.0,113.0,-1.178430405106555,1501865.0,188.0,78.8
13,405,Validação,402.0,12.0,113.0,-1.8545872264465413,1501865.0,188.0,80.0
13,410,Validação,397.0,27.0,113.0,-0.2806952290340723,1501865.0,188.0,82.7
13,415,Validação,392.0,27.0,113.0,-1.0450695710409632,1501865.0,188.0,85.4
13,420,Validação,387.0,27.0,113.0,-1.35244767278696,1501865.0,188.0,88.1
13,425,Validação,382.0,27.0,113.0,-1.2545304545401217,1501865.0,188.0,90.8
13,430,Validação,377.0,27.0,113.0,-0.8248121515366611,1501865.0,188.0,93.5
13,435,Validação,372.0,12.0,101.0,-1.8651055221319417,1501865.0,188.0,96.1
13,440,Validação,367.0,13.0,101.0,-1.204713234584951,1501865.0,188.0,97.5
13,445,Validação,362.0,15.0,101.0,0.4670048271998936,1501865.0,188.0,98.9
13,450,Validação,357.0,14.0,101.0,5.79307694913722,1501865.0,188.0,100.3
13,455,Validação,352.0,0.0,88.0,12.378430693692383,1501865.0,188.0,101.8
13,460,Validação,347.0,6.0,88.0,5.167646660106323,1501865.0,188.0,102.4
13,465,Validação,342.0,7.0,88.0,0.3139003447639412,1501865.0,188.0,103.0
13,470,Validação,337.0,6.0,88.0,-1.2325286570405851,1501865.0,188.0,103.6
13,475,Validação,332.0,6.0,88.0,-1.8532547378891235,1501865.0,188.0,104.2
13,480,Validação,327.0,16.0,88.0,2.060377607617367,1501865.0,188.0,105.8
13,485,Validação,322.0,15.0,88.0,-0.14224398165844,1501865.0,188.0,107.4
13,490,Validação,317.0,15.0,88.0,-1.0321640877509792,1501865.0,188.0,109.0
13,495,Validação,312.0,15.0,88.0,-1.3210346629462462,1501865.0,188.0,110.5
13,500,Validação,307.0,16.0,87.0,-1.354729089145938,1501865.0,188.0,112.0
13,505,Validação,302.0,10.0,80.0,-1.9763717185413507,1501865.0,188.0,113.6
13,510,Validação,297.0,9.0,80.0,-1.56403439779042,1501865.0,188.0,114.5
13,515,Validação,292.0,9.0,80.0,-0.4867181015071056,1501865.0,188.0,115.4
13,520,Validação,287.0,9.0,80.0,2.425640641684299,1501865.0,188.0,116.3
13,525,Validação,282.0,11.0,80.0,17.81579219285887,1501865.0,188.0,117.4
13,530,Validação,277.0,0.0,71.0,6.188829787233988,1501865.0,188.0,117.3
13,535,Validação,272.0,0.0,71.0,4.338398910152982,1501865.0,188.0,117.3
13,540,Validação,267.0,-2.0,71.0,3.000550776465196,1501865.0,188.0,117.3
13,545,Validação,262.0,0.0,71.0,4.33839891015298,1501865.0,188.0,117.3
13,550,Validação,257.0,16.0,71.0,8.146795989093997,1501865.0,188.0,118.9
13,555,Validação,252.0,16.0,71.0,0.9347550222333982,1501865.0,188.0,120.4
13,560,Validação,247.0,15.0,71.0,-1.0308404114361085,1501865.0,188.0,122.0
13,565,Validação,242.0,16.0,71.0,-1.808280362016079,1501865.0,188.0,123.6
13,570,Validação,237.0,16.0,71.0,-2.06192158327788,1501865.0,188.0,125.2
13,575,Validação,232.0,14.0,71.0,-1.9470673502635107,1501865.0,188.0,126.6
13,580,Validação,227.0,16.0,71.0,-1.399342225139013,1501865.0,188.0,128.2
13,585,Validação,222.0,15.0,71.0,-0.0320151641285884,1501865.0,188.0,129.8
13,590,Validação,217.0,16.0,71.0,3.9638317816232513,1501865.0,188.0,131.4
13,595,Validação,212.0,16.0,71.0,49.58625599455832,1501865.0,188.0,133.0
13,600,Validação,207.0,0.0,55.0,0.0,1501865.0,188.0,133.0
13,605,Validação,202.0,0.0,55.0,0.0,1501865.0,188.0,133.0
13,610,Validação,197.0,10.0,55.0,22.64192064922528,1501865.0,188.0,134.0
13,615,Validação,192.0,9.0,55.0,2.7679565433865,1501865.0,188.0,134.9
13,620,Validação,187.0,9.0,55.0,-0.4063193679701404,1501865.0,188.0,135.8
13,625,Validação,182.0,10.0,55.0,-1.551992677718005,1501865.0,188.0,136.8
13,630,Validação,177.0,9.0,55.0,-1.9989596086821149,1501865.0,188.0,137.7
13,635,Validação,172.0,9.0,55.0,-2.043377150478096,1501865.0,188.0,138.6
13,640,Validação,167.0,9.0,55.0,-1.7024723306895226,1501865.0,188.0,139.5
13,645,Validação,162.0,10.0,55.0,-0.7731420865667911,1501865.0,188.0,140.5
13,650,Validação,157.0,9.0,55.0,1.6261007258297688,1501865.0,188.0,141.4
13,655,Validação,152.0,25.0,55.0,7.521267027672263,1501865.0,188.0,143.9
13,660,Validação,147.0,15.0,46.0,1.6923611790921935,1501865.0,188.0,145.4
13,665,Validação,142.0,16.0,46.0,-0.7651024746538537,1501865.0,188.0,147.0
13,670,Validação,137.0,16.0,46.0,-1.7071717305768768,1501865.0,188.0,148.6
13,675,Validação,132.0,16.0,46.0,-2.0518906210439063,1501865.0,188.0,150.1
13,680,Validação,127.0,16.0,46.0,-2.013111101503521,1501865.0,188.0,151.7
13,685,Validação,122.0,15.0,46.0,-1.56774704290572,1501865.0,188.0,153.3
13,690,Validação,117.0,24.0,46.0,-0.3928201781434799,1501865.0,188.0,155.8
13,695,Validação,112.0,26.0,46.0,1.031580215290676,1501865.0,188.0,158.3
13,700,Validação,107.0,25.0,46.0,3.069908535457035,1501865.0,188.0,160.8
13,705,Validação,102.0,9.0,30.0,-1.6897755534395589,1501865.0,188.0,161.7
13,710,Validação,97.0,10.0,30.0,-2.033958555047059,1501865.0,188.0,162.7
13,715,Validação,92.0,10.0,30.0,-2.003040636883193,1501865.0,188.0,163.7
13,720,Validação,87.0,10.0,30.0,-1.5763441247877057,1501865.0,188.0,164.7
13,725,Validação,82.0,10.0,30.0,-0.478055125116676,1501865.0,188.0,165.7
13,730,Validação,77.0,10.0,30.0,2.4831737293971763,1501865.0,188.0,166.7
13,735,Validação,72.0,10.0,30.0,19.14689696974812,1501865.0,188.0,167.7
13,740,Validação,67.0,0.0,21.0,-2.056566279508001,1501865.0,188.0,167.7
13,745,Validação,62.0,8.0,21.0,17.642661401861048,1501865.0,188.0,168.4
13,750,Validação,57.0,8.0,21.0,2.3623394091811347,1501865.0,188.0,169.2
13,755,Validação,52.0,8.0,21.0,-0.502785739733441,1501865.0,188.0,170.0
13,760,Validação,47.0,8.0,21.0,-1.5760346535289216,1501865.0,188.0,170.7
13,765,Validação,42.0,7.0,21.0,-1.990923708864444,1501865.0,188.0,171.4
13,770,Validação,37.0,8.0,21.0,-2.011080324522773,1501865.0,188.0,172.1
13,775,Validação,32.0,8.0,21.0,-1.647512277121404,1501865.0,188.0,172.8
13,780,Validação,27.0,7.0,21.0,-0.6847188736926526,1501865.0,188.0,173.5
13,785,Validação,22.0,8.0,21.0,1.7259530141844,1501865.0,188.0,174.2
13,790,Validação,17.0,8.0,21.0,13.124339821940524,1501865.0,188.0,175.0
13,795,Validação,12.0,0.0,13.0,0.0,1501865.0,188.0,175.0
13,800,Validação,7.0,0.0,13.0,0.0,1501865.0,188.0,175.0
13,805,Validação,2.0,0.0,13.0,0.0,1501865.0,188.0,175.0
14,50,Treino,1215.0,15.0,188.0,49.99999999999983,1501865.0,188.0,15.0
14,55,Treino,1210.0,0.0,173.0,0.0,1501865.0,188.0,15.0
14,60,Treino,1205.0,0.0,173.0,0.0,1501865.0,188.0,15.0
14,65,Treino,1200.0,0.0,173.0,0.0,1501865.0,188.0,15.0
14,70,Treino,1195.0,0.0,173.0,0.0,1501865.0,188.0,15.0
14,75,Treino,1190.0,0.0,173.0,0.0,1501865.0,188.0,15.0
14,80,Treino,1185.0,0.0,173.0,0.0,1501865.0,188.0,15.0
14,85,Treino,1180.0,0.0,173.0,0.0,1501865.0,188.0,15.0
14,90,Treino,1175.0,0.0,173.0,0.0,1501865.0,188.0,15.0
14,95,Treino,1170.0,0.0,173.0,0.0,1501865.0,188.0,15.0
14,100,Treino,1165.0,0.0,173.0,0.0,1501865.0,188.0,15.0
14,105,Treino,1160.0,0.0,173.0,0.0,1501865.0,188.0,15.0
14,110,Treino,1155.0,0.0,173.0,0.0,1501865.0,188.0,15.0
14,115,Treino,1150.0,0.0,173.0,0.0,1501865.0,188.0,15.0
14,120,Treino,1145.0,0.0,173.0,0.0,1501865.0,188.0,15.0
14,125,Treino,1140.0,0.0,173.0,0.0,1501865.0,188.0,15.0
14,130,Treino,1135.0,3.0,173.0,8.534487742830558,1501865.0,188.0,15.3
14,135,Treino,1130.0,3.0,173.0,0.9888715908436208,1501865.0,188.0,15.6
14,140,Treino,1125.0,3.0,173.0,-1.02135047281325,1501865.0,188.0,15.9
14,145,Treino,1120.0,3.0,173.0,-1.8142903587038768,1501865.0,188.0,16.2
14,150,Treino,1115.0,3.0,173.0,-2.0780056601200214,1501865.0,188.0,16.5
14,155,Treino,1110.0,3.0,173.0,-1.968696502812415,1501865.0,188.0,16.8
14,160,Treino,1105.0,3.0,173.0,-1.4253656914893813,1501865.0,188.0,17.1
14,165,Treino,1100.0,3.0,173.0,-0.060754847988873,1501865.0,188.0,17.4
14,170,Treino,1095.0,3.0,173.0,3.973746776273231,1501865.0,188.0,17.7
14,175,Treino,1090.0,3.0,173.0,49.99999999999984,1501865.0,188.0,18.0
14,180,Treino,1085.0,0.0,170.0,0.0,1501865.0,188.0,18.0
14,185,Treino,1080.0,0.0,170.0,0.0,1501865.0,188.0,18.0
14,190,Treino,1075.0,0.0,170.0,0.0,1501865.0,188.0,18.0
14,195,Treino,1070.0,0.0,170.0,0.0,1501865.0,188.0,18.0
14,200,Treino,1065.0,0.0,170.0,0.0,1501865.0,188.0,18.0
14,205,Treino,1060.0,0.0,170.0,0.0,1501865.0,188.0,18.0
14,210,Treino,1055.0,0.0,170.0,0.0,1501865.0,188.0,18.0
14,215,Treino,1050.0,0.0,170.0,0.0,1501865.0,188.0,18.0
14,220,Treino,1045.0,0.0,170.0,0.0,1501865.0,188.0,18.0
14,225,Treino,1040.0,0.0,170.0,0.0,1501865.0,188.0,18.0
14,230,Treino,1035.0,0.0,170.0,0.0,1501865.0,188.0,18.0
14,235,Treino,1030.0,0.0,170.0,0.0,1501865.0,188.0,18.0
14,240,Treino,1025.0,0.0,170.0,0.0,1501865.0,188.0,18.0
14,245,Treino,1020.0,0.0,170.0,0.0,1501865.0,188.0,18.0
14,250,Treino,1015.0,0.0,170.0,0.0,1501865.0,188.0,18.0
14,255,Treino,1010.0,0.0,170.0,0.0,1501865.0,188.0,18.0
14,260,Treino,1005.0,0.0,170.0,0.0,1501865.0,188.0,18.0
14,265,Treino,1000.0,6.0,170.0,5.79196217494094,1501865.0,188.0,18.6
14,270,Treino,995.0,6.0,170.0,0.4072473404255627,1501865.0,188.0,19.2
14,275,Treino,990.0,6.0,170.0,-1.2411347517730658,1501865.0,188.0,19.8
14,280,Treino,985.0,6.0,170.0,-1.9004875886524863,1501865.0,188.0,20.4
14,285,Treino,980.0,6.0,170.0,-2.085106382978723,1501865.0,188.0,21.0
14,290,Treino,975.0,6.0,170.0,-1.900487588652486,1501865.0,188.0,21.6
14,295,Treino,970.0,6.0,170.0,-1.2411347517730655,1501865.0,188.0,22.2
14,300,Treino,965.0,6.0,170.0,0.4072473404255636,1501865.0,188.0,22.8
14,305,Treino,960.0,6.0,170.0,5.791962174940942,1501865.0,188.0,23.4
14,310,Treino,955.0,0.0,164.0,0.0,1501865.0,188.0,24.0
14,315,Treino,950.0,0.0,164.0,0.0,1501865.0,188.0,24.0
14,320,Treino,945.0,0.0,164.0,0.0,1501865.0,188.0,24.0
14,325,Treino,940.0,0.0,164.0,0.0,1501865.0,188.0,24.0
14,330,Treino,935.0,0.0,164.0,0.0,1501865.0,188.0,24.0
14,335,Treino,930.0,0.0,164.0,0.0,1501865.0,188.0,24.0
14,340,Treino,925.0,0.0,164.0,0.0,1501865.0,188.0,24.0
14,345,Treino,920.0,0.0,164.0,0.0,1501865.0,188.0,24.0
14,350,Treino,915.0,0.0,164.0,0.0,1501865.0,188.0,24.0
14,355,Treino,910.0,0.0,164.0,0.0,1501865.0,188.0,24.0
14,360,Treino,905.0,0.0,164.0,0.0,1501865.0,188.0,24.0
14,365,Treino,900.0,0.0,164.0,0.0,1501865.0,188.0,24.0
14,370,Treino,895.0,0.0,164.0,0.0,1501865.0,188.0,24.0
14,375,Treino,890.0,0.0,164.0,0.0,1501865.0,188.0,24.0
14,380,Treino,885.0,0.0,164.0,0.0,1501865.0,188.0,24.0
14,385,Treino,880.0,0.0,164.0,0.0,1501865.0,188.0,24.0
14,390,Treino,875.0,0.0,164.0,0.0,1501865.0,188.0,24.0
14,395,Treino,870.0,9.0,164.0,13.124339821940609,1501865.0,188.0,24.9
14,400,Treino,865.0,9.0,164.0,1.7259530141844015,1501865.0,188.0,25.8
14,405,Treino,860.0,9.0,164.0,-0.7586145884018269,1501865.0,188.0,26.7
14,410,Treino,855.0,9.0,164.0,-1.7081763445626532,1501865.0,188.0,27.6
14,415,Treino,850.0,9.0,164.0,-2.0565662795079973,1501865.0,188.0,28.5
14,420,Treino,845.0,9.0,164.0,-2.0203699226305627,1501865.0,188.0,29.4
14,425,Treino,840.0,9.0,164.0,-1.5796260477111557,1501865.0,188.0,30.3
14,430,Treino,835.0,9.0,164.0,-0.4429707913400471,1501865.0,188.0,31.2
14,435,Treino,830.0,9.0,164.0,2.684314695695224,1501865.0,188.0,32.1
14,440,Treino,825.0,9.0,164.0,22.330729166666504,1501865.0,188.0,33.0
14,445,Treino,820.0,0.0,155.0,0.0,1501865.0,188.0,33.0
14,450,Treino,815.0,3.0,155.0,5.79196217494075,1501865.0,188.0,33.3
14,455,Treino,810.0,3.0,155.0,0.4072473404255627,1501865.0,188.0,33.6
14,460,Treino,805.0,3.0,155.0,-1.2411347517730658,1501865.0,188.0,33.9
14,465,Treino,800.0,3.0,155.0,-1.900487588652468,1501865.0,188.0,34.2
14,470,Treino,795.0,3.0,155.0,-2.085106382978723,1501865.0,188.0,34.5
14,475,Treino,790.0,3.0,155.0,-1.900487588652468,1501865.0,188.0,34.8
14,480,Treino,785.0,3.0,155.0,-1.2411347517730655,1501865.0,188.0,35.1
14,485,Treino,780.0,3.0,155.0,0.4072473404255636,1501865.0,188.0,35.4
14,490,Treino,775.0,3.0,155.0,5.791962174940748,1501865.0,188.0,35.7
14,495,Treino,770.0,0.0,152.0,0.0,1501865.0,188.0,36.0
14,500,Treino,765.0,0.0,152.0,0.0,1501865.0,188.0,36.0
14,505,Treino,760.0,0.0,152.0,0.0,1501865.0,188.0,36.0
14,510,Treino,755.0,0.0,152.0,0.0,1501865.0,188.0,36.0
14,515,Treino,750.0,6.0,152.0,5.79196217494094,1501865.0,188.0,36.6
14,520,Treino,745.0,6.0,152.0,0.4072473404255627,1501865.0,188.0,37.2
14,525,Treino,740.0,6.0,152.0,-1.2411347517730658,1501865.0,188.0,37.8
14,530,Treino,735.0,6.0,152.0,-1.9004875886524863,1501865.0,188.0,38.4
14,535,Treino,730.0,6.0,152.0,-2.085106382978723,1501865.0,188.0,39.0
14,540,Treino,725.0,6.0,152.0,-1.900487588652486,1501865.0,188.0,39.6
14,545,Treino,720.0,6.0,152.0,-1.2411347517730655,1501865.0,188.0,40.2
14,550,Treino,715.0,20.0,152.0,8.612203569048505,1501865.0,188.0,42.2
14,555,Treino,710.0,20.0,152.0,2.7208711846649107,1501865.0,188.0,44.2
14,560,Treino,705.0,14.0,146.0,-0.060754847988905,1501865.0,188.0,46.2
14,565,Treino,700.0,14.0,146.0,-1.4253656914893558,1501865.0,188.0,47.6
14,570,Treino,695.0,14.0,146.0,-1.968696502812423,1501865.0,188.0,49.0
14,575,Treino,690.0,14.0,146.0,-2.078005660120021,1501865.0,188.0,50.4
14,580,Treino,685.0,14.0,146.0,-1.8142903587038963,1501865.0,188.0,51.8
14,585,Treino,680.0,14.0,146.0,-1.0213504728132303,1501865.0,188.0,53.2
14,590,Treino,675.0,14.0,146.0,0.9888715908435496,1501865.0,188.0,54.6
14,595,Treino,670.0,14.0,146.0,8.534487742830704,1501865.0,188.0,56.0
14,600,Treino,665.0,1.0,132.0,5.7919621749411245,1501865.0,188.0,56.1
14,605,Treino,660.0,1.0,132.0,0.4072473404257208,1501865.0,188.0,56.2
14,610,Treino,655.0,1.0,132.0,-1.2411347517731453,1501865.0,188.0,56.3
14,615,Treino,650.0,1.0,132.0,-1.900487588652503,1501865.0,188.0,56.4
14,620,Treino,645.0,1.0,132.0,-2.085106382978723,1501865.0,188.0,56.5
14,625,Treino,640.0,1.0,132.0,-1.900487588652503,1501865.0,188.0,56.6
14,630,Treino,635.0,1.0,132.0,-1.241134751773146,1501865.0,188.0,56.7
14,635,Treino,630.0,1.0,132.0,0.4072473404257217,1501865.0,188.0,56.8
14,640,Treino,625.0,1.0,132.0,5.791962174941121,1501865.0,188.0,56.9
14,645,Treino,620.0,15.0,131.0,5.791962174940899,1501865.0,188.0,58.5
14,650,Treino,615.0,15.0,131.0,0.4072473404255321,1501865.0,188.0,60.0
14,655,Treino,610.0,15.0,131.0,-1.2411347517730495,1501865.0,188.0,61.5
14,660,Treino,605.0,15.0,131.0,-1.900487588652482,1501865.0,188.0,63.0
14,665,Treino,600.0,15.0,131.0,-2.085106382978723,1501865.0,188.0,64.5
14,670,Treino,595.0,15.0,131.0,-1.900487588652482,1501865.0,188.0,66.0
14,675,Treino,590.0,15.0,131.0,-1.2411347517730495,1501865.0,188.0,67.5
14,680,Treino,585.0,18.0,131.0,0.3489425838834381,1501865.0,188.0,69.3
14,685,Treino,580.0,18.0,131.0,4.965773997229716,1501865.0,188.0,71.1
14,690,Treino,575.0,3.0,116.0,-0.7586145884018265,1501865.0,188.0,72.9
14,695,Treino,570.0,3.0,116.0,-1.7081763445626443,1501865.0,188.0,73.2
14,700,Treino,565.0,3.0,116.0,-2.056566279507998,1501865.0,188.0,73.5
14,705,Treino,560.0,3.0,116.0,-2.020369922630556,1501865.0,188.0,73.8
14,710,Treino,555.0,3.0,116.0,-1.579626047711145,1501865.0,188.0,74.1
14,715,Treino,550.0,3.0,116.0,-0.4429707913400471,1501865.0,188.0,74.4
14,720,Treino,545.0,3.0,116.0,2.684314695695188,1501865.0,188.0,74.7
14,725,Treino,540.0,3.0,116.0,22.33072916666648,1501865.0,188.0,75.0
14,730,Treino,535.0,0.0,113.0,0.0,1501865.0,188.0,75.0
14,735,Treino,530.0,0.0,113.0,0.0,1501865.0,188.0,75.0
14,740,Treino,525.0,9.0,113.0,8.667291323118674,1501865.0,188.0,75.9
14,745,Treino,520.0,9.0,113.0,1.023698856339931,1501865.0,188.0,76.8
14,750,Treino,515.0,9.0,113.0,-1.005385127154685,1501865.0,188.0,77.7
14,755,Treino,510.0,9.0,113.0,-1.805194657775257,1501865.0,188.0,78.6
14,760,Treino,505.0,9.0,113.0,-2.072424396744925,1501865.0,188.0,79.5
14,765,Treino,500.0,9.0,113.0,-1.9655939333063528,1501865.0,188.0,80.4
14,770,Treino,495.0,9.0,113.0,-1.4250085713292135,1501865.0,188.0,81.3
14,775,Treino,490.0,9.0,113.0,-0.0659311116604195,1501865.0,188.0,82.2
14,780,Treino,485.0,9.0,113.0,3.944799341335318,1501865.0,188.0,83.1
14,785,Treino,480.0,9.0,113.0,48.73198939966474,1501865.0,188.0,84.0
14,790,Treino,475.0,0.0,104.0,0.0,1501865.0,188.0,84.0
14,795,Treino,470.0,0.0,104.0,0.0,1501865.0,188.0,84.0
14,800,Treino,465.0,3.0,104.0,13.124339821940389,1501865.0,188.0,84.3
14,805,Treino,460.0,3.0,104.0,1.725953014184367,1501865.0,188.0,84.6
14,810,Treino,455.0,3.0,104.0,-0.7586145884018265,1501865.0,188.0,84.9
14,815,Treino,450.0,3.0,104.0,-1.7081763445626443,1501865.0,188.0,85.2
14,820,Treino,445.0,3.0,104.0,-2.056566279507998,1501865.0,188.0,85.5
14,825,Treino,440.0,3.0,104.0,-2.020369922630556,1501865.0,188.0,85.8
14,830,Treino,435.0,3.0,104.0,-1.579626047711145,1501865.0,188.0,86.1
14,835,Treino,430.0,18.0,104.0,26.88429054687297,1501865.0,188.0,87.9
14,840,Treino,425.0,18.0,104.0,3.4788604182101333,1501865.0,188.0,89.7
14,845,Treino,420.0,18.0,104.0,-0.0807535996759334,1501865.0,188.0,91.5
14,850,Treino,415.0,15.0,101.0,-1.421585826650991,1501865.0,188.0,93.0
14,855,Treino,410.0,15.0,101.0,-1.96656154006097,1501865.0,188.0,94.5
14,860,Treino,405.0,15.0,101.0,-2.075725505271368,1501865.0,188.0,96.0
14,865,Treino,400.0,15.0,101.0,-1.813639095292985,1501865.0,188.0,97.5
14,870,Treino,395.0,14.0,101.0,-1.023901503874558,1501865.0,188.0,98.9
14,875,Treino,390.0,15.0,101.0,0.9731260280485828,1501865.0,188.0,100.4
14,880,Treino,385.0,30.0,101.0,7.224865049114031,1501865.0,188.0,103.4
14,885,Treino,380.0,15.0,87.0,3.971119292764848,1501865.0,188.0,104.9
14,890,Treino,375.0,14.0,87.0,-0.0433719220091917,1501865.0,188.0,106.3
14,895,Treino,370.0,15.0,87.0,-1.409003030452341,1501865.0,188.0,107.8
14,900,Treino,365.0,14.0,87.0,-1.952933092072817,1501865.0,188.0,109.2
14,905,Treino,360.0,15.0,87.0,-2.0642532112350027,1501865.0,188.0,110.7
14,910,Treino,355.0,15.0,87.0,-1.8050043248661225,1501865.0,188.0,112.2
14,915,Treino,350.0,15.0,87.0,-1.0175493676306746,1501865.0,188.0,113.7
14,920,Treino,345.0,16.0,87.0,0.966742545825146,1501865.0,188.0,115.3
14,925,Treino,340.0,15.0,86.0,8.259261347661147,1501865.0,188.0,116.8
14,930,Treino,335.0,0.0,72.0,0.4847872340425301,1501865.0,188.0,116.8
14,935,Treino,330.0,0.0,72.0,1.4089297770264686,1501865.0,188.0,116.8
14,940,Treino,325.0,0.0,72.0,3.892609845146757,1501865.0,188.0,116.9
14,945,Treino,320.0,0.0,72.0,4.462955383025726,1501865.0,188.0,116.9
14,950,Treino,315.0,0.0,72.0,7.821545088325635,1501865.0,188.0,117.0
14,955,Treino,310.0,0.0,72.0,7.263462215460606,1501865.0,188.0,117.0
14,960,Treino,305.0,0.0,71.0,5.791962174941119,1501865.0,188.0,117.0
14,965,Treino,300.0,0.0,71.0,5.791962174941119,1501865.0,188.0,117.0
14,970,Treino,295.0,16.0,71.0,48.12402726995133,1501865.0,188.0,118.6
14,975,Treino,290.0,16.0,71.0,3.936740015783262,1501865.0,188.0,120.2
14,980,Treino,285.0,16.0,71.0,-0.0684443043979978,1501865.0,188.0,121.8
14,985,Treino,280.0,16.0,71.0,-1.4262755866741708,1501865.0,188.0,123.4
14,990,Treino,275.0,16.0,71.0,-1.96642186362268,1501865.0,188.0,125.0
14,995,Treino,270.0,16.0,71.0,-2.074218399876161,1501865.0,188.0,126.6
14,1000,Treino,265.0,16.0,71.0,-1.8097740543793084,1501865.0,188.0,128.2
14,1005,Treino,260.0,16.0,71.0,-1.017028431122057,1501865.0,188.0,129.8
14,1010,Treino,255.0,16.0,71.0,0.9888715908435648,1501865.0,188.0,131.4
14,1015,Treino,250.0,16.0,71.0,8.534487742830713,1501865.0,188.0,133.0
14,1020,Treino,245.0,0.0,55.0,0.0,1501865.0,188.0,133.0
14,1025,Treino,240.0,0.0,55.0,0.0,1501865.0,188.0,133.0
14,1030,Treino,235.0,15.0,55.0,5.791962174940899,1501865.0,188.0,134.5
14,1035,Treino,230.0,15.0,55.0,0.4072473404255321,1501865.0,188.0,136.0
14,1040,Treino,225.0,15.0,55.0,-1.2411347517730495,1501865.0,188.0,137.5
14,1045,Treino,220.0,15.0,55.0,-1.900487588652482,1501865.0,188.0,139.0
14,1050,Treino,215.0,15.0,55.0,-2.085106382978723,1501865.0,188.0,140.5
14,1055,Treino,210.0,15.0,55.0,-1.900487588652482,1501865.0,188.0,142.0
14,1060,Treino,205.0,15.0,55.0,-1.2411347517730495,1501865.0,188.0,143.5
14,1065,Treino,200.0,15.0,55.0,0.4072473404255321,1501865.0,188.0,145.0
14,1070,Treino,195.0,15.0,55.0,5.791962174940899,1501865.0,188.0,146.5
14,1075,Treino,190.0,0.0,40.0,0.0,1501865.0,188.0,148.0
14,1080,Treino,185.0,0.0,40.0,0.0,1501865.0,188.0,148.0
14,1085,Treino,180.0,5.0,40.0,13.124339821940588,1501865.0,188.0,148.5
14,1090,Treino,175.0,5.0,40.0,1.947358939495056,1501865.0,188.0,149.0
14,1095,Treino,170.0,6.0,40.0,-0.6218041716425216,1501865.0,188.0,149.6
14,1100,Treino,165.0,5.0,40.0,-1.608889267755712,1501865.0,188.0,150.1
14,1105,Treino,160.0,5.0,40.0,-1.981460744058728,1501865.0,188.0,150.6
14,1110,Treino,155.0,5.0,40.0,-1.9682317763596568,1501865.0,188.0,151.1
14,1115,Treino,150.0,6.0,40.0,-1.5624971764533888,1501865.0,188.0,151.7
14,1120,Treino,145.0,8.0,40.0,-0.4906114687201106,1501865.0,188.0,152.5
14,1125,Treino,140.0,8.0,40.0,1.0841078572483829,1501865.0,188.0,153.3
14,1130,Treino,135.0,8.0,40.0,3.41459334186595,1501865.0,188.0,154.1
14,1135,Treino,130.0,3.0,35.0,-1.6341069719922865,1501865.0,188.0,154.4
14,1140,Treino,125.0,3.0,35.0,-1.953953117102539,1501865.0,188.0,154.7
14,1145,Treino,120.0,3.0,35.0,-1.9134669304201528,1501865.0,188.0,154.9
14,1150,Treino,115.0,3.0,35.0,-1.4914644753247797,1501865.0,188.0,155.2
14,1155,Treino,110.0,2.0,35.0,-0.4348121550864445,1501865.0,188.0,155.5
14,1160,Treino,105.0,3.0,35.0,2.292710092429611,1501865.0,188.0,155.8
14,1165,Treino,100.0,3.0,35.0,13.124339821940566,1501865.0,188.0,156.0
14,1170,Treino,95.0,0.0,32.0,0.0,1501865.0,188.0,156.0
14,1175,Treino,90.0,2.0,32.0,13.12433982194051,1501865.0,188.0,156.2
14,1180,Treino,85.0,2.0,32.0,1.7259530141843946,1501865.0,188.0,156.4
14,1185,Treino,80.0,2.0,32.0,-0.7586145884018207,1501865.0,188.0,156.6
14,1190,Treino,75.0,2.0,32.0,-1.7081763445626448,1501865.0,188.0,156.8
14,1195,Treino,70.0,2.0,32.0,-2.056566279508001,1501865.0,188.0,157.0
14,1200,Treino,65.0,2.0,32.0,-2.02036992263056,1501865.0,188.0,157.2
14,1205,Treino,60.0,2.0,32.0,-1.5796260477111534,1501865.0,188.0,157.4
14,1210,Treino,55.0,9.0,32.0,16.73671127475982,1501865.0,188.0,158.3
14,1215,Treino,50.0,9.0,32.0,3.2777819631472127,1501865.0,188.0,159.2
14,1220,Treino,45.0,10.0,32.0,-0.0117682512362922,1501865.0,188.0,160.2
14,1225,Treino,40.0,8.0,30.0,-1.3728191987764302,1501865.0,188.0,161.0
14,1230,Treino,35.0,8.0,30.0,-1.937632230839303,1501865.0,188.0,161.8
14,1235,Treino,30.0,8.0,30.0,-2.060847334311955,1501865.0,188.0,162.6
14,1240,Treino,25.0,7.0,30.0,-1.8080012052995456,1501865.0,188.0,163.3
14,1245,Treino,20.0,7.0,30.0,-1.0446807464397885,1501865.0,188.0,164.0
14,1250,Treino,15.0,8.0,30.0,0.8690583759029975,1501865.0,188.0,164.8
14,1255,Treino,10.0,8.0,30.0,7.763857444652574,1501865.0,188.0,165.6
14,1260,Treino,5.0,0.0,23.0,0.4072473404255445,1501865.0,188.0,165.7
14,1265,Treino,0.0,-1.0,23.0,0.4072473404255436,1501865.0,188.0,165.7
15,50,Treino,3267.0,1.0,183.0,49.99999999999781,1656565.0,183.0,8.0
15,55,Treino,3262.0,0.0,182.0,0.0,1656565.0,183.0,8.0
15,60,Treino,3257.0,0.0,182.0,0.0,1656565.0,183.0,8.0
15,65,Treino,3252.0,0.0,182.0,0.0,1656565.0,183.0,8.0
15,70,Treino,3247.0,0.0,182.0,0.0,1656565.0,183.0,8.0
15,75,Treino,3242.0,0.0,182.0,0.0,1656565.0,183.0,8.0
15,80,Treino,3237.0,0.0,182.0,0.0,1656565.0,183.0,8.0
15,85,Treino,3232.0,3.0,182.0,5.79196217494075,1656565.0,183.0,8.375
15,90,Treino,3227.0,3.0,182.0,0.4072473404255627,1656565.0,183.0,8.666666666666666
15,95,Treino,3222.0,3.0,182.0,-1.2411347517730658,1656565.0,183.0,8.9
15,100,Treino,3217.0,3.0,182.0,-1.900487588652468,1656565.0,183.0,9.2
15,105,Treino,3212.0,3.0,182.0,-2.085106382978723,1656565.0,183.0,9.5
15,110,Treino,3207.0,3.0,182.0,-1.900487588652468,1656565.0,183.0,9.8
15,115,Treino,3202.0,3.0,182.0,-1.2411347517730655,1656565.0,183.0,10.1
15,120,Treino,3197.0,3.0,182.0,0.4072473404255636,1656565.0,183.0,10.4
15,125,Treino,3192.0,3.0,182.0,5.791962174940748,1656565.0,183.0,10.7
15,130,Treino,3187.0,0.0,179.0,0.0,1656565.0,183.0,11.0
15,135,Treino,3182.0,0.0,179.0,0.0,1656565.0,183.0,11.0
15,140,Treino,3177.0,0.0,179.0,0.0,1656565.0,183.0,11.0
15,145,Treino,3172.0,0.0,179.0,0.0,1656565.0,183.0,11.0
15,150,Treino,3167.0,0.0,179.0,0.0,1656565.0,183.0,11.0
15,155,Treino,3162.0,0.0,179.0,0.0,1656565.0,183.0,11.0
15,160,Treino,3157.0,2.0,179.0,5.7919621749411245,1656565.0,183.0,11.2
15,165,Treino,3152.0,2.0,179.0,0.4072473404254846,1656565.0,183.0,11.4
15,170,Treino,3147.0,2.0,179.0,-1.2411347517730256,1656565.0,183.0,11.6
15,175,Treino,3142.0,2.0,179.0,-1.900487588652503,1656565.0,183.0,11.8
15,180,Treino,3137.0,2.0,179.0,-2.085106382978723,1656565.0,183.0,12.0
15,185,Treino,3132.0,2.0,179.0,-1.900487588652503,1656565.0,183.0,12.2
15,190,Treino,3127.0,2.0,179.0,-1.2411347517730256,1656565.0,183.0,12.4
15,195,Treino,3122.0,2.0,179.0,0.4072473404254846,1656565.0,183.0,12.6
15,200,Treino,3117.0,2.0,179.0,5.791962174941121,1656565.0,183.0,12.8
15,205,Treino,3112.0,0.0,177.0,0.0,1656565.0,183.0,13.0
15,210,Treino,3107.0,0.0,177.0,0.0,1656565.0,183.0,13.0
15,215,Treino,3102.0,0.0,177.0,0.0,1656565.0,183.0,13.0
15,220,Treino,3097.0,0.0,177.0,0.0,1656565.0,183.0,13.0
15,225,Treino,3092.0,0.0,177.0,0.0,1656565.0,183.0,13.0
15,230,Treino,3087.0,0.0,177.0,0.0,1656565.0,183.0,13.0
15,235,Treino,3082.0,1.0,177.0,8.534487742830082,1656565.0,183.0,13.1
15,240,Treino,3077.0,1.0,177.0,0.9888715908434368,1656565.0,183.0,13.2
15,245,Treino,3072.0,1.0,177.0,-1.0213504728132494,1656565.0,183.0,13.3
15,250,Treino,3067.0,1.0,177.0,-1.8142903587038768,1656565.0,183.0,13.4
15,255,Treino,3062.0,1.0,177.0,-2.0780056601200148,1656565.0,183.0,13.5
15,260,Treino,3057.0,1.0,177.0,-1.9686965028123875,1656565.0,183.0,13.6
15,265,Treino,3052.0,1.0,177.0,-1.4253656914893116,1656565.0,183.0,13.7
15,270,Treino,3047.0,1.0,177.0,-0.0607548479888753,1656565.0,183.0,13.8
15,275,Treino,3042.0,1.0,177.0,3.9737467762732255,1656565.0,183.0,13.9
15,280,Treino,3037.0,1.0,177.0,49.99999999999781,1656565.0,183.0,14.0
15,285,Treino,3032.0,0.0,176.0,0.0,1656565.0,183.0,14.0
15,290,Treino,3027.0,0.0,176.0,0.0,1656565.0,183.0,14.0
15,295,Treino,3022.0,0.0,176.0,0.0,1656565.0,183.0,14.0
15,300,Treino,3017.0,0.0,176.0,0.0,1656565.0,183.0,14.0
15,305,Treino,3012.0,0.0,176.0,0.0,1656565.0,183.0,14.0
15,310,Treino,3007.0,0.0,176.0,0.0,1656565.0,183.0,14.0
15,315,Treino,3002.0,5.0,176.0,13.124339821940389,1656565.0,183.0,14.5
15,320,Treino,2997.0,5.0,176.0,1.7259530141843469,1656565.0,183.0,15.0
15,325,Treino,2992.0,5.0,176.0,-0.7586145884018474,1656565.0,183.0,15.5
15,330,Treino,2987.0,5.0,176.0,-1.7081763445626603,1656565.0,183.0,16.0
15,335,Treino,2982.0,5.0,176.0,-2.0565662795080035,1656565.0,183.0,16.5
15,340,Treino,2977.0,5.0,176.0,-2.020369922630556,1656565.0,183.0,17.0
15,345,Treino,2972.0,5.0,176.0,-1.5796260477111397,1656565.0,183.0,17.5
15,350,Treino,2967.0,5.0,176.0,-0.4429707913400231,1656565.0,183.0,18.0
15,355,Treino,2962.0,5.0,176.0,2.684314695695261,1656565.0,183.0,18.5
15,360,Treino,2957.0,5.0,176.0,22.330729166666924,1656565.0,183.0,19.0
15,365,Treino,2952.0,0.0,171.0,0.0,1656565.0,183.0,19.0
15,370,Treino,2947.0,0.0,171.0,0.0,1656565.0,183.0,19.0
15,375,Treino,2942.0,0.0,171.0,0.0,1656565.0,183.0,19.0
15,380,Treino,2937.0,0.0,171.0,0.0,1656565.0,183.0,19.0
15,385,Treino,2932.0,0.0,171.0,0.0,1656565.0,183.0,19.0
15,390,Treino,2927.0,0.0,171.0,0.0,1656565.0,183.0,19.0
15,395,Treino,2922.0,0.0,171.0,0.0,1656565.0,183.0,19.0
15,400,Treino,2917.0,0.0,171.0,0.0,1656565.0,183.0,19.0
15,405,Treino,2912.0,7.0,171.0,8.534487742830697,1656565.0,183.0,19.7
15,410,Treino,2907.0,7.0,171.0,0.988871590843594,1656565.0,183.0,20.4
15,415,Treino,2902.0,7.0,171.0,-1.021350472813249,1656565.0,183.0,21.1
15,420,Treino,2897.0,7.0,171.0,-1.8142903587038943,1656565.0,183.0,21.8
15,425,Treino,2892.0,7.0,171.0,-2.078005660120023,1656565.0,183.0,22.5
15,430,Treino,2887.0,7.0,171.0,-1.968696502812424,1656565.0,183.0,23.2
15,435,Treino,2882.0,7.0,171.0,-1.4253656914893724,1656565.0,183.0,23.9
15,440,Treino,2877.0,7.0,171.0,-0.0607548479888726,1656565.0,183.0,24.6
15,445,Treino,2872.0,7.0,171.0,3.973746776273361,1656565.0,183.0,25.3
15,450,Treino,2867.0,7.0,171.0,50.000000000000426,1656565.0,183.0,26.0
15,455,Treino,2862.0,0.0,164.0,0.0,1656565.0,183.0,26.0
15,460,Treino,2857.0,0.0,164.0,0.0,1656565.0,183.0,26.0
15,465,Treino,2852.0,0.0,164.0,0.0,1656565.0,183.0,26.0
15,470,Treino,2847.0,0.0,164.0,0.0,1656565.0,183.0,26.0
15,475,Treino,2842.0,0.0,164.0,0.0,1656565.0,183.0,26.0
15,480,Treino,2837.0,0.0,164.0,0.0,1656565.0,183.0,26.0
15,485,Treino,2832.0,0.0,164.0,0.0,1656565.0,183.0,26.0
15,490,Treino,2827.0,6.0,164.0,8.534487742830798,1656565.0,183.0,26.6
15,495,Treino,2822.0,6.0,164.0,0.9888715908435266,1656565.0,183.0,27.2
15,500,Treino,2817.0,6.0,164.0,-1.02135047281325,1656565.0,183.0,27.8
15,505,Treino,2812.0,6.0,164.0,-1.8142903587038983,1656565.0,183.0,28.4
15,510,Treino,2807.0,6.0,164.0,-2.0780056601200214,1656565.0,183.0,29.0
15,515,Treino,2802.0,6.0,164.0,-1.968696502812428,1656565.0,183.0,29.6
15,520,Treino,2797.0,6.0,164.0,-1.425365691489345,1656565.0,183.0,30.2
15,525,Treino,2792.0,6.0,164.0,-0.060754847988873,1656565.0,183.0,30.8
15,530,Treino,2787.0,6.0,164.0,3.973746776273374,1656565.0,183.0,31.4
15,535,Treino,2782.0,6.0,164.0,49.99999999999984,1656565.0,183.0,32.0
15,540,Treino,2777.0,0.0,158.0,0.0,1656565.0,183.0,32.0
15,545,Treino,2772.0,0.0,158.0,0.0,1656565.0,183.0,32.0
15,550,Treino,2767.0,0.0,158.0,0.0,1656565.0,183.0,32.0
15,555,Treino,2762.0,0.0,158.0,0.0,1656565.0,183.0,32.0
15,560,Treino,2757.0,0.0,158.0,0.0,1656565.0,183.0,32.0
15,565,Treino,2752.0,0.0,158.0,0.0,1656565.0,183.0,32.0
15,570,Treino,2747.0,0.0,158.0,0.0,1656565.0,183.0,32.0
15,575,Treino,2742.0,0.0,158.0,0.0,1656565.0,183.0,32.0
15,580,Treino,2737.0,2.0,158.0,5.7919621749411245,1656565.0,183.0,32.2
15,585,Treino,2732.0,2.0,158.0,0.4072473404254846,1656565.0,183.0,32.4
15,590,Treino,2727.0,2.0,158.0,-1.2411347517730256,1656565.0,183.0,32.6
15,595,Treino,2722.0,2.0,158.0,-1.900487588652503,1656565.0,183.0,32.8
15,600,Treino,2717.0,2.0,158.0,-2.085106382978723,1656565.0,183.0,33.0
15,605,Treino,2712.0,2.0,158.0,-1.900487588652503,1656565.0,183.0,33.2
15,610,Treino,2707.0,2.0,158.0,-1.2411347517730256,1656565.0,183.0,33.4
15,615,Treino,2702.0,2.0,158.0,0.4072473404254846,1656565.0,183.0,33.6
15,620,Treino,2697.0,2.0,158.0,5.791962174941121,1656565.0,183.0,33.8
15,625,Treino,2692.0,0.0,156.0,0.0,1656565.0,183.0,34.0
15,630,Treino,2687.0,0.0,156.0,0.0,1656565.0,183.0,34.0
15,635,Treino,2682.0,0.0,156.0,0.0,1656565.0,183.0,34.0
15,640,Treino,2677.0,0.0,156.0,0.0,1656565.0,183.0,34.0
15,645,Treino,2672.0,0.0,156.0,0.0,1656565.0,183.0,34.0
15,650,Treino,2667.0,0.0,156.0,0.0,1656565.0,183.0,34.0
15,655,Treino,2662.0,0.0,156.0,0.0,1656565.0,183.0,34.0
15,660,Treino,2657.0,0.0,156.0,0.0,1656565.0,183.0,34.0
15,665,Treino,2652.0,0.0,156.0,0.0,1656565.0,183.0,34.0
15,670,Treino,2647.0,0.0,156.0,0.0,1656565.0,183.0,34.0
15,675,Treino,2642.0,1.0,156.0,5.7919621749411245,1656565.0,183.0,34.1
15,680,Treino,2637.0,1.0,156.0,0.4072473404257208,1656565.0,183.0,34.2
15,685,Treino,2632.0,1.0,156.0,-1.2411347517731453,1656565.0,183.0,34.3
15,690,Treino,2627.0,1.0,156.0,-1.900487588652503,1656565.0,183.0,34.4
15,695,Treino,2622.0,1.0,156.0,-2.085106382978723,1656565.0,183.0,34.5
15,700,Treino,2617.0,1.0,156.0,-1.900487588652503,1656565.0,183.0,34.6
15,705,Treino,2612.0,1.0,156.0,-1.241134751773146,1656565.0,183.0,34.7
15,710,Treino,2607.0,1.0,156.0,0.4072473404257217,1656565.0,183.0,34.8
15,715,Treino,2602.0,1.0,156.0,5.791962174941121,1656565.0,183.0,34.9
15,720,Treino,2597.0,0.0,155.0,0.0,1656565.0,183.0,35.0
15,725,Treino,2592.0,0.0,155.0,0.0,1656565.0,183.0,35.0
15,730,Treino,2587.0,0.0,155.0,0.0,1656565.0,183.0,35.0
15,735,Treino,2582.0,0.0,155.0,0.0,1656565.0,183.0,35.0
15,740,Treino,2577.0,0.0,155.0,0.0,1656565.0,183.0,35.0
15,745,Treino,2572.0,0.0,155.0,0.0,1656565.0,183.0,35.0
15,750,Treino,2567.0,0.0,155.0,0.0,1656565.0,183.0,35.0
15,755,Treino,2562.0,8.0,155.0,13.124339821940636,1656565.0,183.0,35.8
15,760,Treino,2557.0,8.0,155.0,1.7259530141843946,1656565.0,183.0,36.6
15,765,Treino,2552.0,8.0,155.0,-0.7586145884018394,1656565.0,183.0,37.4
15,770,Treino,2547.0,8.0,155.0,-1.7081763445626448,1656565.0,183.0,38.2
15,775,Treino,2542.0,8.0,155.0,-2.056566279508001,1656565.0,183.0,39.0
15,780,Treino,2537.0,8.0,155.0,-2.020369922630564,1656565.0,183.0,39.8
15,785,Treino,2532.0,8.0,155.0,-1.5796260477111534,1656565.0,183.0,40.6
15,790,Treino,2527.0,8.0,155.0,-0.4429707913400311,1656565.0,183.0,41.4
15,795,Treino,2522.0,8.0,155.0,2.68431469569518,1656565.0,183.0,42.2
15,800,Treino,2517.0,8.0,155.0,22.33072916666676,1656565.0,183.0,43.0
15,805,Treino,2512.0,0.0,147.0,0.0,1656565.0,183.0,43.0
15,810,Treino,2507.0,0.0,147.0,0.0,1656565.0,183.0,43.0
15,815,Treino,2502.0,0.0,147.0,0.0,1656565.0,183.0,43.0
15,820,Treino,2497.0,0.0,147.0,0.0,1656565.0,183.0,43.0
15,825,Treino,2492.0,0.0,147.0,0.0,1656565.0,183.0,43.0
15,830,Treino,2487.0,0.0,147.0,0.0,1656565.0,183.0,43.0
15,835,Treino,2482.0,0.0,147.0,0.0,1656565.0,183.0,43.0
15,840,Treino,2477.0,0.0,147.0,0.0,1656565.0,183.0,43.0
15,845,Treino,2472.0,0.0,147.0,0.0,1656565.0,183.0,43.0
15,850,Treino,2467.0,1.0,147.0,8.534487742830082,1656565.0,183.0,43.1
15,855,Treino,2462.0,1.0,147.0,0.9888715908434368,1656565.0,183.0,43.2
15,860,Treino,2457.0,1.0,147.0,-1.0213504728132494,1656565.0,183.0,43.3
15,865,Treino,2452.0,1.0,147.0,-1.8142903587038768,1656565.0,183.0,43.4
15,870,Treino,2447.0,1.0,147.0,-2.0780056601200148,1656565.0,183.0,43.5
15,875,Treino,2442.0,1.0,147.0,-1.9686965028123875,1656565.0,183.0,43.6
15,880,Treino,2437.0,1.0,147.0,-1.4253656914893116,1656565.0,183.0,43.7
15,885,Treino,2432.0,1.0,147.0,-0.0607548479888753,1656565.0,183.0,43.8
15,890,Treino,2427.0,1.0,147.0,3.9737467762732255,1656565.0,183.0,43.9
15,895,Treino,2422.0,1.0,147.0,49.99999999999781,1656565.0,183.0,44.0
15,900,Treino,2417.0,0.0,146.0,0.0,1656565.0,183.0,44.0
15,905,Treino,2412.0,0.0,146.0,0.0,1656565.0,183.0,44.0
15,910,Treino,2407.0,0.0,146.0,0.0,1656565.0,183.0,44.0
15,915,Treino,2402.0,0.0,146.0,0.0,1656565.0,183.0,44.0
15,920,Treino,2397.0,0.0,146.0,0.0,1656565.0,183.0,44.0
15,925,Treino,2392.0,0.0,146.0,0.0,1656565.0,183.0,44.0
15,930,Treino,2387.0,0.0,146.0,0.0,1656565.0,183.0,44.0
15,935,Treino,2382.0,6.0,146.0,13.124339821940389,1656565.0,183.0,44.6
15,940,Treino,2377.0,6.0,146.0,1.725953014184367,1656565.0,183.0,45.2
15,945,Treino,2372.0,6.0,146.0,-0.7586145884018265,1656565.0,183.0,45.8
15,950,Treino,2367.0,6.0,146.0,-1.7081763445626443,1656565.0,183.0,46.4
15,955,Treino,2362.0,6.0,146.0,-2.056566279507998,1656565.0,183.0,47.0
15,960,Treino,2357.0,6.0,146.0,-2.020369922630556,1656565.0,183.0,47.6
15,965,Treino,2352.0,6.0,146.0,-1.579626047711145,1656565.0,183.0,48.2
15,970,Treino,2347.0,6.0,146.0,-0.4429707913400471,1656565.0,183.0,48.8
15,975,Treino,2342.0,6.0,146.0,2.684314695695188,1656565.0,183.0,49.4
15,980,Treino,2337.0,6.0,146.0,22.33072916666648,1656565.0,183.0,50.0
15,985,Treino,2332.0,0.0,140.0,0.0,1656565.0,183.0,50.0
15,990,Treino,2327.0,0.0,140.0,0.0,1656565.0,183.0,50.0
15,995,Treino,2322.0,0.0,140.0,0.0,1656565.0,183.0,50.0
15,1000,Treino,2317.0,0.0,140.0,0.0,1656565.0,183.0,50.0
15,1005,Treino,2312.0,0.0,140.0,0.0,1656565.0,183.0,50.0
15,1010,Treino,2307.0,0.0,140.0,0.0,1656565.0,183.0,50.0
15,1015,Treino,2302.0,3.0,140.0,9.214415148263344,1656565.0,183.0,50.3
15,1020,Treino,2297.0,5.0,140.0,1.2639907326474331,1656565.0,183.0,50.8
15,1025,Treino,2292.0,3.0,140.0,-0.751139535927825,1656565.0,183.0,51.1
15,1030,Treino,2287.0,5.0,140.0,-1.6502918790144694,1656565.0,183.0,51.6
15,1035,Treino,2282.0,5.0,140.0,-1.9617443186546464,1656565.0,183.0,52.1
15,1040,Treino,2277.0,5.0,140.0,-1.8780013720995028,1656565.0,183.0,52.6
15,1045,Treino,2272.0,5.0,140.0,-1.352977987900585,1656565.0,183.0,53.1
15,1050,Treino,2267.0,5.0,140.0,-0.0433541897592055,1656565.0,183.0,53.6
15,1055,Treino,2262.0,5.0,140.0,3.729977807435567,1656565.0,183.0,54.1
15,1060,Treino,2257.0,-1.0,137.0,4.737162671632442,1656565.0,183.0,54.6
15,1065,Treino,2252.0,0.0,137.0,12.86541012161975,1656565.0,183.0,54.8
15,1070,Treino,2247.0,0.0,137.0,17.037501964701327,1656565.0,183.0,54.8
15,1075,Treino,2242.0,0.0,136.0,15.0635106526731,1656565.0,183.0,55.0
15,1080,Treino,2237.0,0.0,136.0,15.0635106526731,1656565.0,183.0,55.0
15,1085,Treino,2232.0,0.0,136.0,15.0635106526731,1656565.0,183.0,55.0
15,1090,Treino,2227.0,0.0,136.0,15.0635106526731,1656565.0,183.0,55.0
15,1095,Treino,2222.0,0.0,136.0,24.5,1656565.0,183.0,55.0
15,1100,Treino,2217.0,4.0,135.0,11.813708005503823,1656565.0,183.0,55.4
15,1105,Treino,2212.0,4.0,135.0,1.561197552102409,1656565.0,183.0,55.8
15,1110,Treino,2207.0,4.0,135.0,-0.7816325679945377,1656565.0,183.0,56.2
15,1115,Treino,2202.0,4.0,135.0,-1.7113276268464406,1656565.0,183.0,56.6
15,1120,Treino,2197.0,4.0,135.0,-2.048158300688097,1656565.0,183.0,57.0
15,1125,Treino,2192.0,4.0,135.0,-2.000534882476868,1656565.0,183.0,57.4
15,1130,Treino,2187.0,4.0,135.0,-1.5421538495020977,1656565.0,183.0,57.8
15,1135,Treino,2182.0,4.0,135.0,-0.3659737282985631,1656565.0,183.0,58.2
15,1140,Treino,2177.0,4.0,135.0,2.905413544499842,1656565.0,183.0,58.6
15,1145,Treino,2172.0,3.0,135.0,24.54244693396676,1656565.0,183.0,59.0
15,1150,Treino,2167.0,0.0,131.0,0.0,1656565.0,183.0,59.0
15,1155,Treino,2162.0,0.0,131.0,0.0,1656565.0,183.0,59.0
15,1160,Treino,2157.0,0.0,131.0,0.0,1656565.0,183.0,59.0
15,1165,Treino,2152.0,0.0,131.0,0.0,1656565.0,183.0,59.0
15,1170,Treino,2147.0,0.0,131.0,0.0,1656565.0,183.0,59.0
15,1175,Treino,2142.0,0.0,131.0,0.0,1656565.0,183.0,59.0
15,1180,Treino,2137.0,0.0,131.0,0.0,1656565.0,183.0,59.0
15,1185,Treino,2132.0,0.0,131.0,0.0,1656565.0,183.0,59.0
15,1190,Treino,2127.0,0.0,131.0,0.0,1656565.0,183.0,59.0
15,1195,Treino,2122.0,6.0,131.0,5.79196217494094,1656565.0,183.0,59.6
15,1200,Treino,2117.0,6.0,131.0,0.4072473404255627,1656565.0,183.0,60.2
15,1205,Treino,2112.0,6.0,131.0,-1.2411347517730658,1656565.0,183.0,60.8
15,1210,Treino,2107.0,6.0,131.0,-1.9004875886524863,1656565.0,183.0,61.4
15,1215,Treino,2102.0,6.0,131.0,-2.085106382978723,1656565.0,183.0,62.0
15,1220,Treino,2097.0,6.0,131.0,-1.900487588652486,1656565.0,183.0,62.6
15,1225,Treino,2092.0,6.0,131.0,-1.2411347517730456,1656565.0,183.0,63.2
15,1230,Treino,2087.0,6.0,131.0,0.407247340425525,1656565.0,183.0,63.8
15,1235,Treino,2082.0,6.0,131.0,5.791962174940942,1656565.0,183.0,64.4
15,1240,Treino,2077.0,0.0,125.0,0.0,1656565.0,183.0,65.0
15,1245,Treino,2072.0,0.0,125.0,0.0,1656565.0,183.0,65.0
15,1250,Treino,2067.0,0.0,125.0,0.0,1656565.0,183.0,65.0
15,1255,Treino,2062.0,0.0,125.0,0.0,1656565.0,183.0,65.0
15,1260,Treino,2057.0,0.0,125.0,0.0,1656565.0,183.0,65.0
15,1265,Treino,2052.0,0.0,125.0,0.0,1656565.0,183.0,65.0
15,1270,Treino,2047.0,0.0,125.0,0.0,1656565.0,183.0,65.0
15,1275,Treino,2042.0,0.0,125.0,0.0,1656565.0,183.0,65.0
15,1280,Treino,2037.0,0.0,125.0,0.0,1656565.0,183.0,65.0
15,1285,Treino,2032.0,0.0,125.0,0.0,1656565.0,183.0,65.0
15,1290,Treino,2027.0,0.0,125.0,0.0,1656565.0,183.0,65.0
15,1295,Treino,2022.0,9.0,125.0,5.791962174940872,1656565.0,183.0,65.9
15,1300,Treino,2017.0,9.0,125.0,0.4072473404255374,1656565.0,183.0,66.8
15,1305,Treino,2012.0,9.0,125.0,-1.2411347517730524,1656565.0,183.0,67.7
15,1310,Treino,2007.0,9.0,125.0,-1.90048758865248,1656565.0,183.0,68.6
15,1315,Treino,2002.0,9.0,125.0,-2.085106382978723,1656565.0,183.0,69.5
15,1320,Treino,1997.0,9.0,125.0,-1.90048758865248,1656565.0,183.0,70.4
15,1325,Treino,1992.0,9.0,125.0,-1.2411347517730515,1656565.0,183.0,71.3
15,1330,Treino,1987.0,9.0,125.0,0.4072473404255357,1656565.0,183.0,72.2
15,1335,Treino,1982.0,9.0,125.0,5.791962174940869,1656565.0,183.0,73.1
15,1340,Treino,1977.0,0.0,116.0,0.0,1656565.0,183.0,74.0
15,1345,Treino,1972.0,0.0,116.0,0.0,1656565.0,183.0,74.0
15,1350,Treino,1967.0,0.0,116.0,0.0,1656565.0,183.0,74.0
15,1355,Treino,1962.0,0.0,116.0,0.0,1656565.0,183.0,74.0
15,1360,Treino,1957.0,0.0,116.0,0.0,1656565.0,183.0,74.0
15,1365,Treino,1952.0,0.0,116.0,0.0,1656565.0,183.0,74.0
15,1370,Treino,1947.0,0.0,116.0,0.0,1656565.0,183.0,74.0
15,1375,Treino,1942.0,0.0,116.0,0.0,1656565.0,183.0,74.0
15,1380,Treino,1937.0,0.0,116.0,0.0,1656565.0,183.0,74.0
15,1385,Treino,1932.0,0.0,116.0,0.0,1656565.0,183.0,74.0
15,1390,Treino,1927.0,6.0,116.0,13.124339821940556,1656565.0,183.0,74.6
15,1395,Treino,1922.0,6.0,116.0,1.7259530141844204,1656565.0,183.0,75.2
15,1400,Treino,1917.0,6.0,116.0,-0.7586145884018265,1656565.0,183.0,75.8
15,1405,Treino,1912.0,6.0,116.0,-1.7081763445626443,1656565.0,183.0,76.4
15,1410,Treino,1907.0,6.0,116.0,-2.056566279508001,1656565.0,183.0,77.0
15,1415,Treino,1902.0,6.0,116.0,-2.020369922630561,1656565.0,183.0,77.6
15,1420,Treino,1897.0,6.0,116.0,-1.579626047711162,1656565.0,183.0,78.2
15,1425,Treino,1892.0,6.0,116.0,-0.4429707913400471,1656565.0,183.0,78.8
15,1430,Treino,1887.0,6.0,116.0,2.684314695695188,1656565.0,183.0,79.4
15,1435,Treino,1882.0,6.0,116.0,22.330729166666742,1656565.0,183.0,80.0
15,1440,Treino,1877.0,0.0,110.0,0.0,1656565.0,183.0,80.0
15,1445,Treino,1872.0,0.0,110.0,0.0,1656565.0,183.0,80.0
15,1450,Treino,1867.0,0.0,110.0,0.0,1656565.0,183.0,80.0
15,1455,Treino,1862.0,0.0,110.0,0.0,1656565.0,183.0,80.0
15,1460,Treino,1857.0,0.0,110.0,0.0,1656565.0,183.0,80.0
15,1465,Treino,1852.0,0.0,110.0,0.0,1656565.0,183.0,80.0
15,1470,Treino,1847.0,0.0,110.0,0.0,1656565.0,183.0,80.0
15,1475,Treino,1842.0,0.0,110.0,0.0,1656565.0,183.0,80.0
15,1480,Treino,1837.0,0.0,110.0,0.0,1656565.0,183.0,80.0
15,1485,Treino,1832.0,5.0,110.0,22.33072916666661,1656565.0,183.0,80.5
15,1490,Treino,1827.0,5.0,110.0,2.6843146956951847,1656565.0,183.0,81.0
15,1495,Treino,1822.0,5.0,110.0,-0.4429707913400591,1656565.0,183.0,81.5
15,1500,Treino,1817.0,5.0,110.0,-1.5796260477111583,1656565.0,183.0,82.0
15,1505,Treino,1812.0,5.0,110.0,-2.020369922630562,1656565.0,183.0,82.5
15,1510,Treino,1807.0,5.0,110.0,-2.056566279507998,1656565.0,183.0,83.0
15,1515,Treino,1802.0,5.0,110.0,-1.7081763445626446,1656565.0,183.0,83.5
15,1520,Treino,1797.0,5.0,110.0,-0.7586145884018172,1656565.0,183.0,84.0
15,1525,Treino,1792.0,5.0,110.0,1.7259530141844088,1656565.0,183.0,84.5
15,1530,Treino,1787.0,5.0,110.0,13.124339821940584,1656565.0,183.0,85.0
15,1535,Treino,1782.0,0.0,105.0,0.0,1656565.0,183.0,85.0
15,1540,Treino,1777.0,0.0,105.0,0.0,1656565.0,183.0,85.0
15,1545,Treino,1772.0,0.0,105.0,0.0,1656565.0,183.0,85.0
15,1550,Treino,1767.0,0.0,105.0,0.0,1656565.0,183.0,85.0
15,1555,Treino,1762.0,0.0,105.0,0.0,1656565.0,183.0,85.0
15,1560,Treino,1757.0,0.0,105.0,0.0,1656565.0,183.0,85.0
15,1565,Treino,1752.0,0.0,105.0,0.0,1656565.0,183.0,85.0
15,1570,Treino,1747.0,0.0,105.0,0.0,1656565.0,183.0,85.0
15,1575,Treino,1742.0,0.0,105.0,0.0,1656565.0,183.0,85.0
15,1580,Treino,1737.0,0.0,105.0,0.0,1656565.0,183.0,85.0
15,1585,Treino,1732.0,1.0,105.0,13.124339821940389,1656565.0,183.0,85.1
15,1590,Treino,1727.0,1.0,105.0,1.7259530141844728,1656565.0,183.0,85.2
15,1595,Treino,1722.0,1.0,105.0,-0.7586145884018789,1656565.0,183.0,85.3
15,1600,Treino,1717.0,1.0,105.0,-1.7081763445626448,1656565.0,183.0,85.4
15,1605,Treino,1712.0,1.0,105.0,-2.056566279507991,1656565.0,183.0,85.5
15,1610,Treino,1707.0,1.0,105.0,-2.020369922630556,1656565.0,183.0,85.6
15,1615,Treino,1702.0,1.0,105.0,-1.579626047711176,1656565.0,183.0,85.7
15,1620,Treino,1697.0,1.0,105.0,-0.4429707913399876,1656565.0,183.0,85.8
15,1625,Treino,1692.0,1.0,105.0,2.68431469569518,1656565.0,183.0,85.9
15,1630,Treino,1687.0,1.0,105.0,22.330729166666003,1656565.0,183.0,86.0
15,1635,Treino,1682.0,0.0,104.0,0.0,1656565.0,183.0,86.0
15,1640,Treino,1677.0,0.0,104.0,0.0,1656565.0,183.0,86.0
15,1645,Treino,1672.0,0.0,104.0,0.0,1656565.0,183.0,86.0
15,1650,Treino,1667.0,0.0,104.0,0.0,1656565.0,183.0,86.0
15,1655,Treino,1662.0,0.0,104.0,0.0,1656565.0,183.0,86.0
15,1660,Treino,1657.0,0.0,104.0,0.0,1656565.0,183.0,86.0
15,1665,Treino,1652.0,0.0,104.0,0.0,1656565.0,183.0,86.0
15,1670,Treino,1647.0,9.0,104.0,22.330729166666675,1656565.0,183.0,86.9
15,1675,Treino,1642.0,9.0,104.0,2.6843146956951847,1656565.0,183.0,87.8
15,1680,Treino,1637.0,9.0,104.0,-0.4429707913400471,1656565.0,183.0,88.7
15,1685,Treino,1632.0,9.0,104.0,-1.579626047711156,1656565.0,183.0,89.6
15,1690,Treino,1627.0,9.0,104.0,-2.020369922630559,1656565.0,183.0,90.5
15,1695,Treino,1622.0,9.0,104.0,-2.0565662795080004,1656565.0,183.0,91.4
15,1700,Treino,1617.0,9.0,104.0,-1.7081763445626434,1656565.0,183.0,92.3
15,1705,Treino,1612.0,9.0,104.0,-0.7586145884018252,1656565.0,183.0,93.2
15,1710,Treino,1607.0,9.0,104.0,1.7259530141844035,1656565.0,183.0,94.1
15,1715,Treino,1602.0,9.0,104.0,13.1243398219405,1656565.0,183.0,95.0
15,1720,Treino,1597.0,0.0,95.0,0.0,1656565.0,183.0,95.0
15,1725,Treino,1592.0,0.0,95.0,0.0,1656565.0,183.0,95.0
15,1730,Treino,1587.0,0.0,95.0,0.0,1656565.0,183.0,95.0
15,1735,Treino,1582.0,0.0,95.0,0.0,1656565.0,183.0,95.0
15,1740,Treino,1577.0,0.0,95.0,0.0,1656565.0,183.0,95.0
15,1745,Treino,1572.0,0.0,95.0,0.0,1656565.0,183.0,95.0
15,1750,Treino,1567.0,0.0,95.0,0.0,1656565.0,183.0,95.0
15,1755,Treino,1562.0,0.0,95.0,0.0,1656565.0,183.0,95.0
15,1760,Treino,1557.0,0.0,95.0,0.0,1656565.0,183.0,95.0
15,1765,Treino,1552.0,5.0,95.0,22.33072916666661,1656565.0,183.0,95.5
15,1770,Treino,1547.0,5.0,95.0,2.6843146956951847,1656565.0,183.0,96.0
15,1775,Treino,1542.0,5.0,95.0,-0.4429707913400591,1656565.0,183.0,96.5
15,1780,Treino,1537.0,5.0,95.0,-1.5796260477111583,1656565.0,183.0,97.0
15,1785,Treino,1532.0,5.0,95.0,-2.020369922630562,1656565.0,183.0,97.5
15,1790,Treino,1527.0,5.0,95.0,-2.056566279507998,1656565.0,183.0,98.0
15,1795,Treino,1522.0,5.0,95.0,-1.7081763445626446,1656565.0,183.0,98.5
15,1800,Treino,1517.0,5.0,95.0,-0.7586145884018172,1656565.0,183.0,99.0
15,1805,Treino,1512.0,5.0,95.0,1.7259530141844088,1656565.0,183.0,99.5
15,1810,Treino,1507.0,5.0,95.0,13.124339821940584,1656565.0,183.0,100.0
15,1815,Treino,1502.0,0.0,90.0,0.0,1656565.0,183.0,100.0
15,1820,Treino,1497.0,0.0,90.0,0.0,1656565.0,183.0,100.0
15,1825,Treino,1492.0,0.0,90.0,0.0,1656565.0,183.0,100.0
15,1830,Treino,1487.0,0.0,90.0,0.0,1656565.0,183.0,100.0
15,1835,Treino,1482.0,0.0,90.0,0.0,1656565.0,183.0,100.0
15,1840,Treino,1477.0,0.0,90.0,0.0,1656565.0,183.0,100.0
15,1845,Treino,1472.0,0.0,90.0,0.0,1656565.0,183.0,100.0
15,1850,Treino,1467.0,0.0,90.0,0.0,1656565.0,183.0,100.0
15,1855,Treino,1462.0,4.0,90.0,13.124339821940636,1656565.0,183.0,100.4
15,1860,Treino,1457.0,4.0,90.0,1.7259530141843946,1656565.0,183.0,100.8
15,1865,Treino,1452.0,4.0,90.0,-0.7586145884018394,1656565.0,183.0,101.2
15,1870,Treino,1447.0,4.0,90.0,-1.7081763445626448,1656565.0,183.0,101.6
15,1875,Treino,1442.0,4.0,90.0,-2.056566279508001,1656565.0,183.0,102.0
15,1880,Treino,1437.0,4.0,90.0,-2.020369922630564,1656565.0,183.0,102.4
15,1885,Treino,1432.0,4.0,90.0,-1.5796260477111534,1656565.0,183.0,102.8
15,1890,Treino,1427.0,4.0,90.0,-0.4429707913400311,1656565.0,183.0,103.2
15,1895,Treino,1422.0,4.0,90.0,2.68431469569518,1656565.0,183.0,103.6
15,1900,Treino,1417.0,4.0,90.0,22.33072916666676,1656565.0,183.0,104.0
15,1905,Treino,1412.0,0.0,86.0,0.0,1656565.0,183.0,104.0
15,1910,Treino,1407.0,0.0,86.0,0.0,1656565.0,183.0,104.0
15,1915,Treino,1402.0,0.0,86.0,0.0,1656565.0,183.0,104.0
15,1920,Treino,1397.0,0.0,86.0,0.0,1656565.0,183.0,104.0
15,1925,Treino,1392.0,0.0,86.0,0.0,1656565.0,183.0,104.0
15,1930,Treino,1387.0,0.0,86.0,0.0,1656565.0,183.0,104.0
15,1935,Treino,1382.0,0.0,86.0,0.0,1656565.0,183.0,104.0
15,1940,Treino,1377.0,0.0,86.0,0.0,1656565.0,183.0,104.0
15,1945,Treino,1372.0,0.0,86.0,0.0,1656565.0,183.0,104.0
15,1950,Treino,1367.0,0.0,86.0,0.0,1656565.0,183.0,104.0
15,1955,Treino,1362.0,4.0,86.0,5.791962174940842,1656565.0,183.0,104.4
15,1960,Treino,1357.0,4.0,86.0,0.4072473404255436,1656565.0,183.0,104.8
15,1965,Treino,1352.0,4.0,86.0,-1.143787368915282,1656565.0,183.0,105.2
15,1970,Treino,1347.0,4.0,86.0,-1.8490293065425083,1656565.0,183.0,105.6
15,1975,Treino,1342.0,4.0,86.0,-2.05929848172304,1656565.0,183.0,106.0
15,1980,Treino,1337.0,4.0,86.0,-1.896065610576637,1656565.0,183.0,106.4
15,1985,Treino,1332.0,4.0,86.0,-1.266141305416182,1656565.0,183.0,106.8
15,1990,Treino,1327.0,3.0,86.0,0.2680597596326537,1656565.0,183.0,107.1
15,1995,Treino,1322.0,4.0,86.0,5.121808016153299,1656565.0,183.0,107.5
15,2000,Treino,1317.0,0.0,83.0,13.124339821940382,1656565.0,183.0,107.9
15,2005,Treino,1312.0,0.0,83.0,13.124339821940382,1656565.0,183.0,107.9
15,2010,Treino,1307.0,1.0,83.0,8.534487742830796,1656565.0,183.0,107.9
15,2015,Treino,1302.0,0.0,83.0,22.330729166666003,1656565.0,183.0,107.9
15,2020,Treino,1297.0,0.0,83.0,22.330729166666003,1656565.0,183.0,107.9
15,2025,Treino,1292.0,0.0,83.0,22.330729166666003,1656565.0,183.0,107.9
15,2030,Treino,1287.0,0.0,83.0,22.330729166666003,1656565.0,183.0,107.9
15,2035,Treino,1282.0,5.0,83.0,8.108069230601853,1656565.0,183.0,108.4
15,2040,Treino,1277.0,5.0,83.0,0.959709704006614,1656565.0,183.0,109.0
15,2045,Treino,1272.0,5.0,83.0,-1.022906049217169,1656565.0,183.0,109.5
15,2050,Treino,1267.0,5.0,83.0,-1.8052373082887727,1656565.0,183.0,110.0
15,2055,Treino,1262.0,6.0,83.0,-2.06105661186174,1656565.0,183.0,110.5
15,2060,Treino,1257.0,5.0,82.0,-1.9686965028124204,1656565.0,183.0,111.0
15,2065,Treino,1252.0,5.0,82.0,-1.4253656914893538,1656565.0,183.0,111.5
15,2070,Treino,1247.0,5.0,82.0,-0.0607548479888726,1656565.0,183.0,112.0
15,2075,Treino,1242.0,5.0,82.0,3.9737467762734138,1656565.0,183.0,112.5
15,2080,Treino,1237.0,5.0,82.0,50.00000000000024,1656565.0,183.0,113.0
15,2085,Treino,1232.0,0.0,77.0,0.0,1656565.0,183.0,113.0
15,2090,Treino,1227.0,0.0,77.0,0.0,1656565.0,183.0,113.0
15,2095,Treino,1222.0,0.0,77.0,0.0,1656565.0,183.0,113.0
15,2100,Treino,1217.0,0.0,77.0,0.0,1656565.0,183.0,113.0
15,2105,Treino,1212.0,0.0,77.0,0.0,1656565.0,183.0,113.0
15,2110,Treino,1207.0,0.0,77.0,0.0,1656565.0,183.0,113.0
15,2115,Treino,1202.0,6.0,77.0,13.124339821940556,1656565.0,183.0,113.6
15,2120,Treino,1197.0,6.0,77.0,1.7259530141844204,1656565.0,183.0,114.2
15,2125,Treino,1192.0,6.0,77.0,-0.7586145884018265,1656565.0,183.0,114.8
15,2130,Treino,1187.0,6.0,77.0,-1.7081763445626443,1656565.0,183.0,115.4
15,2135,Treino,1182.0,6.0,77.0,-2.056566279508001,1656565.0,183.0,116.0
15,2140,Treino,1177.0,6.0,77.0,-2.020369922630561,1656565.0,183.0,116.6
15,2145,Treino,1172.0,6.0,77.0,-1.579626047711162,1656565.0,183.0,117.2
15,2150,Treino,1167.0,6.0,77.0,-0.4429707913400471,1656565.0,183.0,117.8
15,2155,Treino,1162.0,6.0,77.0,2.684314695695188,1656565.0,183.0,118.4
15,2160,Treino,1157.0,6.0,77.0,22.330729166666742,1656565.0,183.0,119.0
15,2165,Treino,1152.0,0.0,71.0,0.0,1656565.0,183.0,119.0
15,2170,Treino,1147.0,0.0,71.0,0.0,1656565.0,183.0,119.0
15,2175,Treino,1142.0,0.0,71.0,0.0,1656565.0,183.0,119.0
15,2180,Treino,1137.0,0.0,71.0,0.0,1656565.0,183.0,119.0
15,2185,Treino,1132.0,0.0,71.0,0.0,1656565.0,183.0,119.0
15,2190,Treino,1127.0,0.0,71.0,0.0,1656565.0,183.0,119.0
15,2195,Treino,1122.0,0.0,71.0,0.0,1656565.0,183.0,119.0
15,2200,Treino,1117.0,0.0,71.0,0.0,1656565.0,183.0,119.0
15,2205,Treino,1112.0,3.0,71.0,22.330729166666515,1656565.0,183.0,119.3
15,2210,Treino,1107.0,3.0,71.0,2.6843146956951847,1656565.0,183.0,119.6
15,2215,Treino,1102.0,3.0,71.0,-0.4429707913400476,1656565.0,183.0,119.9
15,2220,Treino,1097.0,3.0,71.0,-1.5796260477111457,1656565.0,183.0,120.2
15,2225,Treino,1092.0,3.0,71.0,-2.020369922630556,1656565.0,183.0,120.5
15,2230,Treino,1087.0,3.0,71.0,-2.056566279507998,1656565.0,183.0,120.8
15,2235,Treino,1082.0,3.0,71.0,-1.7081763445626443,1656565.0,183.0,121.1
15,2240,Treino,1077.0,3.0,71.0,-0.7586145884018265,1656565.0,183.0,121.4
15,2245,Treino,1072.0,3.0,71.0,1.7259530141843695,1656565.0,183.0,121.7
15,2250,Treino,1067.0,3.0,71.0,13.124339821940382,1656565.0,183.0,122.0
15,2255,Treino,1062.0,0.0,68.0,0.0,1656565.0,183.0,122.0
15,2260,Treino,1057.0,0.0,68.0,0.0,1656565.0,183.0,122.0
15,2265,Treino,1052.0,0.0,68.0,0.0,1656565.0,183.0,122.0
15,2270,Treino,1047.0,0.0,68.0,0.0,1656565.0,183.0,122.0
15,2275,Treino,1042.0,0.0,68.0,0.0,1656565.0,183.0,122.0
15,2280,Treino,1037.0,0.0,68.0,0.0,1656565.0,183.0,122.0
15,2285,Treino,1032.0,0.0,68.0,0.0,1656565.0,183.0,122.0
15,2290,Treino,1027.0,0.0,68.0,0.0,1656565.0,183.0,122.0
15,2295,Treino,1022.0,0.0,68.0,0.0,1656565.0,183.0,122.0
15,2300,Treino,1017.0,0.0,68.0,0.0,1656565.0,183.0,122.0
15,2305,Treino,1012.0,5.0,68.0,8.534487742830652,1656565.0,183.0,122.5
15,2310,Treino,1007.0,5.0,68.0,0.988871590843546,1656565.0,183.0,123.0
15,2315,Treino,1002.0,5.0,68.0,-1.021350472813249,1656565.0,183.0,123.5
15,2320,Treino,997.0,5.0,68.0,-1.8142903587039023,1656565.0,183.0,124.0
15,2325,Treino,992.0,5.0,68.0,-2.0780056601200227,1656565.0,183.0,124.5
15,2330,Treino,987.0,5.0,68.0,-1.9686965028124204,1656565.0,183.0,125.0
15,2335,Treino,982.0,5.0,68.0,-1.4253656914893538,1656565.0,183.0,125.5
15,2340,Treino,977.0,5.0,68.0,-0.0607548479888726,1656565.0,183.0,126.0
15,2345,Treino,972.0,5.0,68.0,3.973746776273359,1656565.0,183.0,126.5
15,2350,Treino,967.0,5.0,68.0,49.99999999999987,1656565.0,183.0,127.0
15,2355,Treino,962.0,0.0,63.0,0.0,1656565.0,183.0,127.0
15,2360,Treino,957.0,0.0,63.0,0.0,1656565.0,183.0,127.0
15,2365,Treino,952.0,0.0,63.0,0.0,1656565.0,183.0,127.0
15,2370,Treino,947.0,0.0,63.0,0.0,1656565.0,183.0,127.0
15,2375,Treino,942.0,0.0,63.0,0.0,1656565.0,183.0,127.0
15,2380,Treino,937.0,0.0,63.0,0.0,1656565.0,183.0,127.0
15,2385,Treino,932.0,0.0,63.0,0.0,1656565.0,183.0,127.0
15,2390,Treino,927.0,0.0,63.0,0.0,1656565.0,183.0,127.0
15,2395,Treino,922.0,0.0,63.0,0.0,1656565.0,183.0,127.0
15,2400,Treino,917.0,0.0,63.0,0.0,1656565.0,183.0,127.0
15,2405,Treino,912.0,7.0,63.0,5.791962174940883,1656565.0,183.0,127.7
15,2410,Treino,907.0,7.0,63.0,0.4072473404255361,1656565.0,183.0,128.4
15,2415,Treino,902.0,7.0,63.0,-1.241134751773051,1656565.0,183.0,129.1
15,2420,Treino,897.0,7.0,63.0,-1.9004875886524808,1656565.0,183.0,129.8
15,2425,Treino,892.0,7.0,63.0,-2.085106382978723,1656565.0,183.0,130.5
15,2430,Treino,887.0,7.0,63.0,-1.9004875886524808,1656565.0,183.0,131.2
15,2435,Treino,882.0,7.0,63.0,-1.241134751773051,1656565.0,183.0,131.9
15,2440,Treino,877.0,7.0,63.0,0.4072473404255374,1656565.0,183.0,132.6
15,2445,Treino,872.0,7.0,63.0,5.791962174940887,1656565.0,183.0,133.3
15,2450,Treino,867.0,0.0,56.0,0.0,1656565.0,183.0,134.0
15,2455,Treino,862.0,0.0,56.0,0.0,1656565.0,183.0,134.0
15,2460,Treino,857.0,0.0,56.0,0.0,1656565.0,183.0,134.0
15,2465,Treino,852.0,0.0,56.0,0.0,1656565.0,183.0,134.0
15,2470,Treino,847.0,0.0,56.0,0.0,1656565.0,183.0,134.0
15,2475,Treino,842.0,0.0,56.0,0.0,1656565.0,183.0,134.0
15,2480,Treino,837.0,0.0,56.0,0.0,1656565.0,183.0,134.0
15,2485,Treino,832.0,0.0,56.0,0.0,1656565.0,183.0,134.0
15,2490,Treino,827.0,0.0,56.0,0.0,1656565.0,183.0,134.0
15,2495,Treino,822.0,0.0,56.0,0.0,1656565.0,183.0,134.0
15,2500,Treino,817.0,2.0,56.0,8.534487742830796,1656565.0,183.0,134.2
15,2505,Treino,812.0,2.0,56.0,0.9888715908435736,1656565.0,183.0,134.4
15,2510,Treino,807.0,2.0,56.0,-1.0213504728132494,1656565.0,183.0,134.6
15,2515,Treino,802.0,2.0,56.0,-1.814290358703893,1656565.0,183.0,134.8
15,2520,Treino,797.0,2.0,56.0,-2.078005660120022,1656565.0,183.0,135.0
15,2525,Treino,792.0,2.0,56.0,-1.968696502812428,1656565.0,183.0,135.2
15,2530,Treino,787.0,2.0,56.0,-1.4253656914893644,1656565.0,183.0,135.4
15,2535,Treino,782.0,2.0,56.0,-0.0607548479888753,1656565.0,183.0,135.6
15,2540,Treino,777.0,2.0,56.0,3.973746776273343,1656565.0,183.0,135.8
15,2545,Treino,772.0,2.0,56.0,50.00000000000013,1656565.0,183.0,136.0
15,2550,Treino,767.0,0.0,54.0,0.0,1656565.0,183.0,136.0
15,2555,Treino,762.0,0.0,54.0,0.0,1656565.0,183.0,136.0
15,2560,Treino,757.0,0.0,54.0,0.0,1656565.0,183.0,136.0
15,2565,Treino,752.0,0.0,54.0,0.0,1656565.0,183.0,136.0
15,2570,Treino,747.0,0.0,54.0,0.0,1656565.0,183.0,136.0
15,2575,Treino,742.0,0.0,54.0,0.0,1656565.0,183.0,136.0
15,2580,Treino,737.0,0.0,54.0,0.0,1656565.0,183.0,136.0
15,2585,Treino,732.0,0.0,54.0,0.0,1656565.0,183.0,136.0
15,2590,Treino,727.0,-2.0,56.0,50.0000000000001,1656565.0,183.0,135.8
15,2595,Treino,722.0,4.0,56.0,7.50739498170914,1656565.0,183.0,136.2
15,2600,Treino,717.0,4.0,56.0,0.9041130587357972,1656565.0,183.0,136.6
15,2605,Treino,712.0,4.0,56.0,-0.970180228471548,1656565.0,183.0,137.0
15,2610,Treino,707.0,4.0,56.0,-1.7070023931085092,1656565.0,183.0,137.4
15,2615,Treino,702.0,4.0,56.0,-1.9226428836777192,1656565.0,183.0,137.8
15,2620,Treino,697.0,4.0,56.0,-1.7475307545940808,1656565.0,183.0,138.2
15,2625,Treino,692.0,4.0,56.0,-1.137004176432494,1656565.0,183.0,138.6
15,2630,Treino,687.0,4.0,56.0,0.3904600777250802,1656565.0,183.0,139.0
15,2635,Treino,682.0,4.0,56.0,4.871149678116289,1656565.0,183.0,139.4
15,2640,Treino,677.0,3.0,54.0,26.46888550425077,1656565.0,183.0,139.9
15,2645,Treino,672.0,0.0,52.0,22.599682602658305,1656565.0,183.0,139.9
15,2650,Treino,667.0,0.0,52.0,22.599682602658305,1656565.0,183.0,139.9
15,2655,Treino,662.0,0.0,52.0,22.599682602658305,1656565.0,183.0,139.9
15,2660,Treino,657.0,0.0,52.0,22.599682602658305,1656565.0,183.0,139.9
15,2665,Treino,652.0,0.0,52.0,22.599682602658305,1656565.0,183.0,139.9
15,2670,Treino,647.0,0.0,52.0,22.5996826026583,1656565.0,183.0,139.9
15,2675,Treino,642.0,0.0,51.0,22.33072916666676,1656565.0,183.0,139.9
15,2680,Treino,637.0,0.0,51.0,22.33072916666676,1656565.0,183.0,139.9
15,2685,Treino,632.0,0.0,51.0,22.33072916666676,1656565.0,183.0,139.9
15,2690,Treino,627.0,0.0,52.0,50.000000000000114,1656565.0,183.0,140.0
15,2695,Treino,622.0,7.0,52.0,8.297345501943633,1656565.0,183.0,140.7
15,2700,Treino,617.0,6.0,52.0,1.0848352587142722,1656565.0,183.0,141.3
15,2705,Treino,612.0,7.0,52.0,-0.9179347134324192,1656565.0,183.0,142.0
15,2710,Treino,607.0,6.0,52.0,-1.7102171985815593,1656565.0,183.0,142.6
15,2715,Treino,602.0,6.0,52.0,-1.974466820148253,1656565.0,183.0,143.2
15,2720,Treino,597.0,6.0,52.0,-1.860926418439716,1656565.0,183.0,143.8
15,2725,Treino,592.0,6.0,52.0,-1.3029134751773015,1656565.0,183.0,144.4
15,2730,Treino,587.0,6.0,52.0,0.0970877659574407,1656565.0,183.0,145.0
15,2735,Treino,582.0,6.0,52.0,4.198487137521503,1656565.0,183.0,145.6
15,2740,Treino,577.0,6.0,50.0,35.21608211990424,1656565.0,183.0,146.2
15,2745,Treino,572.0,-1.0,44.0,2.684314695695181,1656565.0,183.0,146.1
15,2750,Treino,567.0,0.0,44.0,8.534487742830796,1656565.0,183.0,146.1
15,2755,Treino,562.0,-1.0,44.0,49.99999999999929,1656565.0,183.0,146.0
15,2760,Treino,557.0,0.0,44.0,0.0,1656565.0,183.0,146.0
15,2765,Treino,552.0,0.0,44.0,0.0,1656565.0,183.0,146.0
15,2770,Treino,547.0,0.0,44.0,0.0,1656565.0,183.0,146.0
15,2775,Treino,542.0,0.0,44.0,0.0,1656565.0,183.0,146.0
15,2780,Treino,537.0,6.0,44.0,5.791962174940888,1656565.0,183.0,146.6
15,2785,Treino,532.0,6.0,44.0,0.4072473404255241,1656565.0,183.0,147.2
15,2790,Treino,527.0,6.0,44.0,-1.2411347517730456,1656565.0,183.0,147.8
15,2795,Treino,522.0,6.0,44.0,-1.9004875886524817,1656565.0,183.0,148.4
15,2800,Treino,517.0,6.0,44.0,-2.085106382978723,1656565.0,183.0,149.0
15,2805,Treino,512.0,6.0,44.0,-1.900487588652481,1656565.0,183.0,149.6
15,2810,Treino,507.0,6.0,44.0,-1.2411347517730456,1656565.0,183.0,150.2
15,2815,Treino,502.0,6.0,44.0,0.407247340425525,1656565.0,183.0,150.8
15,2820,Treino,497.0,6.0,44.0,5.791962174940883,1656565.0,183.0,151.4
15,2825,Treino,492.0,0.0,38.0,0.0,1656565.0,183.0,152.0
15,2830,Treino,487.0,0.0,38.0,0.0,1656565.0,183.0,152.0
15,2835,Treino,482.0,0.0,38.0,0.0,1656565.0,183.0,152.0
15,2840,Treino,477.0,0.0,38.0,0.0,1656565.0,183.0,152.0
15,2845,Treino,472.0,0.0,38.0,0.0,1656565.0,183.0,152.0
15,2850,Treino,467.0,0.0,38.0,0.0,1656565.0,183.0,152.0
15,2855,Treino,462.0,0.0,38.0,0.0,1656565.0,183.0,152.0
15,2860,Treino,457.0,0.0,38.0,0.0,1656565.0,183.0,152.0
15,2865,Treino,452.0,0.0,38.0,0.0,1656565.0,183.0,152.0
15,2870,Treino,447.0,0.0,38.0,0.0,1656565.0,183.0,152.0
15,2875,Treino,442.0,3.0,38.0,8.53448774283068,1656565.0,183.0,152.3
15,2880,Treino,437.0,3.0,38.0,0.9888715908435736,1656565.0,183.0,152.6
15,2885,Treino,432.0,3.0,38.0,-1.02135047281325,1656565.0,183.0,152.9
15,2890,Treino,427.0,3.0,38.0,-1.8142903587038983,1656565.0,183.0,153.2
15,2895,Treino,422.0,3.0,38.0,-2.0780056601200214,1656565.0,183.0,153.5
15,2900,Treino,417.0,3.0,38.0,-1.9686965028124213,1656565.0,183.0,153.8
15,2905,Treino,412.0,3.0,38.0,-1.4253656914893638,1656565.0,183.0,154.1
15,2910,Treino,407.0,3.0,38.0,-0.060754847988873,1656565.0,183.0,154.4
15,2915,Treino,402.0,3.0,38.0,3.973746776273374,1656565.0,183.0,154.7
15,2920,Treino,397.0,3.0,38.0,49.99999999999984,1656565.0,183.0,155.0
15,2925,Treino,392.0,0.0,35.0,0.0,1656565.0,183.0,155.0
15,2930,Treino,387.0,0.0,35.0,0.0,1656565.0,183.0,155.0
15,2935,Treino,382.0,0.0,35.0,0.0,1656565.0,183.0,155.0
15,2940,Treino,377.0,0.0,35.0,0.0,1656565.0,183.0,155.0
15,2945,Treino,372.0,0.0,35.0,0.0,1656565.0,183.0,155.0
15,2950,Treino,367.0,0.0,35.0,0.0,1656565.0,183.0,155.0
15,2955,Treino,362.0,9.0,35.0,22.330729166666675,1656565.0,183.0,155.9
15,2960,Treino,357.0,9.0,35.0,2.684314695695207,1656565.0,183.0,156.8
15,2965,Treino,352.0,9.0,35.0,-0.4429707913400471,1656565.0,183.0,157.7
15,2970,Treino,347.0,9.0,35.0,-1.579626047711153,1656565.0,183.0,158.6
15,2975,Treino,342.0,9.0,35.0,-2.0203699226305614,1656565.0,183.0,159.5
15,2980,Treino,337.0,9.0,35.0,-2.0565662795080004,1656565.0,183.0,160.4
15,2985,Treino,332.0,9.0,35.0,-1.7081763445626468,1656565.0,183.0,161.3
15,2990,Treino,327.0,9.0,35.0,-0.7586145884018229,1656565.0,183.0,162.2
15,2995,Treino,322.0,9.0,35.0,1.725953014184391,1656565.0,183.0,163.1
15,3000,Treino,317.0,9.0,35.0,13.124339821940543,1656565.0,183.0,164.0
15,3005,Treino,312.0,0.0,26.0,0.0,1656565.0,183.0,164.0
15,3010,Treino,307.0,0.0,26.0,0.0,1656565.0,183.0,164.0
15,3015,Treino,302.0,0.0,26.0,0.0,1656565.0,183.0,164.0
15,3020,Treino,297.0,0.0,26.0,0.0,1656565.0,183.0,164.0
15,3025,Treino,292.0,0.0,26.0,0.0,1656565.0,183.0,164.0
15,3030,Treino,287.0,0.0,26.0,0.0,1656565.0,183.0,164.0
15,3035,Treino,282.0,0.0,26.0,0.0,1656565.0,183.0,164.0
15,3040,Treino,277.0,0.0,26.0,0.0,1656565.0,183.0,164.0
15,3045,Treino,272.0,3.0,26.0,22.33072916666663,1656565.0,183.0,164.3
15,3050,Treino,267.0,3.0,26.0,2.6843146956951847,1656565.0,183.0,164.6
15,3055,Treino,262.0,3.0,26.0,-0.4429707913400476,1656565.0,183.0,164.9
15,3060,Treino,257.0,3.0,26.0,-1.579626047711153,1656565.0,183.0,165.2
15,3065,Treino,252.0,3.0,26.0,-2.020369922630561,1656565.0,183.0,165.5
15,3070,Treino,247.0,3.0,26.0,-2.056566279508,1656565.0,183.0,165.8
15,3075,Treino,242.0,3.0,26.0,-1.7081763445626443,1656565.0,183.0,166.1
15,3080,Treino,237.0,3.0,26.0,-0.7586145884018265,1656565.0,183.0,166.4
15,3085,Treino,232.0,3.0,26.0,1.7259530141843935,1656565.0,183.0,166.7
15,3090,Treino,227.0,3.0,26.0,13.124339821940566,1656565.0,183.0,167.0
15,3095,Treino,222.0,0.0,23.0,0.0,1656565.0,183.0,167.0
15,3100,Treino,217.0,0.0,23.0,0.0,1656565.0,183.0,167.0
15,3105,Treino,212.0,0.0,23.0,0.0,1656565.0,183.0,167.0
15,3110,Treino,207.0,0.0,23.0,0.0,1656565.0,183.0,167.0
15,3115,Treino,202.0,0.0,23.0,0.0,1656565.0,183.0,167.0
15,3120,Treino,197.0,0.0,23.0,0.0,1656565.0,183.0,167.0
15,3125,Treino,192.0,0.0,23.0,0.0,1656565.0,183.0,167.0
15,3130,Treino,187.0,0.0,23.0,0.0,1656565.0,183.0,167.0
15,3135,Treino,182.0,0.0,23.0,0.0,1656565.0,183.0,167.0
15,3140,Treino,177.0,0.0,23.0,0.0,1656565.0,183.0,167.0
15,3145,Treino,172.0,6.0,23.0,22.33072916666669,1656565.0,183.0,167.6
15,3150,Treino,167.0,6.0,23.0,2.87603631414076,1656565.0,183.0,168.2
15,3155,Treino,162.0,6.0,23.0,-0.2919913271783754,1656565.0,183.0,168.8
15,3160,Treino,157.0,5.0,23.0,-1.4163301512095106,1656565.0,183.0,169.3
15,3165,Treino,152.0,5.0,23.0,-1.8818691999902213,1656565.0,183.0,169.8
15,3170,Treino,147.0,5.0,23.0,-1.970447203478284,1656565.0,183.0,170.3
15,3175,Treino,142.0,4.0,23.0,-1.6820774930698867,1656565.0,183.0,170.7
15,3180,Treino,137.0,4.0,23.0,-0.9060988529901048,1656565.0,183.0,171.1
15,3185,Treino,132.0,5.0,23.0,1.0414348514155105,1656565.0,183.0,171.6
15,3190,Treino,127.0,5.0,23.0,7.561829774324014,1656565.0,183.0,172.1
15,3195,Treino,122.0,-2.0,19.0,-0.1158392434988178,1656565.0,183.0,171.9
15,3200,Treino,117.0,-1.0,19.0,0.2601905123751633,1656565.0,183.0,171.8
15,3205,Treino,112.0,-1.0,19.0,0.0073163359516112,1656565.0,183.0,171.6
15,3210,Treino,107.0,0.0,19.0,0.1913061703133172,1656565.0,183.0,171.6
15,3215,Treino,102.0,-1.0,19.0,0.0851063829787244,1656565.0,183.0,171.5
15,3220,Treino,97.0,-1.0,19.0,-0.5466896045740883,1656565.0,183.0,171.4
15,3225,Treino,92.0,1.0,19.0,-0.4497350892409963,1656565.0,183.0,171.6
15,3230,Treino,87.0,4.0,19.0,8.418874059102682,1656565.0,183.0,172.1
15,3235,Treino,82.0,5.0,19.0,1.2124196512166776,1656565.0,183.0,172.5
15,3240,Treino,77.0,4.0,19.0,-0.7978441657885815,1656565.0,183.0,172.9
15,3245,Treino,72.0,4.0,19.0,-1.59902362879559,1656565.0,183.0,173.4
15,3250,Treino,67.0,5.0,19.0,-1.8717599082644687,1656565.0,183.0,173.8
15,3255,Treino,62.0,4.0,19.0,-1.7512445536260564,1656565.0,183.0,174.3
15,3260,Treino,57.0,4.0,19.0,-1.2802101736912963,1656565.0,183.0,174.7
15,3265,Treino,52.0,4.0,19.0,-0.0257401012046813,1656565.0,183.0,175.2
15,3270,Treino,47.0,5.0,19.0,3.383500673658885,1656565.0,183.0,175.7
15,3275,Treino,42.0,4.0,18.0,17.5897536857213,1656565.0,183.0,176.0
15,3280,Treino,37.0,1.0,14.0,13.124339821940511,1656565.0,183.0,176.1
15,3285,Treino,32.0,0.0,14.0,16.477275588568567,1656565.0,183.0,176.1
15,3290,Treino,27.0,0.0,14.0,12.378430693692582,1656565.0,183.0,176.1
15,3295,Treino,22.0,0.0,14.0,12.378430693692575,1656565.0,183.0,176.1
15,3300,Treino,17.0,0.0,14.0,9.483090438068862,1656565.0,183.0,176.1
15,3305,Treino,12.0,0.0,14.0,9.483090438068862,1656565.0,183.0,176.1
15,3310,Treino,7.0,0.0,14.0,7.178157489038254,1656565.0,183.0,176.1
15,3315,Treino,2.0,0.0,14.0,8.8295287712754,1656565.0,183.0,176.1
16,50,Treino,716.0,15.0,182.0,49.99999999999983,1399685.0,182.0,21.0
16,55,Treino,711.0,0.0,167.0,0.0,1399685.0,182.0,21.0
16,60,Treino,706.0,9.0,167.0,8.53448774283072,1399685.0,182.0,24.0
16,65,Treino,701.0,9.0,167.0,0.9888715908435586,1399685.0,182.0,25.5
16,70,Treino,696.0,9.0,167.0,-1.02135047281325,1399685.0,182.0,26.4
16,75,Treino,691.0,9.0,167.0,-1.8142903587038908,1399685.0,182.0,27.0
16,80,Treino,686.0,9.0,167.0,-2.0780056601200214,1399685.0,182.0,27.428571428571427
16,85,Treino,681.0,9.0,167.0,-1.968696502812424,1399685.0,182.0,27.75
16,90,Treino,676.0,9.0,167.0,-1.425365691489357,1399685.0,182.0,28.0
16,95,Treino,671.0,9.0,167.0,-0.0607548479888739,1399685.0,182.0,28.2
16,100,Treino,666.0,9.0,167.0,3.973746776273331,1399685.0,182.0,29.1
16,105,Treino,661.0,9.0,167.0,49.99999999999986,1399685.0,182.0,30.0
16,110,Treino,656.0,0.0,158.0,0.0,1399685.0,182.0,30.0
16,115,Treino,651.0,9.0,158.0,13.124339821940609,1399685.0,182.0,30.9
16,120,Treino,646.0,9.0,158.0,1.7259530141844015,1399685.0,182.0,31.8
16,125,Treino,641.0,9.0,158.0,-0.7586145884018269,1399685.0,182.0,32.7
16,130,Treino,636.0,9.0,158.0,-1.7081763445626532,1399685.0,182.0,33.6
16,135,Treino,631.0,9.0,158.0,-2.0565662795079973,1399685.0,182.0,34.5
16,140,Treino,626.0,9.0,158.0,-2.0203699226305627,1399685.0,182.0,35.4
16,145,Treino,621.0,9.0,158.0,-1.5796260477111557,1399685.0,182.0,36.3
16,150,Treino,616.0,9.0,158.0,-0.4429707913400471,1399685.0,182.0,37.2
16,155,Treino,611.0,18.0,158.0,1.404829976989726,1399685.0,182.0,39.0
16,160,Treino,606.0,18.0,158.0,0.9640031720565174,1399685.0,182.0,40.8
16,165,Treino,601.0,9.0,149.0,-1.2411347517730391,1399685.0,182.0,41.7
16,170,Treino,596.0,9.0,149.0,-1.90048758865248,1399685.0,182.0,42.6
16,175,Treino,591.0,9.0,149.0,-2.085106382978723,1399685.0,182.0,43.5
16,180,Treino,586.0,9.0,149.0,-1.90048758865248,1399685.0,182.0,44.4
16,185,Treino,581.0,9.0,149.0,-1.2411347517730391,1399685.0,182.0,45.3
16,190,Treino,576.0,9.0,149.0,0.407247340425513,1399685.0,182.0,46.2
16,195,Treino,571.0,9.0,149.0,5.791962174940869,1399685.0,182.0,47.1
16,200,Treino,566.0,15.0,140.0,13.12433982194052,1399685.0,182.0,49.5
16,205,Treino,561.0,15.0,140.0,1.7259530141843902,1399685.0,182.0,51.0
16,210,Treino,556.0,15.0,140.0,-0.7586145884018265,1399685.0,182.0,52.5
16,215,Treino,551.0,15.0,140.0,-1.7081763445626494,1399685.0,182.0,54.0
16,220,Treino,546.0,15.0,140.0,-2.056566279508001,1399685.0,182.0,55.5
16,225,Treino,541.0,15.0,140.0,-2.02036992263056,1399685.0,182.0,57.0
16,230,Treino,536.0,15.0,140.0,-1.579626047711151,1399685.0,182.0,58.5
16,235,Treino,531.0,15.0,140.0,-0.4429707913400467,1399685.0,182.0,60.0
16,240,Treino,526.0,15.0,140.0,2.684314695695212,1399685.0,182.0,61.5
16,245,Treino,521.0,15.0,140.0,22.33072916666672,1399685.0,182.0,63.0
16,250,Treino,516.0,0.0,125.0,0.0,1399685.0,182.0,63.0
16,255,Treino,511.0,12.0,125.0,5.791962174940888,1399685.0,182.0,64.2
16,260,Treino,506.0,12.0,125.0,0.4072473404255241,1399685.0,182.0,65.4
16,265,Treino,501.0,12.0,125.0,-1.2411347517730456,1399685.0,182.0,66.6
16,270,Treino,496.0,12.0,125.0,-1.9004875886524817,1399685.0,182.0,67.8
16,275,Treino,491.0,12.0,125.0,-2.085106382978723,1399685.0,182.0,69.0
16,280,Treino,486.0,12.0,125.0,-1.900487588652481,1399685.0,182.0,70.2
16,285,Treino,481.0,12.0,125.0,-1.2411347517730456,1399685.0,182.0,71.4
16,290,Treino,476.0,12.0,125.0,0.407247340425525,1399685.0,182.0,72.6
16,295,Treino,471.0,12.0,125.0,5.791962174940883,1399685.0,182.0,73.8
16,300,Treino,466.0,6.0,113.0,49.99999999999984,1399685.0,182.0,75.6
16,305,Treino,461.0,6.0,113.0,3.97374677627338,1399685.0,182.0,76.2
16,310,Treino,456.0,6.0,113.0,-0.0607548479888739,1399685.0,182.0,76.8
16,315,Treino,451.0,6.0,113.0,-1.425365691489363,1399685.0,182.0,77.4
16,320,Treino,446.0,6.0,113.0,-1.9686965028124213,1399685.0,182.0,78.0
16,325,Treino,441.0,6.0,113.0,-2.0780056601200214,1399685.0,182.0,78.6
16,330,Treino,436.0,6.0,113.0,-1.814290358703898,1399685.0,182.0,79.2
16,335,Treino,431.0,6.0,113.0,-1.02135047281325,1399685.0,182.0,79.8
16,340,Treino,426.0,6.0,113.0,0.9888715908435728,1399685.0,182.0,80.4
16,345,Treino,421.0,6.0,113.0,8.53448774283068,1399685.0,182.0,81.0
16,350,Treino,416.0,0.0,107.0,0.0,1399685.0,182.0,81.0
16,355,Treino,411.0,12.0,107.0,13.124339821940556,1399685.0,182.0,82.2
16,360,Treino,406.0,12.0,107.0,1.7259530141843946,1399685.0,182.0,83.4
16,365,Treino,401.0,12.0,107.0,-0.7586145884018265,1399685.0,182.0,84.6
16,370,Treino,396.0,12.0,107.0,-1.7081763445626443,1399685.0,182.0,85.8
16,375,Treino,391.0,12.0,107.0,-2.056566279508,1399685.0,182.0,87.0
16,380,Treino,386.0,12.0,107.0,-2.020369922630561,1399685.0,182.0,88.2
16,385,Treino,381.0,12.0,107.0,-1.579626047711153,1399685.0,182.0,89.4
16,390,Treino,376.0,12.0,107.0,-0.4429707913400471,1399685.0,182.0,90.6
16,395,Treino,371.0,12.0,107.0,2.684314695695188,1399685.0,182.0,91.8
16,400,Treino,366.0,24.0,107.0,15.063510652673308,1399685.0,182.0,94.2
16,405,Treino,361.0,12.0,95.0,3.97374677627338,1399685.0,182.0,95.4
16,410,Treino,356.0,12.0,95.0,-0.0607548479888908,1399685.0,182.0,96.6
16,415,Treino,351.0,12.0,95.0,-1.425365691489363,1399685.0,182.0,97.8
16,420,Treino,346.0,12.0,95.0,-1.9686965028124248,1399685.0,182.0,99.0
16,425,Treino,341.0,12.0,95.0,-2.078005660120022,1399685.0,182.0,100.2
16,430,Treino,336.0,12.0,95.0,-1.814290358703898,1399685.0,182.0,101.4
16,435,Treino,331.0,12.0,95.0,-1.0213504728132397,1399685.0,182.0,102.6
16,440,Treino,326.0,12.0,95.0,0.9888715908435728,1399685.0,182.0,103.8
16,445,Treino,321.0,12.0,95.0,8.53448774283074,1399685.0,182.0,105.0
16,450,Treino,316.0,15.0,83.0,5.791962174940899,1399685.0,182.0,106.5
16,455,Treino,311.0,15.0,83.0,0.4072473404255321,1399685.0,182.0,108.0
16,460,Treino,306.0,15.0,83.0,-1.2411347517730495,1399685.0,182.0,109.5
16,465,Treino,301.0,15.0,83.0,-1.900487588652482,1399685.0,182.0,111.0
16,470,Treino,296.0,15.0,83.0,-2.085106382978723,1399685.0,182.0,112.5
16,475,Treino,291.0,15.0,83.0,-1.900487588652482,1399685.0,182.0,114.0
16,480,Treino,286.0,15.0,83.0,-1.2411347517730495,1399685.0,182.0,115.5
16,485,Treino,281.0,15.0,83.0,0.4072473404255321,1399685.0,182.0,117.0
16,490,Treino,276.0,15.0,83.0,5.791962174940899,1399685.0,182.0,118.5
16,495,Treino,271.0,0.0,68.0,0.0,1399685.0,182.0,120.0
16,500,Treino,266.0,6.0,68.0,8.53448774283068,1399685.0,182.0,120.6
16,505,Treino,261.0,6.0,68.0,0.9888715908435736,1399685.0,182.0,121.2
16,510,Treino,256.0,6.0,68.0,-1.02135047281325,1399685.0,182.0,121.8
16,515,Treino,251.0,6.0,68.0,-1.8142903587038983,1399685.0,182.0,122.4
16,520,Treino,246.0,6.0,68.0,-2.0780056601200214,1399685.0,182.0,123.0
16,525,Treino,241.0,6.0,68.0,-1.9686965028124213,1399685.0,182.0,123.6
16,530,Treino,236.0,6.0,68.0,-1.4253656914893638,1399685.0,182.0,124.2
16,535,Treino,231.0,6.0,68.0,-0.0607548479888908,1399685.0,182.0,124.8
16,540,Treino,226.0,15.0,68.0,4.270493188999505,1399685.0,182.0,126.3
16,545,Treino,221.0,15.0,68.0,1.5995853927423092,1399685.0,182.0,127.8
16,550,Treino,216.0,9.0,62.0,-0.7586145884018269,1399685.0,182.0,128.7
16,555,Treino,211.0,9.0,62.0,-1.7081763445626492,1399685.0,182.0,129.6
16,560,Treino,206.0,9.0,62.0,-2.0565662795080004,1399685.0,182.0,130.5
16,565,Treino,201.0,9.0,62.0,-2.020369922630561,1399685.0,182.0,131.4
16,570,Treino,196.0,9.0,62.0,-1.5796260477111557,1399685.0,182.0,132.3
16,575,Treino,191.0,9.0,62.0,-0.4429707913400471,1399685.0,182.0,133.2
16,580,Treino,186.0,9.0,62.0,2.684314695695208,1399685.0,182.0,134.1
16,585,Treino,181.0,9.0,62.0,22.33072916666668,1399685.0,182.0,135.0
16,590,Treino,176.0,0.0,53.0,0.0,1399685.0,182.0,135.0
16,595,Treino,171.0,15.0,53.0,5.791962174940899,1399685.0,182.0,136.5
16,600,Treino,166.0,15.0,53.0,0.4072473404255321,1399685.0,182.0,138.0
16,605,Treino,161.0,15.0,53.0,-1.2411347517730495,1399685.0,182.0,139.5
16,610,Treino,156.0,15.0,53.0,-1.900487588652482,1399685.0,182.0,141.0
16,615,Treino,151.0,15.0,53.0,-2.085106382978723,1399685.0,182.0,142.5
16,620,Treino,146.0,15.0,53.0,-1.900487588652482,1399685.0,182.0,144.0
16,625,Treino,141.0,15.0,53.0,-1.2411347517730495,1399685.0,182.0,145.5
16,630,Treino,136.0,15.0,53.0,0.4072473404255321,1399685.0,182.0,147.0
16,635,Treino,131.0,21.0,53.0,4.046180082976597,1399685.0,182.0,149.1
16,640,Treino,126.0,6.0,38.0,0.4072473404255241,1399685.0,182.0,151.2
16,645,Treino,121.0,6.0,38.0,-1.2411347517730456,1399685.0,182.0,151.8
16,650,Treino,116.0,6.0,38.0,-1.9004875886524817,1399685.0,182.0,152.4
16,655,Treino,111.0,6.0,38.0,-2.085106382978723,1399685.0,182.0,153.0
16,660,Treino,106.0,6.0,38.0,-1.900487588652481,1399685.0,182.0,153.6
16,665,Treino,101.0,6.0,38.0,-1.2411347517730456,1399685.0,182.0,154.2
16,670,Treino,96.0,6.0,38.0,0.407247340425525,1399685.0,182.0,154.8
16,675,Treino,91.0,12.0,38.0,4.462955383025754,1399685.0,182.0,156.0
16,680,Treino,86.0,6.0,32.0,2.6843146956952024,1399685.0,182.0,157.2
16,685,Treino,81.0,6.0,32.0,-0.4429707913400542,1399685.0,182.0,157.8
16,690,Treino,76.0,6.0,32.0,-1.579626047711153,1399685.0,182.0,158.4
16,695,Treino,71.0,6.0,32.0,-2.020369922630561,1399685.0,182.0,159.0
16,700,Treino,66.0,6.0,32.0,-2.0565662795080004,1399685.0,182.0,159.6
16,705,Treino,61.0,6.0,32.0,-1.708176344562647,1399685.0,182.0,160.2
16,710,Treino,56.0,6.0,32.0,-0.7586145884018207,1399685.0,182.0,160.8
16,715,Treino,51.0,6.0,32.0,1.7259530141843935,1399685.0,182.0,161.4
16,720,Treino,46.0,6.0,32.0,13.124339821940566,1399685.0,182.0,162.0
16,725,Treino,41.0,0.0,26.0,0.0,1399685.0,182.0,162.0
16,730,Treino,36.0,11.0,26.0,8.60903736673256,1399685.0,182.0,163.1
16,735,Treino,31.0,11.0,26.0,1.1343801063385932,1399685.0,182.0,164.2
16,740,Treino,26.0,10.0,26.0,-0.9284439511779872,1399685.0,182.0,165.2
16,745,Treino,21.0,11.0,26.0,-1.754847974291403,1399685.0,182.0,166.3
16,750,Treino,16.0,10.0,26.0,-2.0361780377147456,1399685.0,182.0,167.3
16,755,Treino,11.0,10.0,26.0,-1.941999071632391,1399685.0,182.0,168.3
16,760,Treino,6.0,10.0,26.0,-1.4257919606515883,1399685.0,182.0,169.3
16,765,Treino,1.0,10.0,26.0,-0.1261067223848528,1399685.0,182.0,170.3
17,50,Validação,1201.0,18.0,190.0,49.99999999999986,1485716.0,190.0,18.0
17,55,Validação,1196.0,0.0,172.0,0.0,1485716.0,190.0,18.0
17,60,Validação,1191.0,0.0,172.0,0.0,1485716.0,190.0,18.0
17,65,Validação,1186.0,0.0,172.0,0.0,1485716.0,190.0,18.0
17,70,Validação,1181.0,0.0,172.0,0.0,1485716.0,190.0,18.0
17,75,Validação,1176.0,0.0,172.0,0.0,1485716.0,190.0,18.0
17,80,Validação,1171.0,0.0,172.0,0.0,1485716.0,190.0,18.0
17,85,Validação,1166.0,0.0,172.0,0.0,1485716.0,190.0,18.0
17,90,Validação,1161.0,0.0,172.0,0.0,1485716.0,190.0,18.0
17,95,Validação,1156.0,0.0,172.0,0.0,1485716.0,190.0,18.0
17,100,Validação,1151.0,0.0,172.0,0.0,1485716.0,190.0,18.0
17,105,Validação,1146.0,0.0,172.0,0.0,1485716.0,190.0,18.0
17,110,Validação,1141.0,0.0,172.0,0.0,1485716.0,190.0,18.0
17,115,Validação,1136.0,0.0,172.0,0.0,1485716.0,190.0,18.0
17,120,Validação,1131.0,0.0,172.0,0.0,1485716.0,190.0,18.0
17,125,Validação,1126.0,0.0,172.0,0.0,1485716.0,190.0,18.0
17,130,Validação,1121.0,0.0,172.0,0.0,1485716.0,190.0,18.0
17,135,Validação,1116.0,0.0,172.0,0.0,1485716.0,190.0,18.0
17,140,Validação,1111.0,0.0,172.0,0.0,1485716.0,190.0,18.0
17,145,Validação,1106.0,0.0,172.0,0.0,1485716.0,190.0,18.0
17,150,Validação,1101.0,0.0,172.0,0.0,1485716.0,190.0,18.0
17,155,Validação,1096.0,0.0,172.0,0.0,1485716.0,190.0,18.0
17,160,Validação,1091.0,0.0,172.0,0.0,1485716.0,190.0,18.0
17,165,Validação,1086.0,8.0,172.0,22.33072916666676,1485716.0,190.0,18.8
17,170,Validação,1081.0,8.0,172.0,2.684314695695184,1485716.0,190.0,19.6
17,175,Validação,1076.0,8.0,172.0,-0.4429707913400325,1485716.0,190.0,20.4
17,180,Validação,1071.0,8.0,172.0,-1.5796260477111537,1485716.0,190.0,21.2
17,185,Validação,1066.0,8.0,172.0,-2.0203699226305645,1485716.0,190.0,22.0
17,190,Validação,1061.0,8.0,172.0,-2.056566279508001,1485716.0,190.0,22.8
17,195,Validação,1056.0,8.0,172.0,-1.7081763445626443,1485716.0,190.0,23.6
17,200,Validação,1051.0,8.0,172.0,-0.7586145884018398,1485716.0,190.0,24.4
17,205,Validação,1046.0,8.0,172.0,1.7259530141843928,1485716.0,190.0,25.2
17,210,Validação,1041.0,8.0,172.0,13.12433982194063,1485716.0,190.0,26.0
17,215,Validação,1036.0,0.0,164.0,0.0,1485716.0,190.0,26.0
17,220,Validação,1031.0,0.0,164.0,0.0,1485716.0,190.0,26.0
17,225,Validação,1026.0,0.0,164.0,0.0,1485716.0,190.0,26.0
17,230,Validação,1021.0,0.0,164.0,0.0,1485716.0,190.0,26.0
17,235,Validação,1016.0,0.0,164.0,0.0,1485716.0,190.0,26.0
17,240,Validação,1011.0,0.0,164.0,0.0,1485716.0,190.0,26.0
17,245,Validação,1006.0,0.0,164.0,0.0,1485716.0,190.0,26.0
17,250,Validação,1001.0,0.0,164.0,0.0,1485716.0,190.0,26.0
17,255,Validação,996.0,0.0,164.0,0.0,1485716.0,190.0,26.0
17,260,Validação,991.0,0.0,164.0,0.0,1485716.0,190.0,26.0
17,265,Validação,986.0,0.0,164.0,0.0,1485716.0,190.0,26.0
17,270,Validação,981.0,0.0,164.0,0.0,1485716.0,190.0,26.0
17,275,Validação,976.0,0.0,164.0,0.0,1485716.0,190.0,26.0
17,280,Validação,971.0,0.0,164.0,0.0,1485716.0,190.0,26.0
17,285,Validação,966.0,0.0,164.0,0.0,1485716.0,190.0,26.0
17,290,Validação,961.0,0.0,164.0,0.0,1485716.0,190.0,26.0
17,295,Validação,956.0,0.0,164.0,0.0,1485716.0,190.0,26.0
17,300,Validação,951.0,0.0,164.0,0.0,1485716.0,190.0,26.0
17,305,Validação,946.0,0.0,164.0,0.0,1485716.0,190.0,26.0
17,310,Validação,941.0,0.0,164.0,0.0,1485716.0,190.0,26.0
17,315,Validação,936.0,0.0,164.0,0.0,1485716.0,190.0,26.0
17,320,Validação,931.0,12.0,164.0,49.99999999999984,1485716.0,190.0,27.2
17,325,Validação,926.0,12.0,164.0,3.97374677627338,1485716.0,190.0,28.4
17,330,Validação,921.0,12.0,164.0,-0.0607548479888739,1485716.0,190.0,29.6
17,335,Validação,916.0,12.0,164.0,-1.425365691489363,1485716.0,190.0,30.8
17,340,Validação,911.0,12.0,164.0,-1.9686965028124213,1485716.0,190.0,32.0
17,345,Validação,906.0,12.0,164.0,-2.0780056601200214,1485716.0,190.0,33.2
17,350,Validação,901.0,12.0,164.0,-1.814290358703898,1485716.0,190.0,34.4
17,355,Validação,896.0,12.0,164.0,-1.02135047281325,1485716.0,190.0,35.6
17,360,Validação,891.0,12.0,164.0,0.9888715908435728,1485716.0,190.0,36.8
17,365,Validação,886.0,12.0,164.0,8.53448774283068,1485716.0,190.0,38.0
17,370,Validação,881.0,0.0,152.0,0.0,1485716.0,190.0,38.0
17,375,Validação,876.0,0.0,152.0,0.0,1485716.0,190.0,38.0
17,380,Validação,871.0,0.0,152.0,0.0,1485716.0,190.0,38.0
17,385,Validação,866.0,0.0,152.0,0.0,1485716.0,190.0,38.0
17,390,Validação,861.0,0.0,152.0,0.0,1485716.0,190.0,38.0
17,395,Validação,856.0,0.0,152.0,0.0,1485716.0,190.0,38.0
17,400,Validação,851.0,0.0,152.0,0.0,1485716.0,190.0,38.0
17,405,Validação,846.0,0.0,152.0,0.0,1485716.0,190.0,38.0
17,410,Validação,841.0,0.0,152.0,0.0,1485716.0,190.0,38.0
17,415,Validação,836.0,22.0,152.0,22.33072916666669,1485716.0,190.0,40.2
17,420,Validação,831.0,22.0,152.0,2.6843146956951864,1485716.0,190.0,42.4
17,425,Validação,826.0,22.0,152.0,-0.4429707913400524,1485716.0,190.0,44.6
17,430,Validação,821.0,22.0,152.0,-1.579626047711152,1485716.0,190.0,46.8
17,435,Validação,816.0,22.0,152.0,-2.020369922630562,1485716.0,190.0,49.0
17,440,Validação,811.0,22.0,152.0,-2.056566279508,1485716.0,190.0,51.2
17,445,Validação,806.0,22.0,152.0,-1.708176344562645,1485716.0,190.0,53.4
17,450,Validação,801.0,22.0,152.0,-0.7586145884018212,1485716.0,190.0,55.6
17,455,Validação,796.0,22.0,152.0,1.7259530141843875,1485716.0,190.0,57.8
17,460,Validação,791.0,22.0,152.0,13.124339821940564,1485716.0,190.0,60.0
17,465,Validação,786.0,0.0,130.0,0.0,1485716.0,190.0,60.0
17,470,Validação,781.0,0.0,130.0,0.0,1485716.0,190.0,60.0
17,475,Validação,776.0,0.0,130.0,0.0,1485716.0,190.0,60.0
17,480,Validação,771.0,0.0,130.0,0.0,1485716.0,190.0,60.0
17,485,Validação,766.0,0.0,130.0,0.0,1485716.0,190.0,60.0
17,490,Validação,761.0,0.0,130.0,0.0,1485716.0,190.0,60.0
17,495,Validação,756.0,14.0,130.0,8.534487742830697,1485716.0,190.0,61.4
17,500,Validação,751.0,14.0,130.0,0.9888715908435736,1485716.0,190.0,62.8
17,505,Validação,746.0,14.0,130.0,-1.0213504728132392,1485716.0,190.0,64.2
17,510,Validação,741.0,14.0,130.0,-1.8142903587038943,1485716.0,190.0,65.6
17,515,Validação,736.0,14.0,130.0,-2.078005660120022,1485716.0,190.0,67.0
17,520,Validação,731.0,14.0,130.0,-1.968696502812424,1485716.0,190.0,68.4
17,525,Validação,726.0,14.0,130.0,-1.4253656914893642,1485716.0,190.0,69.8
17,530,Validação,721.0,14.0,130.0,-0.0607548479888899,1485716.0,190.0,71.2
17,535,Validação,716.0,14.0,130.0,3.973746776273361,1485716.0,190.0,72.6
17,540,Validação,711.0,14.0,130.0,50.00000000000003,1485716.0,190.0,74.0
17,545,Validação,706.0,0.0,116.0,0.0,1485716.0,190.0,74.0
17,550,Validação,701.0,0.0,116.0,0.0,1485716.0,190.0,74.0
17,555,Validação,696.0,0.0,116.0,0.0,1485716.0,190.0,74.0
17,560,Validação,691.0,0.0,116.0,0.0,1485716.0,190.0,74.0
17,565,Validação,686.0,0.0,116.0,0.0,1485716.0,190.0,74.0
17,570,Validação,681.0,0.0,116.0,0.0,1485716.0,190.0,74.0
17,575,Validação,676.0,0.0,116.0,0.0,1485716.0,190.0,74.0
17,580,Validação,671.0,0.0,116.0,0.0,1485716.0,190.0,74.0
17,585,Validação,666.0,4.0,116.0,14.07365242110853,1485716.0,190.0,74.4
17,590,Validação,661.0,4.0,116.0,1.9548986895114464,1485716.0,190.0,74.8
17,595,Validação,656.0,4.0,116.0,-0.6567845012251183,1485716.0,190.0,75.2
17,600,Validação,651.0,4.0,116.0,-1.6500257011712598,1485716.0,190.0,75.6
17,605,Validação,646.0,4.0,116.0,-1.9902252822164936,1485716.0,190.0,76.0
17,610,Validação,641.0,4.0,116.0,-1.977954424621928,1485716.0,190.0,76.4
17,615,Validação,636.0,4.0,116.0,-1.555092826497707,1485716.0,190.0,76.8
17,620,Validação,631.0,4.0,116.0,-0.4774315130536313,1485716.0,190.0,77.2
17,625,Validação,626.0,4.0,116.0,2.437999164630982,1485716.0,190.0,77.6
17,630,Validação,621.0,4.0,116.0,18.54194318197067,1485716.0,190.0,78.0
17,635,Validação,616.0,0.0,112.0,22.330729166666003,1485716.0,190.0,78.0
17,640,Validação,611.0,0.0,112.0,22.330729166666003,1485716.0,190.0,78.0
17,645,Validação,606.0,0.0,112.0,22.330729166666003,1485716.0,190.0,78.0
17,650,Validação,601.0,-1.0,112.0,13.124339821940382,1485716.0,190.0,78.0
17,655,Validação,596.0,0.0,112.0,22.330729166666007,1485716.0,190.0,78.0
17,660,Validação,591.0,0.0,112.0,22.330729166666003,1485716.0,190.0,78.0
17,665,Validação,586.0,0.0,112.0,50.00000000000087,1485716.0,190.0,78.0
17,670,Validação,581.0,0.0,112.0,50.00000000000087,1485716.0,190.0,78.0
17,675,Validação,576.0,0.0,112.0,50.00000000000087,1485716.0,190.0,78.0
17,680,Validação,571.0,15.0,112.0,49.08214505515885,1485716.0,190.0,79.5
17,685,Validação,566.0,15.0,112.0,3.951662628279357,1485716.0,190.0,81.0
17,690,Validação,561.0,15.0,112.0,-0.0654057920248774,1485716.0,190.0,82.5
17,695,Validação,556.0,14.0,112.0,-1.4259649249209247,1485716.0,190.0,84.0
17,700,Validação,551.0,15.0,112.0,-1.9680219622725628,1485716.0,190.0,85.5
17,705,Validação,546.0,15.0,112.0,-2.076489146856767,1485716.0,190.0,87.0
17,710,Validação,541.0,15.0,112.0,-1.8116263666963583,1485716.0,190.0,88.5
17,715,Validação,536.0,15.0,112.0,-1.0164531143229856,1485716.0,190.0,90.0
17,720,Validação,531.0,15.0,112.0,1.0000791111691942,1485716.0,190.0,91.5
17,725,Validação,526.0,14.0,112.0,8.58228484789795,1485716.0,190.0,93.0
17,730,Validação,521.0,0.0,97.0,0.0,1485716.0,190.0,93.0
17,735,Validação,516.0,0.0,97.0,0.0,1485716.0,190.0,93.0
17,740,Validação,511.0,0.0,97.0,0.0,1485716.0,190.0,93.0
17,745,Validação,506.0,0.0,97.0,0.0,1485716.0,190.0,93.0
17,750,Validação,501.0,0.0,97.0,0.0,1485716.0,190.0,93.0
17,755,Validação,496.0,0.0,97.0,0.0,1485716.0,190.0,93.0
17,760,Validação,491.0,0.0,97.0,0.0,1485716.0,190.0,93.0
17,765,Validação,486.0,5.0,97.0,13.124339821940588,1485716.0,190.0,93.5
17,770,Validação,481.0,5.0,97.0,1.7259530141844115,1485716.0,190.0,94.0
17,775,Validação,476.0,3.0,97.0,-0.4711519555201642,1485716.0,190.0,94.3
17,780,Validação,471.0,5.0,97.0,-1.5699503431054758,1485716.0,190.0,94.8
17,785,Validação,466.0,5.0,97.0,-1.9896204271505904,1485716.0,190.0,95.3
17,790,Validação,461.0,5.0,97.0,-2.0042049366283985,1485716.0,190.0,95.8
17,795,Validação,456.0,5.0,97.0,-1.6216486032343471,1485716.0,190.0,96.3
17,800,Validação,451.0,5.0,97.0,-0.5973680611722414,1485716.0,190.0,96.8
17,805,Validação,446.0,3.0,97.0,1.8945502066936248,1485716.0,190.0,97.1
17,810,Validação,441.0,5.0,97.0,11.764617108453088,1485716.0,190.0,97.6
17,815,Validação,436.0,0.0,94.0,5.791962174940846,1485716.0,190.0,97.6
17,820,Validação,431.0,0.0,94.0,5.791962174940842,1485716.0,190.0,97.6
17,825,Validação,426.0,0.0,94.0,13.124339821940383,1485716.0,190.0,97.8
17,830,Validação,421.0,0.0,94.0,13.124339821940383,1485716.0,190.0,97.8
17,835,Validação,416.0,0.0,94.0,13.124339821940383,1485716.0,190.0,97.8
17,840,Validação,411.0,0.0,94.0,13.124339821940383,1485716.0,190.0,97.8
17,845,Validação,406.0,0.0,94.0,13.124339821940383,1485716.0,190.0,97.8
17,850,Validação,401.0,4.0,94.0,12.420575698720944,1485716.0,190.0,98.2
17,855,Validação,396.0,4.0,94.0,2.231350139327887,1485716.0,190.0,98.8
17,860,Validação,391.0,4.0,94.0,-0.4276872835503669,1485716.0,190.0,99.2
17,865,Validação,386.0,4.0,92.0,-1.2713630905674378,1485716.0,190.0,99.6
17,870,Validação,381.0,4.0,92.0,-1.8150354609929047,1485716.0,190.0,100.0
17,875,Validação,376.0,4.0,92.0,-1.9114893617021265,1485716.0,190.0,100.4
17,880,Validação,371.0,4.0,92.0,-1.610422795738808,1485716.0,190.0,100.8
17,885,Validação,366.0,4.0,92.0,-0.723637743338295,1485716.0,190.0,101.2
17,890,Validação,361.0,4.0,92.0,1.580676214612707,1485716.0,190.0,101.6
17,895,Validação,356.0,4.0,92.0,11.186178723404216,1485716.0,190.0,102.0
17,900,Validação,351.0,0.0,88.0,49.99999999999929,1485716.0,190.0,102.0
17,905,Validação,346.0,0.0,88.0,49.99999999999929,1485716.0,190.0,102.0
17,910,Validação,341.0,0.0,88.0,49.99999999999929,1485716.0,190.0,102.0
17,915,Validação,336.0,0.0,88.0,0.0,1485716.0,190.0,102.0
17,920,Validação,331.0,0.0,88.0,0.0,1485716.0,190.0,102.0
17,925,Validação,326.0,0.0,88.0,0.0,1485716.0,190.0,102.0
17,930,Validação,321.0,21.0,88.0,8.534487742830695,1485716.0,190.0,104.1
17,935,Validação,316.0,21.0,88.0,0.9888715908435656,1485716.0,190.0,106.2
17,940,Validação,311.0,21.0,88.0,-1.0213504728132383,1485716.0,190.0,108.3
17,945,Validação,306.0,21.0,88.0,-1.8142903587039,1485716.0,190.0,110.4
17,950,Validação,301.0,21.0,88.0,-2.078005660120022,1485716.0,190.0,112.5
17,955,Validação,296.0,21.0,88.0,-1.9686965028124224,1485716.0,190.0,114.6
17,960,Validação,291.0,21.0,88.0,-1.425365691489361,1485716.0,190.0,116.7
17,965,Validação,286.0,21.0,88.0,-0.060754847988893,1485716.0,190.0,118.8
17,970,Validação,281.0,21.0,88.0,3.973746776273381,1485716.0,190.0,120.9
17,975,Validação,276.0,21.0,88.0,49.99999999999996,1485716.0,190.0,123.0
17,980,Validação,271.0,0.0,67.0,0.0,1485716.0,190.0,123.0
17,985,Validação,266.0,0.0,67.0,0.0,1485716.0,190.0,123.0
17,990,Validação,261.0,0.0,67.0,0.0,1485716.0,190.0,123.0
17,995,Validação,256.0,0.0,67.0,0.0,1485716.0,190.0,123.0
17,1000,Validação,251.0,0.0,67.0,0.0,1485716.0,190.0,123.0
17,1005,Validação,246.0,0.0,67.0,0.0,1485716.0,190.0,123.0
17,1010,Validação,241.0,15.0,67.0,22.330729166666707,1485716.0,190.0,124.5
17,1015,Validação,236.0,15.0,67.0,2.684314695695212,1485716.0,190.0,126.0
17,1020,Validação,231.0,15.0,67.0,-0.4429707913400542,1485716.0,190.0,127.5
17,1025,Validação,226.0,15.0,67.0,-1.5796260477111546,1485716.0,190.0,129.0
17,1030,Validação,221.0,15.0,67.0,-2.020369922630561,1485716.0,190.0,130.5
17,1035,Validação,216.0,15.0,67.0,-2.056566279508,1485716.0,190.0,132.0
17,1040,Validação,211.0,15.0,67.0,-1.7081763445626463,1485716.0,190.0,133.5
17,1045,Validação,206.0,15.0,67.0,-0.7586145884018216,1485716.0,190.0,135.0
17,1050,Validação,201.0,15.0,67.0,1.725953014184399,1485716.0,190.0,136.5
17,1055,Validação,196.0,15.0,67.0,13.124339821940552,1485716.0,190.0,138.0
17,1060,Validação,191.0,0.0,52.0,0.0,1485716.0,190.0,138.0
17,1065,Validação,186.0,0.0,52.0,0.0,1485716.0,190.0,138.0
17,1070,Validação,181.0,0.0,52.0,0.0,1485716.0,190.0,138.0
17,1075,Validação,176.0,0.0,52.0,0.0,1485716.0,190.0,138.0
17,1080,Validação,171.0,0.0,52.0,0.0,1485716.0,190.0,138.0
17,1085,Validação,166.0,0.0,52.0,0.0,1485716.0,190.0,138.0
17,1090,Validação,161.0,0.0,52.0,0.0,1485716.0,190.0,138.0
17,1095,Validação,156.0,0.0,52.0,0.0,1485716.0,190.0,138.0
17,1100,Validação,151.0,0.0,52.0,0.0,1485716.0,190.0,138.0
17,1105,Validação,146.0,21.0,52.0,8.534487742830713,1485716.0,190.0,140.1
17,1110,Validação,141.0,21.0,52.0,0.9888715908435656,1485716.0,190.0,142.2
17,1115,Validação,136.0,21.0,52.0,-1.0213504728132403,1485716.0,190.0,144.3
17,1120,Validação,131.0,21.0,52.0,-1.8142903587038968,1485716.0,190.0,146.4
17,1125,Validação,126.0,22.0,52.0,-2.075507919931857,1485716.0,190.0,148.6
17,1130,Validação,121.0,22.0,52.0,-1.9664592548870687,1485716.0,190.0,150.8
17,1135,Validação,116.0,22.0,52.0,-1.4257154754501349,1485716.0,190.0,153.0
17,1140,Validação,111.0,22.0,52.0,-0.0688931456033592,1485716.0,190.0,155.2
17,1145,Validação,106.0,22.0,52.0,3.923074373327436,1485716.0,190.0,157.4
17,1150,Validação,101.0,22.0,52.0,47.39786139067543,1485716.0,190.0,159.6
17,1155,Validação,96.0,1.0,31.0,-1.8142903587038928,1485716.0,190.0,159.7
17,1160,Validação,91.0,1.0,31.0,-2.056566279508001,1485716.0,190.0,159.8
17,1165,Validação,86.0,1.0,31.0,-2.020369922630564,1485716.0,190.0,159.9
17,1170,Validação,81.0,1.0,31.0,-1.7081763445626443,1485716.0,190.0,160.0
17,1175,Validação,76.0,-1.0,31.0,-1.9004875886524768,1485716.0,190.0,159.9
17,1180,Validação,71.0,15.0,31.0,8.213828927038309,1485716.0,190.0,161.3
17,1185,Validação,66.0,15.0,31.0,0.9457686446846544,1485716.0,190.0,162.7
17,1190,Validação,61.0,15.0,31.0,-1.0275400326051818,1485716.0,190.0,164.1
17,1195,Validação,56.0,14.0,31.0,-1.8101157122287328,1485716.0,190.0,165.5
17,1200,Validação,51.0,15.0,31.0,-2.068410388734626,1485716.0,190.0,166.9
17,1205,Validação,46.0,14.0,31.0,-1.95657804249554,1485716.0,190.0,168.3
17,1210,Validação,41.0,14.0,31.0,-1.4085176750496302,1485716.0,190.0,169.7
17,1215,Validação,36.0,14.0,31.0,-0.0343183809292031,1485716.0,190.0,171.1
17,1220,Validação,31.0,15.0,31.0,4.013068954921698,1485716.0,190.0,172.5
17,1225,Validação,26.0,14.0,30.0,50.00000000000003,1485716.0,190.0,174.0
17,1230,Validação,21.0,0.0,16.0,0.0,1485716.0,190.0,174.0
17,1235,Validação,16.0,0.0,16.0,0.0,1485716.0,190.0,174.0
17,1240,Validação,11.0,0.0,16.0,0.0,1485716.0,190.0,174.0
17,1245,Validação,6.0,0.0,16.0,0.0,1485716.0,190.0,174.0
17,1250,Validação,1.0,0.0,16.0,0.0,1485716.0,190.0,174.0
18,50,Treino,1262.0,3.0,184.0,49.99999999999984,1639145.0,184.0,9.0
18,55,Treino,1257.0,0.0,181.0,0.0,1639145.0,184.0,9.0
18,60,Treino,1252.0,0.0,181.0,0.0,1639145.0,184.0,9.0
18,65,Treino,1247.0,0.0,181.0,0.0,1639145.0,184.0,9.0
18,70,Treino,1242.0,0.0,181.0,0.0,1639145.0,184.0,9.0
18,75,Treino,1237.0,0.0,181.0,0.0,1639145.0,184.0,9.0
18,80,Treino,1232.0,0.0,181.0,0.0,1639145.0,184.0,9.0
18,85,Treino,1227.0,0.0,181.0,0.0,1639145.0,184.0,9.0
18,90,Treino,1222.0,9.0,181.0,49.99999999999983,1639145.0,184.0,10.0
18,95,Treino,1217.0,9.0,181.0,3.973746776273328,1639145.0,184.0,10.8
18,100,Treino,1212.0,9.0,181.0,-0.0607548479888717,1639145.0,184.0,11.7
18,105,Treino,1207.0,9.0,181.0,-1.425365691489358,1639145.0,184.0,12.6
18,110,Treino,1202.0,9.0,181.0,-1.968696502812424,1639145.0,184.0,13.5
18,115,Treino,1197.0,9.0,181.0,-2.078005660120021,1639145.0,184.0,14.4
18,120,Treino,1192.0,9.0,181.0,-1.8142903587038912,1639145.0,184.0,15.3
18,125,Treino,1187.0,9.0,181.0,-1.0213504728132494,1639145.0,184.0,16.2
18,130,Treino,1182.0,9.0,181.0,0.9888715908435596,1639145.0,184.0,17.1
18,135,Treino,1177.0,9.0,181.0,8.534487742830722,1639145.0,184.0,18.0
18,140,Treino,1172.0,0.0,172.0,0.0,1639145.0,184.0,18.0
18,145,Treino,1167.0,0.0,172.0,0.0,1639145.0,184.0,18.0
18,150,Treino,1162.0,0.0,172.0,0.0,1639145.0,184.0,18.0
18,155,Treino,1157.0,0.0,172.0,0.0,1639145.0,184.0,18.0
18,160,Treino,1152.0,0.0,172.0,0.0,1639145.0,184.0,18.0
18,165,Treino,1147.0,0.0,172.0,0.0,1639145.0,184.0,18.0
18,170,Treino,1142.0,0.0,172.0,0.0,1639145.0,184.0,18.0
18,175,Treino,1137.0,14.0,172.0,22.330729166666643,1639145.0,184.0,19.4
18,180,Treino,1132.0,14.0,172.0,2.684314695695184,1639145.0,184.0,20.8
18,185,Treino,1127.0,14.0,172.0,-0.4429707913400635,1639145.0,184.0,22.2
18,190,Treino,1122.0,14.0,172.0,-1.5796260477111497,1639145.0,184.0,23.6
18,195,Treino,1117.0,14.0,172.0,-2.0203699226305605,1639145.0,184.0,25.0
18,200,Treino,1112.0,14.0,172.0,-2.056566279508,1639145.0,184.0,26.4
18,205,Treino,1107.0,14.0,172.0,-1.7081763445626448,1639145.0,184.0,27.8
18,210,Treino,1102.0,14.0,172.0,-0.7586145884018114,1639145.0,184.0,29.2
18,215,Treino,1097.0,14.0,172.0,1.7259530141843804,1639145.0,184.0,30.6
18,220,Treino,1092.0,14.0,172.0,13.12433982194053,1639145.0,184.0,32.0
18,225,Treino,1087.0,0.0,158.0,0.0,1639145.0,184.0,32.0
18,230,Treino,1082.0,0.0,158.0,0.0,1639145.0,184.0,32.0
18,235,Treino,1077.0,15.0,158.0,5.791962174940899,1639145.0,184.0,33.5
18,240,Treino,1072.0,15.0,158.0,0.4072473404255321,1639145.0,184.0,35.0
18,245,Treino,1067.0,15.0,158.0,-1.2411347517730495,1639145.0,184.0,36.5
18,250,Treino,1062.0,15.0,158.0,-1.900487588652482,1639145.0,184.0,38.0
18,255,Treino,1057.0,15.0,158.0,-2.085106382978723,1639145.0,184.0,39.5
18,260,Treino,1052.0,15.0,158.0,-1.900487588652482,1639145.0,184.0,41.0
18,265,Treino,1047.0,15.0,158.0,-1.2411347517730495,1639145.0,184.0,42.5
18,270,Treino,1042.0,15.0,158.0,0.4072473404255321,1639145.0,184.0,44.0
18,275,Treino,1037.0,15.0,158.0,5.791962174940899,1639145.0,184.0,45.5
18,280,Treino,1032.0,0.0,143.0,0.0,1639145.0,184.0,47.0
18,285,Treino,1027.0,0.0,143.0,0.0,1639145.0,184.0,47.0
18,290,Treino,1022.0,0.0,143.0,0.0,1639145.0,184.0,47.0
18,295,Treino,1017.0,0.0,143.0,0.0,1639145.0,184.0,47.0
18,300,Treino,1012.0,0.0,143.0,0.0,1639145.0,184.0,47.0
18,305,Treino,1007.0,0.0,143.0,0.0,1639145.0,184.0,47.0
18,310,Treino,1002.0,0.0,143.0,0.0,1639145.0,184.0,47.0
18,315,Treino,997.0,11.0,143.0,5.791962174940922,1639145.0,184.0,48.1
18,320,Treino,992.0,11.0,143.0,0.4240683149238027,1639145.0,184.0,49.2
18,325,Treino,987.0,10.0,143.0,-1.2263096505880235,1639145.0,184.0,50.2
18,330,Treino,982.0,11.0,143.0,-1.888451445854273,1639145.0,184.0,51.3
18,335,Treino,977.0,11.0,143.0,-2.078287676055321,1639145.0,184.0,52.4
18,340,Treino,972.0,11.0,143.0,-1.8963380394339349,1639145.0,184.0,53.5
18,345,Treino,967.0,11.0,143.0,-1.2474419495893274,1639145.0,184.0,54.6
18,350,Treino,962.0,11.0,143.0,0.3677357175024291,1639145.0,184.0,55.7
18,355,Treino,957.0,10.0,143.0,5.538176885104351,1639145.0,184.0,56.7
18,360,Treino,952.0,-1.0,133.0,-0.7586145884017208,1639145.0,184.0,57.7
18,365,Treino,947.0,0.0,133.0,-0.7586145884017212,1639145.0,184.0,57.7
18,370,Treino,942.0,0.0,133.0,-1.0213504728132503,1639145.0,184.0,57.7
18,375,Treino,937.0,0.0,133.0,-1.2411347517731457,1639145.0,184.0,57.8
18,380,Treino,932.0,-1.0,133.0,-1.7081763445627212,1639145.0,184.0,57.7
18,385,Treino,927.0,8.0,133.0,18.492140941666108,1639145.0,184.0,58.5
18,390,Treino,922.0,9.0,133.0,2.434703355870361,1639145.0,184.0,59.3
18,395,Treino,917.0,8.0,133.0,-0.4890214435113265,1639145.0,184.0,60.1
18,400,Treino,912.0,8.0,133.0,-1.5769181601760205,1639145.0,184.0,60.9
18,405,Treino,907.0,8.0,133.0,-1.9974521459350632,1639145.0,184.0,61.8
18,410,Treino,902.0,8.0,133.0,-2.0206449723312043,1639145.0,184.0,62.7
18,415,Treino,897.0,9.0,133.0,-1.6628233512447756,1639145.0,184.0,63.5
18,420,Treino,892.0,9.0,133.0,-0.7004971873928372,1639145.0,184.0,64.3
18,425,Treino,887.0,9.0,133.0,1.794084951996271,1639145.0,184.0,65.1
18,430,Treino,882.0,9.0,133.0,13.339170050873705,1639145.0,184.0,66.0
18,435,Treino,877.0,0.0,124.0,0.0,1639145.0,184.0,66.0
18,440,Treino,872.0,0.0,124.0,0.0,1639145.0,184.0,66.0
18,445,Treino,867.0,11.0,124.0,8.534487742830732,1639145.0,184.0,67.1
18,450,Treino,862.0,11.0,124.0,0.9888715908435612,1639145.0,184.0,68.2
18,455,Treino,857.0,11.0,124.0,-1.021350472813236,1639145.0,184.0,69.3
18,460,Treino,852.0,11.0,124.0,-1.8142903587039,1639145.0,184.0,70.4
18,465,Treino,847.0,11.0,124.0,-2.0780056601200214,1639145.0,184.0,71.5
18,470,Treino,842.0,11.0,124.0,-1.968696502812424,1639145.0,184.0,72.6
18,475,Treino,837.0,11.0,124.0,-1.425365691489359,1639145.0,184.0,73.7
18,480,Treino,832.0,11.0,124.0,-0.0607548479888953,1639145.0,184.0,74.8
18,485,Treino,827.0,11.0,124.0,3.973746776273393,1639145.0,184.0,75.9
18,490,Treino,822.0,11.0,124.0,50.0,1639145.0,184.0,77.0
18,495,Treino,817.0,0.0,113.0,0.0,1639145.0,184.0,77.0
18,500,Treino,812.0,0.0,113.0,0.0,1639145.0,184.0,77.0
18,505,Treino,807.0,0.0,113.0,0.0,1639145.0,184.0,77.0
18,510,Treino,802.0,0.0,113.0,0.0,1639145.0,184.0,77.0
18,515,Treino,797.0,14.0,113.0,50.0,1639145.0,184.0,78.4
18,520,Treino,792.0,14.0,113.0,3.973746776273356,1639145.0,184.0,79.8
18,525,Treino,787.0,14.0,113.0,-0.0607548479888881,1639145.0,184.0,81.2
18,530,Treino,782.0,14.0,113.0,-1.4253656914893642,1639145.0,184.0,82.6
18,535,Treino,777.0,14.0,113.0,-1.968696502812423,1639145.0,184.0,84.0
18,540,Treino,772.0,14.0,113.0,-2.078005660120021,1639145.0,184.0,85.4
18,545,Treino,767.0,14.0,113.0,-1.8142903587038963,1639145.0,184.0,86.8
18,550,Treino,762.0,14.0,113.0,-1.0213504728132388,1639145.0,184.0,88.2
18,555,Treino,757.0,14.0,113.0,0.9888715908435728,1639145.0,184.0,89.6
18,560,Treino,752.0,14.0,113.0,8.534487742830704,1639145.0,184.0,91.0
18,565,Treino,747.0,0.0,99.0,0.0,1639145.0,184.0,91.0
18,570,Treino,742.0,0.0,99.0,0.0,1639145.0,184.0,91.0
18,575,Treino,737.0,0.0,99.0,0.0,1639145.0,184.0,91.0
18,580,Treino,732.0,0.0,99.0,0.0,1639145.0,184.0,91.0
18,585,Treino,727.0,0.0,99.0,0.0,1639145.0,184.0,91.0
18,590,Treino,722.0,-1.0,100.0,50.00000000000087,1639145.0,184.0,90.9
18,595,Treino,717.0,4.0,100.0,12.891284027345511,1639145.0,184.0,91.3
18,600,Treino,712.0,4.0,100.0,2.24197937336798,1639145.0,184.0,91.7
18,605,Treino,707.0,4.0,100.0,-0.1419910414435325,1639145.0,184.0,92.1
18,610,Treino,702.0,2.0,100.0,-0.6206476003528429,1639145.0,184.0,92.3
18,615,Treino,697.0,2.0,100.0,-0.9584022268662706,1639145.0,184.0,92.5
18,620,Treino,692.0,2.0,100.0,-0.999240399111006,1639145.0,184.0,92.7
18,625,Treino,687.0,2.0,100.0,-0.8325445652019337,1639145.0,184.0,92.9
18,630,Treino,682.0,2.0,100.0,-0.3939016368558201,1639145.0,184.0,93.1
18,635,Treino,677.0,2.0,100.0,0.4803343189851983,1639145.0,184.0,93.3
18,640,Treino,672.0,3.0,100.0,1.8077481185097728,1639145.0,184.0,93.6
18,645,Treino,667.0,-2.0,97.0,2.727795392250762,1639145.0,184.0,93.4
18,650,Treino,662.0,5.0,97.0,5.811082771768186,1639145.0,184.0,93.7
18,655,Treino,657.0,5.0,97.0,0.948305262903916,1639145.0,184.0,94.0
18,660,Treino,652.0,5.0,97.0,-1.0319237450705976,1639145.0,184.0,94.5
18,665,Treino,647.0,5.0,97.0,-1.8142903587039023,1639145.0,184.0,95.0
18,670,Treino,642.0,5.0,97.0,-2.0780056601200227,1639145.0,184.0,95.5
18,675,Treino,637.0,5.0,97.0,-1.9686965028124204,1639145.0,184.0,96.0
18,680,Treino,632.0,5.0,97.0,-1.4253656914893538,1639145.0,184.0,96.5
18,685,Treino,627.0,5.0,97.0,-0.0607548479888726,1639145.0,184.0,97.0
18,690,Treino,622.0,5.0,97.0,3.9737467762734138,1639145.0,184.0,97.5
18,695,Treino,617.0,5.0,97.0,50.00000000000024,1639145.0,184.0,98.0
18,700,Treino,612.0,0.0,92.0,0.0,1639145.0,184.0,98.0
18,705,Treino,607.0,0.0,92.0,0.0,1639145.0,184.0,98.0
18,710,Treino,602.0,0.0,92.0,0.0,1639145.0,184.0,98.0
18,715,Treino,597.0,0.0,92.0,0.0,1639145.0,184.0,98.0
18,720,Treino,592.0,0.0,92.0,0.0,1639145.0,184.0,98.0
18,725,Treino,587.0,0.0,92.0,0.0,1639145.0,184.0,98.0
18,730,Treino,582.0,0.0,92.0,0.0,1639145.0,184.0,98.0
18,735,Treino,577.0,0.0,92.0,0.0,1639145.0,184.0,98.0
18,740,Treino,572.0,0.0,92.0,0.0,1639145.0,184.0,98.0
18,745,Treino,567.0,16.0,92.0,8.534487742830711,1639145.0,184.0,99.6
18,750,Treino,562.0,16.0,92.0,0.9888715908435736,1639145.0,184.0,101.2
18,755,Treino,557.0,16.0,92.0,-1.0213504728132414,1639145.0,184.0,102.8
18,760,Treino,552.0,16.0,92.0,-1.814290358703897,1639145.0,184.0,104.4
18,765,Treino,547.0,16.0,92.0,-2.078005660120022,1639145.0,184.0,106.0
18,770,Treino,542.0,16.0,92.0,-1.968696502812423,1639145.0,184.0,107.6
18,775,Treino,537.0,16.0,92.0,-1.4253656914893644,1639145.0,184.0,109.2
18,780,Treino,532.0,16.0,92.0,-0.0607548479888859,1639145.0,184.0,110.8
18,785,Treino,527.0,16.0,92.0,3.973746776273364,1639145.0,184.0,112.4
18,790,Treino,522.0,16.0,92.0,50.00000000000013,1639145.0,184.0,114.0
18,795,Treino,517.0,0.0,76.0,0.0,1639145.0,184.0,114.0
18,800,Treino,512.0,0.0,76.0,0.0,1639145.0,184.0,114.0
18,805,Treino,507.0,0.0,76.0,0.0,1639145.0,184.0,114.0
18,810,Treino,502.0,9.0,76.0,49.99999999999983,1639145.0,184.0,114.9
18,815,Treino,497.0,9.0,76.0,3.97374677627338,1639145.0,184.0,115.8
18,820,Treino,492.0,9.0,76.0,-0.0607548479888975,1639145.0,184.0,116.7
18,825,Treino,487.0,9.0,76.0,-1.425365691489358,1639145.0,184.0,117.6
18,830,Treino,482.0,9.0,76.0,-1.968696502812424,1639145.0,184.0,118.5
18,835,Treino,477.0,9.0,76.0,-2.078005660120021,1639145.0,184.0,119.4
18,840,Treino,472.0,9.0,76.0,-1.8142903587038983,1639145.0,184.0,120.3
18,845,Treino,467.0,9.0,76.0,-1.0213504728132343,1639145.0,184.0,121.2
18,850,Treino,462.0,9.0,76.0,0.9888715908435596,1639145.0,184.0,122.1
18,855,Treino,457.0,9.0,76.0,8.534487742830722,1639145.0,184.0,123.0
18,860,Treino,452.0,0.0,67.0,0.0,1639145.0,184.0,123.0
18,865,Treino,447.0,0.0,67.0,0.0,1639145.0,184.0,123.0
18,870,Treino,442.0,0.0,67.0,0.0,1639145.0,184.0,123.0
18,875,Treino,437.0,0.0,67.0,0.0,1639145.0,184.0,123.0
18,880,Treino,432.0,0.0,67.0,0.0,1639145.0,184.0,123.0
18,885,Treino,427.0,15.0,67.0,5.791962174940899,1639145.0,184.0,124.5
18,890,Treino,422.0,15.0,67.0,0.4072473404255321,1639145.0,184.0,126.0
18,895,Treino,417.0,15.0,67.0,-1.2411347517730495,1639145.0,184.0,127.5
18,900,Treino,412.0,12.0,67.0,-1.8652658108655813,1639145.0,184.0,128.7
18,905,Treino,407.0,15.0,67.0,-2.04825151965629,1639145.0,184.0,130.2
18,910,Treino,402.0,12.0,67.0,-1.8736999494284063,1639145.0,184.0,131.4
18,915,Treino,397.0,12.0,67.0,-1.2866881725150916,1639145.0,184.0,132.6
18,920,Treino,392.0,12.0,67.0,0.1068758078352467,1639145.0,184.0,133.8
18,925,Treino,387.0,16.0,67.0,3.9779866126003576,1639145.0,184.0,135.4
18,930,Treino,382.0,1.0,55.0,-1.7955312308792213,1639145.0,184.0,137.0
18,935,Treino,377.0,1.0,55.0,-1.8157132989703069,1639145.0,184.0,137.1
18,940,Treino,372.0,1.0,55.0,-1.8601259114580904,1639145.0,184.0,137.2
18,945,Treino,367.0,1.0,55.0,-1.9042194786685869,1639145.0,184.0,137.3
18,950,Treino,362.0,4.0,55.0,-1.7829264746846345,1639145.0,184.0,137.7
18,955,Treino,357.0,3.0,55.0,-1.548443989168736,1639145.0,184.0,137.8
18,960,Treino,352.0,4.0,55.0,-0.4726854101311066,1639145.0,184.0,138.2
18,965,Treino,347.0,3.0,55.0,2.263120532676924,1639145.0,184.0,138.5
18,970,Treino,342.0,4.0,55.0,11.236647700017024,1639145.0,184.0,138.9
18,975,Treino,337.0,0.0,52.0,5.791962174940844,1639145.0,184.0,138.9
18,980,Treino,332.0,6.0,52.0,39.16095700811557,1639145.0,184.0,139.5
18,985,Treino,327.0,6.0,52.0,3.699742871321482,1639145.0,184.0,140.1
18,990,Treino,322.0,5.0,52.0,-0.0684303113851445,1639145.0,184.0,140.6
18,995,Treino,317.0,6.0,52.0,-1.3825592418465635,1639145.0,184.0,141.2
18,1000,Treino,312.0,6.0,52.0,-1.9184852617629264,1639145.0,184.0,141.8
18,1005,Treino,307.0,6.0,52.0,-2.01869940195574,1639145.0,184.0,142.4
18,1010,Treino,302.0,6.0,52.0,-1.7411065705278457,1639145.0,184.0,143.0
18,1015,Treino,297.0,6.0,52.0,-0.9679339562631712,1639145.0,184.0,143.7
18,1020,Treino,292.0,7.0,52.0,1.069326216134396,1639145.0,184.0,144.3
18,1025,Treino,287.0,6.0,51.0,8.201245196361226,1639145.0,184.0,144.9
18,1030,Treino,282.0,0.0,46.0,22.33072916666676,1639145.0,184.0,144.9
18,1035,Treino,277.0,0.0,46.0,22.33072916666676,1639145.0,184.0,144.9
18,1040,Treino,272.0,10.0,46.0,12.99091971824015,1639145.0,184.0,145.9
18,1045,Treino,267.0,9.0,45.0,1.7259530141844015,1639145.0,184.0,146.8
18,1050,Treino,262.0,9.0,45.0,-0.7586145884018269,1639145.0,184.0,147.7
18,1055,Treino,257.0,9.0,45.0,-1.7081763445626492,1639145.0,184.0,148.6
18,1060,Treino,252.0,9.0,45.0,-2.0565662795080004,1639145.0,184.0,149.5
18,1065,Treino,247.0,9.0,45.0,-2.020369922630561,1639145.0,184.0,150.4
18,1070,Treino,242.0,9.0,45.0,-1.5796260477111557,1639145.0,184.0,151.3
18,1075,Treino,237.0,9.0,45.0,-0.4429707913400471,1639145.0,184.0,152.2
18,1080,Treino,232.0,9.0,45.0,2.684314695695208,1639145.0,184.0,153.1
18,1085,Treino,227.0,9.0,45.0,22.33072916666668,1639145.0,184.0,154.0
18,1090,Treino,222.0,0.0,36.0,0.0,1639145.0,184.0,154.0
18,1095,Treino,217.0,4.0,36.0,24.54244693396633,1639145.0,184.0,154.4
18,1100,Treino,212.0,4.0,36.0,2.905413544499792,1639145.0,184.0,154.8
18,1105,Treino,207.0,4.0,36.0,-0.365973728298564,1639145.0,184.0,155.2
18,1110,Treino,202.0,4.0,36.0,-1.4371516200761212,1639145.0,184.0,155.6
18,1115,Treino,197.0,4.0,36.0,-1.9514286017961224,1639145.0,184.0,156.0
18,1120,Treino,192.0,4.0,36.0,-2.0363214348514145,1639145.0,184.0,156.4
18,1125,Treino,187.0,4.0,36.0,-1.7391272972938996,1639145.0,184.0,156.8
18,1130,Treino,182.0,4.0,36.0,-0.8794766906631186,1639145.0,184.0,157.2
18,1135,Treino,177.0,12.0,36.0,5.928660826032539,1639145.0,184.0,158.4
18,1140,Treino,172.0,12.0,36.0,1.988466523498644,1639145.0,184.0,159.6
18,1145,Treino,167.0,8.0,34.0,-0.4328368755814367,1639145.0,184.0,160.4
18,1150,Treino,162.0,8.0,34.0,-1.558017504085941,1639145.0,184.0,161.2
18,1155,Treino,157.0,10.0,34.0,-1.9906211950376425,1639145.0,184.0,162.0
18,1160,Treino,152.0,8.0,32.0,-2.053521191901867,1639145.0,184.0,162.8
18,1165,Treino,147.0,8.0,32.0,-1.7081477894264112,1639145.0,184.0,163.6
18,1170,Treino,142.0,8.0,32.0,-0.7636328267477221,1639145.0,184.0,164.4
18,1175,Treino,137.0,8.0,32.0,1.7052868957805734,1639145.0,184.0,165.2
18,1180,Treino,132.0,8.0,32.0,12.94866407611843,1639145.0,184.0,166.0
18,1185,Treino,127.0,0.0,24.0,0.0,1639145.0,184.0,166.0
18,1190,Treino,122.0,3.0,24.0,22.33072916666663,1639145.0,184.0,166.3
18,1195,Treino,117.0,3.0,24.0,2.6843146956951847,1639145.0,184.0,166.6
18,1200,Treino,112.0,3.0,24.0,-0.4429707913400476,1639145.0,184.0,166.9
18,1205,Treino,107.0,3.0,24.0,-1.579626047711153,1639145.0,184.0,167.2
18,1210,Treino,102.0,3.0,24.0,-2.020369922630561,1639145.0,184.0,167.5
18,1215,Treino,97.0,3.0,24.0,-2.056566279508,1639145.0,184.0,167.8
18,1220,Treino,92.0,3.0,24.0,-1.7081763445626443,1639145.0,184.0,168.1
18,1225,Treino,87.0,9.0,24.0,4.41128410123147,1639145.0,184.0,169.0
18,1230,Treino,82.0,9.0,24.0,1.907592914151186,1639145.0,184.0,169.9
18,1235,Treino,77.0,9.0,24.0,-0.1340638651700558,1639145.0,184.0,170.8
18,1240,Treino,72.0,6.0,21.0,-1.4042957595797658,1639145.0,184.0,171.4
18,1245,Treino,67.0,6.0,21.0,-1.9571951490868813,1639145.0,184.0,172.0
18,1250,Treino,62.0,6.0,21.0,-2.07218925076148,1639145.0,184.0,172.6
18,1255,Treino,57.0,6.0,21.0,-1.8135724261629216,1639145.0,184.0,173.2
18,1260,Treino,52.0,6.0,21.0,-1.0283320264007068,1639145.0,184.0,173.8
18,1265,Treino,47.0,8.0,21.0,0.8974279429865986,1639145.0,184.0,174.6
18,1270,Treino,42.0,8.0,21.0,5.891765235952473,1639145.0,184.0,175.4
18,1275,Treino,37.0,2.0,16.0,-0.0701995201025389,1639145.0,184.0,175.6
18,1280,Treino,32.0,2.0,16.0,-1.3484489509145337,1639145.0,184.0,175.8
18,1285,Treino,27.0,2.0,16.0,-1.8428347858257552,1639145.0,184.0,176.0
18,1290,Treino,22.0,2.0,15.0,-2.0780056601200227,1639145.0,184.0,176.2
18,1295,Treino,17.0,2.0,15.0,-1.8142903587038968,1639145.0,184.0,176.4
18,1300,Treino,12.0,2.0,15.0,-1.0213504728132423,1639145.0,184.0,176.6
18,1305,Treino,7.0,2.0,15.0,0.9888715908435756,1639145.0,184.0,176.8
18,1310,Treino,2.0,2.0,15.0,8.534487742830713,1639145.0,184.0,177.0
19,50,Treino,1575.0,9.0,190.0,45.15386592984159,1642117.0,190.0,9.0
19,55,Treino,1570.0,0.0,183.0,50.00000000000087,1642117.0,190.0,9.0
19,60,Treino,1565.0,0.0,183.0,50.00000000000087,1642117.0,190.0,9.0
19,65,Treino,1560.0,0.0,183.0,50.00000000000087,1642117.0,190.0,9.0
19,70,Treino,1555.0,0.0,183.0,50.00000000000087,1642117.0,190.0,9.0
19,75,Treino,1550.0,0.0,183.0,50.00000000000087,1642117.0,190.0,9.0
19,80,Treino,1545.0,0.0,183.0,50.00000000000087,1642117.0,190.0,9.0
19,85,Treino,1540.0,0.0,183.0,50.00000000000087,1642117.0,190.0,9.0
19,90,Treino,1535.0,0.0,183.0,50.00000000000087,1642117.0,190.0,9.0
19,95,Treino,1530.0,0.0,181.0,0.0,1642117.0,190.0,9.0
19,100,Treino,1525.0,0.0,181.0,0.0,1642117.0,190.0,9.0
19,105,Treino,1520.0,0.0,181.0,0.0,1642117.0,190.0,9.0
19,110,Treino,1515.0,0.0,181.0,0.0,1642117.0,190.0,9.0
19,115,Treino,1510.0,0.0,182.0,49.9999999999978,1642117.0,190.0,9.0
19,120,Treino,1505.0,0.0,182.0,49.9999999999978,1642117.0,190.0,9.0
19,125,Treino,1500.0,0.0,183.0,22.599682602657467,1642117.0,190.0,9.0
19,130,Treino,1495.0,0.0,183.0,16.477275588568812,1642117.0,190.0,9.0
19,135,Treino,1490.0,0.0,183.0,9.483090438069327,1642117.0,190.0,9.0
19,140,Treino,1485.0,0.0,183.0,9.483090438069333,1642117.0,190.0,9.0
19,145,Treino,1480.0,0.0,183.0,7.352595194902731,1642117.0,190.0,9.0
19,150,Treino,1475.0,0.0,183.0,7.352595194902731,1642117.0,190.0,9.0
19,155,Treino,1470.0,0.0,183.0,7.352595194902735,1642117.0,190.0,9.0
19,160,Treino,1465.0,0.0,183.0,7.352595194902731,1642117.0,190.0,9.0
19,165,Treino,1460.0,0.0,184.0,12.83439993351093,1642117.0,190.0,9.0
19,170,Treino,1455.0,1.0,184.0,12.834399933510923,1642117.0,190.0,9.0
19,175,Treino,1450.0,0.0,184.0,23.3005086400004,1642117.0,190.0,9.0
19,180,Treino,1445.0,0.0,184.0,27.54115377453272,1642117.0,190.0,9.0
19,185,Treino,1440.0,0.0,184.0,40.20302574960651,1642117.0,190.0,9.0
19,190,Treino,1435.0,-1.0,184.0,33.00000000000033,1642117.0,190.0,8.9
19,195,Treino,1430.0,-1.0,184.0,6.7486760782419335,1643519.0,190.0,8.8
19,200,Treino,1425.0,-3.0,184.0,0.8588577170938647,1648627.0,190.0,8.5
19,205,Treino,1420.0,-2.0,184.0,-0.944363186860342,1653735.0,190.0,8.3
19,210,Treino,1415.0,-1.0,184.0,-1.3618889572709687,1656288.0,190.0,8.2
19,215,Treino,1410.0,-3.0,184.0,-1.7330160469452298,1659573.0,190.0,7.9
19,220,Treino,1405.0,0.0,184.0,-1.864217322775784,1662852.0,190.0,7.9
19,225,Treino,1400.0,-3.0,184.0,-1.809001271320328,1666861.0,190.0,7.6
19,230,Treino,1395.0,0.0,184.0,-1.6969626729597824,1668317.0,190.0,7.6
19,235,Treino,1390.0,-1.0,184.0,-1.57670853291161,1669408.0,190.0,7.5
19,240,Treino,1385.0,0.0,184.0,-1.1998722184230086,1672691.0,190.0,7.3
19,245,Treino,1380.0,12.0,184.0,11.455380512312324,1672691.0,190.0,8.3
19,250,Treino,1375.0,12.0,184.0,1.7852285880516394,1672691.0,190.0,9.5
19,255,Treino,1370.0,9.0,184.0,-0.6219960472289308,1672691.0,190.0,10.6
19,260,Treino,1365.0,12.0,184.0,-1.5752018581075775,1672691.0,190.0,11.6
19,265,Treino,1360.0,12.0,184.0,-1.9441054060960168,1672691.0,190.0,12.8
19,270,Treino,1355.0,12.0,184.0,-1.928383688837912,1672691.0,190.0,13.7
19,275,Treino,1350.0,11.0,184.0,-1.531836696945419,1672691.0,190.0,14.9
19,280,Treino,1345.0,9.0,184.0,-0.5068600756937283,1672691.0,190.0,15.8
19,285,Treino,1340.0,11.0,184.0,2.1297332327484497,1672691.0,190.0,16.8
19,290,Treino,1335.0,9.0,182.0,13.32450831155028,1672691.0,190.0,18.0
19,295,Treino,1330.0,0.0,172.0,0.0,1672691.0,190.0,18.0
19,300,Treino,1325.0,0.0,172.0,0.0,1672691.0,190.0,18.0
19,305,Treino,1320.0,0.0,172.0,0.0,1672691.0,190.0,18.0
19,310,Treino,1315.0,0.0,172.0,0.0,1672691.0,190.0,18.0
19,315,Treino,1310.0,0.0,172.0,0.0,1672691.0,190.0,18.0
19,320,Treino,1305.0,18.0,172.0,22.330729166666675,1672691.0,190.0,19.8
19,325,Treino,1300.0,18.0,172.0,2.738712864594828,1672691.0,190.0,21.6
19,330,Treino,1295.0,17.0,172.0,-0.3995869229745454,1672691.0,190.0,23.3
19,335,Treino,1290.0,17.0,172.0,-1.5475991264145963,1672691.0,190.0,25.0
19,340,Treino,1285.0,17.0,172.0,-1.9984878450032475,1672691.0,190.0,26.7
19,345,Treino,1280.0,16.0,172.0,-2.039415381511117,1672691.0,190.0,28.3
19,350,Treino,1275.0,16.0,172.0,-1.7015722597679068,1672691.0,190.0,29.9
19,355,Treino,1270.0,15.0,172.0,-0.7864769432895748,1672691.0,190.0,31.4
19,360,Treino,1265.0,15.0,172.0,1.56512783322622,1672691.0,190.0,32.9
19,365,Treino,1260.0,16.0,172.0,11.55761033933192,1672691.0,190.0,34.5
19,370,Treino,1255.0,-2.0,157.0,-1.034286255441999,1672691.0,190.0,34.3
19,375,Treino,1250.0,1.0,157.0,-1.034286255441998,1672691.0,190.0,34.3
19,380,Treino,1245.0,1.0,157.0,-1.122990884003138,1672691.0,190.0,34.3
19,385,Treino,1240.0,-1.0,157.0,-1.1093140409443665,1672691.0,190.0,34.2
19,390,Treino,1235.0,2.0,157.0,-1.1850897606382889,1672691.0,190.0,34.3
19,395,Treino,1230.0,1.0,157.0,-1.2865068660810073,1672691.0,190.0,34.4
19,400,Treino,1225.0,0.0,157.0,-1.3668708950429886,1672691.0,190.0,34.4
19,405,Treino,1220.0,6.0,157.0,6.767983870838979,1672691.0,190.0,35.3
19,410,Treino,1215.0,8.0,157.0,0.9468555933633116,1672691.0,190.0,36.2
19,415,Treino,1210.0,6.0,157.0,-0.904510857267622,1672691.0,190.0,37.0
19,420,Treino,1205.0,8.0,157.0,-1.676393267223428,1672691.0,190.0,37.8
19,425,Treino,1200.0,7.0,157.0,-1.957458217981101,1672691.0,190.0,38.4
19,430,Treino,1195.0,8.0,157.0,-1.861856239602237,1672691.0,190.0,39.1
19,435,Treino,1190.0,8.0,157.0,-1.342574882138159,1672691.0,190.0,39.9
19,440,Treino,1185.0,6.0,157.0,-0.1156388631577653,1672691.0,190.0,40.5
19,445,Treino,1180.0,9.0,157.0,3.184737374373001,1672691.0,190.0,41.2
19,450,Treino,1175.0,7.0,155.0,22.33072916666664,1672691.0,190.0,42.0
19,455,Treino,1170.0,0.0,148.0,0.0,1672691.0,190.0,42.0
19,460,Treino,1165.0,0.0,148.0,0.0,1672691.0,190.0,42.0
19,465,Treino,1160.0,0.0,148.0,0.0,1672691.0,190.0,42.0
19,470,Treino,1155.0,15.0,148.0,5.825472246338359,1672691.0,190.0,43.5
19,475,Treino,1150.0,15.0,148.0,0.4173910429936209,1672691.0,190.0,45.0
19,480,Treino,1145.0,15.0,148.0,-1.2362547470211251,1672691.0,190.0,46.5
19,485,Treino,1140.0,15.0,148.0,-1.8976709784929464,1672691.0,190.0,48.0
19,490,Treino,1135.0,15.0,148.0,-2.083413368461483,1672691.0,190.0,49.5
19,495,Treino,1130.0,15.0,148.0,-1.8989228159857952,1672691.0,190.0,51.0
19,500,Treino,1125.0,15.0,148.0,-1.2416604254629695,1672691.0,190.0,52.5
19,505,Treino,1120.0,15.0,148.0,0.4018220587650156,1672691.0,190.0,54.0
19,510,Treino,1115.0,15.0,148.0,5.760365620681103,1672691.0,190.0,55.5
19,515,Treino,1110.0,-1.0,133.0,22.3307291666675,1672691.0,190.0,57.0
19,520,Treino,1105.0,0.0,133.0,49.99999999999781,1672691.0,190.0,57.0
19,525,Treino,1100.0,3.0,133.0,19.72703285657489,1672691.0,190.0,57.3
19,530,Treino,1095.0,3.0,133.0,2.4819067529278422,1672691.0,190.0,57.6
19,535,Treino,1090.0,3.0,133.0,-0.497869047736085,1672691.0,190.0,57.9
19,540,Treino,1085.0,3.0,133.0,-1.5933844805091135,1672691.0,190.0,58.2
19,545,Treino,1080.0,3.0,133.0,-2.020369922630556,1672691.0,190.0,58.5
19,550,Treino,1075.0,3.0,133.0,-2.056566279507998,1672691.0,190.0,58.8
19,555,Treino,1070.0,3.0,133.0,-1.7081763445626708,1672691.0,190.0,59.1
19,560,Treino,1065.0,3.0,133.0,-0.7586145884018265,1672691.0,190.0,59.4
19,565,Treino,1060.0,3.0,133.0,1.725953014184471,1672691.0,190.0,59.7
19,570,Treino,1055.0,3.0,133.0,13.124339821940382,1672691.0,190.0,60.0
19,575,Treino,1050.0,0.0,130.0,0.0,1672691.0,190.0,60.0
19,580,Treino,1045.0,0.0,130.0,50.00000000000087,1672691.0,190.0,60.0
19,585,Treino,1040.0,0.0,130.0,50.00000000000087,1672691.0,190.0,60.0
19,590,Treino,1035.0,0.0,130.0,50.00000000000087,1672691.0,190.0,60.0
19,595,Treino,1030.0,15.0,130.0,48.15763161046891,1672691.0,190.0,61.5
19,600,Treino,1025.0,15.0,130.0,3.927973939300795,1672691.0,190.0,63.0
19,605,Treino,1020.0,15.0,130.0,-0.0708977471382477,1672691.0,190.0,64.5
19,610,Treino,1015.0,15.0,130.0,-1.4271941777934198,1672691.0,190.0,66.0
19,615,Treino,1010.0,15.0,130.0,-1.96659242406481,1672691.0,190.0,67.5
19,620,Treino,1005.0,15.0,130.0,-2.072630348280766,1672691.0,190.0,69.0
19,625,Treino,1000.0,15.0,130.0,-1.804522370564604,1672691.0,190.0,70.5
19,630,Treino,995.0,15.0,130.0,-1.021926584159906,1672691.0,190.0,72.0
19,635,Treino,990.0,15.0,130.0,0.9850495878132683,1672691.0,190.0,73.5
19,640,Treino,985.0,16.0,130.0,8.45916601220335,1672691.0,190.0,75.1
19,645,Treino,980.0,0.0,115.0,13.124339821940389,1672691.0,190.0,75.1
19,650,Treino,975.0,0.0,115.0,13.124339821940383,1672691.0,190.0,75.1
19,655,Treino,970.0,0.0,115.0,13.124339821940383,1672691.0,190.0,75.1
19,660,Treino,965.0,0.0,115.0,13.124339821940383,1672691.0,190.0,75.1
19,665,Treino,960.0,9.0,115.0,12.72684414353357,1672691.0,190.0,76.0
19,670,Treino,955.0,9.0,115.0,1.6795292661254777,1672691.0,190.0,76.9
19,675,Treino,950.0,9.0,115.0,-0.7695171816129278,1672691.0,190.0,77.8
19,680,Treino,945.0,9.0,115.0,-1.7078962346898825,1672691.0,190.0,78.7
19,685,Treino,940.0,9.0,115.0,-2.051628452045301,1672691.0,190.0,79.6
19,690,Treino,935.0,9.0,115.0,-2.02036992263056,1672691.0,190.0,80.4
19,695,Treino,930.0,9.0,115.0,-1.5796260477111557,1672691.0,190.0,81.3
19,700,Treino,925.0,9.0,115.0,-0.4429707913400471,1672691.0,190.0,82.2
19,705,Treino,920.0,9.0,115.0,2.684314695695188,1672691.0,190.0,83.1
19,710,Treino,915.0,9.0,115.0,22.33072916666668,1672691.0,190.0,84.0
19,715,Treino,910.0,3.0,106.0,22.330729166666515,1672691.0,190.0,84.3
19,720,Treino,905.0,3.0,106.0,2.6843146956951847,1672691.0,190.0,84.6
19,725,Treino,900.0,3.0,106.0,-0.4429707913400476,1672691.0,190.0,84.9
19,730,Treino,895.0,3.0,106.0,-1.5796260477111457,1672691.0,190.0,85.2
19,735,Treino,890.0,3.0,106.0,-2.020369922630556,1672691.0,190.0,85.5
19,740,Treino,885.0,3.0,106.0,-2.056566279507998,1672691.0,190.0,85.8
19,745,Treino,880.0,3.0,106.0,-1.7081763445626443,1672691.0,190.0,86.1
19,750,Treino,875.0,3.0,106.0,-0.7586145884018265,1672691.0,190.0,86.4
19,755,Treino,870.0,3.0,106.0,1.7259530141843695,1672691.0,190.0,86.7
19,760,Treino,865.0,3.0,106.0,13.124339821940382,1672691.0,190.0,87.0
19,765,Treino,860.0,0.0,103.0,0.0,1672691.0,190.0,87.0
19,770,Treino,855.0,0.0,103.0,0.0,1672691.0,190.0,87.0
19,775,Treino,850.0,0.0,103.0,0.0,1672691.0,190.0,87.0
19,780,Treino,845.0,0.0,103.0,0.0,1672691.0,190.0,87.0
19,785,Treino,840.0,0.0,103.0,0.0,1672691.0,190.0,87.0
19,790,Treino,835.0,0.0,103.0,0.0,1672691.0,190.0,87.0
19,795,Treino,830.0,0.0,103.0,0.0,1672691.0,190.0,87.0
19,800,Treino,825.0,15.0,103.0,22.330729166666707,1672691.0,190.0,88.5
19,805,Treino,820.0,15.0,103.0,2.684314695695212,1672691.0,190.0,90.0
19,810,Treino,815.0,17.0,103.0,-0.3898123200836711,1672691.0,190.0,91.7
19,815,Treino,810.0,17.0,103.0,-1.523145127976842,1672691.0,190.0,93.4
19,820,Treino,805.0,15.0,103.0,-1.9813954269565264,1672691.0,190.0,94.9
19,825,Treino,800.0,15.0,103.0,-2.031625835027445,1672691.0,190.0,96.4
19,830,Treino,795.0,15.0,103.0,-1.6985359837713625,1672691.0,190.0,97.9
19,835,Treino,790.0,15.0,103.0,-0.7758307523092443,1672691.0,190.0,99.4
19,840,Treino,785.0,15.0,103.0,1.6231471021876072,1672691.0,190.0,100.9
19,845,Treino,780.0,15.0,103.0,12.16427992938753,1672691.0,190.0,102.4
19,850,Treino,775.0,0.0,88.0,3.973746776273451,1672691.0,190.0,102.4
19,855,Treino,770.0,0.0,88.0,3.382790293797713,1672691.0,190.0,102.4
19,860,Treino,765.0,-2.0,88.0,7.200244211270581,1672691.0,190.0,102.2
19,865,Treino,760.0,0.0,88.0,50.00000000000087,1672691.0,190.0,102.0
19,870,Treino,755.0,0.0,88.0,50.00000000000087,1672691.0,190.0,102.0
19,875,Treino,750.0,0.0,88.0,50.00000000000087,1672691.0,190.0,102.0
19,880,Treino,745.0,1.0,88.0,13.124339821940389,1672691.0,190.0,102.1
19,885,Treino,740.0,0.0,88.0,8.5344877428308,1672691.0,190.0,102.1
19,890,Treino,735.0,4.0,88.0,4.926059733677816,1672691.0,190.0,102.5
19,895,Treino,730.0,4.0,88.0,0.2272588540822568,1672691.0,190.0,102.9
19,900,Treino,725.0,4.0,88.0,-1.2862904126021897,1672691.0,190.0,103.3
19,905,Treino,720.0,4.0,88.0,-1.8928201376560625,1672691.0,190.0,103.7
19,910,Treino,715.0,4.0,88.0,-2.045804643531305,1672691.0,190.0,104.1
19,915,Treino,710.0,4.0,88.0,-1.8232312081018225,1672691.0,190.0,104.5
19,920,Treino,705.0,4.0,88.0,-1.0964573185745246,1672691.0,190.0,104.9
19,925,Treino,700.0,4.0,88.0,0.7230588855635154,1672691.0,190.0,105.3
19,930,Treino,695.0,3.0,88.0,5.525147861122246,1672691.0,190.0,105.6
19,935,Treino,690.0,0.0,84.0,49.99999999999932,1672691.0,190.0,106.0
19,940,Treino,685.0,0.0,84.0,49.99999999999932,1672691.0,190.0,106.0
19,945,Treino,680.0,0.0,84.0,49.99999999999932,1672691.0,190.0,106.0
19,950,Treino,675.0,0.0,84.0,49.99999999999929,1672691.0,190.0,106.0
19,955,Treino,670.0,0.0,84.0,49.9999999999993,1672691.0,190.0,106.0
19,960,Treino,665.0,0.0,84.0,49.9999999999993,1672691.0,190.0,106.0
19,965,Treino,660.0,0.0,84.0,49.99999999999929,1672691.0,190.0,106.0
19,970,Treino,655.0,8.0,84.0,12.44123134679692,1672691.0,190.0,106.8
19,975,Treino,650.0,8.0,84.0,1.6411921921655803,1672691.0,190.0,107.6
19,980,Treino,645.0,8.0,84.0,-0.7586145884018207,1672691.0,190.0,108.4
19,985,Treino,640.0,8.0,84.0,-1.7081763445626448,1672691.0,190.0,109.2
19,990,Treino,635.0,8.0,84.0,-2.056566279508001,1672691.0,190.0,110.0
19,995,Treino,630.0,8.0,84.0,-2.02036992263056,1672691.0,190.0,110.8
19,1000,Treino,625.0,8.0,84.0,-1.5796260477111534,1672691.0,190.0,111.6
19,1005,Treino,620.0,8.0,84.0,-0.4429707913400551,1672691.0,190.0,112.4
19,1010,Treino,615.0,8.0,84.0,2.68431469569518,1672691.0,190.0,113.2
19,1015,Treino,610.0,8.0,84.0,22.33072916666676,1672691.0,190.0,114.0
19,1020,Treino,605.0,0.0,76.0,0.0,1672691.0,190.0,114.0
19,1025,Treino,600.0,0.0,76.0,0.0,1672691.0,190.0,114.0
19,1030,Treino,595.0,0.0,76.0,0.0,1672691.0,190.0,114.0
19,1035,Treino,590.0,0.0,76.0,0.0,1672691.0,190.0,114.0
19,1040,Treino,585.0,0.0,76.0,0.0,1672691.0,190.0,114.0
19,1045,Treino,580.0,3.0,76.0,13.124339821940389,1672691.0,190.0,114.3
19,1050,Treino,575.0,3.0,76.0,1.725953014184367,1672691.0,190.0,114.6
19,1055,Treino,570.0,3.0,76.0,-0.7586145884018265,1672691.0,190.0,114.9
19,1060,Treino,565.0,3.0,76.0,-1.7081763445626443,1672691.0,190.0,115.2
19,1065,Treino,560.0,3.0,76.0,-2.056566279507998,1672691.0,190.0,115.5
19,1070,Treino,555.0,3.0,76.0,-2.020369922630556,1672691.0,190.0,115.8
19,1075,Treino,550.0,3.0,76.0,-1.535919232261266,1672691.0,190.0,116.1
19,1080,Treino,545.0,3.0,76.0,-0.5022929628120001,1672691.0,190.0,116.4
19,1085,Treino,540.0,3.0,76.0,2.184339149933612,1672691.0,190.0,116.7
19,1090,Treino,535.0,3.0,76.0,13.916972942563143,1672691.0,190.0,117.0
19,1095,Treino,530.0,0.0,73.0,3.973746776273229,1672691.0,190.0,117.0
19,1100,Treino,525.0,1.0,73.0,2.684314695695182,1672691.0,190.0,117.1
19,1105,Treino,520.0,0.0,73.0,2.684314695695183,1672691.0,190.0,117.1
19,1110,Treino,515.0,0.0,73.0,2.684314695695183,1672691.0,190.0,117.1
19,1115,Treino,510.0,0.0,73.0,2.684314695695182,1672691.0,190.0,117.1
19,1120,Treino,505.0,-1.0,73.0,1.72595301418447,1672691.0,190.0,117.1
19,1125,Treino,500.0,9.0,73.0,44.601270817581565,1672691.0,190.0,118.1
19,1130,Treino,495.0,10.0,73.0,3.878210900162805,1672691.0,190.0,119.1
19,1135,Treino,490.0,9.0,73.0,-0.081130089238766,1672691.0,190.0,120.1
19,1140,Treino,485.0,10.0,73.0,-1.4276923134464208,1672691.0,190.0,121.1
19,1145,Treino,480.0,10.0,73.0,-1.966012677871915,1672691.0,190.0,122.1
19,1150,Treino,475.0,10.0,73.0,-2.074789933764463,1672691.0,190.0,123.0
19,1155,Treino,470.0,10.0,73.0,-1.808547570218045,1672691.0,190.0,124.0
19,1160,Treino,465.0,10.0,73.0,-1.0106946535162495,1672691.0,190.0,125.0
19,1165,Treino,460.0,10.0,73.0,1.0134775454437523,1672691.0,190.0,126.0
19,1170,Treino,455.0,10.0,73.0,8.53448774283072,1672691.0,190.0,127.0
19,1175,Treino,450.0,0.0,63.0,0.0,1672691.0,190.0,127.0
19,1180,Treino,445.0,0.0,63.0,0.0,1672691.0,190.0,127.0
19,1185,Treino,440.0,0.0,63.0,0.0,1672691.0,190.0,127.0
19,1190,Treino,435.0,14.0,63.0,21.80658436213991,1672691.0,190.0,128.4
19,1195,Treino,430.0,14.0,63.0,2.647163120567376,1672691.0,190.0,129.8
19,1200,Treino,425.0,14.0,63.0,-0.4518964782610406,1672691.0,190.0,131.2
19,1205,Treino,420.0,14.0,63.0,-1.5807209702463365,1672691.0,190.0,132.6
19,1210,Treino,415.0,14.0,63.0,-2.01730810789572,1672691.0,190.0,134.0
19,1215,Treino,410.0,14.0,63.0,-2.04967463723922,1672691.0,190.0,135.4
19,1220,Treino,405.0,14.0,63.0,-1.6957196852063654,1672691.0,190.0,136.8
19,1225,Treino,400.0,14.0,63.0,-0.7345773987456785,1672691.0,190.0,138.2
19,1230,Treino,395.0,14.0,63.0,1.7866045574719838,1672691.0,190.0,139.6
19,1235,Treino,390.0,14.0,63.0,13.481481481481502,1672691.0,190.0,141.0
19,1240,Treino,385.0,0.0,49.0,0.0,1672691.0,190.0,141.0
19,1245,Treino,380.0,0.0,49.0,0.0,1672691.0,190.0,141.0
19,1250,Treino,375.0,0.0,49.0,0.0,1672691.0,190.0,141.0
19,1255,Treino,370.0,0.0,49.0,0.0,1672691.0,190.0,141.0
19,1260,Treino,365.0,0.0,49.0,49.99999999999932,1672691.0,190.0,141.0
19,1265,Treino,360.0,1.0,49.0,23.30050863999986,1672691.0,190.0,141.1
19,1270,Treino,355.0,0.0,49.0,17.22546485640114,1672691.0,190.0,141.1
19,1275,Treino,350.0,1.0,49.0,9.215093751629256,1672691.0,190.0,141.2
19,1280,Treino,345.0,1.0,49.0,6.129165452249106,1672691.0,190.0,141.3
19,1285,Treino,340.0,1.0,49.0,4.735032698551064,1672691.0,190.0,141.4
19,1290,Treino,335.0,1.0,49.0,3.6241860031394246,1672691.0,190.0,141.5
19,1295,Treino,330.0,0.0,49.0,3.2006359122125687,1672691.0,190.0,141.5
19,1300,Treino,325.0,1.0,49.0,3.1555220845410528,1672691.0,190.0,141.6
19,1305,Treino,320.0,0.0,49.0,3.78552193448572,1672691.0,190.0,141.6
19,1310,Treino,315.0,0.0,49.0,3.4880734707446965,1672691.0,190.0,141.7
19,1315,Treino,310.0,0.0,49.0,3.4880734707446965,1672691.0,190.0,141.6
19,1320,Treino,305.0,0.0,49.0,4.738101832766734,1672691.0,190.0,141.7
19,1325,Treino,300.0,0.0,49.0,4.738101832766732,1672691.0,190.0,141.7
19,1330,Treino,295.0,0.0,49.0,5.34263109860615,1672691.0,190.0,141.7
19,1335,Treino,290.0,5.0,49.0,13.514892255319133,1672691.0,190.0,142.2
19,1340,Treino,285.0,5.0,49.0,1.9879717266832249,1672691.0,190.0,142.7
19,1345,Treino,280.0,5.0,49.0,-0.5842892039283765,1672691.0,190.0,143.3
19,1350,Treino,275.0,5.0,49.0,-1.5855671872413275,1672691.0,190.0,143.8
19,1355,Treino,270.0,6.0,49.0,-1.9599201945996545,1672691.0,190.0,144.4
19,1360,Treino,265.0,5.0,49.0,-1.9800103895508048,1672691.0,190.0,144.9
19,1365,Treino,260.0,5.0,49.0,-1.6725945736733818,1672691.0,190.0,145.5
19,1370,Treino,255.0,5.0,49.0,-0.6955937626727491,1672691.0,190.0,146.0
19,1375,Treino,250.0,5.0,49.0,1.8697471760337745,1672691.0,190.0,146.5
19,1380,Treino,245.0,5.0,49.0,13.7472593753577,1672691.0,190.0,147.0
19,1385,Treino,240.0,0.0,43.0,0.0,1672691.0,190.0,147.0
19,1390,Treino,235.0,10.0,43.0,5.888856079596488,1672691.0,190.0,148.0
19,1395,Treino,230.0,11.0,43.0,0.4576398894453306,1672691.0,190.0,149.1
19,1400,Treino,225.0,11.0,43.0,-1.2101886234928914,1672691.0,190.0,150.2
19,1405,Treino,220.0,11.0,43.0,-1.8819736963003508,1672691.0,190.0,151.3
19,1410,Treino,215.0,11.0,43.0,-2.074314516320089,1672691.0,190.0,152.4
19,1415,Treino,210.0,10.0,43.0,-1.89476857780351,1672691.0,190.0,153.4
19,1420,Treino,205.0,10.0,43.0,-1.2484054567603209,1672691.0,190.0,154.4
19,1425,Treino,200.0,11.0,43.0,0.3580291514291351,1672691.0,190.0,155.5
19,1430,Treino,195.0,10.0,43.0,5.50386153679716,1672691.0,190.0,156.5
19,1435,Treino,190.0,-1.0,34.0,-0.019620193285438,1672691.0,190.0,157.5
19,1440,Treino,185.0,0.0,34.0,-0.6268103196617285,1672691.0,190.0,157.5
19,1445,Treino,180.0,0.0,34.0,-0.9792532733848578,1672691.0,190.0,157.4
19,1450,Treino,175.0,-1.0,34.0,-1.1573394659900544,1672691.0,190.0,157.3
19,1455,Treino,170.0,-1.0,34.0,-0.9573776592457728,1672691.0,190.0,157.2
19,1460,Treino,165.0,0.0,34.0,-0.1377655720211956,1672691.0,190.0,157.1
19,1465,Treino,160.0,2.0,34.0,8.873645298855388,1672691.0,190.0,157.4
19,1470,Treino,155.0,3.0,34.0,2.223227772396382,1672691.0,190.0,157.7
19,1475,Treino,150.0,2.0,34.0,-0.3295409142760706,1672691.0,190.0,157.9
19,1480,Treino,145.0,3.0,34.0,-1.4052757110049612,1672691.0,190.0,158.2
19,1485,Treino,140.0,3.0,33.0,-1.9686965028124248,1672691.0,190.0,158.5
19,1490,Treino,135.0,3.0,33.0,-2.078005660120022,1672691.0,190.0,158.8
19,1495,Treino,130.0,3.0,33.0,-1.814290358703898,1672691.0,190.0,159.1
19,1500,Treino,125.0,3.0,33.0,-1.0213504728132397,1672691.0,190.0,159.4
19,1505,Treino,120.0,3.0,33.0,0.9888715908435728,1672691.0,190.0,159.7
19,1510,Treino,115.0,3.0,33.0,8.53448774283074,1672691.0,190.0,160.0
19,1515,Treino,110.0,0.0,30.0,0.0,1672691.0,190.0,160.0
19,1520,Treino,105.0,0.0,31.0,50.000000000000114,1672691.0,190.0,160.0
19,1525,Treino,100.0,0.0,31.0,50.000000000000114,1672691.0,190.0,160.0
19,1530,Treino,95.0,0.0,31.0,50.000000000000114,1672691.0,190.0,160.0
19,1535,Treino,90.0,0.0,31.0,50.000000000000114,1672691.0,190.0,160.0
19,1540,Treino,85.0,0.0,31.0,50.000000000000114,1672691.0,190.0,160.0
19,1545,Treino,80.0,0.0,31.0,50.00000000000013,1672691.0,190.0,160.0
19,1550,Treino,75.0,11.0,31.0,13.034293031092364,1672691.0,190.0,161.1
19,1555,Treino,70.0,11.0,31.0,1.716342925300891,1672691.0,190.0,162.2
19,1560,Treino,65.0,12.0,31.0,-0.7321889505419961,1672691.0,190.0,163.4
19,1565,Treino,60.0,12.0,31.0,-1.6826820180186073,1672691.0,190.0,164.5
19,1570,Treino,55.0,12.0,30.0,-2.03725645653134,1672691.0,190.0,165.7
19,1575,Treino,50.0,12.0,30.0,-2.0080995852031656,1672691.0,190.0,166.9
19,1580,Treino,45.0,12.0,30.0,-1.578840043178979,1672691.0,190.0,168.1
19,1585,Treino,40.0,12.0,30.0,-0.4690068907156686,1672691.0,190.0,169.3
19,1590,Treino,35.0,12.0,30.0,2.550533831407121,1672691.0,190.0,170.5
19,1595,Treino,30.0,12.0,30.0,20.217092377733337,1672691.0,190.0,171.7
19,1600,Treino,25.0,1.0,19.0,-1.425365691489364,1672691.0,190.0,171.8
19,1605,Treino,20.0,1.0,19.0,-0.0607548479888753,1672691.0,190.0,171.9
19,1610,Treino,15.0,0.0,19.0,0.9888715908435728,1672691.0,190.0,171.9
19,1615,Treino,10.0,1.0,19.0,2.684314695695182,1672691.0,190.0,172.0
19,1620,Treino,5.0,0.0,19.0,3.973746776273344,1672691.0,190.0,172.0
19,1625,Treino,0.0,0.0,19.0,2.68431469569518,1672691.0,190.0,172.0
20,50,Validação,2118.0,7.0,184.0,9.792026191474587,1557731.0,184.0,13.0
20,55,Validação,2113.0,0.0,178.0,-1.2810860715934365,1557731.0,184.0,14.0
20,60,Validação,2108.0,-1.0,178.0,-1.2616100763529634,1560844.0,184.0,13.666666666666666
20,65,Validação,2103.0,-2.0,178.0,-1.3051861702127558,1562968.0,184.0,13.25
20,70,Validação,2098.0,-1.0,178.0,-1.2810860715934278,1564739.0,184.0,13.2
20,75,Validação,2093.0,1.0,178.0,-1.1620124113475176,1566510.0,184.0,13.5
20,80,Validação,2088.0,0.0,178.0,-0.7060704797659052,1568636.0,184.0,13.428571428571429
20,85,Validação,2083.0,0.0,178.0,0.0144412992306732,1571107.0,184.0,13.25
20,90,Validação,2078.0,4.0,178.0,3.584513955788049,1571107.0,184.0,13.777777777777779
20,95,Validação,2073.0,6.0,178.0,0.5237038981710902,1571107.0,184.0,14.2
20,100,Validação,2068.0,5.0,178.0,-0.735640839111666,1571107.0,184.0,14.7
20,105,Validação,2063.0,6.0,178.0,-1.510339506624392,1571107.0,184.0,15.0
20,110,Validação,2058.0,3.0,178.0,-1.801847044134926,1571107.0,184.0,15.5
20,115,Validação,2053.0,6.0,178.0,-1.7231704801792969,1571107.0,184.0,16.1
20,120,Validação,2048.0,6.0,178.0,-1.1722931250754205,1571107.0,184.0,16.6
20,125,Validação,2043.0,6.0,178.0,-0.1085418458471547,1571107.0,184.0,16.9
20,130,Validação,2038.0,6.0,178.0,2.632592505977498,1571107.0,184.0,17.4
20,135,Validação,2033.0,3.0,176.0,11.306009107481444,1571107.0,184.0,18.0
20,140,Validação,2028.0,0.0,172.0,32.438318899467774,1571107.0,184.0,18.0
20,145,Validação,2023.0,0.0,172.0,32.438318899467774,1571107.0,184.0,18.0
20,150,Validação,2018.0,0.0,172.0,0.0,1571107.0,184.0,18.0
20,155,Validação,2013.0,9.0,172.0,13.124339821940609,1571107.0,184.0,18.9
20,160,Validação,2008.0,9.0,172.0,1.7259530141844015,1571107.0,184.0,19.8
20,165,Validação,2003.0,9.0,172.0,-0.7586145884018269,1571107.0,184.0,20.7
20,170,Validação,1998.0,9.0,172.0,-1.7081763445626532,1571107.0,184.0,21.6
20,175,Validação,1993.0,9.0,172.0,-2.0565662795079973,1571107.0,184.0,22.5
20,180,Validação,1988.0,9.0,172.0,-2.0203699226305627,1571107.0,184.0,23.4
20,185,Validação,1983.0,9.0,172.0,-1.5796260477111557,1571107.0,184.0,24.3
20,190,Validação,1978.0,9.0,172.0,-0.4429707913400471,1571107.0,184.0,25.2
20,195,Validação,1973.0,9.0,172.0,2.684314695695224,1571107.0,184.0,26.1
20,200,Validação,1968.0,9.0,172.0,22.330729166666504,1571107.0,184.0,27.0
20,205,Validação,1963.0,0.0,163.0,0.0,1571107.0,184.0,27.0
20,210,Validação,1958.0,0.0,163.0,0.0,1571107.0,184.0,27.0
20,215,Validação,1953.0,0.0,163.0,0.0,1571107.0,184.0,27.0
20,220,Validação,1948.0,0.0,163.0,0.0,1571107.0,184.0,27.0
20,225,Validação,1943.0,9.0,163.0,8.53448774283072,1571107.0,184.0,27.9
20,230,Validação,1938.0,7.0,163.0,1.1396548963707431,1571107.0,184.0,28.6
20,235,Validação,1933.0,9.0,163.0,-0.9015723680322458,1571107.0,184.0,29.5
20,240,Validação,1928.0,9.0,163.0,-1.7429831834584832,1571107.0,184.0,30.4
20,245,Validação,1923.0,9.0,163.0,-2.036754607397135,1571107.0,184.0,31.3
20,250,Validação,1918.0,9.0,163.0,-1.95042073157985,1571107.0,184.0,32.2
20,255,Validação,1913.0,9.0,163.0,-1.4394073825670026,1571107.0,184.0,33.1
20,260,Validação,1908.0,9.0,163.0,-0.1509222865490747,1571107.0,184.0,34.0
20,265,Validação,1903.0,9.0,163.0,3.378959090836144,1571107.0,184.0,34.9
20,270,Validação,1898.0,8.0,163.0,30.43927266620024,1571107.0,184.0,35.7
20,275,Validação,1893.0,-1.0,156.0,0.807763319852242,1571107.0,184.0,35.6
20,280,Validação,1888.0,-2.0,157.0,1.2750451704042352,1571107.0,184.0,35.5
20,285,Validação,1883.0,6.0,157.0,13.287412396659576,1571107.0,184.0,36.1
20,290,Validação,1878.0,6.0,157.0,2.494507758923897,1571107.0,184.0,36.7
20,295,Validação,1873.0,6.0,157.0,-0.3097258159901628,1571107.0,184.0,37.3
20,300,Validação,1868.0,6.0,157.0,-1.3904057485375514,1571107.0,184.0,37.9
20,305,Validação,1863.0,7.0,157.0,-1.8164091236787605,1571107.0,184.0,38.5
20,310,Validação,1858.0,8.0,157.0,-1.8546829282073944,1571107.0,184.0,39.1
20,315,Validação,1853.0,6.0,157.0,-1.5149071551818978,1571107.0,184.0,39.7
20,320,Validação,1848.0,6.0,157.0,-0.6711877820132202,1571107.0,184.0,40.4
20,325,Validação,1843.0,6.0,157.0,1.3765517746806823,1571107.0,184.0,41.1
20,330,Validação,1838.0,7.0,156.0,8.75332098250431,1571107.0,184.0,42.0
20,335,Validação,1833.0,0.0,148.0,0.0,1571107.0,184.0,42.0
20,340,Validação,1828.0,0.0,148.0,0.0,1571107.0,184.0,42.0
20,345,Validação,1823.0,0.0,148.0,0.0,1571107.0,184.0,42.0
20,350,Validação,1818.0,0.0,148.0,0.0,1571107.0,184.0,42.0
20,355,Validação,1813.0,7.0,148.0,10.006073581299368,1571107.0,184.0,42.7
20,360,Validação,1808.0,6.0,148.0,2.0050685666727848,1571107.0,184.0,43.3
20,365,Validação,1803.0,7.0,148.0,-0.5160401565885926,1571107.0,184.0,44.0
20,370,Validação,1798.0,6.0,148.0,-1.384944065718799,1571107.0,184.0,44.6
20,375,Validação,1793.0,6.0,148.0,-1.7669479559914296,1571107.0,184.0,45.2
20,380,Validação,1788.0,6.0,148.0,-1.7544223385700923,1571107.0,184.0,45.8
20,385,Validação,1783.0,6.0,148.0,-1.3220791714292102,1571107.0,184.0,46.4
20,390,Validação,1778.0,6.0,148.0,-0.1991289888910707,1571107.0,184.0,47.0
20,395,Validação,1773.0,6.0,148.0,2.8105469824589244,1571107.0,184.0,47.6
20,400,Validação,1768.0,6.0,148.0,16.949897066508434,1571107.0,184.0,48.2
20,405,Validação,1763.0,4.0,142.0,7.278029507048355,1571107.0,184.0,48.5
20,410,Validação,1758.0,3.0,142.0,0.8216783893088966,1571107.0,184.0,48.9
20,415,Validação,1753.0,1.0,142.0,-1.0000782742385366,1571107.0,184.0,49.2
20,420,Validação,1748.0,3.0,142.0,-1.7136174730169644,1571107.0,184.0,49.6
20,425,Validação,1743.0,4.0,142.0,-2.0109160773007884,1571107.0,184.0,50.0
20,430,Validação,1738.0,4.0,142.0,-1.9968585269122456,1571107.0,184.0,50.4
20,435,Validação,1733.0,4.0,142.0,-1.5689350839858114,1571107.0,184.0,50.8
20,440,Validação,1728.0,4.0,142.0,-0.4540295899286795,1571107.0,184.0,51.2
20,445,Validação,1723.0,4.0,142.0,2.5960741133597054,1571107.0,184.0,51.6
20,450,Validação,1718.0,4.0,142.0,20.88406254523186,1571107.0,184.0,52.0
20,455,Validação,1713.0,8.0,138.0,12.94866407611843,1571107.0,184.0,52.8
20,460,Validação,1708.0,8.0,138.0,1.705286895780544,1571107.0,184.0,53.6
20,465,Validação,1703.0,8.0,138.0,-0.7636328267477119,1571107.0,184.0,54.4
20,470,Validação,1698.0,7.0,138.0,-1.7081477894264163,1571107.0,184.0,55.2
20,475,Validação,1693.0,8.0,138.0,-2.056566279508001,1571107.0,184.0,56.0
20,480,Validação,1688.0,8.0,138.0,-2.020369922630564,1571107.0,184.0,56.8
20,485,Validação,1683.0,8.0,138.0,-1.5796260477111534,1571107.0,184.0,57.6
20,490,Validação,1678.0,8.0,138.0,-0.4429707913400311,1571107.0,184.0,58.4
20,495,Validação,1673.0,11.0,138.0,2.363155107091149,1571107.0,184.0,59.5
20,500,Validação,1668.0,11.0,138.0,10.702249021519282,1571107.0,184.0,60.6
20,505,Validação,1663.0,3.0,130.0,-0.4429707913400476,1571107.0,184.0,60.9
20,510,Validação,1658.0,3.0,130.0,-1.5796260477111754,1571107.0,184.0,61.2
20,515,Validação,1653.0,3.0,130.0,-2.020369922630556,1571107.0,184.0,61.5
20,520,Validação,1648.0,3.0,130.0,-2.056566279507998,1571107.0,184.0,61.8
20,525,Validação,1643.0,3.0,130.0,-1.7081763445626708,1571107.0,184.0,62.1
20,530,Validação,1638.0,3.0,130.0,-0.7586145884018265,1571107.0,184.0,62.4
20,535,Validação,1633.0,3.0,130.0,1.7259530141843695,1571107.0,184.0,62.7
20,540,Validação,1628.0,3.0,130.0,13.124339821940382,1571107.0,184.0,63.0
20,545,Validação,1623.0,0.0,127.0,0.0,1571107.0,184.0,63.0
20,550,Validação,1618.0,0.0,127.0,0.0,1571107.0,184.0,63.0
20,555,Validação,1613.0,0.0,127.0,0.0,1571107.0,184.0,63.0
20,560,Validação,1608.0,0.0,127.0,0.0,1571107.0,184.0,63.0
20,565,Validação,1603.0,0.0,127.0,0.0,1571107.0,184.0,63.0
20,570,Validação,1598.0,0.0,127.0,0.0,1571107.0,184.0,63.0
20,575,Validação,1593.0,0.0,127.0,0.0,1571107.0,184.0,63.0
20,580,Validação,1588.0,3.0,127.0,8.534487742830798,1571107.0,184.0,63.3
20,585,Validação,1583.0,3.0,127.0,1.211287113333781,1571107.0,184.0,63.6
20,590,Validação,1578.0,3.0,127.0,-0.4882587600434172,1571107.0,184.0,63.9
20,595,Validação,1573.0,0.0,127.0,-0.5375038033090558,1571107.0,184.0,63.9
20,600,Validação,1568.0,1.0,127.0,-0.6610248294257586,1571107.0,184.0,64.0
20,605,Validação,1563.0,1.0,127.0,-0.79043156103298,1571107.0,184.0,64.1
20,610,Validação,1558.0,2.0,127.0,-0.9409809136420524,1571107.0,184.0,64.3
20,615,Validação,1553.0,2.0,127.0,-1.377401004728137,1571107.0,184.0,64.5
20,620,Validação,1548.0,2.0,127.0,-1.439765657806239,1571107.0,184.0,64.7
20,625,Validação,1543.0,0.0,127.0,-1.3193384171701277,1571107.0,184.0,64.7
20,630,Validação,1538.0,-1.0,127.0,-0.9898000000000048,1571107.0,184.0,64.6
20,635,Validação,1533.0,-1.0,127.0,-0.6081560283687981,1571107.0,184.0,64.3
20,640,Validação,1528.0,3.0,127.0,-0.427881593076302,1571107.0,184.0,64.3
20,645,Validação,1523.0,6.0,127.0,7.953442300640962,1571107.0,184.0,65.0
20,650,Validação,1518.0,6.0,127.0,1.3451547011282834,1571107.0,184.0,65.6
20,655,Validação,1513.0,7.0,127.0,-0.7417445504374642,1571107.0,184.0,66.2
20,660,Validação,1508.0,5.0,127.0,-1.563090303407487,1571107.0,184.0,66.7
20,665,Validação,1503.0,6.0,127.0,-1.90134745327053,1571107.0,184.0,67.2
20,670,Validação,1498.0,6.0,127.0,-1.8842004822374168,1571107.0,184.0,67.7
20,675,Validação,1493.0,6.0,127.0,-1.4296954927849632,1571107.0,184.0,68.4
20,680,Validação,1488.0,7.0,127.0,-0.4061578983906142,1571107.0,184.0,68.9
20,685,Validação,1483.0,7.0,127.0,2.21435612543158,1571107.0,184.0,69.6
20,690,Validação,1478.0,6.0,126.0,12.43467681268614,1571107.0,184.0,70.0
20,695,Validação,1473.0,2.0,120.0,22.33072916666676,1571107.0,184.0,70.2
20,700,Validação,1468.0,0.0,120.0,22.330729166666764,1571107.0,184.0,70.2
20,705,Validação,1463.0,0.0,120.0,22.330729166666764,1571107.0,184.0,70.2
20,710,Validação,1458.0,0.0,120.0,22.330729166666764,1571107.0,184.0,70.2
20,715,Validação,1453.0,0.0,120.0,22.33072916666676,1571107.0,184.0,70.2
20,720,Validação,1448.0,5.0,120.0,28.40265565991155,1571107.0,184.0,70.7
20,725,Validação,1443.0,5.0,120.0,3.576216215531874,1571107.0,184.0,71.2
20,730,Validação,1438.0,5.0,120.0,-0.161777448116652,1571107.0,184.0,71.7
20,735,Validação,1433.0,5.0,120.0,-1.4559289914431004,1571107.0,184.0,72.2
20,740,Validação,1428.0,5.0,120.0,-1.9669538205830872,1571107.0,184.0,72.7
20,745,Validação,1423.0,5.0,120.0,-2.0780056601200227,1571107.0,184.0,73.0
20,750,Validação,1418.0,5.0,120.0,-1.8052373082887727,1571107.0,184.0,73.5
20,755,Validação,1413.0,14.0,120.0,1.9747682139381133,1571107.0,184.0,74.9
20,760,Validação,1408.0,14.0,120.0,0.1608267473000086,1571107.0,184.0,76.3
20,765,Validação,1403.0,14.0,120.0,-0.8844644131898316,1571107.0,184.0,77.7
20,770,Validação,1398.0,9.0,115.0,-1.804516604475812,1571107.0,184.0,78.6
20,775,Validação,1393.0,9.0,115.0,-2.069469304087092,1571107.0,184.0,79.5
20,780,Validação,1388.0,9.0,115.0,-1.960053000156204,1571107.0,184.0,80.4
20,785,Validação,1383.0,9.0,115.0,-1.4150926296320108,1571107.0,184.0,81.3
20,790,Validação,1378.0,9.0,115.0,-0.0455477530030083,1571107.0,184.0,82.2
20,795,Validação,1373.0,9.0,115.0,4.007008128516315,1571107.0,184.0,83.1
20,800,Validação,1368.0,12.0,115.0,39.87036415249848,1571107.0,184.0,84.3
20,805,Validação,1363.0,3.0,106.0,3.691525826625256,1571107.0,184.0,84.6
20,810,Validação,1358.0,3.0,106.0,-0.0607548479888739,1571107.0,184.0,84.9
20,815,Validação,1353.0,3.0,106.0,-1.4253656914893458,1571107.0,184.0,85.2
20,820,Validação,1348.0,3.0,106.0,-1.968696502812428,1571107.0,184.0,85.5
20,825,Validação,1343.0,3.0,106.0,-2.0780056601200214,1571107.0,184.0,85.8
20,830,Validação,1338.0,3.0,106.0,-1.814290358703898,1571107.0,184.0,86.1
20,835,Validação,1333.0,3.0,106.0,-1.02135047281325,1571107.0,184.0,86.4
20,840,Validação,1328.0,3.0,106.0,0.988871590843532,1571107.0,184.0,86.7
20,845,Validação,1323.0,3.0,106.0,8.534487742830798,1571107.0,184.0,87.0
20,850,Validação,1318.0,0.0,103.0,0.0,1571107.0,184.0,87.0
20,855,Validação,1313.0,0.0,103.0,0.0,1571107.0,184.0,87.0
20,860,Validação,1308.0,0.0,103.0,50.00000000000087,1571107.0,184.0,87.0
20,865,Validação,1303.0,0.0,103.0,22.330729166666007,1571107.0,184.0,87.0
20,870,Validação,1298.0,0.0,103.0,22.330729166666003,1571107.0,184.0,87.0
20,875,Validação,1293.0,0.0,103.0,22.330729166666003,1571107.0,184.0,87.0
20,880,Validação,1288.0,0.0,103.0,22.330729166666003,1571107.0,184.0,87.0
20,885,Validação,1283.0,0.0,103.0,22.330729166666003,1571107.0,184.0,87.0
20,890,Validação,1278.0,1.0,103.0,13.124339821940389,1571107.0,184.0,87.1
20,895,Validação,1273.0,6.0,103.0,12.244734617059336,1571107.0,184.0,87.7
20,900,Validação,1268.0,6.0,103.0,1.6199110056251484,1571107.0,184.0,88.3
20,905,Validação,1263.0,5.0,103.0,-0.7849549804614373,1571107.0,184.0,88.9
20,910,Validação,1258.0,6.0,103.0,-1.708841781393411,1571107.0,184.0,89.5
20,915,Validação,1253.0,6.0,103.0,-2.0517366598878937,1571107.0,184.0,90.1
20,920,Validação,1248.0,6.0,103.0,-2.0101784341925955,1571107.0,184.0,90.7
20,925,Validação,1243.0,6.0,103.0,-1.561053004205586,1571107.0,184.0,91.3
20,930,Validação,1238.0,6.0,103.0,-0.4056519864025096,1571107.0,184.0,91.9
20,935,Validação,1233.0,6.0,103.0,2.788693250991309,1571107.0,184.0,92.5
20,940,Validação,1228.0,6.0,103.0,22.330729166666742,1571107.0,184.0,93.0
20,945,Validação,1223.0,0.0,97.0,0.0,1571107.0,184.0,93.0
20,950,Validação,1218.0,0.0,97.0,0.0,1571107.0,184.0,93.0
20,955,Validação,1213.0,0.0,97.0,0.0,1571107.0,184.0,93.0
20,960,Validação,1208.0,0.0,97.0,0.0,1571107.0,184.0,93.0
20,965,Validação,1203.0,0.0,97.0,49.99999999999932,1571107.0,184.0,93.0
20,970,Validação,1198.0,2.0,97.0,8.5344877428308,1571107.0,184.0,93.2
20,975,Validação,1193.0,2.0,97.0,3.382790293797714,1571107.0,184.0,93.4
20,980,Validação,1188.0,2.0,97.0,0.5143262411347034,1571107.0,184.0,93.6
20,985,Validação,1183.0,1.0,97.0,0.1211457028516149,1571107.0,184.0,93.7
20,990,Validação,1178.0,2.0,97.0,-1.0384774183983696,1571107.0,184.0,93.9
20,995,Validação,1173.0,2.0,97.0,-1.509977570857725,1571107.0,184.0,94.1
20,1000,Validação,1168.0,3.0,97.0,-1.6361222145285157,1571107.0,184.0,94.4
20,1005,Validação,1163.0,2.0,97.0,-1.6278425531914862,1571107.0,184.0,94.6
20,1010,Validação,1158.0,1.0,97.0,-1.163289664676002,1571107.0,184.0,94.7
20,1015,Validação,1153.0,0.0,97.0,-0.5307605644207962,1571107.0,184.0,94.9
20,1020,Validação,1148.0,0.0,97.0,-0.4630075367263959,1571107.0,184.0,94.7
20,1025,Validação,1143.0,0.0,97.0,-0.3782611422162665,1571107.0,184.0,94.7
20,1030,Validação,1138.0,3.0,97.0,-0.341959066934741,1571107.0,184.0,94.8
20,1035,Validação,1133.0,1.0,97.0,0.0848338814586719,1571107.0,184.0,95.0
20,1040,Validação,1128.0,3.0,97.0,0.1558137235318288,1571107.0,184.0,95.1
20,1045,Validação,1123.0,1.0,97.0,0.5950063338153742,1571107.0,184.0,95.2
20,1050,Validação,1118.0,2.0,97.0,0.7574127395815249,1571107.0,184.0,95.3
20,1055,Validação,1113.0,2.0,97.0,0.7530042346578312,1571107.0,184.0,95.5
20,1060,Validação,1108.0,1.0,97.0,1.0785815602837028,1571107.0,184.0,95.7
20,1065,Validação,1103.0,2.0,97.0,2.25232705457975,1571107.0,184.0,95.8
20,1070,Validação,1098.0,1.0,97.0,6.249166449288234,1571107.0,184.0,96.1
20,1075,Validação,1093.0,0.0,94.0,-1.2411347517730256,1571107.0,184.0,96.2
20,1080,Validação,1088.0,0.0,94.0,-1.579626047711176,1571107.0,184.0,96.2
20,1085,Validação,1083.0,2.0,94.0,2.653442671394849,1571107.0,184.0,96.5
20,1090,Validação,1078.0,3.0,94.0,-0.100644231190611,1571107.0,184.0,96.8
20,1095,Validação,1073.0,3.0,94.0,-1.233743019468085,1571107.0,184.0,97.1
20,1100,Validação,1068.0,3.0,94.0,-1.7062556677034677,1571107.0,184.0,97.3
20,1105,Validação,1063.0,2.0,94.0,-1.8210295440262465,1571107.0,184.0,97.5
20,1110,Validação,1058.0,3.0,94.0,-1.6161695174523678,1571107.0,184.0,97.8
20,1115,Validação,1053.0,3.0,94.0,-0.9293826434573867,1571107.0,184.0,98.1
20,1120,Validação,1048.0,3.0,94.0,0.6828905258272537,1571107.0,184.0,98.4
20,1125,Validação,1043.0,2.0,94.0,5.408532089182096,1571107.0,184.0,98.7
20,1130,Validação,1038.0,2.0,93.0,49.99999999999929,1571107.0,184.0,99.0
20,1135,Validação,1033.0,0.0,91.0,0.0,1571107.0,184.0,99.0
20,1140,Validação,1028.0,0.0,91.0,0.0,1571107.0,184.0,99.0
20,1145,Validação,1023.0,0.0,91.0,0.0,1571107.0,184.0,99.0
20,1150,Validação,1018.0,0.0,91.0,0.0,1571107.0,184.0,99.0
20,1155,Validação,1013.0,0.0,91.0,49.99999999999986,1571107.0,184.0,99.0
20,1160,Validação,1008.0,0.0,91.0,49.99999999999986,1571107.0,184.0,99.0
20,1165,Validação,1003.0,0.0,91.0,49.99999999999983,1571107.0,184.0,99.0
20,1170,Validação,998.0,0.0,91.0,49.99999999999983,1571107.0,184.0,99.0
20,1175,Validação,993.0,0.0,91.0,26.499200000000265,1571107.0,184.0,99.0
20,1180,Validação,988.0,0.0,91.0,26.499200000000275,1571107.0,184.0,99.0
20,1185,Validação,983.0,0.0,91.0,26.499200000000283,1571107.0,184.0,99.0
20,1190,Validação,978.0,0.0,91.0,26.499200000000283,1571107.0,184.0,99.0
20,1195,Validação,973.0,0.0,91.0,26.499200000000283,1571107.0,184.0,99.0
20,1200,Validação,968.0,-3.0,91.0,26.49920000000029,1571107.0,184.0,99.0
20,1205,Validação,963.0,0.0,91.0,49.9999999999993,1571107.0,184.0,99.0
20,1210,Validação,958.0,0.0,91.0,49.99999999999929,1571107.0,184.0,99.0
20,1215,Validação,953.0,0.0,91.0,32.43831889946779,1571107.0,184.0,99.0
20,1220,Validação,948.0,7.0,91.0,5.413271566779368,1571107.0,184.0,99.7
20,1225,Validação,943.0,7.0,91.0,0.3918678830384499,1571107.0,184.0,100.4
20,1230,Validação,938.0,7.0,91.0,-1.244577182508962,1571107.0,184.0,101.1
20,1235,Validação,933.0,7.0,91.0,-1.8989315834743297,1571107.0,184.0,101.8
20,1240,Validação,928.0,7.0,91.0,-2.0798299817346813,1571107.0,184.0,102.5
20,1245,Validação,923.0,7.0,91.0,-1.890636676246619,1571107.0,184.0,103.2
20,1250,Validação,918.0,7.0,91.0,-1.222999110118943,1571107.0,184.0,103.9
20,1255,Validação,913.0,7.0,91.0,0.4470260709567055,1571107.0,184.0,104.6
20,1260,Validação,908.0,7.0,91.0,5.937100143399711,1571107.0,184.0,105.3
20,1265,Validação,903.0,1.0,84.0,32.4383188994678,1571107.0,184.0,106.1
20,1270,Validação,898.0,0.0,84.0,22.599682602658305,1571107.0,184.0,106.1
20,1275,Validação,893.0,1.0,85.0,6.160904080487248,1571107.0,184.0,106.2
20,1280,Validação,888.0,0.0,85.0,3.084219858155992,1571107.0,184.0,106.2
20,1285,Validação,883.0,0.0,85.0,3.084219858155992,1571107.0,184.0,106.2
20,1290,Validação,878.0,0.0,85.0,3.0842198581559934,1571107.0,184.0,106.2
20,1295,Validação,873.0,0.0,85.0,2.422380605413463,1571107.0,184.0,106.2
20,1300,Validação,868.0,5.0,85.0,4.034266403721746,1571107.0,184.0,106.7
20,1305,Validação,863.0,5.0,85.0,0.052627775863824,1571107.0,184.0,107.2
20,1310,Validação,858.0,3.0,85.0,-1.307454586349334,1571107.0,184.0,107.7
20,1315,Validação,853.0,5.0,85.0,-1.8529548896651749,1571107.0,184.0,108.1
20,1320,Validação,848.0,6.0,85.0,-1.9793198290917773,1571107.0,184.0,108.6
20,1325,Validação,843.0,4.0,84.0,-1.8316128748074083,1571107.0,184.0,109.0
20,1330,Validação,838.0,5.0,84.0,-1.207853407801357,1571107.0,184.0,109.5
20,1335,Validação,833.0,5.0,84.0,0.4813401133130504,1571107.0,184.0,110.0
20,1340,Validação,828.0,4.0,84.0,6.0694293316705,1571107.0,184.0,110.5
20,1345,Validação,823.0,0.0,79.0,0.0,1571107.0,184.0,111.0
20,1350,Validação,818.0,0.0,79.0,0.0,1571107.0,184.0,111.0
20,1355,Validação,813.0,0.0,79.0,0.0,1571107.0,184.0,111.0
20,1360,Validação,808.0,0.0,79.0,0.0,1571107.0,184.0,111.0
20,1365,Validação,803.0,0.0,79.0,0.0,1571107.0,184.0,111.0
20,1370,Validação,798.0,0.0,79.0,0.0,1571107.0,184.0,111.0
20,1375,Validação,793.0,0.0,79.0,0.0,1571107.0,184.0,111.0
20,1380,Validação,788.0,1.0,79.0,50.00000000000087,1571107.0,184.0,111.1
20,1385,Validação,783.0,1.0,79.0,9.483090438068867,1571107.0,184.0,111.2
20,1390,Validação,778.0,2.0,79.0,2.943236737873021,1571107.0,184.0,111.4
20,1395,Validação,773.0,1.0,79.0,0.57454053632968,1571107.0,184.0,111.5
20,1400,Validação,768.0,2.0,79.0,-0.6671133440598558,1571107.0,184.0,111.7
20,1405,Validação,763.0,2.0,79.0,-1.254505610334096,1571107.0,184.0,111.9
20,1410,Validação,758.0,2.0,79.0,-1.5924135892337028,1571107.0,184.0,112.1
20,1415,Validação,753.0,2.0,79.0,-1.511267418368372,1571107.0,184.0,112.3
20,1420,Validação,748.0,2.0,79.0,-1.0122856214124225,1571107.0,184.0,112.5
20,1425,Validação,743.0,2.0,79.0,-0.0085506033390414,1571107.0,184.0,112.7
20,1430,Validação,738.0,1.0,78.0,-1.2411347517730256,1571107.0,184.0,112.8
20,1435,Validação,733.0,0.0,78.0,-0.0607548479888748,1571107.0,184.0,112.9
20,1440,Validação,728.0,1.0,78.0,1.72595301418447,1571107.0,184.0,112.9
20,1445,Validação,723.0,5.0,78.0,13.835018330139476,1571107.0,184.0,113.4
20,1450,Validação,718.0,2.0,78.0,4.303959814371957,1571107.0,184.0,113.6
20,1455,Validação,713.0,2.0,78.0,1.5789335579927082,1571107.0,184.0,113.8
20,1460,Validação,708.0,2.0,78.0,-0.123374134506331,1571107.0,184.0,114.0
20,1465,Validação,703.0,3.0,78.0,-0.8256220991264605,1571107.0,184.0,114.2
20,1470,Validação,698.0,2.0,77.0,-1.046718002702412,1571107.0,184.0,114.4
20,1475,Validação,693.0,2.0,77.0,-0.7378192122493208,1571107.0,184.0,114.6
20,1480,Validação,688.0,2.0,77.0,0.207843619237019,1571107.0,184.0,114.8
20,1485,Validação,683.0,2.0,77.0,2.7727687853105474,1571107.0,184.0,115.0
20,1490,Validação,678.0,2.0,77.0,13.136150265116887,1571107.0,184.0,115.2
20,1495,Validação,673.0,0.0,76.0,22.330729166666003,1571107.0,184.0,115.0
20,1500,Validação,668.0,0.0,76.0,22.330729166666003,1571107.0,184.0,115.0
20,1505,Validação,663.0,0.0,76.0,50.00000000000087,1571107.0,184.0,115.0
20,1510,Validação,658.0,0.0,76.0,50.00000000000087,1571107.0,184.0,115.0
20,1515,Validação,653.0,9.0,76.0,12.600793760036062,1571107.0,184.0,115.9
20,1520,Validação,648.0,9.0,76.0,1.6789829817819992,1571107.0,184.0,116.8
20,1525,Validação,643.0,9.0,75.0,-0.7616618805048261,1571107.0,184.0,117.7
20,1530,Validação,638.0,9.0,75.0,-1.695000261619365,1571107.0,184.0,118.6
20,1535,Validação,633.0,9.0,75.0,-2.0405603832358867,1571107.0,184.0,119.5
20,1540,Validação,628.0,9.0,75.0,-1.99966048252703,1571107.0,184.0,120.4
20,1545,Validação,623.0,9.0,75.0,-1.54978646315106,1571107.0,184.0,121.3
20,1550,Validação,618.0,9.0,75.0,-0.3951035466958812,1571107.0,184.0,122.2
20,1555,Validação,613.0,9.0,75.0,2.7954155067267568,1571107.0,184.0,123.1
20,1560,Validação,608.0,9.0,75.0,22.5156619385342,1571107.0,184.0,124.0
20,1565,Validação,603.0,0.0,67.0,13.124339821940383,1571107.0,184.0,124.0
20,1570,Validação,598.0,0.0,67.0,13.124339821940382,1571107.0,184.0,124.0
20,1575,Validação,593.0,0.0,67.0,13.124339821940382,1571107.0,184.0,124.0
20,1580,Validação,588.0,0.0,67.0,22.330729166666003,1571107.0,184.0,124.0
20,1585,Validação,583.0,-1.0,67.0,13.124339821940389,1571107.0,184.0,123.9
20,1590,Validação,578.0,0.0,67.0,13.124339821940383,1571107.0,184.0,123.9
20,1595,Validação,573.0,0.0,67.0,22.330729166666007,1571107.0,184.0,123.9
20,1600,Validação,568.0,3.0,67.0,5.163116716194544,1571107.0,184.0,124.2
20,1605,Validação,563.0,3.0,67.0,0.3257312891749087,1571107.0,184.0,124.5
20,1610,Validação,558.0,3.0,67.0,-1.2270652855082531,1571107.0,184.0,124.8
20,1615,Validação,553.0,3.0,67.0,-1.8612528161289508,1571107.0,184.0,125.1
20,1620,Validação,548.0,3.0,67.0,-2.023576306378257,1571107.0,184.0,125.4
20,1625,Validação,543.0,3.0,67.0,-1.8078801359090944,1571107.0,184.0,125.7
20,1630,Validação,538.0,3.0,67.0,-1.090718064960639,1571107.0,184.0,126.0
20,1635,Validação,533.0,3.0,66.0,0.407247340425525,1571107.0,184.0,126.4
20,1640,Validação,528.0,3.0,66.0,5.791962174940942,1571107.0,184.0,126.7
20,1645,Validação,523.0,0.0,63.0,0.0,1571107.0,184.0,127.0
20,1650,Validação,518.0,0.0,63.0,0.0,1571107.0,184.0,127.0
20,1655,Validação,513.0,0.0,63.0,0.0,1571107.0,184.0,127.0
20,1660,Validação,508.0,0.0,63.0,0.0,1571107.0,184.0,127.0
20,1665,Validação,503.0,0.0,63.0,0.0,1571107.0,184.0,127.0
20,1670,Validação,498.0,8.0,63.0,8.534487742830711,1571107.0,184.0,127.8
20,1675,Validação,493.0,8.0,63.0,0.9888715908435736,1571107.0,184.0,128.6
20,1680,Validação,488.0,8.0,63.0,-1.0213504728132414,1571107.0,184.0,129.4
20,1685,Validação,483.0,8.0,63.0,-1.814290358703897,1571107.0,184.0,130.2
20,1690,Validação,478.0,8.0,63.0,-2.078005660120022,1571107.0,184.0,131.0
20,1695,Validação,473.0,8.0,63.0,-1.968696502812423,1571107.0,184.0,131.8
20,1700,Validação,468.0,8.0,63.0,-1.4253656914893644,1571107.0,184.0,132.6
20,1705,Validação,463.0,8.0,63.0,-0.0607548479888859,1571107.0,184.0,133.4
20,1710,Validação,458.0,8.0,63.0,3.973746776273364,1571107.0,184.0,134.2
20,1715,Validação,453.0,8.0,63.0,50.00000000000013,1571107.0,184.0,135.0
20,1720,Validação,448.0,0.0,55.0,0.0,1571107.0,184.0,135.0
20,1725,Validação,443.0,0.0,55.0,0.0,1571107.0,184.0,135.0
20,1730,Validação,438.0,0.0,55.0,0.0,1571107.0,184.0,135.0
20,1735,Validação,433.0,7.0,55.0,50.0,1571107.0,184.0,135.7
20,1740,Validação,428.0,6.0,55.0,4.199997802755324,1571107.0,184.0,136.3
20,1745,Validação,423.0,7.0,55.0,0.0488840112015638,1571107.0,184.0,137.0
20,1750,Validação,418.0,6.0,55.0,-1.347387019224526,1571107.0,184.0,137.6
20,1755,Validação,413.0,6.0,55.0,-1.9159375131142709,1571107.0,184.0,138.2
20,1760,Validação,408.0,6.0,55.0,-2.0380666027072136,1571107.0,184.0,138.8
20,1765,Validação,403.0,9.0,55.0,-1.739482001980886,1571107.0,184.0,139.7
20,1770,Validação,398.0,7.0,55.0,-1.0456123018435068,1571107.0,184.0,140.4
20,1775,Validação,393.0,7.0,55.0,0.7181070937123422,1571107.0,184.0,141.1
20,1780,Validação,388.0,7.0,55.0,6.675961340936542,1571107.0,184.0,141.8
20,1785,Validação,383.0,10.0,49.0,11.013841684422006,1571107.0,184.0,142.7
20,1790,Validação,378.0,9.0,49.0,1.51174244066023,1571107.0,184.0,143.7
20,1795,Validação,373.0,9.0,49.0,-0.8088891779702618,1571107.0,184.0,144.6
20,1800,Validação,368.0,9.0,49.0,-1.7061835197105788,1571107.0,184.0,145.6
20,1805,Validação,363.0,9.0,49.0,-2.029037027803838,1571107.0,184.0,146.6
20,1810,Validação,358.0,9.0,48.0,-1.987391409734777,1571107.0,184.0,147.6
20,1815,Validação,353.0,9.0,48.0,-1.5796260477111557,1571107.0,184.0,148.3
20,1820,Validação,348.0,12.0,48.0,-0.4685521886861221,1571107.0,184.0,149.5
20,1825,Validação,343.0,12.0,48.0,1.9082647365332708,1571107.0,184.0,150.7
20,1830,Validação,338.0,12.0,48.0,9.516009206420907,1571107.0,184.0,151.9
20,1835,Validação,333.0,3.0,39.0,-1.579626047711161,1571107.0,184.0,152.2
20,1840,Validação,328.0,3.0,39.0,-2.020369922630561,1571107.0,184.0,152.5
20,1845,Validação,323.0,3.0,39.0,-2.056566279508001,1571107.0,184.0,152.8
20,1850,Validação,318.0,3.0,39.0,-1.7081763445626443,1571107.0,184.0,153.1
20,1855,Validação,313.0,3.0,39.0,-0.7586145884018265,1571107.0,184.0,153.4
20,1860,Validação,308.0,3.0,39.0,1.7259530141844213,1571107.0,184.0,153.7
20,1865,Validação,303.0,3.0,39.0,13.124339821940566,1571107.0,184.0,154.0
20,1870,Validação,298.0,0.0,36.0,0.0,1571107.0,184.0,154.0
20,1875,Validação,293.0,0.0,36.0,0.0,1571107.0,184.0,154.0
20,1880,Validação,288.0,0.0,36.0,0.0,1571107.0,184.0,154.0
20,1885,Validação,283.0,0.0,36.0,0.0,1571107.0,184.0,154.0
20,1890,Validação,278.0,0.0,36.0,0.0,1571107.0,184.0,154.0
20,1895,Validação,273.0,0.0,36.0,0.0,1571107.0,184.0,154.0
20,1900,Validação,268.0,0.0,36.0,0.0,1571107.0,184.0,154.0
20,1905,Validação,263.0,0.0,36.0,0.0,1571107.0,184.0,154.0
20,1910,Validação,258.0,0.0,36.0,0.0,1571107.0,184.0,154.0
20,1915,Validação,253.0,0.0,36.0,0.0,1571107.0,184.0,154.0
20,1920,Validação,248.0,6.0,36.0,5.791962174940888,1571107.0,184.0,154.6
20,1925,Validação,243.0,6.0,36.0,0.4072473404255241,1571107.0,184.0,155.2
20,1930,Validação,238.0,6.0,36.0,-1.2411347517730456,1571107.0,184.0,155.8
20,1935,Validação,233.0,6.0,36.0,-1.8875351605004205,1571107.0,184.0,156.4
20,1940,Validação,228.0,6.0,36.0,-2.0782802203848867,1571107.0,184.0,157.0
20,1945,Validação,223.0,6.0,36.0,-1.898673816699672,1571107.0,184.0,157.6
20,1950,Validação,218.0,6.0,36.0,-1.2461005293804457,1571107.0,184.0,158.2
20,1955,Validação,213.0,6.0,36.0,0.3860501590884455,1571107.0,184.0,158.8
20,1960,Validação,208.0,6.0,36.0,5.685327518717186,1571107.0,184.0,159.4
20,1965,Validação,203.0,0.0,31.0,50.00000000000013,1571107.0,184.0,160.0
20,1970,Validação,198.0,0.0,31.0,50.00000000000013,1571107.0,184.0,160.0
20,1975,Validação,193.0,0.0,31.0,50.00000000000013,1571107.0,184.0,160.0
20,1980,Validação,188.0,0.0,31.0,22.330729166666764,1571107.0,184.0,160.0
20,1985,Validação,183.0,3.0,31.0,5.459948707574988,1571107.0,184.0,160.3
20,1990,Validação,178.0,3.0,31.0,0.3664424131793744,1571107.0,184.0,160.6
20,1995,Validação,173.0,3.0,31.0,-1.227065285508263,1571107.0,184.0,160.9
20,2000,Validação,168.0,3.0,31.0,-1.8612528161289423,1571107.0,184.0,161.2
20,2005,Validação,163.0,3.0,31.0,-2.0235763063782573,1571107.0,184.0,161.5
20,2010,Validação,158.0,3.0,31.0,-1.807880135909094,1571107.0,184.0,161.8
20,2015,Validação,153.0,3.0,31.0,-1.090718064960639,1571107.0,184.0,162.1
20,2020,Validação,148.0,3.0,31.0,0.6481748670212699,1571107.0,184.0,162.4
20,2025,Validação,143.0,3.0,31.0,6.3009703249265545,1571107.0,184.0,162.7
20,2030,Validação,138.0,6.0,27.0,5.685327518717191,1571107.0,184.0,163.6
20,2035,Validação,133.0,6.0,27.0,0.3860501590884473,1571107.0,184.0,164.2
20,2040,Validação,128.0,6.0,27.0,-1.2461005293804452,1571107.0,184.0,164.8
20,2045,Validação,123.0,6.0,27.0,-1.898673816699672,1571107.0,184.0,165.4
20,2050,Validação,118.0,6.0,27.0,-2.078280220384886,1571107.0,184.0,166.0
20,2055,Validação,113.0,6.0,27.0,-1.8875351605004176,1571107.0,184.0,166.6
20,2060,Validação,108.0,6.0,27.0,-1.2171072598529586,1571107.0,184.0,167.2
20,2065,Validação,103.0,6.0,27.0,0.4602762691465329,1571107.0,184.0,167.8
20,2070,Validação,98.0,6.0,27.0,5.791962174940883,1571107.0,184.0,168.4
20,2075,Validação,93.0,0.0,21.0,0.0,1571107.0,184.0,169.0
20,2080,Validação,88.0,6.0,21.0,8.534487742830708,1571107.0,184.0,169.6
20,2085,Validação,83.0,6.0,21.0,0.9888715908435736,1571107.0,184.0,170.2
20,2090,Validação,78.0,6.0,21.0,-1.021350472813238,1571107.0,184.0,170.8
20,2095,Validação,73.0,6.0,21.0,-1.7997085277568174,1571107.0,184.0,171.4
20,2100,Validação,68.0,6.0,21.0,-2.070127636708807,1571107.0,184.0,172.0
20,2105,Validação,63.0,6.0,21.0,-1.9628661171205444,1571107.0,184.0,172.6
20,2110,Validação,58.0,6.0,21.0,-1.4314977706976042,1571107.0,184.0,173.2
20,2115,Validação,53.0,5.0,21.0,-0.1201684183317799,1571107.0,184.0,173.7
20,2120,Validação,48.0,6.0,21.0,3.707444099573306,1571107.0,184.0,174.3
20,2125,Validação,43.0,6.0,21.0,40.27800288795903,1571107.0,184.0,174.9
20,2130,Validação,38.0,0.0,16.0,8.534487742830713,1571107.0,184.0,174.9
20,2135,Validação,33.0,0.0,16.0,8.534487742830715,1571107.0,184.0,174.9
20,2140,Validação,28.0,0.0,16.0,8.534487742830713,1571107.0,184.0,174.9
20,2145,Validação,23.0,0.0,16.0,13.124339821940506,1571107.0,184.0,174.9
20,2150,Validação,18.0,0.0,16.0,13.124339821940506,1571107.0,184.0,174.9
20,2155,Validação,13.0,0.0,16.0,22.33072916666676,1571107.0,184.0,174.9
20,2160,Validação,8.0,1.0,16.0,22.33072916666676,1571107.0,184.0,174.9
20,2165,Validação,3.0,0.0,15.0,0.0,1571107.0,184.0,175.0
21,50,Validação,700.0,13.0,183.0,31.062784978036444,1441485.0,183.0,19.0
21,55,Validação,695.0,7.0,171.0,5.070174753280741,1441485.0,183.0,22.0
21,60,Validação,690.0,7.0,171.0,0.673849138906347,1441485.0,183.0,23.0
21,65,Validação,685.0,6.0,171.0,-0.8740863631018607,1441485.0,183.0,23.5
21,70,Validação,680.0,6.0,171.0,-1.5137627127503532,1441485.0,183.0,23.8
21,75,Validação,675.0,7.0,171.0,-1.7130206310027087,1441485.0,183.0,24.166666666666668
21,80,Validação,670.0,7.0,171.0,-1.564096889034759,1441485.0,183.0,24.428571428571427
21,85,Validação,665.0,6.0,171.0,-0.9734591127767808,1441485.0,183.0,24.375
21,90,Validação,660.0,4.0,171.0,0.1842835965879983,1441485.0,183.0,24.333333333333332
21,95,Validação,655.0,3.0,171.0,2.796998731367202,1441485.0,183.0,24.3
21,100,Validação,650.0,6.0,171.0,11.268977075580375,1441485.0,183.0,24.8
21,105,Validação,645.0,-1.0,165.0,-0.2743556835574017,1441485.0,183.0,24.7
21,110,Validação,640.0,14.0,165.0,5.20227993558256,1441485.0,183.0,26.2
21,115,Validação,635.0,15.0,165.0,0.3004423746628912,1441485.0,183.0,27.7
21,120,Validação,630.0,16.0,165.0,-1.2597741341310629,1441485.0,183.0,29.2
21,125,Validação,625.0,16.0,165.0,-1.889900769557368,1441485.0,183.0,30.6
21,130,Validação,620.0,16.0,165.0,-2.072730324909508,1441485.0,183.0,32.0
21,135,Validação,615.0,16.0,165.0,-1.877238993159684,1441485.0,183.0,33.6
21,140,Validação,610.0,16.0,165.0,-1.2411347517730555,1441485.0,183.0,35.2
21,145,Validação,605.0,16.0,165.0,0.4072473404255436,1441485.0,183.0,36.8
21,150,Validação,600.0,16.0,165.0,5.736640514906531,1441485.0,183.0,38.4
21,155,Validação,595.0,11.0,149.0,5.665116351041252,1441485.0,183.0,41.1
21,160,Validação,590.0,11.0,149.0,0.3818391646252008,1441485.0,183.0,42.2
21,165,Validação,585.0,11.0,149.0,-1.2472476247896245,1441485.0,183.0,43.3
21,170,Validação,580.0,17.0,149.0,-1.602026666627127,1441485.0,183.0,45.0
21,175,Validação,575.0,17.0,149.0,-1.4874466012011385,1441485.0,183.0,46.7
21,180,Validação,570.0,17.0,149.0,-1.5845183304102752,1441485.0,183.0,48.4
21,185,Validação,565.0,17.0,149.0,-1.3245659025990792,1441485.0,183.0,50.1
21,190,Validação,560.0,17.0,149.0,-0.5189863416170439,1441485.0,183.0,51.8
21,195,Validação,555.0,15.0,149.0,1.3471016939433893,1441485.0,183.0,53.5
21,200,Validação,550.0,6.0,138.0,-1.7794238782876195,1441485.0,183.0,55.2
21,205,Validação,545.0,8.0,138.0,-1.0120096409574382,1441485.0,183.0,56.0
21,210,Validação,540.0,6.0,138.0,0.8647826910543266,1441485.0,183.0,56.6
21,215,Validação,535.0,6.0,138.0,7.494557722616197,1441485.0,183.0,57.2
21,220,Validação,530.0,0.0,132.0,22.330729166666003,1441485.0,183.0,57.2
21,225,Validação,525.0,9.0,132.0,5.603124834552775,1441485.0,183.0,58.1
21,230,Validação,520.0,9.0,132.0,0.3686719217482577,1441485.0,183.0,59.0
21,235,Validação,515.0,9.0,132.0,-1.251023464382064,1441485.0,183.0,59.9
21,240,Validação,510.0,9.0,132.0,-1.8984574784012749,1441485.0,183.0,60.8
21,245,Validação,505.0,9.0,132.0,-2.0743953034042795,1441485.0,183.0,61.7
21,250,Validação,500.0,9.0,132.0,-1.8793124024770995,1441485.0,183.0,62.6
21,255,Validação,495.0,16.0,132.0,-0.7439234847597898,1441485.0,183.0,64.0
21,260,Validação,490.0,16.0,132.0,-0.1337757933792183,1441485.0,183.0,65.6
21,265,Validação,485.0,16.0,132.0,0.4439984447205622,1441485.0,183.0,67.2
21,270,Validação,480.0,7.0,123.0,-1.6298574101308505,1441485.0,183.0,68.8
21,275,Validação,475.0,7.0,123.0,-2.0061827530304264,1441485.0,183.0,69.5
21,280,Validação,470.0,15.0,123.0,-0.3942726214631751,1441485.0,183.0,71.0
21,285,Validação,465.0,15.0,123.0,-0.5578249563558808,1441485.0,183.0,72.5
21,290,Validação,460.0,15.0,123.0,-0.8936539510700348,1441485.0,183.0,74.0
21,295,Validação,455.0,15.0,123.0,-0.9057329326273432,1441485.0,183.0,75.5
21,300,Validação,450.0,15.0,123.0,-1.0738864172813072,1441485.0,183.0,77.0
21,305,Validação,445.0,8.0,116.0,-2.039268955701265,1441485.0,183.0,77.8
21,310,Validação,440.0,8.0,116.0,-1.7081763445626443,1441485.0,183.0,78.6
21,315,Validação,435.0,8.0,116.0,-0.7586145884018212,1441485.0,183.0,79.4
21,320,Validação,430.0,8.0,116.0,1.7259530141843928,1441485.0,183.0,80.2
21,325,Validação,425.0,8.0,116.0,13.124339821940506,1441485.0,183.0,81.0
21,330,Validação,420.0,12.0,108.0,8.534487742830734,1441485.0,183.0,82.2
21,335,Validação,415.0,12.0,108.0,0.9888715908435736,1441485.0,183.0,83.4
21,340,Validação,410.0,12.0,108.0,-1.021350472813238,1441485.0,183.0,84.6
21,345,Validação,405.0,12.0,108.0,-1.8142903587038983,1441485.0,183.0,85.8
21,350,Validação,400.0,12.0,108.0,-2.0780056601200223,1441485.0,183.0,87.0
21,355,Validação,395.0,12.0,108.0,-1.9686965028124248,1441485.0,183.0,88.2
21,360,Validação,390.0,12.0,108.0,-1.4253656914893638,1441485.0,183.0,89.4
21,365,Validação,385.0,12.0,108.0,-0.0607548479888908,1441485.0,183.0,90.6
21,370,Validação,380.0,12.0,108.0,3.973746776273374,1441485.0,183.0,91.8
21,375,Validação,375.0,21.0,108.0,6.747416000301003,1441485.0,183.0,93.9
21,380,Validação,370.0,9.0,96.0,0.4072473404255374,1441485.0,183.0,94.8
21,385,Validação,365.0,9.0,96.0,-1.2411347517730524,1441485.0,183.0,95.7
21,390,Validação,360.0,9.0,96.0,-1.90048758865248,1441485.0,183.0,96.6
21,395,Validação,355.0,9.0,96.0,-2.085106382978723,1441485.0,183.0,97.5
21,400,Validação,350.0,9.0,96.0,-1.90048758865248,1441485.0,183.0,98.4
21,405,Validação,345.0,9.0,96.0,-1.2411347517730515,1441485.0,183.0,99.3
21,410,Validação,340.0,9.0,96.0,0.4072473404255357,1441485.0,183.0,100.2
21,415,Validação,335.0,9.0,96.0,5.791962174940869,1441485.0,183.0,101.1
21,420,Validação,330.0,10.0,87.0,5.791962174940899,1441485.0,183.0,103.0
21,425,Validação,325.0,10.0,87.0,0.4072473404255321,1441485.0,183.0,104.0
21,430,Validação,320.0,10.0,87.0,-1.2411347517730495,1441485.0,183.0,105.0
21,435,Validação,315.0,10.0,87.0,-1.871148184586786,1441485.0,183.0,106.0
21,440,Validação,310.0,10.0,87.0,-2.066475593079216,1441485.0,183.0,107.0
21,445,Validação,305.0,10.0,87.0,-1.889820889550264,1441485.0,183.0,108.0
21,450,Validação,300.0,10.0,87.0,-1.2399871376969462,1441485.0,183.0,109.0
21,455,Validação,295.0,10.0,87.0,0.3869082731873408,1441485.0,183.0,110.0
21,460,Validação,290.0,10.0,87.0,5.657187347391078,1441485.0,183.0,111.0
21,465,Validação,285.0,0.0,77.0,49.99999999999929,1441485.0,183.0,112.0
21,470,Validação,280.0,14.0,77.0,8.408608535077821,1441485.0,183.0,113.4
21,475,Validação,275.0,14.0,77.0,0.9685805108175868,1441485.0,183.0,114.8
21,480,Validação,270.0,12.0,77.0,-1.0262758976886297,1441485.0,183.0,116.2
21,485,Validação,265.0,14.0,77.0,-1.8142903587038943,1441485.0,183.0,117.6
21,490,Validação,260.0,14.0,77.0,-2.078005660120022,1441485.0,183.0,119.0
21,495,Validação,255.0,14.0,77.0,-1.968696502812424,1441485.0,183.0,120.4
21,500,Validação,250.0,14.0,77.0,-1.4253656914893642,1441485.0,183.0,121.8
21,505,Validação,245.0,24.0,77.0,0.0606499090547996,1441485.0,183.0,124.2
21,510,Validação,240.0,24.0,77.0,1.402436806073788,1441485.0,183.0,126.6
21,515,Validação,235.0,24.0,77.0,1.4313521228061594,1441485.0,183.0,129.0
21,520,Validação,230.0,10.0,63.0,-1.5723736883526285,1441485.0,183.0,130.0
21,525,Validação,225.0,10.0,63.0,-2.0162847865387965,1441485.0,183.0,131.0
21,530,Validação,220.0,10.0,63.0,-2.054487254342174,1441485.0,183.0,132.0
21,535,Validação,215.0,10.0,63.0,-1.7080404285536173,1441485.0,183.0,133.0
21,540,Validação,210.0,9.0,63.0,-0.764606072450789,1441485.0,183.0,133.9
21,545,Validação,205.0,10.0,63.0,1.6885024844207075,1441485.0,183.0,134.9
21,550,Validação,200.0,15.0,63.0,6.3911051646274455,1441485.0,183.0,136.4
21,555,Validação,195.0,6.0,54.0,0.9695072669003588,1441485.0,183.0,137.0
21,560,Validação,190.0,6.0,54.0,-1.0035975208150765,1441485.0,183.0,137.6
21,565,Validação,185.0,6.0,54.0,-1.756155940532857,1441485.0,183.0,138.2
21,570,Validação,180.0,6.0,54.0,-2.026401801209972,1441485.0,183.0,138.8
21,575,Validação,175.0,6.0,54.0,-1.9147347623151303,1441485.0,183.0,139.4
21,580,Validação,170.0,6.0,54.0,-1.3640602350000768,1441485.0,183.0,140.0
21,585,Validação,165.0,5.0,54.0,-0.0041088518347383,1441485.0,183.0,140.5
21,590,Validação,160.0,7.0,54.0,3.909049946249378,1441485.0,183.0,141.2
21,595,Validação,155.0,7.0,54.0,41.10469631683701,1441485.0,183.0,141.8
21,600,Validação,150.0,11.0,48.0,5.682433886538405,1441485.0,183.0,143.0
21,605,Validação,145.0,11.0,48.0,0.3887141642504437,1441485.0,183.0,144.1
21,610,Validação,140.0,12.0,48.0,-1.2427408795001498,1441485.0,183.0,145.2
21,615,Validação,135.0,11.0,48.0,-1.897379171679645,1441485.0,183.0,146.3
21,620,Validação,130.0,11.0,48.0,-2.0789707402700226,1441485.0,183.0,147.4
21,625,Validação,125.0,11.0,48.0,-1.890518115991827,1441485.0,183.0,148.5
21,630,Validação,120.0,11.0,48.0,-1.231861766733393,1441485.0,183.0,149.6
21,635,Validação,115.0,11.0,47.0,0.4072473404255281,1441485.0,183.0,150.8
21,640,Validação,110.0,11.0,47.0,5.791962174940883,1441485.0,183.0,151.9
21,645,Validação,105.0,6.0,36.0,50.0000000000001,1441485.0,183.0,153.6
21,650,Validação,100.0,6.0,36.0,3.97374677627338,1441485.0,183.0,154.2
21,655,Validação,95.0,6.0,36.0,-0.0607548479888908,1441485.0,183.0,154.8
21,660,Validação,90.0,6.0,36.0,-1.425365691489363,1441485.0,183.0,155.4
21,665,Validação,85.0,6.0,36.0,-1.9686965028124248,1441485.0,183.0,156.0
21,670,Validação,80.0,6.0,36.0,-2.078005660120022,1441485.0,183.0,156.6
21,675,Validação,75.0,6.0,36.0,-1.814290358703898,1441485.0,183.0,157.2
21,680,Validação,70.0,6.0,36.0,-1.0213504728132397,1441485.0,183.0,157.8
21,685,Validação,65.0,6.0,36.0,0.9888715908435728,1441485.0,183.0,158.4
21,690,Validação,60.0,6.0,36.0,8.53448774283071,1441485.0,183.0,159.0
21,695,Validação,55.0,0.0,30.0,0.0,1441485.0,183.0,159.0
21,700,Validação,50.0,6.0,30.0,5.791962174940888,1441485.0,183.0,159.6
21,705,Validação,45.0,6.0,30.0,0.4072473404255339,1441485.0,183.0,160.2
21,710,Validação,40.0,6.0,30.0,-1.24113475177305,1441485.0,183.0,160.8
21,715,Validação,35.0,6.0,30.0,-1.9004875886524817,1441485.0,183.0,161.4
21,720,Validação,30.0,6.0,30.0,-2.085106382978723,1441485.0,183.0,162.0
21,725,Validação,25.0,21.0,30.0,5.846908244680851,1441485.0,183.0,164.1
21,730,Validação,20.0,21.0,30.0,1.1653782532241923,1441485.0,183.0,166.2
21,735,Validação,15.0,21.0,30.0,-0.6471722788816607,1441485.0,183.0,168.3
21,740,Validação,10.0,21.0,30.0,-1.467908292567926,1441485.0,183.0,170.4
21,745,Validação,5.0,15.0,24.0,-2.020369922630561,1441485.0,183.0,172.5
21,750,Validação,0.0,15.0,24.0,-2.0565662795080004,1441485.0,183.0,174.0
22,50,Treino,502.0,9.0,186.0,6.561803795603236,1612922.0,186.0,12.0
22,55,Treino,497.0,3.0,180.0,-0.4495576072760245,1612922.0,186.0,12.0
22,60,Treino,492.0,9.0,180.0,4.300734344010902,1612922.0,186.0,14.0
22,65,Treino,487.0,9.0,180.0,1.084808399523003,1612922.0,186.0,15.0
22,70,Treino,482.0,9.0,180.0,-0.7348003213884091,1612922.0,186.0,15.6
22,75,Treino,477.0,9.0,180.0,-1.478947102599456,1612922.0,186.0,16.0
22,80,Treino,472.0,15.0,180.0,-0.6956530441292048,1612922.0,186.0,17.142857142857142
22,85,Treino,467.0,15.0,180.0,-1.159862741848515,1612922.0,186.0,18.0
22,90,Treino,462.0,15.0,180.0,-1.4301827214924123,1612922.0,186.0,18.666666666666668
22,95,Treino,457.0,12.0,177.0,-1.4895997271042027,1612922.0,186.0,19.2
22,100,Treino,452.0,16.0,177.0,-0.989696065166203,1612922.0,186.0,20.8
22,105,Treino,447.0,16.0,177.0,-0.5837606860858355,1612922.0,186.0,22.4
22,110,Treino,442.0,10.0,171.0,-1.335322174190445,1612922.0,186.0,23.4
22,115,Treino,437.0,10.0,171.0,-0.7230718085106331,1612922.0,186.0,24.4
22,120,Treino,432.0,17.0,171.0,1.0473875404724389,1612922.0,186.0,26.1
22,125,Treino,427.0,9.0,165.0,-0.0725118110559788,1612922.0,186.0,27.6
22,130,Treino,422.0,9.0,165.0,-0.9138751275045784,1612922.0,186.0,28.5
22,135,Treino,417.0,9.0,165.0,-1.167633536707053,1612922.0,186.0,29.4
22,140,Treino,412.0,9.0,165.0,-1.1091814377457307,1612922.0,186.0,30.3
22,145,Treino,407.0,11.0,161.0,-0.1594385809820688,1612922.0,186.0,31.8
22,150,Treino,402.0,11.0,161.0,-0.7177536638297917,1612922.0,186.0,32.9
22,155,Treino,397.0,11.0,161.0,-1.0825327592316984,1612922.0,186.0,34.0
22,160,Treino,392.0,17.0,161.0,-0.5817356715610948,1612922.0,186.0,35.7
22,165,Treino,387.0,17.0,161.0,-0.4526993735656655,1612922.0,186.0,37.4
22,170,Treino,382.0,12.0,156.0,-1.2648617868712448,1612922.0,186.0,38.4
22,175,Treino,377.0,24.0,156.0,0.4712272752959467,1612922.0,186.0,40.8
22,180,Treino,372.0,21.0,156.0,0.0169307959498361,1612922.0,186.0,42.9
22,185,Treino,367.0,24.0,156.0,-0.7481917368274473,1612922.0,186.0,45.3
22,190,Treino,362.0,21.0,156.0,-1.2289165777138116,1612922.0,186.0,47.4
22,195,Treino,357.0,15.0,150.0,-1.611199124496166,1612922.0,186.0,48.9
22,200,Treino,352.0,15.0,150.0,-1.4390166288731732,1612922.0,186.0,50.4
22,205,Treino,347.0,25.0,150.0,-0.6465009798584429,1612922.0,186.0,52.9
22,210,Treino,342.0,19.0,144.0,-0.9541313212367096,1612922.0,186.0,54.8
22,215,Treino,337.0,19.0,144.0,-0.8711057881609494,1612922.0,186.0,56.7
22,220,Treino,332.0,19.0,144.0,-0.5794140871216742,1612922.0,186.0,58.6
22,225,Treino,327.0,9.0,135.0,-1.941056673661134,1612922.0,186.0,59.5
22,230,Treino,322.0,12.0,135.0,-1.776453460937645,1612922.0,186.0,60.7
22,235,Treino,317.0,21.0,135.0,-0.6240371801474778,1612922.0,186.0,62.5
22,240,Treino,312.0,21.0,135.0,0.1714411583844528,1612922.0,186.0,64.6
22,245,Treino,307.0,21.0,135.0,0.1421460115396344,1612922.0,186.0,66.7
22,250,Treino,302.0,11.0,125.0,-1.4427847613069047,1612922.0,186.0,68.8
22,255,Treino,297.0,11.0,125.0,-1.916210807964004,1612922.0,186.0,69.9
22,260,Treino,292.0,23.0,125.0,-0.5136566196173815,1612922.0,186.0,72.2
22,265,Treino,287.0,23.0,125.0,-0.2067410077958542,1612922.0,186.0,74.5
22,270,Treino,282.0,21.0,123.0,-0.8286838221473243,1612922.0,186.0,76.8
22,275,Treino,277.0,21.0,123.0,-1.123182783409327,1612922.0,186.0,78.9
22,280,Treino,272.0,23.0,123.0,-1.2401288649969373,1612922.0,186.0,81.2
22,285,Treino,267.0,14.0,114.0,-2.02576083469505,1612922.0,186.0,82.6
22,290,Treino,262.0,14.0,114.0,-1.7901665915943008,1612922.0,186.0,84.0
22,295,Treino,257.0,14.0,114.0,-1.0525893483985205,1612922.0,186.0,85.4
22,300,Treino,252.0,22.0,114.0,0.5029603572457453,1612922.0,186.0,87.6
22,305,Treino,247.0,22.0,114.0,1.6554351314352571,1612922.0,186.0,89.8
22,310,Treino,242.0,10.0,102.0,-1.0030733935522202,1612922.0,186.0,90.8
22,315,Treino,237.0,13.0,102.0,-1.587410875454614,1612922.0,186.0,92.1
22,320,Treino,232.0,13.0,102.0,-1.8051817586291088,1612922.0,186.0,93.4
22,325,Treino,227.0,11.0,100.0,-1.839670642913644,1612922.0,186.0,94.7
22,330,Treino,222.0,23.0,100.0,0.600716964674791,1612922.0,186.0,97.0
22,335,Treino,217.0,23.0,100.0,-0.3235257472360069,1612922.0,186.0,99.3
22,340,Treino,212.0,23.0,100.0,-0.8858662377330129,1612922.0,186.0,101.6
22,345,Treino,207.0,34.0,100.0,-0.5912029052182373,1612922.0,186.0,105.0
22,350,Treino,202.0,24.0,92.0,-1.0474009312809374,1612922.0,186.0,107.6
22,355,Treino,197.0,26.0,92.0,-1.4218736385158053,1612922.0,186.0,110.2
22,360,Treino,192.0,26.0,92.0,-1.461823325451283,1612922.0,186.0,112.8
22,365,Treino,187.0,23.0,89.0,-1.1905612288693297,1612922.0,186.0,115.1
22,370,Treino,182.0,31.0,89.0,-0.447764079813155,1612922.0,186.0,118.2
22,375,Treino,177.0,32.0,89.0,-0.555035596298898,1612922.0,186.0,121.4
22,380,Treino,172.0,19.0,77.0,-1.085886215005274,1612922.0,186.0,123.3
22,385,Treino,167.0,19.0,77.0,-0.4461266234680558,1612922.0,186.0,125.2
22,390,Treino,162.0,20.0,77.0,0.598616824934707,1612922.0,186.0,127.2
22,395,Treino,157.0,9.0,66.0,-1.9488622789234948,1612922.0,186.0,128.1
22,400,Treino,152.0,9.0,66.0,-1.428190955535393,1612922.0,186.0,129.0
22,405,Treino,147.0,19.0,66.0,1.3184125901881174,1612922.0,186.0,130.9
22,410,Treino,142.0,19.0,66.0,1.0084021172673232,1612922.0,186.0,132.8
22,415,Treino,137.0,19.0,66.0,-0.2331968367252117,1612922.0,186.0,134.7
22,420,Treino,132.0,11.0,58.0,-1.5781929423550505,1612922.0,186.0,135.8
22,425,Treino,127.0,19.0,58.0,-1.4084355416914924,1612922.0,186.0,137.6
22,430,Treino,122.0,19.0,58.0,-1.1711043355511577,1612922.0,186.0,139.5
22,435,Treino,117.0,19.0,58.0,-1.329828336570753,1612922.0,186.0,141.4
22,440,Treino,112.0,18.0,57.0,-1.2003637626965489,1612922.0,186.0,143.2
22,445,Treino,107.0,18.0,57.0,-0.6223327706883985,1612922.0,186.0,145.0
22,450,Treino,102.0,19.0,57.0,0.2878758623766404,1612922.0,186.0,146.9
22,455,Treino,97.0,9.0,48.0,-1.79098886001291,1612922.0,186.0,147.8
22,460,Treino,92.0,9.0,48.0,-1.0207962459449105,1612922.0,186.0,148.7
22,465,Treino,87.0,9.0,48.0,0.9032922125986148,1612922.0,186.0,149.6
22,470,Treino,82.0,9.0,48.0,7.795882182660282,1612922.0,186.0,150.5
22,475,Treino,77.0,7.0,39.0,10.360737636023922,1612922.0,186.0,151.2
22,480,Treino,72.0,7.0,39.0,1.4342857976593644,1612922.0,186.0,151.9
22,485,Treino,67.0,7.0,39.0,-0.8031322098131843,1612922.0,186.0,152.6
22,490,Treino,62.0,7.0,39.0,-1.6909522195049769,1612922.0,186.0,153.3
22,495,Treino,57.0,7.0,39.0,-2.0380000902000512,1612922.0,186.0,154.0
22,500,Treino,52.0,8.0,38.0,-1.733268348192339,1612922.0,186.0,154.8
22,505,Treino,47.0,9.0,38.0,-1.428269980370032,1612922.0,186.0,155.7
22,510,Treino,42.0,9.0,38.0,-0.782068225474311,1612922.0,186.0,156.6
22,515,Treino,37.0,21.0,38.0,3.0663696816424624,1612922.0,186.0,158.7
22,520,Treino,32.0,21.0,38.0,0.4874389781412116,1612922.0,186.0,160.8
22,525,Treino,27.0,15.0,32.0,-1.09328199246112,1612922.0,186.0,162.3
22,530,Treino,22.0,15.0,32.0,-1.7794739711025258,1612922.0,186.0,163.8
22,535,Treino,17.0,18.0,32.0,-1.908995863022348,1612922.0,186.0,165.6
22,540,Treino,12.0,18.0,32.0,-1.7830514155444577,1612922.0,186.0,167.4
22,545,Treino,7.0,18.0,32.0,-1.3778390390172373,1612922.0,186.0,169.2
22,550,Treino,2.0,15.0,30.0,-0.3017784798230387,1612922.0,186.0,170.8
23,50,Treino,457.0,23.0,189.0,28.81877904182025,1618477.0,189.0,24.0
23,55,Treino,452.0,14.0,180.0,3.973746776273356,1618477.0,189.0,24.0
23,60,Treino,447.0,14.0,180.0,-0.060754847988905,1618477.0,189.0,24.0
23,65,Treino,442.0,14.0,180.0,-1.4253656914893558,1618477.0,189.0,24.0
23,70,Treino,437.0,14.0,180.0,-1.968696502812423,1618477.0,189.0,24.0
23,75,Treino,432.0,14.0,180.0,-2.078005660120021,1618477.0,189.0,24.0
23,80,Treino,427.0,14.0,180.0,-1.8142903587038963,1618477.0,189.0,24.0
23,85,Treino,422.0,14.0,180.0,-1.0213504728132303,1618477.0,189.0,24.0
23,90,Treino,417.0,14.0,180.0,0.9888715908435496,1618477.0,189.0,24.0
23,95,Treino,412.0,14.0,180.0,8.534487742830704,1618477.0,189.0,24.0
23,100,Treino,407.0,15.0,166.0,8.534487742830752,1618477.0,189.0,25.5
23,105,Treino,402.0,15.0,166.0,0.9888715908435844,1618477.0,189.0,27.0
23,110,Treino,397.0,15.0,166.0,-1.0213504728132317,1618477.0,189.0,28.5
23,115,Treino,392.0,15.0,166.0,-1.8142903587038943,1618477.0,189.0,30.0
23,120,Treino,387.0,15.0,166.0,-2.07800566012002,1618477.0,189.0,31.5
23,125,Treino,382.0,15.0,166.0,-1.968696502812426,1618477.0,189.0,33.0
23,130,Treino,377.0,15.0,166.0,-1.4253656914893678,1618477.0,189.0,34.5
23,135,Treino,372.0,15.0,166.0,-0.0607548479889015,1618477.0,189.0,36.0
23,140,Treino,367.0,15.0,166.0,3.973746776273349,1618477.0,189.0,37.5
23,145,Treino,362.0,31.0,166.0,24.603806983047388,1618477.0,189.0,40.6
23,150,Treino,357.0,16.0,151.0,3.973746776273395,1618477.0,189.0,42.2
23,155,Treino,352.0,16.0,151.0,-0.0607548479888988,1618477.0,189.0,43.8
23,160,Treino,347.0,16.0,151.0,-1.425365691489363,1618477.0,189.0,45.4
23,165,Treino,342.0,16.0,151.0,-1.9686965028124228,1618477.0,189.0,47.0
23,170,Treino,337.0,16.0,151.0,-2.0780056601200227,1618477.0,189.0,48.6
23,175,Treino,332.0,16.0,151.0,-1.8142903587039008,1618477.0,189.0,50.2
23,180,Treino,327.0,25.0,151.0,-0.9391455192215918,1618477.0,189.0,52.7
23,185,Treino,322.0,25.0,151.0,0.399308050934108,1618477.0,189.0,55.2
23,190,Treino,317.0,25.0,151.0,2.437673003688888,1618477.0,189.0,57.7
23,195,Treino,312.0,9.0,135.0,-1.425365691489358,1618477.0,189.0,58.6
23,200,Treino,307.0,9.0,135.0,-1.968696502812424,1618477.0,189.0,59.5
23,205,Treino,302.0,9.0,135.0,-2.078005660120021,1618477.0,189.0,60.4
23,210,Treino,297.0,9.0,135.0,-1.8142903587038912,1618477.0,189.0,61.3
23,215,Treino,292.0,21.0,135.0,0.4652852577420892,1618477.0,189.0,63.4
23,220,Treino,287.0,21.0,135.0,-0.2763795328542486,1618477.0,189.0,65.5
23,225,Treino,282.0,21.0,135.0,-0.7924095133883973,1618477.0,189.0,67.6
23,230,Treino,277.0,12.0,126.0,-1.9004875886524817,1618477.0,189.0,68.8
23,235,Treino,272.0,12.0,126.0,-2.085106382978723,1618477.0,189.0,70.0
23,240,Treino,267.0,12.0,126.0,-1.900487588652481,1618477.0,189.0,71.2
23,245,Treino,262.0,21.0,126.0,-0.7924095133883977,1618477.0,189.0,73.3
23,250,Treino,257.0,21.0,126.0,-0.2763795328542464,1618477.0,189.0,75.4
23,255,Treino,252.0,21.0,126.0,0.4652852577420887,1618477.0,189.0,77.5
23,260,Treino,247.0,9.0,114.0,-1.8142903587038983,1618477.0,189.0,79.6
23,265,Treino,242.0,9.0,114.0,-2.0780056601200214,1618477.0,189.0,80.5
23,270,Treino,237.0,9.0,114.0,-1.968696502812424,1618477.0,189.0,81.4
23,275,Treino,232.0,9.0,114.0,-1.425365691489357,1618477.0,189.0,82.3
23,280,Treino,227.0,9.0,114.0,-0.0607548479888953,1618477.0,189.0,83.2
23,285,Treino,222.0,24.0,114.0,4.867097087628721,1618477.0,189.0,85.6
23,290,Treino,217.0,24.0,114.0,1.5801677187615493,1618477.0,189.0,88.0
23,295,Treino,212.0,15.0,105.0,-0.7586145884018265,1618477.0,189.0,89.5
23,300,Treino,207.0,15.0,105.0,-1.7081763445626494,1618477.0,189.0,91.0
23,305,Treino,202.0,15.0,105.0,-2.056566279508001,1618477.0,189.0,92.5
23,310,Treino,197.0,15.0,105.0,-2.02036992263056,1618477.0,189.0,94.0
23,315,Treino,192.0,15.0,105.0,-1.579626047711151,1618477.0,189.0,95.5
23,320,Treino,187.0,30.0,105.0,0.1913061703133172,1618477.0,189.0,98.5
23,325,Treino,182.0,30.0,105.0,0.2672133252598936,1618477.0,189.0,101.5
23,330,Treino,177.0,30.0,105.0,-0.1322766495373817,1618477.0,189.0,104.5
23,335,Treino,172.0,15.0,90.0,-1.814290358703898,1618477.0,189.0,106.0
23,340,Treino,167.0,15.0,90.0,-2.0780056601200227,1618477.0,189.0,107.5
23,345,Treino,162.0,15.0,90.0,-1.9686965028124228,1618477.0,189.0,109.0
23,350,Treino,157.0,15.0,90.0,-1.42536569148936,1618477.0,189.0,110.5
23,355,Treino,152.0,21.0,90.0,-0.1132151958007381,1618477.0,189.0,112.6
23,360,Treino,147.0,21.0,90.0,2.5175692553631013,1618477.0,189.0,114.7
23,365,Treino,142.0,21.0,90.0,8.598519662802286,1618477.0,189.0,116.8
23,370,Treino,137.0,6.0,75.0,-1.5530544233733194,1618477.0,189.0,117.4
23,375,Treino,132.0,6.0,75.0,-1.9905612047372767,1618477.0,189.0,118.0
23,380,Treino,127.0,6.0,75.0,-2.0309276642086944,1618477.0,189.0,118.6
23,385,Treino,122.0,6.0,75.0,-1.6947004488626178,1618477.0,189.0,119.2
23,390,Treino,117.0,6.0,75.0,-0.7829903365361535,1618477.0,189.0,119.8
23,395,Treino,112.0,7.0,75.0,1.5164019525619672,1618477.0,189.0,120.5
23,400,Treino,107.0,18.0,75.0,5.574056918063917,1618477.0,189.0,122.3
23,405,Treino,102.0,11.0,69.0,0.953439858819241,1618477.0,189.0,123.4
23,410,Treino,97.0,12.0,69.0,-1.0239483881377258,1618477.0,189.0,124.6
23,415,Treino,92.0,23.0,69.0,0.1923424675466125,1618477.0,189.0,127.0
23,420,Treino,87.0,24.0,69.0,-0.6563106161698267,1618477.0,189.0,129.4
23,425,Treino,82.0,24.0,69.0,-1.318190521742273,1618477.0,189.0,131.8
23,430,Treino,77.0,24.0,69.0,-1.5104576091204382,1618477.0,189.0,134.2
23,435,Treino,72.0,30.0,69.0,-1.250652362553078,1618477.0,189.0,137.2
23,440,Treino,67.0,30.0,69.0,-0.9052161289591,1618477.0,189.0,140.2
23,445,Treino,62.0,29.0,68.0,-1.0289701458897444,1618477.0,189.0,143.1
23,450,Treino,57.0,18.0,58.0,-1.0652371575831907,1618477.0,189.0,144.9
23,455,Treino,52.0,24.0,57.0,-0.0396937120180456,1618477.0,189.0,147.4
23,460,Treino,47.0,24.0,57.0,1.0928346804222864,1618477.0,189.0,149.8
23,465,Treino,42.0,12.0,45.0,-1.3524124927907903,1618477.0,189.0,151.0
23,470,Treino,37.0,24.0,45.0,0.8856163418056768,1618477.0,189.0,153.4
23,475,Treino,32.0,24.0,45.0,0.6206478804599791,1618477.0,189.0,155.8
23,480,Treino,27.0,24.0,45.0,-0.6106529369466802,1618477.0,189.0,158.2
23,485,Treino,22.0,18.0,39.0,-1.4475993860357228,1618477.0,189.0,160.0
23,490,Treino,17.0,18.0,39.0,-1.726722377462125,1618477.0,189.0,161.8
23,495,Treino,12.0,24.0,39.0,-1.5077617601578637,1618477.0,189.0,164.2
23,500,Treino,7.0,18.0,36.0,-1.5660580650536162,1618477.0,189.0,166.6
23,505,Treino,2.0,19.0,36.0,-1.1173764985184174,1618477.0,189.0,168.4
24,50,Treino,170.0,38.0,189.0,2.660784561592207,1423753.0,189.0,39.0
24,55,Treino,165.0,18.0,171.0,-0.4050352938705406,1423753.0,189.0,38.0
24,60,Treino,160.0,18.0,171.0,-1.5478148158964005,1423753.0,189.0,37.666666666666664
24,65,Treino,155.0,18.0,171.0,-1.996941778245848,1423753.0,189.0,37.5
24,70,Treino,150.0,18.0,171.0,-2.0412991350923138,1423753.0,189.0,37.4
24,75,Treino,145.0,20.0,171.0,-1.7033603917969848,1423753.0,189.0,37.666666666666664
24,80,Treino,140.0,18.0,171.0,-0.7777038570673263,1423753.0,189.0,37.57142857142857
24,85,Treino,135.0,18.0,171.0,1.6285955072042366,1423753.0,189.0,37.5
24,90,Treino,130.0,45.0,171.0,4.831054175130939,1423753.0,189.0,40.44444444444444
24,95,Treino,125.0,25.0,153.0,0.995667621455346,1423753.0,189.0,42.8
24,100,Treino,120.0,26.0,153.0,-0.9843121495242064,1423753.0,189.0,45.3
24,105,Treino,115.0,23.0,153.0,-1.7821822093760362,1423753.0,189.0,47.7
24,110,Treino,110.0,27.0,153.0,-2.048340684849572,1423753.0,189.0,50.4
24,115,Treino,105.0,53.0,153.0,-0.431336774445247,1423753.0,189.0,55.8
24,120,Treino,100.0,54.0,153.0,-0.5232909911964034,1423753.0,189.0,61.2
24,125,Treino,95.0,54.0,153.0,-0.8038180175263543,1423753.0,189.0,66.4
24,130,Treino,90.0,51.0,153.0,-0.7985357189178828,1423753.0,189.0,71.6
24,135,Treino,85.0,61.0,152.0,-1.314033564810302,1423753.0,189.0,77.8
24,140,Treino,80.0,35.0,129.0,-1.8866363166361124,1423753.0,189.0,81.3
24,145,Treino,75.0,37.0,129.0,-1.6206070398933738,1423753.0,189.0,84.8
24,150,Treino,70.0,35.0,129.0,-0.8841435981214172,1423753.0,189.0,88.3
24,155,Treino,65.0,47.0,129.0,0.6144300389211725,1423753.0,189.0,93.1
24,160,Treino,60.0,45.0,129.0,3.159710215732442,1423753.0,189.0,97.6
24,165,Treino,55.0,18.0,101.0,-1.3870821232947106,1423753.0,189.0,99.4
24,170,Treino,50.0,40.0,101.0,1.549973593270049,1423753.0,189.0,103.4
24,175,Treino,45.0,40.0,101.0,-0.1015338662324545,1423753.0,189.0,107.4
24,180,Treino,40.0,42.0,101.0,-0.9998913975837836,1423753.0,189.0,111.6
24,185,Treino,35.0,50.0,92.0,-0.7997352468159451,1423753.0,189.0,116.6
24,190,Treino,30.0,50.0,92.0,-1.21617926394787,1423753.0,189.0,121.6
24,195,Treino,25.0,49.0,92.0,-1.4599786013315812,1423753.0,189.0,126.6
24,200,Treino,20.0,51.0,92.0,-1.5134856351312778,1423753.0,189.0,131.6
24,205,Treino,15.0,66.0,81.0,-0.6233130738652992,1423753.0,189.0,138.2
24,210,Treino,10.0,66.0,81.0,-0.3477596085777259,1423753.0,189.0,144.8
24,215,Treino,5.0,66.0,81.0,-0.6077773044170698,1423753.0,189.0,151.4
24,220,Treino,0.0,44.0,60.0,-1.384930977555079,1423753.0,189.0,155.8
25,50,Validação,2091.0,14.0,190.0,50.00000000000003,1553924.0,190.0,14.0
25,55,Validação,2086.0,0.0,176.0,0.0,1553924.0,190.0,14.0
25,60,Validação,2081.0,0.0,176.0,0.0,1553924.0,190.0,14.0
25,65,Validação,2076.0,0.0,176.0,0.0,1553924.0,190.0,14.0
25,70,Validação,2071.0,0.0,176.0,0.0,1553924.0,190.0,14.0
25,75,Validação,2066.0,0.0,176.0,0.0,1553924.0,190.0,14.0
25,80,Validação,2061.0,0.0,176.0,0.0,1553924.0,190.0,14.0
25,85,Validação,2056.0,0.0,176.0,0.0,1553924.0,190.0,14.0
25,90,Validação,2051.0,0.0,176.0,0.0,1553924.0,190.0,14.0
25,95,Validação,2046.0,0.0,176.0,0.0,1553924.0,190.0,14.0
25,100,Validação,2041.0,0.0,176.0,0.0,1553924.0,190.0,14.0
25,105,Validação,2036.0,0.0,176.0,0.0,1553924.0,190.0,14.0
25,110,Validação,2031.0,0.0,176.0,0.0,1553924.0,190.0,14.0
25,115,Validação,2026.0,0.0,176.0,0.0,1553924.0,190.0,14.0
25,120,Validação,2021.0,0.0,176.0,0.0,1553924.0,190.0,14.0
25,125,Validação,2016.0,0.0,176.0,0.0,1553924.0,190.0,14.0
25,130,Validação,2011.0,0.0,176.0,0.0,1553924.0,190.0,14.0
25,135,Validação,2006.0,0.0,176.0,0.0,1553924.0,190.0,14.0
25,140,Validação,2001.0,0.0,176.0,0.0,1553924.0,190.0,14.0
25,145,Validação,1996.0,0.0,176.0,0.0,1553924.0,190.0,14.0
25,150,Validação,1991.0,0.0,176.0,0.0,1553924.0,190.0,14.0
25,155,Validação,1986.0,0.0,176.0,0.0,1553924.0,190.0,14.0
25,160,Validação,1981.0,12.0,176.0,8.53448774283068,1553924.0,190.0,15.2
25,165,Validação,1976.0,12.0,176.0,0.9888715908435736,1553924.0,190.0,16.4
25,170,Validação,1971.0,12.0,176.0,-1.02135047281325,1553924.0,190.0,17.6
25,175,Validação,1966.0,12.0,176.0,-1.8142903587038983,1553924.0,190.0,18.8
25,180,Validação,1961.0,12.0,176.0,-2.0780056601200214,1553924.0,190.0,20.0
25,185,Validação,1956.0,12.0,176.0,-1.9686965028124213,1553924.0,190.0,21.2
25,190,Validação,1951.0,12.0,176.0,-1.4253656914893638,1553924.0,190.0,22.4
25,195,Validação,1946.0,12.0,176.0,-0.060754847988873,1553924.0,190.0,23.6
25,200,Validação,1941.0,12.0,176.0,3.973746776273374,1553924.0,190.0,24.8
25,205,Validação,1936.0,12.0,176.0,49.99999999999984,1553924.0,190.0,26.0
25,210,Validação,1931.0,0.0,164.0,0.0,1553924.0,190.0,26.0
25,215,Validação,1926.0,0.0,164.0,0.0,1553924.0,190.0,26.0
25,220,Validação,1921.0,0.0,164.0,0.0,1553924.0,190.0,26.0
25,225,Validação,1916.0,0.0,164.0,0.0,1553924.0,190.0,26.0
25,230,Validação,1911.0,0.0,164.0,0.0,1553924.0,190.0,26.0
25,235,Validação,1906.0,0.0,164.0,0.0,1553924.0,190.0,26.0
25,240,Validação,1901.0,0.0,164.0,0.0,1553924.0,190.0,26.0
25,245,Validação,1896.0,0.0,164.0,0.0,1553924.0,190.0,26.0
25,250,Validação,1891.0,0.0,164.0,0.0,1553924.0,190.0,26.0
25,255,Validação,1886.0,0.0,164.0,0.0,1553924.0,190.0,26.0
25,260,Validação,1881.0,0.0,164.0,0.0,1553924.0,190.0,26.0
25,265,Validação,1876.0,0.0,164.0,0.0,1553924.0,190.0,26.0
25,270,Validação,1871.0,0.0,164.0,0.0,1553924.0,190.0,26.0
25,275,Validação,1866.0,0.0,164.0,0.0,1553924.0,190.0,26.0
25,280,Validação,1861.0,0.0,164.0,0.0,1553924.0,190.0,26.0
25,285,Validação,1856.0,0.0,164.0,0.0,1553924.0,190.0,26.0
25,290,Validação,1851.0,0.0,164.0,0.0,1553924.0,190.0,26.0
25,295,Validação,1846.0,0.0,164.0,0.0,1553924.0,190.0,26.0
25,300,Validação,1841.0,0.0,164.0,0.0,1553924.0,190.0,26.0
25,305,Validação,1836.0,0.0,164.0,0.0,1553924.0,190.0,26.0
25,310,Validação,1831.0,0.0,164.0,0.0,1553924.0,190.0,26.0
25,315,Validação,1826.0,12.0,164.0,13.124339821940556,1553924.0,190.0,27.2
25,320,Validação,1821.0,12.0,164.0,1.7259530141844204,1553924.0,190.0,28.4
25,325,Validação,1816.0,12.0,164.0,-0.7586145884018265,1553924.0,190.0,29.6
25,330,Validação,1811.0,12.0,164.0,-1.7081763445626443,1553924.0,190.0,30.8
25,335,Validação,1806.0,12.0,164.0,-2.056566279508001,1553924.0,190.0,32.0
25,340,Validação,1801.0,12.0,164.0,-2.020369922630561,1553924.0,190.0,33.2
25,345,Validação,1796.0,12.0,164.0,-1.579626047711162,1553924.0,190.0,34.4
25,350,Validação,1791.0,12.0,164.0,-0.4429707913400471,1553924.0,190.0,35.6
25,355,Validação,1786.0,12.0,164.0,2.684314695695188,1553924.0,190.0,36.8
25,360,Validação,1781.0,12.0,164.0,22.330729166666742,1553924.0,190.0,38.0
25,365,Validação,1776.0,0.0,152.0,0.0,1553924.0,190.0,38.0
25,370,Validação,1771.0,0.0,152.0,0.0,1553924.0,190.0,38.0
25,375,Validação,1766.0,0.0,152.0,0.0,1553924.0,190.0,38.0
25,380,Validação,1761.0,0.0,152.0,0.0,1553924.0,190.0,38.0
25,385,Validação,1756.0,0.0,152.0,0.0,1553924.0,190.0,38.0
25,390,Validação,1751.0,0.0,152.0,0.0,1553924.0,190.0,38.0
25,395,Validação,1746.0,0.0,152.0,0.0,1553924.0,190.0,38.0
25,400,Validação,1741.0,0.0,152.0,0.0,1553924.0,190.0,38.0
25,405,Validação,1736.0,0.0,152.0,0.0,1553924.0,190.0,38.0
25,410,Validação,1731.0,0.0,152.0,0.0,1553924.0,190.0,38.0
25,415,Validação,1726.0,0.0,152.0,0.0,1553924.0,190.0,38.0
25,420,Validação,1721.0,0.0,152.0,0.0,1553924.0,190.0,38.0
25,425,Validação,1716.0,3.0,152.0,8.534487742830558,1553924.0,190.0,38.3
25,430,Validação,1711.0,3.0,152.0,0.9888715908436208,1553924.0,190.0,38.6
25,435,Validação,1706.0,3.0,152.0,-1.02135047281325,1553924.0,190.0,38.9
25,440,Validação,1701.0,3.0,152.0,-1.8142903587038768,1553924.0,190.0,39.2
25,445,Validação,1696.0,3.0,152.0,-2.0780056601200214,1553924.0,190.0,39.5
25,450,Validação,1691.0,3.0,152.0,-1.968696502812415,1553924.0,190.0,39.8
25,455,Validação,1686.0,3.0,152.0,-1.4253656914893813,1553924.0,190.0,40.1
25,460,Validação,1681.0,3.0,152.0,-0.060754847988873,1553924.0,190.0,40.4
25,465,Validação,1676.0,3.0,152.0,3.973746776273231,1553924.0,190.0,40.7
25,470,Validação,1671.0,3.0,152.0,49.99999999999984,1553924.0,190.0,41.0
25,475,Validação,1666.0,0.0,149.0,0.0,1553924.0,190.0,41.0
25,480,Validação,1661.0,0.0,149.0,0.0,1553924.0,190.0,41.0
25,485,Validação,1656.0,0.0,149.0,0.0,1553924.0,190.0,41.0
25,490,Validação,1651.0,0.0,149.0,0.0,1553924.0,190.0,41.0
25,495,Validação,1646.0,0.0,149.0,0.0,1553924.0,190.0,41.0
25,500,Validação,1641.0,0.0,149.0,0.0,1553924.0,190.0,41.0
25,505,Validação,1636.0,0.0,149.0,0.0,1553924.0,190.0,41.0
25,510,Validação,1631.0,0.0,149.0,0.0,1553924.0,190.0,41.0
25,515,Validação,1626.0,0.0,149.0,0.0,1553924.0,190.0,41.0
25,520,Validação,1621.0,0.0,149.0,0.0,1553924.0,190.0,41.0
25,525,Validação,1616.0,0.0,149.0,0.0,1553924.0,190.0,41.0
25,530,Validação,1611.0,13.0,149.0,50.00000000000016,1553924.0,190.0,42.3
25,535,Validação,1606.0,14.0,149.0,4.000633382081286,1553924.0,190.0,43.7
25,540,Validação,1601.0,14.0,149.0,-0.0519258204174097,1553924.0,190.0,45.1
25,545,Validação,1596.0,14.0,149.0,-1.4210490616576117,1553924.0,190.0,46.5
25,550,Validação,1591.0,14.0,149.0,-1.96626213270212,1553924.0,190.0,47.9
25,555,Validação,1586.0,14.0,149.0,-2.0766779027912525,1553924.0,190.0,49.3
25,560,Validação,1581.0,14.0,149.0,-1.8139289189085577,1553924.0,190.0,50.7
25,565,Validação,1576.0,14.0,149.0,-1.0224113704316071,1553924.0,190.0,52.1
25,570,Validação,1571.0,14.0,149.0,0.9839784105598568,1553924.0,190.0,53.5
25,575,Validação,1566.0,14.0,149.0,8.503077431972825,1553924.0,190.0,54.9
25,580,Validação,1561.0,0.0,135.0,0.0,1553924.0,190.0,55.0
25,585,Validação,1556.0,0.0,135.0,0.0,1553924.0,190.0,55.0
25,590,Validação,1551.0,0.0,135.0,0.0,1553924.0,190.0,55.0
25,595,Validação,1546.0,0.0,135.0,0.0,1553924.0,190.0,55.0
25,600,Validação,1541.0,0.0,135.0,0.0,1553924.0,190.0,55.0
25,605,Validação,1536.0,0.0,135.0,0.0,1553924.0,190.0,55.0
25,610,Validação,1531.0,0.0,135.0,0.0,1553924.0,190.0,55.0
25,615,Validação,1526.0,0.0,135.0,0.0,1553924.0,190.0,55.0
25,620,Validação,1521.0,0.0,135.0,0.0,1553924.0,190.0,55.0
25,625,Validação,1516.0,0.0,135.0,0.0,1553924.0,190.0,55.0
25,630,Validação,1511.0,0.0,135.0,0.0,1553924.0,190.0,55.0
25,635,Validação,1506.0,10.0,135.0,8.534487742830652,1553924.0,190.0,56.0
25,640,Validação,1501.0,10.0,135.0,0.988871590843546,1553924.0,190.0,57.0
25,645,Validação,1496.0,10.0,135.0,-1.021350472813249,1553924.0,190.0,58.0
25,650,Validação,1491.0,10.0,135.0,-1.8142903587039023,1553924.0,190.0,59.0
25,655,Validação,1486.0,10.0,135.0,-2.0780056601200227,1553924.0,190.0,60.0
25,660,Validação,1481.0,10.0,135.0,-1.9686965028124204,1553924.0,190.0,61.0
25,665,Validação,1476.0,10.0,135.0,-1.4253656914893538,1553924.0,190.0,62.0
25,670,Validação,1471.0,10.0,135.0,-0.0607548479888944,1553924.0,190.0,63.0
25,675,Validação,1466.0,10.0,135.0,3.973746776273359,1553924.0,190.0,64.0
25,680,Validação,1461.0,10.0,135.0,49.99999999999987,1553924.0,190.0,65.0
25,685,Validação,1456.0,0.0,125.0,0.0,1553924.0,190.0,65.0
25,690,Validação,1451.0,0.0,125.0,0.0,1553924.0,190.0,65.0
25,695,Validação,1446.0,0.0,125.0,0.0,1553924.0,190.0,65.0
25,700,Validação,1441.0,0.0,125.0,0.0,1553924.0,190.0,65.0
25,705,Validação,1436.0,0.0,125.0,0.0,1553924.0,190.0,65.0
25,710,Validação,1431.0,0.0,125.0,0.0,1553924.0,190.0,65.0
25,715,Validação,1426.0,0.0,125.0,0.0,1553924.0,190.0,65.0
25,720,Validação,1421.0,0.0,125.0,0.0,1553924.0,190.0,65.0
25,725,Validação,1416.0,0.0,125.0,0.0,1553924.0,190.0,65.0
25,730,Validação,1411.0,0.0,125.0,0.0,1553924.0,190.0,65.0
25,735,Validação,1406.0,0.0,125.0,0.0,1553924.0,190.0,65.0
25,740,Validação,1401.0,0.0,125.0,0.0,1553924.0,190.0,65.0
25,745,Validação,1396.0,0.0,125.0,0.0,1553924.0,190.0,65.0
25,750,Validação,1391.0,14.0,125.0,22.330729166666643,1553924.0,190.0,66.4
25,755,Validação,1386.0,14.0,125.0,2.684314695695214,1553924.0,190.0,67.8
25,760,Validação,1381.0,14.0,125.0,-0.442970791340052,1553924.0,190.0,69.2
25,765,Validação,1376.0,14.0,125.0,-1.579626047711156,1553924.0,190.0,70.6
25,770,Validação,1371.0,14.0,125.0,-2.0203699226305605,1553924.0,190.0,72.0
25,775,Validação,1366.0,14.0,125.0,-2.056566279508,1553924.0,190.0,73.4
25,780,Validação,1361.0,14.0,125.0,-1.7081763445626503,1553924.0,190.0,74.8
25,785,Validação,1356.0,14.0,125.0,-0.7586145884018238,1553924.0,190.0,76.2
25,790,Validação,1351.0,14.0,125.0,1.7259530141844053,1553924.0,190.0,77.6
25,795,Validação,1346.0,14.0,125.0,13.12433982194053,1553924.0,190.0,79.0
25,800,Validação,1341.0,0.0,111.0,0.0,1553924.0,190.0,79.0
25,805,Validação,1336.0,0.0,111.0,0.0,1553924.0,190.0,79.0
25,810,Validação,1331.0,0.0,111.0,0.0,1553924.0,190.0,79.0
25,815,Validação,1326.0,0.0,111.0,0.0,1553924.0,190.0,79.0
25,820,Validação,1321.0,0.0,111.0,0.0,1553924.0,190.0,79.0
25,825,Validação,1316.0,0.0,111.0,0.0,1553924.0,190.0,79.0
25,830,Validação,1311.0,0.0,111.0,0.0,1553924.0,190.0,79.0
25,835,Validação,1306.0,0.0,111.0,0.0,1553924.0,190.0,79.0
25,840,Validação,1301.0,0.0,111.0,0.0,1553924.0,190.0,79.0
25,845,Validação,1296.0,0.0,111.0,0.0,1553924.0,190.0,79.0
25,850,Validação,1291.0,0.0,111.0,0.0,1553924.0,190.0,79.0
25,855,Validação,1286.0,0.0,111.0,0.0,1553924.0,190.0,79.0
25,860,Validação,1281.0,0.0,111.0,0.0,1553924.0,190.0,79.0
25,865,Validação,1276.0,0.0,111.0,0.0,1553924.0,190.0,79.0
25,870,Validação,1271.0,0.0,111.0,0.0,1553924.0,190.0,79.0
25,875,Validação,1266.0,0.0,111.0,0.0,1553924.0,190.0,79.0
25,880,Validação,1261.0,1.0,111.0,8.534487742830796,1553924.0,190.0,79.1
25,885,Validação,1256.0,1.0,111.0,0.9888715908434368,1553924.0,190.0,79.2
25,890,Validação,1251.0,1.0,111.0,-1.0213504728132494,1553924.0,190.0,79.3
25,895,Validação,1246.0,1.0,111.0,-1.8142903587038768,1553924.0,190.0,79.4
25,900,Validação,1241.0,1.0,111.0,-2.0780056601200245,1553924.0,190.0,79.5
25,905,Validação,1236.0,1.0,111.0,-1.968696502812428,1553924.0,190.0,79.6
25,910,Validação,1231.0,1.0,111.0,-1.4253656914893116,1553924.0,190.0,79.7
25,915,Validação,1226.0,1.0,111.0,-0.0607548479888753,1553924.0,190.0,79.8
25,920,Validação,1221.0,1.0,111.0,3.9737467762732255,1553924.0,190.0,79.9
25,925,Validação,1216.0,1.0,111.0,50.00000000000087,1553924.0,190.0,80.0
25,930,Validação,1211.0,0.0,110.0,0.0,1553924.0,190.0,80.0
25,935,Validação,1206.0,0.0,110.0,0.0,1553924.0,190.0,80.0
25,940,Validação,1201.0,0.0,110.0,0.0,1553924.0,190.0,80.0
25,945,Validação,1196.0,0.0,110.0,0.0,1553924.0,190.0,80.0
25,950,Validação,1191.0,0.0,110.0,0.0,1553924.0,190.0,80.0
25,955,Validação,1186.0,0.0,110.0,0.0,1553924.0,190.0,80.0
25,960,Validação,1181.0,0.0,110.0,0.0,1553924.0,190.0,80.0
25,965,Validação,1176.0,0.0,110.0,0.0,1553924.0,190.0,80.0
25,970,Validação,1171.0,0.0,110.0,0.0,1553924.0,190.0,80.0
25,975,Validação,1166.0,0.0,110.0,0.0,1553924.0,190.0,80.0
25,980,Validação,1161.0,0.0,110.0,0.0,1553924.0,190.0,80.0
25,985,Validação,1156.0,0.0,110.0,0.0,1553924.0,190.0,80.0
25,990,Validação,1151.0,0.0,110.0,0.0,1553924.0,190.0,80.0
25,995,Validação,1146.0,0.0,110.0,0.0,1553924.0,190.0,80.0
25,1000,Validação,1141.0,0.0,110.0,0.0,1553924.0,190.0,80.0
25,1005,Validação,1136.0,6.0,110.0,49.99999999999984,1553924.0,190.0,80.6
25,1010,Validação,1131.0,6.0,110.0,3.97374677627338,1553924.0,190.0,81.2
25,1015,Validação,1126.0,6.0,110.0,-0.0607548479888739,1553924.0,190.0,81.8
25,1020,Validação,1121.0,6.0,110.0,-1.425365691489363,1553924.0,190.0,82.4
25,1025,Validação,1116.0,6.0,110.0,-1.9686965028124213,1553924.0,190.0,83.0
25,1030,Validação,1111.0,6.0,110.0,-2.0780056601200214,1553924.0,190.0,83.6
25,1035,Validação,1106.0,6.0,110.0,-1.814290358703898,1553924.0,190.0,84.2
25,1040,Validação,1101.0,6.0,110.0,-1.02135047281325,1553924.0,190.0,84.8
25,1045,Validação,1096.0,6.0,110.0,0.9888715908435728,1553924.0,190.0,85.4
25,1050,Validação,1091.0,6.0,110.0,8.53448774283068,1553924.0,190.0,86.0
25,1055,Validação,1086.0,0.0,104.0,0.0,1553924.0,190.0,86.0
25,1060,Validação,1081.0,0.0,104.0,0.0,1553924.0,190.0,86.0
25,1065,Validação,1076.0,0.0,104.0,0.0,1553924.0,190.0,86.0
25,1070,Validação,1071.0,0.0,104.0,0.0,1553924.0,190.0,86.0
25,1075,Validação,1066.0,0.0,104.0,0.0,1553924.0,190.0,86.0
25,1080,Validação,1061.0,0.0,104.0,0.0,1553924.0,190.0,86.0
25,1085,Validação,1056.0,0.0,104.0,0.0,1553924.0,190.0,86.0
25,1090,Validação,1051.0,0.0,104.0,0.0,1553924.0,190.0,86.0
25,1095,Validação,1046.0,0.0,104.0,0.0,1553924.0,190.0,86.0
25,1100,Validação,1041.0,0.0,104.0,0.0,1553924.0,190.0,86.0
25,1105,Validação,1036.0,0.0,104.0,0.0,1553924.0,190.0,86.0
25,1110,Validação,1031.0,0.0,104.0,0.0,1553924.0,190.0,86.0
25,1115,Validação,1026.0,11.0,104.0,8.534487742830732,1553924.0,190.0,87.1
25,1120,Validação,1021.0,11.0,104.0,0.9888715908435612,1553924.0,190.0,88.2
25,1125,Validação,1016.0,11.0,104.0,-1.021350472813236,1553924.0,190.0,89.3
25,1130,Validação,1011.0,11.0,104.0,-1.8142903587039,1553924.0,190.0,90.4
25,1135,Validação,1006.0,11.0,104.0,-2.0780056601200214,1553924.0,190.0,91.5
25,1140,Validação,1001.0,11.0,104.0,-1.968696502812424,1553924.0,190.0,92.6
25,1145,Validação,996.0,11.0,104.0,-1.4260531843907047,1553924.0,190.0,93.7
25,1150,Validação,991.0,11.0,104.0,-0.0653043128937862,1553924.0,190.0,94.8
25,1155,Validação,986.0,11.0,104.0,3.9526234194692815,1553924.0,190.0,95.9
25,1160,Validação,981.0,10.0,104.0,48.31027018317289,1553924.0,190.0,96.9
25,1165,Validação,976.0,0.0,94.0,22.330729166666007,1553924.0,190.0,96.9
25,1170,Validação,971.0,0.0,94.0,22.330729166666007,1553924.0,190.0,96.9
25,1175,Validação,966.0,0.0,94.0,22.330729166666007,1553924.0,190.0,96.9
25,1180,Validação,961.0,0.0,94.0,22.330729166666003,1553924.0,190.0,96.9
25,1185,Validação,956.0,0.0,94.0,22.330729166666003,1553924.0,190.0,96.9
25,1190,Validação,951.0,1.0,94.0,22.330729166666003,1553924.0,190.0,96.9
25,1195,Validação,946.0,-1.0,94.0,22.330729166666007,1553924.0,190.0,96.8
25,1200,Validação,941.0,0.0,94.0,22.330729166666007,1553924.0,190.0,96.8
25,1205,Validação,936.0,0.0,94.0,22.330729166666007,1553924.0,190.0,96.8
25,1210,Validação,931.0,0.0,94.0,50.00000000000087,1553924.0,190.0,96.9
25,1215,Validação,926.0,0.0,94.0,50.00000000000087,1553924.0,190.0,96.9
25,1220,Validação,921.0,0.0,94.0,50.00000000000087,1553924.0,190.0,96.9
25,1225,Validação,916.0,0.0,94.0,50.00000000000087,1553924.0,190.0,96.9
25,1230,Validação,911.0,0.0,94.0,50.00000000000087,1553924.0,190.0,96.9
25,1235,Validação,906.0,0.0,94.0,50.00000000000087,1553924.0,190.0,96.9
25,1240,Validação,901.0,0.0,94.0,50.00000000000087,1553924.0,190.0,96.9
25,1245,Validação,896.0,4.0,93.0,22.33072916666676,1553924.0,190.0,97.4
25,1250,Validação,891.0,4.0,93.0,2.684314695695184,1553924.0,190.0,97.8
25,1255,Validação,886.0,4.0,93.0,-0.4429707913400325,1553924.0,190.0,98.2
25,1260,Validação,881.0,4.0,93.0,-1.5796260477111537,1553924.0,190.0,98.6
25,1265,Validação,876.0,4.0,93.0,-2.0203699226305645,1553924.0,190.0,99.0
25,1270,Validação,871.0,4.0,93.0,-2.056566279508001,1553924.0,190.0,99.4
25,1275,Validação,866.0,4.0,93.0,-1.7081763445626443,1553924.0,190.0,99.8
25,1280,Validação,861.0,4.0,93.0,-0.7586145884018398,1553924.0,190.0,100.2
25,1285,Validação,856.0,4.0,93.0,1.7259530141843928,1553924.0,190.0,100.6
25,1290,Validação,851.0,4.0,93.0,13.12433982194063,1553924.0,190.0,101.0
25,1295,Validação,846.0,0.0,89.0,0.0,1553924.0,190.0,101.0
25,1300,Validação,841.0,0.0,89.0,0.0,1553924.0,190.0,101.0
25,1305,Validação,836.0,0.0,89.0,0.0,1553924.0,190.0,101.0
25,1310,Validação,831.0,0.0,89.0,0.0,1553924.0,190.0,101.0
25,1315,Validação,826.0,0.0,89.0,0.0,1553924.0,190.0,101.0
25,1320,Validação,821.0,0.0,89.0,0.0,1553924.0,190.0,101.0
25,1325,Validação,816.0,0.0,89.0,0.0,1553924.0,190.0,101.0
25,1330,Validação,811.0,0.0,89.0,0.0,1553924.0,190.0,101.0
25,1335,Validação,806.0,0.0,89.0,0.0,1553924.0,190.0,101.0
25,1340,Validação,801.0,0.0,89.0,0.0,1553924.0,190.0,101.0
25,1345,Validação,796.0,0.0,89.0,0.0,1553924.0,190.0,101.0
25,1350,Validação,791.0,0.0,89.0,0.0,1553924.0,190.0,101.0
25,1355,Validação,786.0,0.0,89.0,0.0,1553924.0,190.0,101.0
25,1360,Validação,781.0,11.0,89.0,13.124339821940566,1553924.0,190.0,102.1
25,1365,Validação,776.0,11.0,89.0,1.7259530141843866,1553924.0,190.0,103.2
25,1370,Validação,771.0,11.0,89.0,-0.7586145884018229,1553924.0,190.0,104.3
25,1375,Validação,766.0,11.0,89.0,-1.7027906653221925,1553924.0,190.0,105.4
25,1380,Validação,761.0,11.0,89.0,-2.05062102470752,1553924.0,190.0,106.5
25,1385,Validação,756.0,11.0,89.0,-2.017492844650582,1553924.0,190.0,107.6
25,1390,Validação,751.0,9.0,89.0,-1.582072394869316,1553924.0,190.0,108.5
25,1395,Validação,746.0,11.0,89.0,-0.4663358007295546,1553924.0,190.0,109.6
25,1400,Validação,741.0,11.0,89.0,2.521783936507319,1553924.0,190.0,110.7
25,1405,Validação,736.0,9.0,89.0,19.442680372088493,1553924.0,190.0,111.6
25,1410,Validação,731.0,0.0,80.0,5.161652619551832,1553924.0,190.0,111.6
25,1415,Validação,726.0,0.0,80.0,5.161652619551834,1553924.0,190.0,111.6
25,1420,Validação,721.0,0.0,80.0,3.5675972935415654,1553924.0,190.0,111.6
25,1425,Validação,716.0,1.0,80.0,3.0536693442229383,1553924.0,190.0,111.6
25,1430,Validação,711.0,0.0,80.0,3.649052358543536,1553924.0,190.0,111.6
25,1435,Validação,706.0,0.0,80.0,2.536701739116957,1553924.0,190.0,111.6
25,1440,Validação,701.0,0.0,80.0,2.943236737873015,1553924.0,190.0,111.8
25,1445,Validação,696.0,-1.0,80.0,2.085841089470585,1553924.0,190.0,111.6
25,1450,Validação,691.0,0.0,80.0,1.3677378375032827,1553924.0,190.0,111.6
25,1455,Validação,686.0,-2.0,80.0,0.5489577163757109,1553924.0,190.0,111.6
25,1460,Validação,681.0,0.0,80.0,0.5489577163757109,1553924.0,190.0,111.6
25,1465,Validação,676.0,-2.0,80.0,0.1127066123801969,1553924.0,190.0,111.4
25,1470,Validação,671.0,13.0,80.0,7.798881452331063,1553924.0,190.0,112.7
25,1475,Validação,666.0,13.0,80.0,0.914403255745138,1553924.0,190.0,114.0
25,1480,Validação,661.0,15.0,80.0,-0.9787143764776184,1553924.0,190.0,115.5
25,1485,Validação,656.0,15.0,80.0,-1.7615300855152334,1553924.0,190.0,117.0
25,1490,Validação,651.0,16.0,80.0,-2.021756780430559,1553924.0,190.0,118.5
25,1495,Validação,646.0,17.0,80.0,-1.913294475736748,1553924.0,190.0,120.2
25,1500,Validação,641.0,15.0,80.0,-1.3799887130267423,1553924.0,190.0,121.7
25,1505,Validação,636.0,15.0,80.0,-0.0630100496854724,1553924.0,190.0,123.4
25,1510,Validação,631.0,15.0,80.0,3.8097211579290713,1553924.0,190.0,124.9
25,1515,Validação,626.0,17.0,80.0,39.82890964066691,1553924.0,190.0,126.6
25,1520,Validação,621.0,2.0,65.0,0.2112787462671539,1553924.0,190.0,126.8
25,1525,Validação,616.0,0.0,65.0,3.973746776273342,1553924.0,190.0,127.0
25,1530,Validação,611.0,-1.0,65.0,2.404822695035496,1553924.0,190.0,126.9
25,1535,Validação,606.0,0.0,65.0,2.4048226950354987,1553924.0,190.0,126.9
25,1540,Validação,601.0,0.0,65.0,2.404822695035498,1553924.0,190.0,126.9
25,1545,Validação,596.0,-2.0,65.0,2.404822695035497,1553924.0,190.0,126.7
25,1550,Validação,591.0,0.0,65.0,3.000550776465196,1553924.0,190.0,126.7
25,1555,Validação,586.0,0.0,65.0,2.5118027516549537,1553924.0,190.0,126.7
25,1560,Validação,581.0,0.0,65.0,0.9525923100939052,1553924.0,190.0,126.7
25,1565,Validação,576.0,0.0,65.0,0.7071163288430191,1553924.0,190.0,126.7
25,1570,Validação,571.0,4.0,65.0,5.96271300794387,1553924.0,190.0,127.1
25,1575,Validação,566.0,5.0,65.0,0.8650449351575986,1553924.0,190.0,127.5
25,1580,Validação,561.0,4.0,65.0,-0.8161052183327206,1553924.0,190.0,128.0
25,1585,Validação,556.0,4.0,65.0,-1.5297601632569722,1553924.0,190.0,128.4
25,1590,Validação,551.0,4.0,65.0,-1.765377218934911,1553924.0,190.0,128.8
25,1595,Validação,546.0,4.0,65.0,-1.6589714797507675,1553924.0,190.0,129.4
25,1600,Validação,541.0,4.0,65.0,-1.1349766605359166,1553924.0,190.0,129.8
25,1605,Validação,536.0,4.0,65.0,0.2403229321480742,1553924.0,190.0,130.2
25,1610,Validação,531.0,4.0,64.0,3.091755319148928,1553924.0,190.0,130.6
25,1615,Validação,526.0,4.0,64.0,23.690733541038988,1553924.0,190.0,131.0
25,1620,Validação,521.0,0.0,59.0,0.0,1553924.0,190.0,131.0
25,1625,Validação,516.0,0.0,59.0,0.0,1553924.0,190.0,131.0
25,1630,Validação,511.0,0.0,59.0,0.0,1553924.0,190.0,131.0
25,1635,Validação,506.0,0.0,59.0,0.0,1553924.0,190.0,131.0
25,1640,Validação,501.0,0.0,59.0,0.0,1553924.0,190.0,131.0
25,1645,Validação,496.0,0.0,59.0,0.0,1553924.0,190.0,131.0
25,1650,Validação,491.0,0.0,59.0,0.0,1553924.0,190.0,131.0
25,1655,Validação,486.0,0.0,59.0,0.0,1553924.0,190.0,131.0
25,1660,Validação,481.0,0.0,59.0,0.0,1553924.0,190.0,131.0
25,1665,Validação,476.0,0.0,59.0,0.0,1553924.0,190.0,131.0
25,1670,Validação,471.0,0.0,59.0,0.0,1553924.0,190.0,131.0
25,1675,Validação,466.0,0.0,59.0,0.0,1553924.0,190.0,131.0
25,1680,Validação,461.0,0.0,59.0,0.0,1553924.0,190.0,131.0
25,1685,Validação,456.0,15.0,59.0,50.00000000000004,1553924.0,190.0,132.5
25,1690,Validação,451.0,15.0,59.0,3.973746776273379,1553924.0,190.0,134.0
25,1695,Validação,446.0,15.0,59.0,-0.0607548479888877,1553924.0,190.0,135.5
25,1700,Validação,441.0,15.0,59.0,-1.42536569148936,1553924.0,190.0,137.0
25,1705,Validação,436.0,15.0,59.0,-1.9686965028124228,1553924.0,190.0,138.5
25,1710,Validação,431.0,15.0,59.0,-2.078005660120022,1553924.0,190.0,140.0
25,1715,Validação,426.0,15.0,59.0,-1.8142903587038977,1553924.0,190.0,141.5
25,1720,Validação,421.0,15.0,59.0,-1.0213504728132403,1553924.0,190.0,143.0
25,1725,Validação,416.0,15.0,59.0,0.9888715908435656,1553924.0,190.0,144.5
25,1730,Validação,411.0,15.0,59.0,8.534487742830711,1553924.0,190.0,146.0
25,1735,Validação,406.0,0.0,44.0,0.0,1553924.0,190.0,146.0
25,1740,Validação,401.0,0.0,44.0,0.0,1553924.0,190.0,146.0
25,1745,Validação,396.0,0.0,44.0,0.0,1553924.0,190.0,146.0
25,1750,Validação,391.0,0.0,44.0,0.0,1553924.0,190.0,146.0
25,1755,Validação,386.0,0.0,44.0,0.0,1553924.0,190.0,146.0
25,1760,Validação,381.0,0.0,44.0,0.0,1553924.0,190.0,146.0
25,1765,Validação,376.0,0.0,44.0,0.0,1553924.0,190.0,146.0
25,1770,Validação,371.0,0.0,44.0,0.0,1553924.0,190.0,146.0
25,1775,Validação,366.0,0.0,44.0,0.0,1553924.0,190.0,146.0
25,1780,Validação,361.0,0.0,44.0,0.0,1553924.0,190.0,146.0
25,1785,Validação,356.0,0.0,46.0,50.000000000000114,1553924.0,190.0,146.0
25,1790,Validação,351.0,0.0,46.0,50.000000000000114,1553924.0,190.0,146.0
25,1795,Validação,346.0,9.0,46.0,12.622206528488077,1553924.0,190.0,146.9
25,1800,Validação,341.0,9.0,46.0,1.6761132646176975,1553924.0,190.0,147.8
25,1805,Validação,336.0,9.0,46.0,-0.763674025504641,1553924.0,190.0,148.7
25,1810,Validação,331.0,9.0,46.0,-1.6983925030942435,1553924.0,190.0,149.6
25,1815,Validação,326.0,9.0,46.0,-2.036929338051375,1553924.0,190.0,150.5
25,1820,Validação,321.0,9.0,46.0,-1.98942907734875,1553924.0,190.0,151.4
25,1825,Validação,316.0,9.0,46.0,-1.5300224985661437,1553924.0,190.0,152.3
25,1830,Validação,311.0,9.0,46.0,-0.3523887814313391,1553924.0,190.0,153.2
25,1835,Validação,306.0,9.0,44.0,2.684314695695208,1553924.0,190.0,154.1
25,1840,Validação,301.0,9.0,44.0,22.33072916666668,1553924.0,190.0,155.0
25,1845,Validação,296.0,0.0,35.0,0.0,1553924.0,190.0,155.0
25,1850,Validação,291.0,0.0,35.0,0.0,1553924.0,190.0,155.0
25,1855,Validação,286.0,0.0,35.0,0.0,1553924.0,190.0,155.0
25,1860,Validação,281.0,0.0,35.0,0.0,1553924.0,190.0,155.0
25,1865,Validação,276.0,0.0,35.0,0.0,1553924.0,190.0,155.0
25,1870,Validação,271.0,0.0,35.0,0.0,1553924.0,190.0,155.0
25,1875,Validação,266.0,0.0,35.0,0.0,1553924.0,190.0,155.0
25,1880,Validação,261.0,0.0,35.0,0.0,1553924.0,190.0,155.0
25,1885,Validação,256.0,0.0,35.0,0.0,1553924.0,190.0,155.0
25,1890,Validação,251.0,0.0,35.0,0.0,1553924.0,190.0,155.0
25,1895,Validação,246.0,0.0,35.0,0.0,1553924.0,190.0,155.0
25,1900,Validação,241.0,0.0,35.0,0.0,1553924.0,190.0,155.0
25,1905,Validação,236.0,0.0,35.0,0.0,1553924.0,190.0,155.0
25,1910,Validação,231.0,0.0,35.0,0.0,1553924.0,190.0,155.0
25,1915,Validação,226.0,9.0,35.0,13.124339821940552,1553924.0,190.0,155.9
25,1920,Validação,221.0,9.0,35.0,1.7259530141844015,1553924.0,190.0,156.8
25,1925,Validação,216.0,9.0,35.0,-0.7586145884018269,1553924.0,190.0,157.7
25,1930,Validação,211.0,9.0,35.0,-1.7081763445626468,1553924.0,190.0,158.6
25,1935,Validação,206.0,9.0,35.0,-2.0565662795080004,1553924.0,190.0,159.5
25,1940,Validação,201.0,9.0,35.0,-2.020369922630561,1553924.0,190.0,160.4
25,1945,Validação,196.0,9.0,35.0,-1.579626047711153,1553924.0,190.0,161.3
25,1950,Validação,191.0,9.0,35.0,-0.4429707913400524,1553924.0,190.0,162.2
25,1955,Validação,186.0,9.0,35.0,2.684314695695196,1553924.0,190.0,163.1
25,1960,Validação,181.0,9.0,35.0,22.33072916666668,1553924.0,190.0,164.0
25,1965,Validação,176.0,0.0,26.0,0.0,1553924.0,190.0,164.0
25,1970,Validação,171.0,0.0,26.0,0.0,1553924.0,190.0,164.0
25,1975,Validação,166.0,0.0,26.0,0.0,1553924.0,190.0,164.0
25,1980,Validação,161.0,0.0,26.0,0.0,1553924.0,190.0,164.0
25,1985,Validação,156.0,0.0,26.0,0.0,1553924.0,190.0,164.0
25,1990,Validação,151.0,0.0,26.0,0.0,1553924.0,190.0,164.0
25,1995,Validação,146.0,0.0,26.0,0.0,1553924.0,190.0,164.0
25,2000,Validação,141.0,0.0,26.0,0.0,1553924.0,190.0,164.0
25,2005,Validação,136.0,0.0,26.0,0.0,1553924.0,190.0,164.0
25,2010,Validação,131.0,0.0,26.0,0.0,1553924.0,190.0,164.0
25,2015,Validação,126.0,0.0,26.0,0.0,1553924.0,190.0,164.0
25,2020,Validação,121.0,0.0,26.0,0.0,1553924.0,190.0,164.0
25,2025,Validação,116.0,0.0,26.0,0.0,1553924.0,190.0,164.0
25,2030,Validação,111.0,0.0,26.0,0.0,1553924.0,190.0,164.0
25,2035,Validação,106.0,0.0,26.0,0.0,1553924.0,190.0,164.0
25,2040,Validação,101.0,0.0,26.0,0.0,1553924.0,190.0,164.0
25,2045,Validação,96.0,6.0,26.0,5.791962174940888,1553924.0,190.0,164.6
25,2050,Validação,91.0,6.0,26.0,0.4072473404255339,1553924.0,190.0,165.2
25,2055,Validação,86.0,6.0,26.0,-1.24113475177305,1553924.0,190.0,165.8
25,2060,Validação,81.0,6.0,26.0,-1.9004875886524817,1553924.0,190.0,166.4
25,2065,Validação,76.0,6.0,26.0,-2.085106382978723,1553924.0,190.0,167.0
25,2070,Validação,71.0,6.0,26.0,-1.900487588652481,1553924.0,190.0,167.6
25,2075,Validação,66.0,6.0,26.0,-1.2411347517730509,1553924.0,190.0,168.2
25,2080,Validação,61.0,6.0,26.0,0.4072473404255325,1553924.0,190.0,168.8
25,2085,Validação,56.0,6.0,26.0,5.791962174940883,1553924.0,190.0,169.4
25,2090,Validação,51.0,0.0,20.0,0.0,1553924.0,190.0,170.0
25,2095,Validação,46.0,0.0,20.0,0.0,1553924.0,190.0,170.0
25,2100,Validação,41.0,0.0,20.0,0.0,1553924.0,190.0,170.0
25,2105,Validação,36.0,0.0,20.0,0.0,1553924.0,190.0,170.0
25,2110,Validação,31.0,0.0,20.0,0.0,1553924.0,190.0,170.0
25,2115,Validação,26.0,0.0,20.0,0.0,1553924.0,190.0,170.0
25,2120,Validação,21.0,0.0,20.0,0.0,1553924.0,190.0,170.0
25,2125,Validação,16.0,0.0,20.0,0.0,1553924.0,190.0,170.0
25,2130,Validação,11.0,0.0,20.0,0.0,1553924.0,190.0,170.0
25,2135,Validação,6.0,0.0,20.0,0.0,1553924.0,190.0,170.0
25,2140,Validação,1.0,0.0,20.0,0.0,1553924.0,190.0,170.0
26,50,Treino,1230.0,15.0,183.0,49.99999999999983,1416465.0,183.0,21.0
26,55,Treino,1225.0,0.0,168.0,0.0,1416465.0,183.0,21.0
26,60,Treino,1220.0,0.0,168.0,0.0,1416465.0,183.0,21.0
26,65,Treino,1215.0,0.0,168.0,0.0,1416465.0,183.0,21.0
26,70,Treino,1210.0,0.0,168.0,0.0,1416465.0,183.0,21.0
26,75,Treino,1205.0,0.0,168.0,0.0,1416465.0,183.0,21.0
26,80,Treino,1200.0,0.0,168.0,0.0,1416465.0,183.0,21.0
26,85,Treino,1195.0,0.0,168.0,0.0,1416465.0,183.0,21.0
26,90,Treino,1190.0,0.0,168.0,0.0,1416465.0,183.0,21.0
26,95,Treino,1185.0,0.0,168.0,0.0,1416465.0,183.0,21.0
26,100,Treino,1180.0,0.0,168.0,0.0,1416465.0,183.0,21.0
26,105,Treino,1175.0,0.0,168.0,0.0,1416465.0,183.0,21.0
26,110,Treino,1170.0,0.0,168.0,0.0,1416465.0,183.0,21.0
26,115,Treino,1165.0,0.0,168.0,0.0,1416465.0,183.0,21.0
26,120,Treino,1160.0,0.0,168.0,0.0,1416465.0,183.0,21.0
26,125,Treino,1155.0,0.0,168.0,0.0,1416465.0,183.0,21.0
26,130,Treino,1150.0,0.0,168.0,0.0,1416465.0,183.0,21.0
26,135,Treino,1145.0,0.0,168.0,0.0,1416465.0,183.0,21.0
26,140,Treino,1140.0,0.0,168.0,0.0,1416465.0,183.0,21.0
26,145,Treino,1135.0,0.0,168.0,0.0,1416465.0,183.0,21.0
26,150,Treino,1130.0,0.0,168.0,0.0,1416465.0,183.0,21.0
26,155,Treino,1125.0,0.0,168.0,0.0,1416465.0,183.0,21.0
26,160,Treino,1120.0,8.0,168.0,22.33072916666676,1416465.0,183.0,21.8
26,165,Treino,1115.0,8.0,168.0,2.684314695695184,1416465.0,183.0,22.6
26,170,Treino,1110.0,8.0,168.0,-0.4429707913400325,1416465.0,183.0,23.4
26,175,Treino,1105.0,8.0,168.0,-1.5796260477111537,1416465.0,183.0,24.2
26,180,Treino,1100.0,8.0,168.0,-2.0203699226305645,1416465.0,183.0,25.0
26,185,Treino,1095.0,8.0,168.0,-2.056566279508001,1416465.0,183.0,25.8
26,190,Treino,1090.0,8.0,168.0,-1.7081763445626443,1416465.0,183.0,26.6
26,195,Treino,1085.0,8.0,168.0,-0.7586145884018398,1416465.0,183.0,27.4
26,200,Treino,1080.0,8.0,168.0,1.7259530141843928,1416465.0,183.0,28.2
26,205,Treino,1075.0,8.0,168.0,13.12433982194063,1416465.0,183.0,29.0
26,210,Treino,1070.0,0.0,160.0,0.0,1416465.0,183.0,29.0
26,215,Treino,1065.0,0.0,160.0,0.0,1416465.0,183.0,29.0
26,220,Treino,1060.0,0.0,160.0,0.0,1416465.0,183.0,29.0
26,225,Treino,1055.0,0.0,160.0,0.0,1416465.0,183.0,29.0
26,230,Treino,1050.0,13.0,160.0,5.791962174940863,1416465.0,183.0,30.3
26,235,Treino,1045.0,13.0,160.0,0.4072473404255392,1416465.0,183.0,31.6
26,240,Treino,1040.0,13.0,160.0,-1.241134751773053,1416465.0,183.0,32.9
26,245,Treino,1035.0,13.0,160.0,-1.900487588652479,1416465.0,183.0,34.2
26,250,Treino,1030.0,13.0,160.0,-2.085106382978723,1416465.0,183.0,35.5
26,255,Treino,1025.0,13.0,160.0,-1.9004875886524788,1416465.0,183.0,36.8
26,260,Treino,1020.0,13.0,160.0,-1.2411347517730524,1416465.0,183.0,38.1
26,265,Treino,1015.0,13.0,160.0,0.4072473404255397,1416465.0,183.0,39.4
26,270,Treino,1010.0,13.0,160.0,5.791962174940867,1416465.0,183.0,40.7
26,275,Treino,1005.0,0.0,147.0,0.0,1416465.0,183.0,42.0
26,280,Treino,1000.0,0.0,147.0,0.0,1416465.0,183.0,42.0
26,285,Treino,995.0,0.0,147.0,0.0,1416465.0,183.0,42.0
26,290,Treino,990.0,0.0,147.0,0.0,1416465.0,183.0,42.0
26,295,Treino,985.0,0.0,147.0,0.0,1416465.0,183.0,42.0
26,300,Treino,980.0,14.0,147.0,22.330729166666643,1416465.0,183.0,43.4
26,305,Treino,975.0,14.0,147.0,2.684314695695184,1416465.0,183.0,44.8
26,310,Treino,970.0,14.0,147.0,-0.4429707913400635,1416465.0,183.0,46.2
26,315,Treino,965.0,14.0,147.0,-1.5796260477111497,1416465.0,183.0,47.6
26,320,Treino,960.0,14.0,147.0,-2.0203699226305605,1416465.0,183.0,49.0
26,325,Treino,955.0,14.0,147.0,-2.056566279508,1416465.0,183.0,50.4
26,330,Treino,950.0,14.0,147.0,-1.7081763445626448,1416465.0,183.0,51.8
26,335,Treino,945.0,14.0,147.0,-0.7586145884018114,1416465.0,183.0,53.2
26,340,Treino,940.0,14.0,147.0,1.7259530141843804,1416465.0,183.0,54.6
26,345,Treino,935.0,14.0,147.0,13.12433982194053,1416465.0,183.0,56.0
26,350,Treino,930.0,0.0,133.0,0.0,1416465.0,183.0,56.0
26,355,Treino,925.0,0.0,133.0,0.0,1416465.0,183.0,56.0
26,360,Treino,920.0,0.0,133.0,0.0,1416465.0,183.0,56.0
26,365,Treino,915.0,0.0,133.0,0.0,1416465.0,183.0,56.0
26,370,Treino,910.0,7.0,133.0,22.330729166666643,1416465.0,183.0,56.7
26,375,Treino,905.0,7.0,133.0,2.684314695695238,1416465.0,183.0,57.4
26,380,Treino,900.0,7.0,133.0,-0.4429707913400635,1416465.0,183.0,58.1
26,385,Treino,895.0,7.0,133.0,-1.5796260477111497,1416465.0,183.0,58.8
26,390,Treino,890.0,7.0,133.0,-2.0203699226305645,1416465.0,183.0,59.5
26,395,Treino,885.0,7.0,133.0,-2.056566279508,1416465.0,183.0,60.2
26,400,Treino,880.0,7.0,133.0,-1.7081763445626548,1416465.0,183.0,60.9
26,405,Treino,875.0,7.0,133.0,-0.7586145884018114,1416465.0,183.0,61.6
26,410,Treino,870.0,7.0,133.0,1.7259530141843804,1416465.0,183.0,62.3
26,415,Treino,865.0,7.0,133.0,13.12433982194053,1416465.0,183.0,63.0
26,420,Treino,860.0,0.0,126.0,0.0,1416465.0,183.0,63.0
26,425,Treino,855.0,0.0,126.0,0.0,1416465.0,183.0,63.0
26,430,Treino,850.0,0.0,126.0,0.0,1416465.0,183.0,63.0
26,435,Treino,845.0,0.0,126.0,0.0,1416465.0,183.0,63.0
26,440,Treino,840.0,0.0,126.0,0.0,1416465.0,183.0,63.0
26,445,Treino,835.0,8.0,126.0,13.12433982194051,1416465.0,183.0,63.8
26,450,Treino,830.0,8.0,126.0,1.7259530141843946,1416465.0,183.0,64.6
26,455,Treino,825.0,8.0,126.0,-0.7586145884018207,1416465.0,183.0,65.4
26,460,Treino,820.0,8.0,126.0,-1.7081763445626448,1416465.0,183.0,66.2
26,465,Treino,815.0,8.0,126.0,-2.056566279508001,1416465.0,183.0,67.0
26,470,Treino,810.0,8.0,126.0,-2.02036992263056,1416465.0,183.0,67.8
26,475,Treino,805.0,8.0,126.0,-1.5796260477111534,1416465.0,183.0,68.6
26,480,Treino,800.0,8.0,126.0,-0.4429707913400551,1416465.0,183.0,69.4
26,485,Treino,795.0,8.0,126.0,2.68431469569518,1416465.0,183.0,70.2
26,490,Treino,790.0,8.0,126.0,22.33072916666676,1416465.0,183.0,71.0
26,495,Treino,785.0,0.0,118.0,0.0,1416465.0,183.0,71.0
26,500,Treino,780.0,0.0,118.0,0.0,1416465.0,183.0,71.0
26,505,Treino,775.0,0.0,118.0,0.0,1416465.0,183.0,71.0
26,510,Treino,770.0,0.0,118.0,0.0,1416465.0,183.0,71.0
26,515,Treino,765.0,0.0,118.0,0.0,1416465.0,183.0,71.0
26,520,Treino,760.0,0.0,118.0,0.0,1416465.0,183.0,71.0
26,525,Treino,755.0,0.0,118.0,0.0,1416465.0,183.0,71.0
26,530,Treino,750.0,0.0,118.0,0.0,1416465.0,183.0,71.0
26,535,Treino,745.0,0.0,118.0,0.0,1416465.0,183.0,71.0
26,540,Treino,740.0,0.0,118.0,0.0,1416465.0,183.0,71.0
26,545,Treino,735.0,0.0,118.0,0.0,1416465.0,183.0,71.0
26,550,Treino,730.0,0.0,118.0,0.0,1416465.0,183.0,71.0
26,555,Treino,725.0,7.0,118.0,8.534487742830697,1416465.0,183.0,71.7
26,560,Treino,720.0,7.0,118.0,0.9888715908435516,1416465.0,183.0,72.4
26,565,Treino,715.0,7.0,118.0,-1.0213504728132308,1416465.0,183.0,73.1
26,570,Treino,710.0,7.0,118.0,-1.8142903587038943,1416465.0,183.0,73.8
26,575,Treino,705.0,7.0,118.0,-2.078005660120022,1416465.0,183.0,74.5
26,580,Treino,700.0,7.0,118.0,-1.968696502812424,1416465.0,183.0,75.2
26,585,Treino,695.0,7.0,118.0,-1.425365691489356,1416465.0,183.0,75.9
26,590,Treino,690.0,7.0,118.0,-0.0607548479889028,1416465.0,183.0,76.6
26,595,Treino,685.0,7.0,118.0,3.973746776273361,1416465.0,183.0,77.3
26,600,Treino,680.0,7.0,118.0,50.00000000000003,1416465.0,183.0,78.0
26,605,Treino,675.0,0.0,111.0,0.0,1416465.0,183.0,78.0
26,610,Treino,670.0,0.0,111.0,0.0,1416465.0,183.0,78.0
26,615,Treino,665.0,0.0,111.0,0.0,1416465.0,183.0,78.0
26,620,Treino,660.0,0.0,111.0,0.0,1416465.0,183.0,78.0
26,625,Treino,655.0,10.0,111.0,5.864227444090734,1416465.0,183.0,79.0
26,630,Treino,650.0,10.0,111.0,0.468478071911746,1416465.0,183.0,80.0
26,635,Treino,645.0,10.0,111.0,-1.2036541540567416,1416465.0,183.0,81.0
26,640,Treino,640.0,9.0,111.0,-1.869668921976508,1416465.0,183.0,81.9
26,645,Treino,635.0,9.0,111.0,-2.0620283193662208,1416465.0,183.0,82.8
26,650,Treino,630.0,9.0,111.0,-1.887851413750533,1416465.0,183.0,83.7
26,655,Treino,625.0,9.0,111.0,-1.2498016477586498,1416465.0,183.0,84.6
26,660,Treino,620.0,9.0,111.0,0.3369285475727395,1416465.0,183.0,85.5
26,665,Treino,615.0,9.0,111.0,5.353271910962647,1416465.0,183.0,86.4
26,670,Treino,610.0,-1.0,102.0,-1.8142903587038768,1416465.0,183.0,87.3
26,675,Treino,605.0,1.0,102.0,-1.4253656914893118,1416465.0,183.0,87.3
26,680,Treino,600.0,0.0,102.0,-1.579626047711176,1416465.0,183.0,87.3
26,685,Treino,595.0,1.0,102.0,-1.0213504728132503,1416465.0,183.0,87.3
26,690,Treino,590.0,0.0,102.0,-1.0213504728132503,1416465.0,183.0,87.3
26,695,Treino,585.0,0.0,102.0,-1.0213504728132503,1416465.0,183.0,87.3
26,700,Treino,580.0,1.0,102.0,-1.0213504728132503,1416465.0,183.0,87.4
26,705,Treino,575.0,1.0,102.0,-1.579626047711176,1416465.0,183.0,87.5
26,710,Treino,570.0,0.0,102.0,-1.7081763445626443,1416465.0,183.0,87.5
26,715,Treino,565.0,0.0,102.0,-1.8142903587038768,1416465.0,183.0,87.6
26,720,Treino,560.0,12.0,102.0,8.043970550333821,1416465.0,183.0,88.8
26,725,Treino,555.0,11.0,102.0,0.91983320279635,1416465.0,183.0,89.9
26,730,Treino,550.0,12.0,102.0,-1.0330263758059912,1416465.0,183.0,91.0
26,735,Treino,545.0,11.0,102.0,-1.80851751315954,1416465.0,183.0,92.1
26,740,Treino,540.0,11.0,102.0,-2.0637088838093263,1416465.0,183.0,93.3
26,745,Treino,535.0,12.0,102.0,-1.9479992990588824,1416465.0,183.0,94.5
26,750,Treino,530.0,11.0,102.0,-1.396080445796139,1416465.0,183.0,95.6
26,755,Treino,525.0,11.0,102.0,-0.0200617501115352,1416465.0,183.0,96.7
26,760,Treino,520.0,11.0,102.0,4.043277598013456,1416465.0,183.0,97.9
26,765,Treino,515.0,18.0,101.0,19.481550932492382,1416465.0,183.0,99.7
26,770,Treino,510.0,7.0,90.0,2.684314695695184,1416465.0,183.0,100.4
26,775,Treino,505.0,7.0,90.0,-0.4429707913400635,1416465.0,183.0,101.1
26,780,Treino,500.0,7.0,90.0,-1.5796260477111497,1416465.0,183.0,101.8
26,785,Treino,495.0,7.0,90.0,-2.0203699226305605,1416465.0,183.0,102.5
26,790,Treino,490.0,7.0,90.0,-2.056566279508,1416465.0,183.0,103.2
26,795,Treino,485.0,7.0,90.0,-1.7081763445626448,1416465.0,183.0,103.9
26,800,Treino,480.0,7.0,90.0,-0.7586145884018114,1416465.0,183.0,104.6
26,805,Treino,475.0,6.0,90.0,1.6729804238040868,1416465.0,183.0,105.2
26,810,Treino,470.0,7.0,90.0,12.678191597798545,1416465.0,183.0,105.9
26,815,Treino,465.0,0.0,84.0,13.124339821940389,1416465.0,183.0,105.9
26,820,Treino,460.0,0.0,84.0,5.7919621749411245,1416465.0,183.0,105.9
26,825,Treino,455.0,0.0,84.0,5.791962174941121,1416465.0,183.0,105.9
26,830,Treino,450.0,0.0,84.0,5.791962174941121,1416465.0,183.0,105.9
26,835,Treino,445.0,0.0,84.0,5.791962174941119,1416465.0,183.0,105.9
26,840,Treino,440.0,0.0,84.0,5.791962174941119,1416465.0,183.0,105.9
26,845,Treino,435.0,0.0,84.0,5.791962174941121,1416465.0,183.0,105.9
26,850,Treino,430.0,0.0,84.0,1.7259530141844737,1416465.0,183.0,105.8
26,855,Treino,425.0,14.0,84.0,5.694817891303305,1416465.0,183.0,107.3
26,860,Treino,420.0,15.0,84.0,0.3906226870715756,1416465.0,183.0,108.7
26,865,Treino,415.0,14.0,84.0,-1.2426032488368577,1416465.0,183.0,110.1
26,870,Treino,410.0,14.0,84.0,-1.897912314529589,1416465.0,183.0,111.5
26,875,Treino,405.0,14.0,84.0,-2.07990364357931,1416465.0,183.0,112.9
26,880,Treino,400.0,14.0,84.0,-1.8920726418104568,1416465.0,183.0,114.3
26,885,Treino,395.0,14.0,84.0,-1.2272912836744558,1416465.0,183.0,115.7
26,890,Treino,390.0,14.0,84.0,0.4328712857383481,1416465.0,183.0,117.1
26,895,Treino,385.0,15.0,84.0,5.843431350204133,1416465.0,183.0,118.5
26,900,Treino,380.0,0.0,69.0,0.0,1416465.0,183.0,120.0
26,905,Treino,375.0,0.0,69.0,0.0,1416465.0,183.0,120.0
26,910,Treino,370.0,0.0,69.0,0.0,1416465.0,183.0,120.0
26,915,Treino,365.0,0.0,69.0,0.0,1416465.0,183.0,120.0
26,920,Treino,360.0,0.0,69.0,0.0,1416465.0,183.0,120.0
26,925,Treino,355.0,0.0,69.0,0.0,1416465.0,183.0,120.0
26,930,Treino,350.0,12.0,69.0,5.791962174940888,1416465.0,183.0,121.2
26,935,Treino,345.0,12.0,69.0,0.4072473404255241,1416465.0,183.0,122.4
26,940,Treino,340.0,12.0,69.0,-1.2411347517730456,1416465.0,183.0,123.6
26,945,Treino,335.0,12.0,69.0,-1.9004875886524817,1416465.0,183.0,124.8
26,950,Treino,330.0,12.0,69.0,-2.085106382978723,1416465.0,183.0,126.0
26,955,Treino,325.0,12.0,69.0,-1.900487588652481,1416465.0,183.0,127.2
26,960,Treino,320.0,12.0,69.0,-1.2411347517730509,1416465.0,183.0,128.4
26,965,Treino,315.0,12.0,69.0,0.4072473404255325,1416465.0,183.0,129.6
26,970,Treino,310.0,12.0,69.0,5.791962174940883,1416465.0,183.0,130.8
26,975,Treino,305.0,0.0,57.0,0.0,1416465.0,183.0,132.0
26,980,Treino,300.0,0.0,57.0,0.0,1416465.0,183.0,132.0
26,985,Treino,295.0,0.0,57.0,0.0,1416465.0,183.0,132.0
26,990,Treino,290.0,0.0,57.0,0.0,1416465.0,183.0,132.0
26,995,Treino,285.0,15.0,57.0,5.791962174940899,1416465.0,183.0,133.5
26,1000,Treino,280.0,15.0,57.0,0.4072473404255321,1416465.0,183.0,135.0
26,1005,Treino,275.0,15.0,57.0,-1.2411347517730495,1416465.0,183.0,136.5
26,1010,Treino,270.0,15.0,57.0,-1.900487588652482,1416465.0,183.0,138.0
26,1015,Treino,265.0,15.0,57.0,-2.085106382978723,1416465.0,183.0,139.5
26,1020,Treino,260.0,15.0,57.0,-1.900487588652482,1416465.0,183.0,141.0
26,1025,Treino,255.0,15.0,57.0,-1.2411347517730495,1416465.0,183.0,142.5
26,1030,Treino,250.0,15.0,57.0,0.4072473404255321,1416465.0,183.0,144.0
26,1035,Treino,245.0,15.0,57.0,5.791962174940899,1416465.0,183.0,145.5
26,1040,Treino,240.0,0.0,42.0,0.0,1416465.0,183.0,147.0
26,1045,Treino,235.0,0.0,42.0,0.0,1416465.0,183.0,147.0
26,1050,Treino,230.0,0.0,42.0,0.0,1416465.0,183.0,147.0
26,1055,Treino,225.0,0.0,42.0,0.0,1416465.0,183.0,147.0
26,1060,Treino,220.0,0.0,42.0,0.0,1416465.0,183.0,147.0
26,1065,Treino,215.0,0.0,42.0,0.0,1416465.0,183.0,147.0
26,1070,Treino,210.0,0.0,42.0,0.0,1416465.0,183.0,147.0
26,1075,Treino,205.0,3.0,42.0,49.99999999999984,1416465.0,183.0,147.3
26,1080,Treino,200.0,3.0,42.0,3.97374677627338,1416465.0,183.0,147.6
26,1085,Treino,195.0,3.0,42.0,-0.0607548479888739,1416465.0,183.0,147.9
26,1090,Treino,190.0,3.0,42.0,-1.425365691489363,1416465.0,183.0,148.2
26,1095,Treino,185.0,3.0,42.0,-1.9686965028124213,1416465.0,183.0,148.5
26,1100,Treino,180.0,3.0,42.0,-2.0780056601200214,1416465.0,183.0,148.8
26,1105,Treino,175.0,3.0,42.0,-1.814290358703898,1416465.0,183.0,149.1
26,1110,Treino,170.0,3.0,42.0,-1.02135047281325,1416465.0,183.0,149.4
26,1115,Treino,165.0,3.0,42.0,0.9888715908435728,1416465.0,183.0,149.7
26,1120,Treino,160.0,3.0,42.0,8.53448774283068,1416465.0,183.0,150.0
26,1125,Treino,155.0,0.0,39.0,0.0,1416465.0,183.0,150.0
26,1130,Treino,150.0,0.0,39.0,0.0,1416465.0,183.0,150.0
26,1135,Treino,145.0,0.0,39.0,0.0,1416465.0,183.0,150.0
26,1140,Treino,140.0,0.0,39.0,0.0,1416465.0,183.0,150.0
26,1145,Treino,135.0,6.0,39.0,22.33072916666663,1416465.0,183.0,150.6
26,1150,Treino,130.0,6.0,39.0,2.6843146956951847,1416465.0,183.0,151.2
26,1155,Treino,125.0,6.0,39.0,-0.4429707913400476,1416465.0,183.0,151.8
26,1160,Treino,120.0,6.0,39.0,-1.579626047711153,1416465.0,183.0,152.4
26,1165,Treino,115.0,6.0,39.0,-2.020369922630561,1416465.0,183.0,153.0
26,1170,Treino,110.0,6.0,39.0,-2.056566279508,1416465.0,183.0,153.6
26,1175,Treino,105.0,6.0,39.0,-1.7036612651416283,1416465.0,183.0,154.2
26,1180,Treino,100.0,6.0,39.0,-0.76264124366288,1416465.0,183.0,154.8
26,1185,Treino,95.0,6.0,39.0,1.6677579249970425,1416465.0,183.0,155.4
26,1190,Treino,90.0,6.0,39.0,12.562803535488952,1416465.0,183.0,156.0
26,1195,Treino,85.0,0.0,33.0,22.330729166666764,1416465.0,183.0,156.0
26,1200,Treino,80.0,12.0,33.0,5.740102733374586,1416465.0,183.0,157.2
26,1205,Treino,75.0,12.0,33.0,0.3974340617151921,1416465.0,183.0,158.4
26,1210,Treino,70.0,12.0,33.0,-1.2430134870208716,1416465.0,183.0,159.6
26,1215,Treino,65.0,11.0,33.0,-1.8953531457847623,1416465.0,183.0,160.7
26,1220,Treino,60.0,12.0,33.0,-2.0790822524074724,1416465.0,183.0,161.9
26,1225,Treino,55.0,12.0,33.0,-1.8960972375185263,1416465.0,183.0,163.1
26,1230,Treino,50.0,12.0,33.0,-1.2355229733757451,1416465.0,183.0,164.3
26,1235,Treino,45.0,12.0,33.0,0.4022107270331903,1416465.0,183.0,165.5
26,1240,Treino,40.0,12.0,33.0,5.765451714199646,1416465.0,183.0,166.7
26,1245,Treino,35.0,0.0,22.0,50.00000000000013,1416465.0,183.0,167.9
26,1250,Treino,30.0,0.0,22.0,22.33072916666676,1416465.0,183.0,167.9
26,1255,Treino,25.0,0.0,22.0,22.33072916666676,1416465.0,183.0,167.9
26,1260,Treino,20.0,0.0,22.0,22.330729166666764,1416465.0,183.0,167.9
26,1265,Treino,15.0,0.0,22.0,50.000000000000114,1416465.0,183.0,168.0
26,1270,Treino,10.0,0.0,22.0,50.000000000000114,1416465.0,183.0,168.0
26,1275,Treino,5.0,0.0,22.0,50.00000000000013,1416465.0,183.0,168.0
26,1280,Treino,0.0,0.0,22.0,22.330729166666764,1416465.0,183.0,168.0
27,50,Validação,864.0,18.0,189.0,49.99999999999986,1468530.0,189.0,18.0
27,55,Validação,859.0,0.0,171.0,0.0,1468530.0,189.0,18.0
27,60,Validação,854.0,0.0,171.0,0.0,1468530.0,189.0,18.0
27,65,Validação,849.0,0.0,171.0,0.0,1468530.0,189.0,18.0
27,70,Validação,844.0,0.0,171.0,0.0,1468530.0,189.0,18.0
27,75,Validação,839.0,0.0,171.0,0.0,1468530.0,189.0,18.0
27,80,Validação,834.0,0.0,171.0,0.0,1468530.0,189.0,18.0
27,85,Validação,829.0,0.0,171.0,0.0,1468530.0,189.0,18.0
27,90,Validação,824.0,0.0,171.0,0.0,1468530.0,189.0,18.0
27,95,Validação,819.0,0.0,171.0,0.0,1468530.0,189.0,18.0
27,100,Validação,814.0,0.0,171.0,0.0,1468530.0,189.0,18.0
27,105,Validação,809.0,0.0,171.0,0.0,1468530.0,189.0,18.0
27,110,Validação,804.0,0.0,171.0,0.0,1468530.0,189.0,18.0
27,115,Validação,799.0,0.0,171.0,0.0,1468530.0,189.0,18.0
27,120,Validação,794.0,0.0,171.0,0.0,1468530.0,189.0,18.0
27,125,Validação,789.0,0.0,171.0,0.0,1468530.0,189.0,18.0
27,130,Validação,784.0,0.0,171.0,0.0,1468530.0,189.0,18.0
27,135,Validação,779.0,11.0,171.0,5.791962174940922,1468530.0,189.0,19.1
27,140,Validação,774.0,11.0,171.0,0.4072473404255499,1468530.0,189.0,20.2
27,145,Validação,769.0,11.0,171.0,-1.2411347517730569,1468530.0,189.0,21.3
27,150,Validação,764.0,11.0,171.0,-1.900487588652484,1468530.0,189.0,22.4
27,155,Validação,759.0,11.0,171.0,-2.085106382978723,1468530.0,189.0,23.5
27,160,Validação,754.0,11.0,171.0,-1.900487588652484,1468530.0,189.0,24.6
27,165,Validação,749.0,11.0,171.0,-1.2411347517730584,1468530.0,189.0,25.7
27,170,Validação,744.0,11.0,171.0,0.4072473404255508,1468530.0,189.0,26.8
27,175,Validação,739.0,11.0,171.0,5.79196217494091,1468530.0,189.0,27.9
27,180,Validação,734.0,0.0,160.0,0.0,1468530.0,189.0,29.0
27,185,Validação,729.0,0.0,160.0,0.0,1468530.0,189.0,29.0
27,190,Validação,724.0,0.0,160.0,0.0,1468530.0,189.0,29.0
27,195,Validação,719.0,0.0,160.0,0.0,1468530.0,189.0,29.0
27,200,Validação,714.0,13.0,160.0,13.124339821940543,1468530.0,189.0,30.3
27,205,Validação,709.0,13.0,160.0,1.725953014184375,1468530.0,189.0,31.6
27,210,Validação,704.0,13.0,160.0,-0.7586145884018181,1468530.0,189.0,32.9
27,215,Validação,699.0,13.0,160.0,-1.7081763445626503,1468530.0,189.0,34.2
27,220,Validação,694.0,13.0,160.0,-2.056566279507999,1468530.0,189.0,35.5
27,225,Validação,689.0,13.0,160.0,-2.020369922630561,1468530.0,189.0,36.8
27,230,Validação,684.0,13.0,160.0,-1.5796260477111488,1468530.0,189.0,38.1
27,235,Validação,679.0,13.0,160.0,-0.442970791340056,1468530.0,189.0,39.4
27,240,Validação,674.0,13.0,160.0,2.6843146956952166,1468530.0,189.0,40.7
27,245,Validação,669.0,13.0,160.0,22.33072916666657,1468530.0,189.0,42.0
27,250,Validação,664.0,0.0,147.0,0.0,1468530.0,189.0,42.0
27,255,Validação,659.0,14.0,147.0,8.534487742830697,1468530.0,189.0,43.4
27,260,Validação,654.0,14.0,147.0,0.9888715908435516,1468530.0,189.0,44.8
27,265,Validação,649.0,14.0,147.0,-1.0213504728132308,1468530.0,189.0,46.2
27,270,Validação,644.0,14.0,147.0,-1.8142903587038943,1468530.0,189.0,47.6
27,275,Validação,639.0,14.0,147.0,-2.078005660120022,1468530.0,189.0,49.0
27,280,Validação,634.0,14.0,147.0,-1.968696502812424,1468530.0,189.0,50.4
27,285,Validação,629.0,14.0,147.0,-1.425365691489356,1468530.0,189.0,51.8
27,290,Validação,624.0,14.0,147.0,-0.0607548479889028,1468530.0,189.0,53.2
27,295,Validação,619.0,14.0,147.0,3.973746776273361,1468530.0,189.0,54.6
27,300,Validação,614.0,14.0,147.0,50.00000000000003,1468530.0,189.0,56.0
27,305,Validação,609.0,16.0,133.0,22.33072916666676,1468530.0,189.0,57.6
27,310,Validação,604.0,16.0,133.0,2.684314695695184,1468530.0,189.0,59.2
27,315,Validação,599.0,16.0,133.0,-0.4429707913400551,1468530.0,189.0,60.8
27,320,Validação,594.0,16.0,133.0,-1.5796260477111537,1468530.0,189.0,62.4
27,325,Validação,589.0,16.0,133.0,-2.020369922630562,1468530.0,189.0,64.0
27,330,Validação,584.0,16.0,133.0,-2.0565662795080004,1468530.0,189.0,65.6
27,335,Validação,579.0,16.0,133.0,-1.7081763445626486,1468530.0,189.0,67.2
27,340,Validação,574.0,16.0,133.0,-0.7586145884018212,1468530.0,189.0,68.8
27,345,Validação,569.0,16.0,133.0,1.7259530141843928,1468530.0,189.0,70.4
27,350,Validação,564.0,16.0,133.0,13.12433982194057,1468530.0,189.0,72.0
27,355,Validação,559.0,0.0,117.0,0.0,1468530.0,189.0,72.0
27,360,Validação,554.0,0.0,117.0,0.0,1468530.0,189.0,72.0
27,365,Validação,549.0,0.0,117.0,0.0,1468530.0,189.0,72.0
27,370,Validação,544.0,0.0,117.0,0.0,1468530.0,189.0,72.0
27,375,Validação,539.0,0.0,117.0,0.0,1468530.0,189.0,72.0
27,380,Validação,534.0,16.0,117.0,13.124339821940572,1468530.0,189.0,73.6
27,385,Validação,529.0,16.0,117.0,1.7259530141843946,1468530.0,189.0,75.2
27,390,Validação,524.0,16.0,117.0,-0.7586145884018207,1468530.0,189.0,76.8
27,395,Validação,519.0,16.0,117.0,-1.708176344562649,1468530.0,189.0,78.4
27,400,Validação,514.0,16.0,117.0,-2.0565662795080004,1468530.0,189.0,80.0
27,405,Validação,509.0,16.0,117.0,-2.020369922630562,1468530.0,189.0,81.6
27,410,Validação,504.0,16.0,117.0,-1.5796260477111534,1468530.0,189.0,83.2
27,415,Validação,499.0,16.0,117.0,-0.4429707913400551,1468530.0,189.0,84.8
27,420,Validação,494.0,15.0,117.0,2.677363368500937,1468530.0,189.0,86.3
27,425,Validação,489.0,16.0,117.0,22.22928778613477,1468530.0,189.0,87.9
27,430,Validação,484.0,0.0,102.0,50.00000000000087,1468530.0,189.0,87.9
27,435,Validação,479.0,0.0,102.0,50.00000000000087,1468530.0,189.0,87.9
27,440,Validação,474.0,0.0,102.0,22.330729166666007,1468530.0,189.0,87.9
27,445,Validação,469.0,8.0,102.0,12.799678739362877,1468530.0,189.0,88.7
27,450,Validação,464.0,8.0,102.0,1.6917213355849716,1468530.0,189.0,89.5
27,455,Validação,459.0,8.0,102.0,-0.7640460460580911,1468530.0,189.0,90.3
27,460,Validação,454.0,8.0,102.0,-1.704245361394167,1468530.0,189.0,91.1
27,465,Validação,449.0,8.0,102.0,-2.046761322898149,1468530.0,189.0,91.9
27,470,Validação,444.0,9.0,102.0,-2.0071588711680075,1468530.0,189.0,92.9
27,475,Validação,439.0,8.0,102.0,-1.564030654305774,1468530.0,189.0,93.7
27,480,Validação,434.0,8.0,102.0,-0.4250289963712124,1468530.0,189.0,94.5
27,485,Validação,429.0,8.0,102.0,2.7043788997990683,1468530.0,189.0,95.3
27,490,Validação,424.0,8.0,101.0,21.242792482406657,1468530.0,189.0,96.1
27,495,Validação,419.0,0.0,93.0,8.534487742830796,1468530.0,189.0,96.1
27,500,Validação,414.0,0.0,93.0,5.791962174941123,1468530.0,189.0,96.1
27,505,Validação,409.0,0.0,93.0,3.973746776273229,1468530.0,189.0,96.1
27,510,Validação,404.0,15.0,93.0,5.701495615948405,1468530.0,189.0,97.6
27,515,Validação,399.0,15.0,93.0,0.3906037064917211,1468530.0,189.0,99.1
27,520,Validação,394.0,15.0,93.0,-1.2436177422450403,1468530.0,189.0,100.5
27,525,Validação,389.0,15.0,93.0,-1.8980893973633568,1468530.0,189.0,102.0
27,530,Validação,384.0,15.0,93.0,-2.080192856215792,1468530.0,189.0,103.5
27,535,Validação,379.0,14.0,93.0,-1.8920529851319456,1468530.0,189.0,105.0
27,540,Validação,374.0,15.0,93.0,-1.229663003261389,1468530.0,189.0,106.5
27,545,Validação,369.0,15.0,93.0,0.4241084059096631,1468530.0,189.0,108.0
27,550,Validação,364.0,15.0,93.0,5.824433235701802,1468530.0,189.0,109.5
27,555,Validação,359.0,0.0,78.0,0.0,1468530.0,189.0,111.0
27,560,Validação,354.0,0.0,78.0,0.0,1468530.0,189.0,111.0
27,565,Validação,349.0,0.0,78.0,0.0,1468530.0,189.0,111.0
27,570,Validação,344.0,11.0,78.0,22.33072916666669,1468530.0,189.0,112.1
27,575,Validação,339.0,12.0,78.0,2.7324492044914246,1468530.0,189.0,113.3
27,580,Validação,334.0,12.0,78.0,-0.4240592833954779,1468530.0,189.0,114.5
27,585,Validação,329.0,12.0,78.0,-1.5697795361623716,1468530.0,189.0,115.7
27,590,Validação,324.0,12.0,78.0,-2.0147160477697463,1468530.0,189.0,116.9
27,595,Validação,319.0,12.0,78.0,-2.053609092185522,1468530.0,189.0,118.1
27,600,Validação,314.0,12.0,78.0,-1.7078482740773548,1468530.0,189.0,119.3
27,605,Validação,309.0,12.0,78.0,-0.7626680685872764,1468530.0,189.0,120.5
27,610,Validação,304.0,12.0,78.0,1.7083035750475792,1468530.0,189.0,121.7
27,615,Validação,299.0,12.0,78.0,12.971317021125234,1468530.0,189.0,122.9
27,620,Validação,294.0,0.0,66.0,0.0,1468530.0,189.0,123.0
27,625,Validação,289.0,0.0,66.0,0.0,1468530.0,189.0,123.0
27,630,Validação,284.0,0.0,66.0,0.0,1468530.0,189.0,123.0
27,635,Validação,279.0,15.0,66.0,22.330729166666707,1468530.0,189.0,124.5
27,640,Validação,274.0,15.0,66.0,2.6843146956952,1468530.0,189.0,126.0
27,645,Validação,269.0,15.0,66.0,-0.4429707913400542,1468530.0,189.0,127.5
27,650,Validação,264.0,15.0,66.0,-1.5796260477111546,1468530.0,189.0,129.0
27,655,Validação,259.0,15.0,66.0,-2.020369922630561,1468530.0,189.0,130.5
27,660,Validação,254.0,15.0,66.0,-2.056566279508,1468530.0,189.0,132.0
27,665,Validação,249.0,15.0,66.0,-1.7081763445626463,1468530.0,189.0,133.5
27,670,Validação,244.0,15.0,66.0,-0.7586145884018216,1468530.0,189.0,135.0
27,675,Validação,239.0,15.0,66.0,1.725953014184399,1468530.0,189.0,136.5
27,680,Validação,234.0,15.0,66.0,13.124339821940552,1468530.0,189.0,138.0
27,685,Validação,229.0,0.0,51.0,0.0,1468530.0,189.0,138.0
27,690,Validação,224.0,0.0,51.0,0.0,1468530.0,189.0,138.0
27,695,Validação,219.0,12.0,51.0,8.534487742830708,1468530.0,189.0,139.2
27,700,Validação,214.0,12.0,51.0,0.9888715908435736,1468530.0,189.0,140.4
27,705,Validação,209.0,12.0,51.0,-1.021350472813238,1468530.0,189.0,141.6
27,710,Validação,204.0,12.0,51.0,-1.8142903587038983,1468530.0,189.0,142.8
27,715,Validação,199.0,12.0,51.0,-2.078005660120022,1468530.0,189.0,144.0
27,720,Validação,194.0,12.0,51.0,-1.968696502812423,1468530.0,189.0,145.2
27,725,Validação,189.0,12.0,51.0,-1.4253656914893638,1468530.0,189.0,146.4
27,730,Validação,184.0,12.0,51.0,-0.0607548479888908,1468530.0,189.0,147.6
27,735,Validação,179.0,12.0,51.0,3.973746776273374,1468530.0,189.0,148.8
27,740,Validação,174.0,12.0,51.0,49.99999999999994,1468530.0,189.0,150.0
27,745,Validação,169.0,0.0,39.0,0.0,1468530.0,189.0,150.0
27,750,Validação,164.0,0.0,39.0,0.0,1468530.0,189.0,150.0
27,755,Validação,159.0,0.0,39.0,0.0,1468530.0,189.0,150.0
27,760,Validação,154.0,0.0,39.0,0.0,1468530.0,189.0,150.0
27,765,Validação,149.0,9.0,39.0,50.0,1468530.0,189.0,150.9
27,770,Validação,144.0,9.0,39.0,3.97374677627338,1468530.0,189.0,151.8
27,775,Validação,139.0,9.0,39.0,-0.060754847988885,1468530.0,189.0,152.7
27,780,Validação,134.0,9.0,39.0,-1.425365691489363,1468530.0,189.0,153.6
27,785,Validação,129.0,9.0,39.0,-1.968696502812424,1468530.0,189.0,154.5
27,790,Validação,124.0,9.0,39.0,-2.0780056601200223,1468530.0,189.0,155.4
27,795,Validação,119.0,9.0,39.0,-1.8142903587038983,1468530.0,189.0,156.3
27,800,Validação,114.0,9.0,39.0,-1.0213504728132432,1468530.0,189.0,157.2
27,805,Validação,109.0,9.0,39.0,0.988871590843564,1468530.0,189.0,158.1
27,810,Validação,104.0,9.0,39.0,8.534487742830722,1468530.0,189.0,159.0
27,815,Validação,99.0,0.0,30.0,0.0,1468530.0,189.0,159.0
27,820,Validação,94.0,0.0,30.0,0.0,1468530.0,189.0,159.0
27,825,Validação,89.0,0.0,30.0,0.0,1468530.0,189.0,159.0
27,830,Validação,84.0,0.0,30.0,0.0,1468530.0,189.0,159.0
27,835,Validação,79.0,0.0,30.0,0.0,1468530.0,189.0,159.0
27,840,Validação,74.0,0.0,30.0,0.0,1468530.0,189.0,159.0
27,845,Validação,69.0,18.0,30.0,13.124339821940552,1468530.0,189.0,160.8
27,850,Validação,64.0,17.0,30.0,1.7431327947340431,1468530.0,189.0,162.5
27,855,Validação,59.0,17.0,30.0,-0.7430906603849081,1468530.0,189.0,164.2
27,860,Validação,54.0,17.0,30.0,-1.6968874316031934,1468530.0,189.0,165.9
27,865,Validação,49.0,17.0,30.0,-2.048629568022963,1468530.0,189.0,167.6
27,870,Validação,44.0,18.0,30.0,-2.0151745666618472,1468530.0,189.0,169.4
27,875,Validação,39.0,17.0,30.0,-1.578942285708618,1468530.0,189.0,171.1
27,880,Validação,34.0,18.0,30.0,-0.4541137119459817,1468530.0,189.0,172.9
27,885,Validação,29.0,17.0,30.0,2.626232623930404,1468530.0,189.0,174.6
27,890,Validação,24.0,18.0,30.0,21.37501768839217,1468530.0,189.0,176.4
27,895,Validação,19.0,-1.0,13.0,-1.7081763445626443,1468530.0,189.0,176.3
27,900,Validação,14.0,1.0,13.0,-1.5796260477111537,1468530.0,189.0,176.4
27,905,Validação,9.0,1.0,13.0,-1.900487588652483,1468530.0,189.0,176.5
27,910,Validação,4.0,0.0,13.0,-1.900487588652483,1468530.0,189.0,176.5
28,50,Validação,426.0,11.0,190.0,50.0,1606109.0,190.0,11.0
28,55,Validação,421.0,0.0,179.0,0.0,1606109.0,190.0,11.0
28,60,Validação,416.0,0.0,179.0,0.0,1606109.0,190.0,11.0
28,65,Validação,411.0,0.0,179.0,0.0,1606109.0,190.0,11.0
28,70,Validação,406.0,0.0,179.0,0.0,1606109.0,190.0,11.0
28,75,Validação,401.0,0.0,179.0,0.0,1606109.0,190.0,11.0
28,80,Validação,396.0,0.0,179.0,0.0,1606109.0,190.0,11.0
28,85,Validação,391.0,10.0,179.0,8.534487742830652,1606109.0,190.0,12.25
28,90,Validação,386.0,10.0,179.0,0.988871590843546,1606109.0,190.0,13.222222222222221
28,95,Validação,381.0,10.0,179.0,-1.021350472813249,1606109.0,190.0,14.0
28,100,Validação,376.0,10.0,179.0,-1.8142903587039023,1606109.0,190.0,15.0
28,105,Validação,371.0,10.0,179.0,-2.0780056601200227,1606109.0,190.0,16.0
28,110,Validação,366.0,10.0,179.0,-1.9686965028124204,1606109.0,190.0,17.0
28,115,Validação,361.0,10.0,179.0,-1.4253656914893538,1606109.0,190.0,18.0
28,120,Validação,356.0,25.0,179.0,2.2794305945305124,1606109.0,190.0,20.5
28,125,Validação,351.0,25.0,179.0,1.7593390949067604,1606109.0,190.0,23.0
28,130,Validação,346.0,25.0,179.0,0.0082449634997616,1606109.0,190.0,25.5
28,135,Validação,341.0,15.0,169.0,-1.425365691489368,1606109.0,190.0,27.0
28,140,Validação,336.0,15.0,169.0,-1.9686965028124253,1606109.0,190.0,28.5
28,145,Validação,331.0,15.0,169.0,-2.0780056601200205,1606109.0,190.0,30.0
28,150,Validação,326.0,15.0,169.0,-1.8142903587038943,1606109.0,190.0,31.5
28,155,Validação,321.0,30.0,169.0,-0.1466090425531914,1606109.0,190.0,34.5
28,160,Validação,316.0,30.0,169.0,-0.1158392434988178,1606109.0,190.0,37.5
28,165,Validação,311.0,30.0,169.0,-0.1466090425531914,1606109.0,190.0,40.5
28,170,Validação,306.0,15.0,154.0,-1.8142903587038943,1606109.0,190.0,42.0
28,175,Validação,301.0,15.0,154.0,-2.07800566012002,1606109.0,190.0,43.5
28,180,Validação,296.0,15.0,154.0,-1.968696502812426,1606109.0,190.0,45.0
28,185,Validação,291.0,32.0,154.0,0.0294708777762178,1606109.0,190.0,48.2
28,190,Validação,286.0,32.0,154.0,-0.1752347149291937,1606109.0,190.0,51.4
28,195,Validação,281.0,32.0,154.0,-0.421128786913497,1606109.0,190.0,54.6
28,200,Validação,276.0,32.0,154.0,-1.1740917729632256,1606109.0,190.0,57.8
28,205,Validação,271.0,17.0,139.0,-2.052795092505683,1606109.0,190.0,59.5
28,210,Validação,266.0,15.0,139.0,-2.0163120660148834,1606109.0,190.0,61.0
28,215,Validação,261.0,17.0,139.0,-1.5801418585548532,1606109.0,190.0,62.7
28,220,Validação,256.0,30.0,139.0,-0.2353135288278931,1606109.0,190.0,65.7
28,225,Validação,251.0,30.0,139.0,1.0650441954181398,1606109.0,190.0,68.7
28,230,Validação,246.0,30.0,139.0,1.5032751839114074,1606109.0,190.0,71.7
28,235,Validação,241.0,13.0,124.0,-1.4245607664690592,1606109.0,190.0,73.0
28,240,Validação,236.0,13.0,124.0,-1.959045886197432,1606109.0,190.0,74.3
28,245,Validação,231.0,13.0,124.0,-2.061100199370884,1606109.0,190.0,75.6
28,250,Validação,226.0,14.0,124.0,-1.7911623177796223,1606109.0,190.0,76.9
28,255,Validação,221.0,28.0,124.0,0.0389725038951755,1606109.0,190.0,79.7
28,260,Validação,216.0,28.0,123.0,-0.2892456436289388,1606109.0,190.0,82.7
28,265,Validação,211.0,28.0,122.0,-0.571682542938198,1606109.0,190.0,85.5
28,270,Validação,206.0,15.0,109.0,-1.900487588652482,1606109.0,190.0,87.0
28,275,Validação,201.0,15.0,109.0,-2.085106382978723,1606109.0,190.0,88.5
28,280,Validação,196.0,33.0,109.0,-0.0468993650600659,1606109.0,190.0,91.8
28,285,Validação,191.0,33.0,109.0,-0.6476323874918055,1606109.0,190.0,95.1
28,290,Validação,186.0,33.0,109.0,-0.9503198053111443,1606109.0,190.0,98.4
28,295,Validação,181.0,33.0,109.0,-0.9625036191066498,1606109.0,190.0,101.7
28,300,Validação,176.0,18.0,94.0,-2.070368399917206,1606109.0,190.0,105.0
28,305,Validação,171.0,18.0,94.0,-1.965506267335244,1606109.0,190.0,106.8
28,310,Validação,166.0,18.0,94.0,-1.427522624219627,1606109.0,190.0,108.6
28,315,Validação,161.0,24.0,94.0,-0.0996866173963453,1606109.0,190.0,111.0
28,320,Validação,156.0,24.0,94.0,2.867309544405142,1606109.0,190.0,113.4
28,325,Validação,151.0,24.0,94.0,12.34701163052315,1606109.0,190.0,115.8
28,330,Validação,146.0,6.0,78.0,-1.3935043815657342,1606109.0,190.0,116.4
28,335,Validação,141.0,6.0,78.0,-1.8907784517758133,1606109.0,190.0,117.0
28,340,Validação,136.0,6.0,78.0,-1.958522871259408,1606109.0,190.0,117.6
28,345,Validação,131.0,6.0,77.0,-1.7926160281460424,1606109.0,190.0,118.2
28,350,Validação,126.0,21.0,77.0,2.650247078581648,1606109.0,190.0,120.3
28,355,Validação,121.0,21.0,77.0,-0.0144399998522026,1606109.0,190.0,122.4
28,360,Validação,116.0,21.0,77.0,-1.173006294349236,1606109.0,190.0,124.5
28,365,Validação,111.0,15.0,70.0,-1.900487588652482,1606109.0,190.0,126.0
28,370,Validação,106.0,15.0,70.0,-2.085106382978723,1606109.0,190.0,127.5
28,375,Validação,101.0,30.0,70.0,-1.096641893175597,1606109.0,190.0,130.5
28,380,Validação,96.0,30.0,70.0,-0.419490774724677,1606109.0,190.0,133.5
28,385,Validação,91.0,30.0,70.0,-0.5432786601024366,1606109.0,190.0,136.5
28,390,Validação,86.0,32.0,70.0,-0.4914697386678268,1606109.0,190.0,139.7
28,395,Validação,81.0,15.0,55.0,-1.91802956000006,1606109.0,190.0,142.7
28,400,Validação,76.0,15.0,55.0,-2.0427535944231763,1606109.0,190.0,144.2
28,405,Validação,71.0,16.0,55.0,-1.7976075204528332,1606109.0,190.0,145.8
28,410,Validação,66.0,31.0,55.0,-0.2928538677826435,1606109.0,190.0,148.9
28,415,Validação,61.0,30.0,55.0,-0.1481161376161495,1606109.0,190.0,151.9
28,420,Validação,56.0,30.0,55.0,-0.0237763978247129,1606109.0,190.0,154.9
28,425,Validação,51.0,15.0,40.0,-1.7979009002854325,1606109.0,190.0,156.4
28,430,Validação,46.0,13.0,40.0,-2.043289914257284,1606109.0,190.0,157.9
28,435,Validação,41.0,15.0,40.0,-1.921284950732824,1606109.0,190.0,159.4
28,440,Validação,36.0,27.0,40.0,-0.6801968266161706,1606109.0,190.0,162.0
28,445,Validação,31.0,28.0,40.0,-0.3524125803183136,1606109.0,190.0,164.8
28,450,Validação,26.0,27.0,40.0,0.1141102918588883,1606109.0,190.0,167.5
28,455,Validação,21.0,28.0,40.0,-0.3306571081151199,1606109.0,190.0,170.2
28,460,Validação,16.0,12.0,25.0,-2.0320313171451674,1606109.0,190.0,171.3
28,465,Validação,11.0,12.0,25.0,-1.981345123649419,1606109.0,190.0,172.5
28,470,Validação,6.0,11.0,25.0,-1.549605563229183,1606109.0,190.0,173.7
28,475,Validação,1.0,11.0,25.0,-0.4541222074044508,1606109.0,190.0,174.9
29,50,Treino,835.0,9.0,188.0,49.99999999999986,1605353.0,188.0,9.0
29,55,Treino,830.0,7.0,179.0,13.450712316176492,1605353.0,188.0,12.5
29,60,Treino,825.0,7.0,179.0,1.7975737193926982,1605353.0,188.0,13.666666666666666
29,65,Treino,820.0,7.0,179.0,-0.7277502616608649,1605353.0,188.0,14.25
29,70,Treino,815.0,7.0,179.0,-1.690980575106349,1605353.0,188.0,14.6
29,75,Treino,810.0,7.0,179.0,-2.0459573720848776,1605353.0,188.0,14.833333333333334
29,80,Treino,805.0,7.0,179.0,-2.014063601427666,1605353.0,188.0,15.0
29,85,Treino,800.0,7.0,179.0,-1.5775650770681706,1605353.0,188.0,15.125
29,90,Treino,795.0,7.0,179.0,-0.4483693559681874,1605353.0,188.0,15.222222222222221
29,95,Treino,790.0,7.0,179.0,2.6522302484233853,1605353.0,188.0,15.3
29,100,Treino,785.0,7.0,179.0,21.82543425461275,1605353.0,188.0,16.0
29,105,Treino,780.0,0.0,172.0,0.0,1605353.0,188.0,16.0
29,110,Treino,775.0,11.0,172.0,8.534487742830732,1605353.0,188.0,17.1
29,115,Treino,770.0,11.0,172.0,0.988871590843588,1605353.0,188.0,18.2
29,120,Treino,765.0,11.0,172.0,-1.02135047281325,1605353.0,188.0,19.3
29,125,Treino,760.0,11.0,172.0,-1.8142903587039,1605353.0,188.0,20.4
29,130,Treino,755.0,11.0,172.0,-2.0780056601200214,1605353.0,188.0,21.5
29,135,Treino,750.0,11.0,172.0,-1.968696502812424,1605353.0,188.0,22.6
29,140,Treino,745.0,11.0,172.0,-1.425365691489369,1605353.0,188.0,23.7
29,145,Treino,740.0,11.0,172.0,-0.0607548479888722,1605353.0,188.0,24.8
29,150,Treino,735.0,20.0,172.0,2.224479388417741,1605353.0,188.0,26.8
29,155,Treino,730.0,20.0,172.0,2.078500827429856,1605353.0,188.0,28.8
29,160,Treino,725.0,9.0,161.0,-1.02135047281325,1605353.0,188.0,29.7
29,165,Treino,720.0,9.0,161.0,-1.8142903587038908,1605353.0,188.0,30.6
29,170,Treino,715.0,9.0,161.0,-2.0780056601200214,1605353.0,188.0,31.5
29,175,Treino,710.0,9.0,161.0,-1.968696502812424,1605353.0,188.0,32.4
29,180,Treino,705.0,20.0,161.0,-0.1394072019008732,1605353.0,188.0,34.4
29,185,Treino,700.0,20.0,161.0,0.3793962335522014,1605353.0,188.0,36.4
29,190,Treino,695.0,20.0,161.0,-0.1392387461478672,1605353.0,188.0,38.4
29,195,Treino,690.0,20.0,161.0,-1.0500442033957706,1605353.0,188.0,40.4
29,200,Treino,685.0,11.0,152.0,-1.968696502812424,1605353.0,188.0,41.5
29,205,Treino,680.0,11.0,152.0,-2.078005660120022,1605353.0,188.0,42.6
29,210,Treino,675.0,11.0,152.0,-1.8142903587039003,1605353.0,188.0,43.7
29,215,Treino,670.0,11.0,152.0,-1.0213504728132503,1605353.0,188.0,44.8
29,220,Treino,665.0,17.0,152.0,0.8121843324593909,1605353.0,188.0,46.5
29,225,Treino,660.0,17.0,152.0,3.662466416134369,1605353.0,188.0,48.2
29,230,Treino,655.0,6.0,141.0,-0.4429707913400476,1605353.0,188.0,48.8
29,235,Treino,650.0,6.0,141.0,-1.5796260477111457,1605353.0,188.0,49.4
29,240,Treino,645.0,6.0,141.0,-2.020369922630556,1605353.0,188.0,50.0
29,245,Treino,640.0,6.0,141.0,-2.056566279507998,1605353.0,188.0,50.6
29,250,Treino,635.0,6.0,141.0,-1.7081763445626443,1605353.0,188.0,51.2
29,255,Treino,630.0,10.0,141.0,-0.5690031898304673,1605353.0,188.0,52.2
29,260,Treino,625.0,10.0,141.0,0.5889057750759825,1605353.0,188.0,53.2
29,265,Treino,620.0,10.0,141.0,1.8917612988772496,1605353.0,188.0,54.2
29,270,Treino,615.0,4.0,135.0,-1.579626047711176,1605353.0,188.0,54.6
29,275,Treino,610.0,4.0,135.0,-2.020369922630556,1605353.0,188.0,55.0
29,280,Treino,605.0,4.0,135.0,-2.056566279508001,1605353.0,188.0,55.4
29,285,Treino,600.0,4.0,135.0,-1.7081763445626443,1605353.0,188.0,55.8
29,290,Treino,595.0,4.0,135.0,-0.7586145884018003,1605353.0,188.0,56.2
29,295,Treino,590.0,13.0,135.0,4.283717967864309,1605353.0,188.0,57.5
29,300,Treino,585.0,13.0,135.0,0.7385984224716178,1605353.0,188.0,58.8
29,305,Treino,580.0,9.0,131.0,-1.02135047281325,1605353.0,188.0,59.7
29,310,Treino,575.0,9.0,131.0,-1.8142903587038983,1605353.0,188.0,60.6
29,315,Treino,570.0,9.0,131.0,-2.0780056601200214,1605353.0,188.0,61.5
29,320,Treino,565.0,9.0,131.0,-1.968696502812424,1605353.0,188.0,62.4
29,325,Treino,560.0,9.0,131.0,-1.425365691489357,1605353.0,188.0,63.3
29,330,Treino,555.0,15.0,131.0,0.0086032986491106,1605353.0,188.0,64.8
29,335,Treino,550.0,15.0,131.0,1.5160787736402792,1605353.0,188.0,66.3
29,340,Treino,545.0,15.0,131.0,1.8831069762381327,1605353.0,188.0,67.8
29,345,Treino,540.0,6.0,122.0,-1.579626047711161,1605353.0,188.0,68.4
29,350,Treino,535.0,6.0,122.0,-2.020369922630561,1605353.0,188.0,69.0
29,355,Treino,530.0,6.0,122.0,-2.056566279508001,1605353.0,188.0,69.6
29,360,Treino,525.0,6.0,122.0,-1.7081763445626443,1605353.0,188.0,70.2
29,365,Treino,520.0,15.0,122.0,1.898509974096135,1605353.0,188.0,71.7
29,370,Treino,515.0,15.0,122.0,0.8427458191051596,1605353.0,188.0,73.2
29,375,Treino,510.0,15.0,122.0,-0.3194096787651208,1605353.0,188.0,74.7
29,380,Treino,505.0,9.0,116.0,-1.579626047711156,1605353.0,188.0,75.6
29,385,Treino,500.0,9.0,116.0,-2.020369922630559,1605353.0,188.0,76.5
29,390,Treino,495.0,9.0,116.0,-2.0565662795080004,1605353.0,188.0,77.4
29,395,Treino,490.0,9.0,116.0,-1.7081763445626434,1605353.0,188.0,78.3
29,400,Treino,485.0,9.0,116.0,-0.7586145884018252,1605353.0,188.0,79.2
29,405,Treino,480.0,12.0,116.0,1.420775521841061,1605353.0,188.0,80.4
29,410,Treino,475.0,12.0,116.0,7.602739200595964,1605353.0,188.0,81.6
29,415,Treino,470.0,3.0,107.0,-0.5680215078630786,1605353.0,188.0,81.9
29,420,Treino,465.0,3.0,107.0,-1.5973166249695472,1605353.0,188.0,82.2
29,425,Treino,460.0,3.0,107.0,-1.984345352543834,1605353.0,188.0,82.5
29,430,Treino,455.0,3.0,107.0,-1.972562884246408,1605353.0,188.0,82.8
29,435,Treino,450.0,9.0,107.0,4.368997154426494,1605353.0,188.0,83.7
29,440,Treino,445.0,9.0,107.0,0.9396118044838132,1605353.0,188.0,84.6
29,445,Treino,440.0,9.0,107.0,-0.5630871536390698,1605353.0,188.0,85.5
29,450,Treino,435.0,9.0,107.0,-1.4133722237430264,1605353.0,188.0,86.4
29,455,Treino,430.0,6.0,104.0,-2.004045944037696,1605353.0,188.0,87.0
29,460,Treino,425.0,6.0,104.0,-2.046494736739427,1605353.0,188.0,87.6
29,465,Treino,420.0,6.0,104.0,-1.7036612651416283,1605353.0,188.0,88.2
29,470,Treino,415.0,6.0,104.0,-0.7626412436628929,1605353.0,188.0,88.8
29,475,Treino,410.0,12.0,104.0,1.3103553835241364,1605353.0,188.0,90.0
29,480,Treino,405.0,12.0,104.0,1.2142514522803207,1605353.0,188.0,91.2
29,485,Treino,400.0,6.0,98.0,-0.9937680973913676,1605353.0,188.0,91.8
29,490,Treino,395.0,6.0,98.0,-1.7403861702127683,1605353.0,188.0,92.4
29,495,Treino,390.0,6.0,98.0,-2.0398632958586003,1605353.0,188.0,93.0
29,500,Treino,385.0,5.0,98.0,-1.950912508171504,1605353.0,188.0,93.5
29,505,Treino,380.0,9.0,98.0,-1.247874003895764,1605353.0,188.0,94.4
29,510,Treino,375.0,9.0,98.0,-0.5180967808744179,1605353.0,188.0,95.3
29,515,Treino,370.0,9.0,98.0,0.8446808510638295,1605353.0,188.0,96.2
29,520,Treino,365.0,9.0,98.0,1.85548122006476,1605353.0,188.0,97.1
29,525,Treino,360.0,3.0,94.0,-1.737502367208705,1605353.0,188.0,97.4
29,530,Treino,355.0,3.0,94.0,-1.5135097352277498,1605353.0,188.0,97.7
29,535,Treino,350.0,3.0,94.0,-0.7825248796481001,1605353.0,188.0,98.0
29,540,Treino,345.0,14.0,93.0,7.871033701248164,1605353.0,188.0,99.4
29,545,Treino,340.0,13.0,93.0,1.3215355566058091,1605353.0,188.0,100.7
29,550,Treino,335.0,13.0,92.0,-0.7295135184380417,1605353.0,188.0,102.1
29,555,Treino,330.0,10.0,89.0,-1.6804695264918792,1605353.0,188.0,103.1
29,560,Treino,325.0,10.0,89.0,-2.0349161540010483,1605353.0,188.0,104.1
29,565,Treino,320.0,10.0,89.0,-2.0071850740744823,1605353.0,188.0,105.1
29,570,Treino,315.0,10.0,89.0,-1.5768336057664605,1605353.0,188.0,106.1
29,575,Treino,310.0,11.0,89.0,-0.4648928330109947,1605353.0,188.0,107.2
29,580,Treino,305.0,18.0,89.0,1.8120428362925365,1605353.0,188.0,109.0
29,585,Treino,300.0,18.0,89.0,2.909286426262556,1605353.0,188.0,110.8
29,590,Treino,295.0,8.0,79.0,-0.7460106916509801,1605353.0,188.0,111.6
29,595,Treino,290.0,8.0,79.0,-1.6726687765794097,1605353.0,188.0,112.4
29,600,Treino,285.0,7.0,79.0,-2.015876271243419,1605353.0,188.0,113.2
29,605,Treino,280.0,9.0,79.0,-1.9755919696324715,1605353.0,188.0,114.1
29,610,Treino,275.0,17.0,79.0,-0.2161209792400549,1605353.0,188.0,115.8
29,615,Treino,270.0,16.0,79.0,-0.3423018255857259,1605353.0,188.0,117.5
29,620,Treino,265.0,17.0,79.0,-0.5116369618717607,1605353.0,188.0,119.2
29,625,Treino,260.0,16.0,79.0,-0.938541942548031,1605353.0,188.0,120.8
29,630,Treino,255.0,9.0,71.0,-2.0374622415616166,1605353.0,188.0,121.7
29,635,Treino,250.0,9.0,71.0,-1.9830702871354065,1605353.0,188.0,122.6
29,640,Treino,245.0,9.0,71.0,-1.526773946735517,1605353.0,188.0,123.4
29,645,Treino,240.0,16.0,71.0,-0.1565039753431798,1605353.0,188.0,125.0
29,650,Treino,235.0,16.0,71.0,0.5101376203243984,1605353.0,188.0,126.6
29,655,Treino,230.0,14.0,71.0,0.4564678179915407,1605353.0,188.0,128.1
29,660,Treino,225.0,7.0,62.0,-1.8032206953639007,1605353.0,188.0,128.8
29,665,Treino,220.0,7.0,62.0,-2.071945344958116,1605353.0,188.0,129.5
29,670,Treino,215.0,7.0,62.0,-1.9663745384440965,1605353.0,188.0,130.2
29,675,Treino,210.0,7.0,62.0,-1.42755071393581,1605353.0,188.0,130.9
29,680,Treino,205.0,16.0,62.0,1.110137632761818,1605353.0,188.0,132.5
29,685,Treino,200.0,17.0,62.0,0.3733118949338827,1605353.0,188.0,134.2
29,690,Treino,195.0,16.0,62.0,-0.7483856915178526,1605353.0,188.0,135.8
29,695,Treino,190.0,11.0,55.0,-1.728225361766965,1605353.0,188.0,136.9
29,700,Treino,185.0,10.0,55.0,-2.026867940119825,1605353.0,188.0,137.9
29,705,Treino,180.0,9.0,55.0,-1.936182024821547,1605353.0,188.0,138.8
29,710,Treino,175.0,9.0,55.0,-1.4264120188792966,1605353.0,188.0,139.7
29,715,Treino,170.0,9.0,55.0,-0.1476197379461852,1605353.0,188.0,140.6
29,720,Treino,165.0,17.0,55.0,2.3594591324688,1605353.0,188.0,142.3
29,725,Treino,160.0,17.0,55.0,2.586128592180213,1605353.0,188.0,144.0
29,730,Treino,155.0,7.0,46.0,-0.8436425175822144,1605353.0,188.0,144.8
29,735,Treino,150.0,8.0,46.0,-1.6988047926011287,1605353.0,188.0,145.5
29,740,Treino,145.0,7.0,46.0,-1.9960848194301613,1605353.0,188.0,146.3
29,745,Treino,140.0,7.0,46.0,-1.9589890713450504,1605353.0,188.0,146.9
29,750,Treino,135.0,9.0,46.0,-1.4621412345465703,1605353.0,188.0,147.9
29,755,Treino,130.0,12.0,46.0,-0.4969774916353566,1605353.0,188.0,149.1
29,760,Treino,125.0,10.0,46.0,1.1286066780225823,1605353.0,188.0,150.2
29,765,Treino,120.0,12.0,46.0,4.496409408695972,1605353.0,188.0,151.4
29,770,Treino,115.0,4.0,38.0,-1.832659903335428,1605353.0,188.0,151.8
29,775,Treino,110.0,4.0,38.0,-1.9833866038419727,1605353.0,188.0,152.2
29,780,Treino,105.0,3.0,38.0,-1.7812790289701532,1605353.0,188.0,152.5
29,785,Treino,100.0,16.0,38.0,13.880177187786362,1605353.0,188.0,154.1
29,790,Treino,95.0,16.0,38.0,2.776779436552656,1605353.0,188.0,155.7
29,795,Treino,90.0,16.0,38.0,-0.1679344181533553,1605353.0,188.0,157.3
29,800,Treino,85.0,12.0,35.0,-1.4211041677058205,1605353.0,188.0,158.6
29,805,Treino,80.0,12.0,35.0,-1.9565924246160311,1605353.0,188.0,159.8
29,810,Treino,75.0,12.0,35.0,-2.0611684605148954,1605353.0,188.0,161.1
29,815,Treino,70.0,13.0,35.0,-1.7928879145347436,1605353.0,188.0,162.3
29,820,Treino,65.0,16.0,35.0,-1.0057452272182503,1605353.0,188.0,163.8
29,825,Treino,60.0,15.0,35.0,0.7796317759131854,1605353.0,188.0,165.2
29,830,Treino,55.0,14.0,35.0,6.699380679483742,1605353.0,188.0,166.7
29,835,Treino,50.0,3.0,23.0,-1.2026509705707096,1605353.0,188.0,166.9
29,840,Treino,45.0,2.0,22.0,-1.6232947406751,1605353.0,188.0,167.1
29,845,Treino,40.0,2.0,22.0,-1.6408030706894885,1605353.0,188.0,167.3
29,850,Treino,35.0,2.0,22.0,-1.2683694543340076,1605353.0,188.0,167.5
29,855,Treino,30.0,9.0,22.0,3.4663117753783768,1605353.0,188.0,168.4
29,860,Treino,25.0,9.0,22.0,0.1187030536029798,1605353.0,188.0,169.3
29,865,Treino,20.0,9.0,22.0,-1.2467345439644562,1605353.0,188.0,170.2
29,870,Treino,15.0,6.0,20.0,-1.8972821192622669,1605353.0,188.0,170.8
29,875,Treino,10.0,7.0,20.0,-2.085106382978723,1605353.0,188.0,171.5
29,880,Treino,5.0,7.0,20.0,-1.9004875886524824,1605353.0,188.0,172.2
29,885,Treino,0.0,7.0,20.0,-1.2411347517730489,1605353.0,188.0,172.9
30,1,Treino,2215.0,0.0,0.0,,0.0,0.0,0.0
30,2,Treino,2214.0,0.0,0.0,,0.0,0.0,0.0
30,3,Treino,2213.0,0.0,0.0,,0.0,0.0,0.0
30,4,Treino,2212.0,0.0,0.0,,0.0,0.0,0.0
30,5,Treino,2211.0,0.0,0.0,,0.0,0.0,0.0
30,6,Treino,2210.0,0.0,0.0,,0.0,0.0,0.0
30,7,Treino,2209.0,0.0,0.0,,0.0,0.0,0.0
30,8,Treino,2208.0,0.0,0.0,,0.0,0.0,0.0
30,9,Treino,2207.0,0.0,0.0,,0.0,0.0,0.0
30,10,Treino,2206.0,0.0,0.0,,0.0,0.0,0.0
30,11,Treino,2205.0,0.0,0.0,,0.0,0.0,0.0
30,12,Treino,2204.0,0.0,0.0,,0.0,0.0,0.0
30,13,Treino,2203.0,0.0,0.0,,0.0,0.0,0.0
30,14,Treino,2202.0,0.0,0.0,,0.0,0.0,0.0
30,15,Treino,2201.0,0.0,0.0,,0.0,0.0,0.0
30,16,Treino,2200.0,0.0,0.0,,0.0,0.0,0.0
30,17,Treino,2199.0,0.0,0.0,,0.0,0.0,0.0
30,18,Treino,2198.0,0.0,0.0,,0.0,0.0,0.0
30,19,Treino,2197.0,0.0,0.0,,0.0,0.0,0.0
30,20,Treino,2196.0,0.0,0.0,,0.0,0.0,0.0
30,21,Treino,2195.0,0.0,0.0,,0.0,0.0,0.0
30,22,Treino,2194.0,0.0,0.0,,0.0,0.0,0.0
30,23,Treino,2193.0,0.0,0.0,,0.0,0.0,0.0
30,24,Treino,2192.0,0.0,0.0,,0.0,0.0,0.0
30,25,Treino,2191.0,0.0,0.0,,0.0,0.0,0.0
30,26,Treino,2190.0,0.0,0.0,,0.0,0.0,0.0
30,27,Treino,2189.0,0.0,0.0,,0.0,0.0,0.0
30,28,Treino,2188.0,0.0,0.0,,0.0,0.0,0.0
30,29,Treino,2187.0,0.0,0.0,,0.0,0.0,0.0
30,30,Treino,2186.0,0.0,0.0,,0.0,0.0,0.0
30,31,Treino,2185.0,0.0,0.0,,0.0,0.0,0.0
30,32,Treino,2184.0,0.0,0.0,,0.0,0.0,0.0
30,33,Treino,2183.0,0.0,0.0,,0.0,0.0,0.0
30,34,Treino,2182.0,0.0,0.0,,0.0,0.0,0.0
30,35,Treino,2181.0,0.0,0.0,,0.0,0.0,0.0
30,36,Treino,2180.0,0.0,0.0,,0.0,0.0,0.0
30,37,Treino,2179.0,0.0,0.0,,0.0,0.0,0.0
30,38,Treino,2178.0,0.0,0.0,,0.0,0.0,0.0
30,39,Treino,2177.0,0.0,0.0,,0.0,0.0,0.0
30,40,Treino,2176.0,0.0,0.0,,0.0,0.0,0.0
30,41,Treino,2175.0,0.0,0.0,,0.0,0.0,0.0
30,42,Treino,2174.0,0.0,0.0,,0.0,0.0,0.0
30,43,Treino,2173.0,0.0,0.0,,0.0,0.0,0.0
30,44,Treino,2172.0,0.0,0.0,,0.0,0.0,0.0
30,45,Treino,2171.0,0.0,0.0,,0.0,0.0,0.0
30,46,Treino,2170.0,0.0,0.0,,0.0,0.0,0.0
30,47,Treino,2169.0,0.0,0.0,,0.0,0.0,0.0
30,48,Treino,2168.0,0.0,0.0,,0.0,0.0,0.0
30,49,Treino,2167.0,0.0,0.0,,0.0,0.0,0.0
30,50,Treino,2166.0,0.0,0.0,,0.0,0.0,0.0
30,51,Treino,2165.0,0.0,0.0,,0.0,0.0,0.0
30,52,Treino,2164.0,0.0,0.0,,0.0,0.0,0.0
30,53,Treino,2163.0,0.0,0.0,,0.0,0.0,0.0
30,54,Treino,2162.0,0.0,0.0,,0.0,0.0,0.0
30,55,Treino,2161.0,0.0,0.0,,0.0,0.0,0.0
30,56,Treino,2160.0,0.0,0.0,,0.0,0.0,0.0
30,57,Treino,2159.0,0.0,0.0,,0.0,0.0,0.0
30,58,Treino,2158.0,0.0,0.0,,0.0,0.0,0.0
30,59,Treino,2157.0,0.0,0.0,,0.0,0.0,0.0
30,60,Treino,2156.0,0.0,0.0,,0.0,0.0,0.0
30,61,Treino,2155.0,0.0,0.0,,0.0,0.0,0.0
30,62,Treino,2154.0,0.0,0.0,,0.0,0.0,0.0
30,63,Treino,2153.0,0.0,0.0,,0.0,0.0,0.0
30,64,Treino,2152.0,0.0,0.0,,0.0,0.0,0.0
30,65,Treino,2151.0,0.0,0.0,,0.0,0.0,0.0
30,66,Treino,2150.0,0.0,0.0,,0.0,0.0,0.0
30,67,Treino,2149.0,0.0,0.0,,0.0,0.0,0.0
30,68,Treino,2148.0,0.0,0.0,,0.0,0.0,0.0
30,69,Treino,2147.0,0.0,0.0,,0.0,0.0,0.0
30,70,Treino,2146.0,0.0,0.0,,0.0,0.0,0.0
30,71,Treino,2145.0,0.0,0.0,,0.0,0.0,0.0
30,72,Treino,2144.0,0.0,0.0,,0.0,0.0,0.0
30,73,Treino,2143.0,0.0,0.0,,0.0,0.0,0.0
30,74,Treino,2142.0,0.0,0.0,,0.0,0.0,0.0
30,75,Treino,2141.0,0.0,0.0,,0.0,0.0,0.0
30,76,Treino,2140.0,0.0,0.0,,0.0,0.0,0.0
30,77,Treino,2139.0,0.0,0.0,,0.0,0.0,0.0
30,78,Treino,2138.0,0.0,0.0,,0.0,0.0,0.0
30,79,Treino,2137.0,0.0,0.0,,0.0,0.0,0.0
30,80,Treino,2136.0,0.0,0.0,,0.0,0.0,0.0
30,81,Treino,2135.0,0.0,0.0,,0.0,0.0,0.0
30,82,Treino,2134.0,0.0,0.0,,0.0,0.0,0.0
30,83,Treino,2133.0,0.0,0.0,,0.0,0.0,0.0
30,84,Treino,2132.0,0.0,0.0,,0.0,0.0,0.0
30,85,Treino,2131.0,0.0,0.0,,0.0,0.0,0.0
30,86,Treino,2130.0,0.0,0.0,,0.0,0.0,0.0
30,87,Treino,2129.0,0.0,0.0,,0.0,0.0,0.0
30,88,Treino,2128.0,0.0,0.0,,0.0,0.0,0.0
30,89,Treino,2127.0,0.0,0.0,,0.0,0.0,0.0
30,90,Treino,2126.0,0.0,0.0,,0.0,0.0,0.0
30,91,Treino,2125.0,0.0,0.0,,0.0,0.0,0.0
30,92,Treino,2124.0,0.0,0.0,,0.0,0.0,0.0
30,93,Treino,2123.0,0.0,0.0,,0.0,0.0,0.0
30,94,Treino,2122.0,0.0,0.0,,0.0,0.0,0.0
30,95,Treino,2121.0,0.0,0.0,,0.0,0.0,0.0
30,96,Treino,2120.0,0.0,0.0,,0.0,0.0,0.0
30,97,Treino,2119.0,0.0,0.0,,0.0,0.0,0.0
30,98,Treino,2118.0,0.0,0.0,,0.0,0.0,0.0
30,99,Treino,2117.0,0.0,0.0,,0.0,0.0,0.0
30,100,Treino,2116.0,0.0,0.0,,0.0,0.0,0.0
30,101,Treino,2115.0,0.0,0.0,,0.0,0.0,0.0
30,102,Treino,2114.0,0.0,0.0,,0.0,0.0,0.0
30,103,Treino,2113.0,0.0,0.0,,0.0,0.0,0.0
30,104,Treino,2112.0,0.0,0.0,,0.0,0.0,0.0
30,105,Treino,2111.0,0.0,0.0,,0.0,0.0,0.0
30,106,Treino,2110.0,0.0,0.0,,0.0,0.0,0.0
30,107,Treino,2109.0,0.0,0.0,,0.0,0.0,0.0
30,108,Treino,2108.0,0.0,0.0,,0.0,0.0,0.0
30,109,Treino,2107.0,0.0,0.0,,0.0,0.0,0.0
30,110,Treino,2106.0,0.0,0.0,,0.0,0.0,0.0
30,111,Treino,2105.0,0.0,0.0,,0.0,0.0,0.0
30,112,Treino,2104.0,0.0,0.0,,0.0,0.0,0.0
30,113,Treino,2103.0,0.0,0.0,,0.0,0.0,0.0
30,114,Treino,2102.0,0.0,0.0,,0.0,0.0,0.0
30,115,Treino,2101.0,0.0,0.0,,0.0,0.0,0.0
30,116,Treino,2100.0,0.0,0.0,,0.0,0.0,0.0
30,117,Treino,2099.0,0.0,0.0,,0.0,0.0,0.0
30,118,Treino,2098.0,0.0,0.0,,0.0,0.0,0.0
30,119,Treino,2097.0,0.0,0.0,,0.0,0.0,0.0
30,120,Treino,2096.0,0.0,0.0,,0.0,0.0,0.0
30,121,Treino,2095.0,0.0,0.0,,0.0,0.0,0.0
30,122,Treino,2094.0,0.0,0.0,,0.0,0.0,0.0
30,123,Treino,2093.0,0.0,0.0,,0.0,0.0,0.0
30,124,Treino,2092.0,0.0,0.0,,0.0,0.0,0.0
30,125,Treino,2091.0,0.0,0.0,,0.0,0.0,0.0
30,126,Treino,2090.0,0.0,0.0,,0.0,0.0,0.0
30,127,Treino,2089.0,0.0,0.0,,0.0,0.0,0.0
30,128,Treino,2088.0,0.0,0.0,,0.0,0.0,0.0
30,129,Treino,2087.0,0.0,0.0,,0.0,0.0,0.0
30,130,Treino,2086.0,0.0,0.0,,0.0,0.0,0.0
30,131,Treino,2085.0,0.0,0.0,,0.0,0.0,0.0
30,132,Treino,2084.0,0.0,0.0,,0.0,0.0,0.0
30,133,Treino,2083.0,0.0,0.0,,0.0,0.0,0.0
30,134,Treino,2082.0,0.0,0.0,,0.0,0.0,0.0
30,135,Treino,2081.0,0.0,0.0,,0.0,0.0,0.0
30,136,Treino,2080.0,0.0,0.0,,0.0,0.0,0.0
30,137,Treino,2079.0,0.0,0.0,,0.0,0.0,0.0
30,138,Treino,2078.0,0.0,0.0,,0.0,0.0,0.0
30,139,Treino,2077.0,0.0,0.0,,0.0,0.0,0.0
30,140,Treino,2076.0,0.0,0.0,,0.0,0.0,0.0
30,141,Treino,2075.0,0.0,0.0,,0.0,0.0,0.0
30,142,Treino,2074.0,0.0,0.0,,0.0,0.0,0.0
30,143,Treino,2073.0,0.0,0.0,,0.0,0.0,0.0
30,144,Treino,2072.0,0.0,0.0,,0.0,0.0,0.0
30,145,Treino,2071.0,0.0,0.0,,0.0,0.0,0.0
30,146,Treino,2070.0,0.0,0.0,,0.0,0.0,0.0
30,147,Treino,2069.0,0.0,0.0,,0.0,0.0,0.0
30,148,Treino,2068.0,0.0,0.0,,0.0,0.0,0.0
30,149,Treino,2067.0,0.0,0.0,,0.0,0.0,0.0
30,150,Treino,2066.0,0.0,0.0,,0.0,0.0,0.0
30,151,Treino,2065.0,0.0,0.0,,0.0,0.0,0.0
30,152,Treino,2064.0,0.0,0.0,,0.0,0.0,0.0
30,153,Treino,2063.0,0.0,0.0,,0.0,0.0,0.0
30,154,Treino,2062.0,0.0,0.0,,0.0,0.0,0.0
30,155,Treino,2061.0,0.0,0.0,,0.0,0.0,0.0
30,156,Treino,2060.0,0.0,0.0,,0.0,0.0,0.0
30,157,Treino,2059.0,0.0,0.0,,0.0,0.0,0.0
30,158,Treino,2058.0,0.0,0.0,,0.0,0.0,0.0
30,159,Treino,2057.0,0.0,0.0,,0.0,0.0,0.0
30,160,Treino,2056.0,0.0,0.0,,0.0,0.0,0.0
30,161,Treino,2055.0,0.0,0.0,,0.0,0.0,0.0
30,162,Treino,2054.0,0.0,0.0,,0.0,0.0,0.0
30,163,Treino,2053.0,0.0,0.0,,0.0,0.0,0.0
30,164,Treino,2052.0,0.0,0.0,,0.0,0.0,0.0
30,165,Treino,2051.0,0.0,0.0,,0.0,0.0,0.0
30,166,Treino,2050.0,0.0,0.0,,0.0,0.0,0.0
30,167,Treino,2049.0,0.0,0.0,,0.0,0.0,0.0
30,168,Treino,2048.0,0.0,0.0,,0.0,0.0,0.0
30,169,Treino,2047.0,0.0,0.0,,0.0,0.0,0.0
30,170,Treino,2046.0,0.0,0.0,,0.0,0.0,0.0
30,171,Treino,2045.0,0.0,0.0,,0.0,0.0,0.0
30,172,Treino,2044.0,0.0,0.0,,0.0,0.0,0.0
30,173,Treino,2043.0,0.0,0.0,,0.0,0.0,0.0
30,174,Treino,2042.0,0.0,0.0,,0.0,0.0,0.0
30,175,Treino,2041.0,0.0,0.0,,0.0,0.0,0.0
30,176,Treino,2040.0,0.0,0.0,,0.0,0.0,0.0
30,177,Treino,2039.0,0.0,0.0,,0.0,0.0,0.0
30,178,Treino,2038.0,0.0,0.0,,0.0,0.0,0.0
30,179,Treino,2037.0,0.0,0.0,,0.0,0.0,0.0
30,180,Treino,2036.0,0.0,0.0,,0.0,0.0,0.0
30,181,Treino,2035.0,0.0,0.0,,0.0,0.0,0.0
30,182,Treino,2034.0,0.0,0.0,,0.0,0.0,0.0
30,183,Treino,2033.0,0.0,0.0,,0.0,0.0,0.0
30,184,Treino,2032.0,0.0,0.0,,0.0,0.0,0.0
30,185,Treino,2031.0,0.0,0.0,,0.0,0.0,0.0
30,186,Treino,2030.0,0.0,0.0,,0.0,0.0,0.0
30,187,Treino,2029.0,0.0,0.0,,0.0,0.0,0.0
30,188,Treino,2028.0,0.0,0.0,,0.0,0.0,0.0
30,189,Treino,2027.0,0.0,0.0,,0.0,0.0,0.0
30,190,Treino,2026.0,0.0,0.0,,0.0,0.0,0.0
30,191,Treino,2025.0,0.0,0.0,,0.0,0.0,0.0
30,192,Treino,2024.0,0.0,0.0,,0.0,0.0,0.0
30,193,Treino,2023.0,0.0,0.0,,0.0,0.0,0.0
30,194,Treino,2022.0,0.0,0.0,,0.0,0.0,0.0
30,195,Treino,2021.0,0.0,0.0,,0.0,0.0,0.0
30,196,Treino,2020.0,0.0,0.0,,0.0,0.0,0.0
30,197,Treino,2019.0,0.0,0.0,,0.0,0.0,0.0
30,198,Treino,2018.0,0.0,0.0,,0.0,0.0,0.0
30,199,Treino,2017.0,0.0,0.0,,0.0,0.0,0.0
30,200,Treino,2016.0,0.0,0.0,,0.0,0.0,0.0
30,201,Treino,2015.0,0.0,0.0,,0.0,0.0,0.0
30,202,Treino,2014.0,0.0,0.0,,0.0,0.0,0.0
30,203,Treino,2013.0,0.0,0.0,,0.0,0.0,0.0
30,204,Treino,2012.0,0.0,0.0,,0.0,0.0,0.0
30,205,Treino,2011.0,0.0,0.0,,0.0,0.0,0.0
30,206,Treino,2010.0,0.0,0.0,,0.0,0.0,0.0
30,207,Treino,2009.0,0.0,0.0,,0.0,0.0,0.0
30,208,Treino,2008.0,0.0,0.0,,0.0,0.0,0.0
30,209,Treino,2007.0,0.0,0.0,,0.0,0.0,0.0
30,210,Treino,2006.0,0.0,0.0,,0.0,0.0,0.0
30,211,Treino,2005.0,0.0,0.0,,0.0,0.0,0.0
30,212,Treino,2004.0,0.0,0.0,,0.0,0.0,0.0
30,213,Treino,2003.0,0.0,0.0,,0.0,0.0,0.0
30,214,Treino,2002.0,0.0,0.0,,0.0,0.0,0.0
30,215,Treino,2001.0,0.0,0.0,,0.0,0.0,0.0
30,216,Treino,2000.0,0.0,0.0,,0.0,0.0,0.0
30,217,Treino,1999.0,0.0,0.0,,0.0,0.0,0.0
30,218,Treino,1998.0,0.0,0.0,,0.0,0.0,0.0
30,219,Treino,1997.0,0.0,0.0,,0.0,0.0,0.0
30,220,Treino,1996.0,0.0,0.0,,0.0,0.0,0.0
30,221,Treino,1995.0,0.0,0.0,,0.0,0.0,0.0
30,222,Treino,1994.0,0.0,0.0,,0.0,0.0,0.0
30,223,Treino,1993.0,0.0,0.0,,0.0,0.0,0.0
30,224,Treino,1992.0,0.0,0.0,,0.0,0.0,0.0
30,225,Treino,1991.0,0.0,0.0,,0.0,0.0,0.0
30,226,Treino,1990.0,0.0,0.0,,0.0,0.0,0.0
30,227,Treino,1989.0,0.0,0.0,,0.0,0.0,0.0
30,228,Treino,1988.0,0.0,0.0,,0.0,0.0,0.0
30,229,Treino,1987.0,0.0,0.0,,0.0,0.0,0.0
30,230,Treino,1986.0,0.0,0.0,,0.0,0.0,0.0
30,231,Treino,1985.0,0.0,0.0,,0.0,0.0,0.0
30,232,Treino,1984.0,0.0,0.0,,0.0,0.0,0.0
30,233,Treino,1983.0,0.0,0.0,,0.0,0.0,0.0
30,234,Treino,1982.0,0.0,0.0,,0.0,0.0,0.0
30,235,Treino,1981.0,0.0,0.0,,0.0,0.0,0.0
30,236,Treino,1980.0,0.0,0.0,,0.0,0.0,0.0
30,237,Treino,1979.0,0.0,0.0,,0.0,0.0,0.0
30,238,Treino,1978.0,0.0,0.0,,0.0,0.0,0.0
30,239,Treino,1977.0,0.0,0.0,,0.0,0.0,0.0
30,240,Treino,1976.0,0.0,0.0,,0.0,0.0,0.0
30,241,Treino,1975.0,0.0,0.0,,0.0,0.0,0.0
30,242,Treino,1974.0,0.0,0.0,,0.0,0.0,0.0
30,243,Treino,1973.0,0.0,0.0,,0.0,0.0,0.0
30,244,Treino,1972.0,0.0,0.0,,0.0,0.0,0.0
30,245,Treino,1971.0,0.0,0.0,,0.0,0.0,0.0
30,246,Treino,1970.0,0.0,0.0,,0.0,0.0,0.0
30,247,Treino,1969.0,0.0,0.0,,0.0,0.0,0.0
30,248,Treino,1968.0,0.0,0.0,,0.0,0.0,0.0
30,249,Treino,1967.0,0.0,0.0,,0.0,0.0,0.0
30,250,Treino,1966.0,0.0,0.0,,0.0,0.0,0.0
30,251,Treino,1965.0,0.0,0.0,,0.0,0.0,0.0
30,252,Treino,1964.0,0.0,0.0,,0.0,0.0,0.0
30,253,Treino,1963.0,0.0,0.0,,0.0,0.0,0.0
30,254,Treino,1962.0,0.0,0.0,,0.0,0.0,0.0
30,255,Treino,1961.0,0.0,0.0,,0.0,0.0,0.0
30,256,Treino,1960.0,0.0,0.0,,0.0,0.0,0.0
30,257,Treino,1959.0,0.0,0.0,,0.0,0.0,0.0
30,258,Treino,1958.0,0.0,0.0,,0.0,0.0,0.0
30,259,Treino,1957.0,0.0,0.0,,0.0,0.0,0.0
30,260,Treino,1956.0,0.0,0.0,,0.0,0.0,0.0
30,261,Treino,1955.0,0.0,0.0,,0.0,0.0,0.0
30,262,Treino,1954.0,0.0,0.0,,0.0,0.0,0.0
30,263,Treino,1953.0,0.0,0.0,,0.0,0.0,0.0
30,264,Treino,1952.0,0.0,0.0,,0.0,0.0,0.0
30,265,Treino,1951.0,0.0,0.0,,0.0,0.0,0.0
30,266,Treino,1950.0,0.0,0.0,,0.0,0.0,0.0
30,267,Treino,1949.0,0.0,0.0,,0.0,0.0,0.0
30,268,Treino,1948.0,0.0,0.0,,0.0,0.0,0.0
30,269,Treino,1947.0,0.0,0.0,,0.0,0.0,0.0
30,270,Treino,1946.0,0.0,0.0,,0.0,0.0,0.0
30,271,Treino,1945.0,0.0,0.0,,0.0,0.0,0.0
30,272,Treino,1944.0,0.0,0.0,,0.0,0.0,0.0
30,273,Treino,1943.0,0.0,0.0,,0.0,0.0,0.0
30,274,Treino,1942.0,0.0,0.0,,0.0,0.0,0.0
30,275,Treino,1941.0,0.0,0.0,,0.0,0.0,0.0
30,276,Treino,1940.0,0.0,0.0,,0.0,0.0,0.0
30,277,Treino,1939.0,0.0,0.0,,0.0,0.0,0.0
30,278,Treino,1938.0,0.0,0.0,,0.0,0.0,0.0
30,279,Treino,1937.0,0.0,0.0,,0.0,0.0,0.0
30,280,Treino,1936.0,0.0,0.0,,0.0,0.0,0.0
30,281,Treino,1935.0,0.0,0.0,,0.0,0.0,0.0
30,282,Treino,1934.0,0.0,0.0,,0.0,0.0,0.0
30,283,Treino,1933.0,0.0,0.0,,0.0,0.0,0.0
30,284,Treino,1932.0,0.0,0.0,,0.0,0.0,0.0
30,285,Treino,1931.0,0.0,0.0,,0.0,0.0,0.0
30,286,Treino,1930.0,0.0,0.0,,0.0,0.0,0.0
30,287,Treino,1929.0,0.0,0.0,,0.0,0.0,0.0
30,288,Treino,1928.0,0.0,0.0,,0.0,0.0,0.0
30,289,Treino,1927.0,0.0,0.0,,0.0,0.0,0.0
30,290,Treino,1926.0,0.0,0.0,,0.0,0.0,0.0
30,291,Treino,1925.0,0.0,0.0,,0.0,0.0,0.0
30,292,Treino,1924.0,0.0,0.0,,0.0,0.0,0.0
30,293,Treino,1923.0,0.0,0.0,,0.0,0.0,0.0
30,294,Treino,1922.0,0.0,0.0,,0.0,0.0,0.0
30,295,Treino,1921.0,0.0,0.0,,0.0,0.0,0.0
30,296,Treino,1920.0,0.0,0.0,,0.0,0.0,0.0
30,297,Treino,1919.0,0.0,0.0,,0.0,0.0,0.0
30,298,Treino,1918.0,0.0,0.0,,0.0,0.0,0.0
30,299,Treino,1917.0,0.0,0.0,,0.0,0.0,0.0
30,300,Treino,1916.0,0.0,0.0,,0.0,0.0,0.0
30,301,Treino,1915.0,0.0,0.0,,0.0,0.0,0.0
30,302,Treino,1914.0,0.0,0.0,,0.0,0.0,0.0
30,303,Treino,1913.0,0.0,0.0,,0.0,0.0,0.0
30,304,Treino,1912.0,0.0,0.0,,0.0,0.0,0.0
30,305,Treino,1911.0,0.0,0.0,,0.0,0.0,0.0
30,306,Treino,1910.0,0.0,0.0,,0.0,0.0,0.0
30,307,Treino,1909.0,0.0,0.0,,0.0,0.0,0.0
30,308,Treino,1908.0,0.0,0.0,,0.0,0.0,0.0
30,309,Treino,1907.0,0.0,0.0,,0.0,0.0,0.0
30,310,Treino,1906.0,0.0,0.0,,0.0,0.0,0.0
30,311,Treino,1905.0,0.0,0.0,,0.0,0.0,0.0
30,312,Treino,1904.0,0.0,0.0,,0.0,0.0,0.0
30,313,Treino,1903.0,0.0,0.0,,0.0,0.0,0.0
30,314,Treino,1902.0,0.0,0.0,,0.0,0.0,0.0
30,315,Treino,1901.0,0.0,0.0,,0.0,0.0,0.0
30,316,Treino,1900.0,0.0,0.0,,0.0,0.0,0.0
30,317,Treino,1899.0,0.0,0.0,,0.0,0.0,0.0
30,318,Treino,1898.0,0.0,0.0,,0.0,0.0,0.0
30,319,Treino,1897.0,0.0,0.0,,0.0,0.0,0.0
30,320,Treino,1896.0,0.0,0.0,,0.0,0.0,0.0
30,321,Treino,1895.0,0.0,0.0,,0.0,0.0,0.0
30,322,Treino,1894.0,0.0,0.0,,0.0,0.0,0.0
30,323,Treino,1893.0,0.0,0.0,,0.0,0.0,0.0
30,324,Treino,1892.0,0.0,0.0,,0.0,0.0,0.0
30,325,Treino,1891.0,0.0,0.0,,0.0,0.0,0.0
30,326,Treino,1890.0,0.0,0.0,,0.0,0.0,0.0
30,327,Treino,1889.0,0.0,0.0,,0.0,0.0,0.0
30,328,Treino,1888.0,0.0,0.0,,0.0,0.0,0.0
30,329,Treino,1887.0,0.0,0.0,,0.0,0.0,0.0
30,330,Treino,1886.0,0.0,0.0,,0.0,0.0,0.0
30,331,Treino,1885.0,0.0,0.0,,0.0,0.0,0.0
30,332,Treino,1884.0,0.0,0.0,,0.0,0.0,0.0
30,333,Treino,1883.0,0.0,0.0,,0.0,0.0,0.0
30,334,Treino,1882.0,0.0,0.0,,0.0,0.0,0.0
30,335,Treino,1881.0,0.0,0.0,,0.0,0.0,0.0
30,336,Treino,1880.0,0.0,0.0,,0.0,0.0,0.0
30,337,Treino,1879.0,0.0,0.0,,0.0,0.0,0.0
30,338,Treino,1878.0,0.0,0.0,,0.0,0.0,0.0
30,339,Treino,1877.0,0.0,0.0,,0.0,0.0,0.0
30,340,Treino,1876.0,0.0,0.0,,0.0,0.0,0.0
30,341,Treino,1875.0,0.0,0.0,,0.0,0.0,0.0
30,342,Treino,1874.0,0.0,0.0,,0.0,0.0,0.0
30,343,Treino,1873.0,0.0,0.0,,0.0,0.0,0.0
30,344,Treino,1872.0,0.0,0.0,,0.0,0.0,0.0
30,345,Treino,1871.0,0.0,0.0,,0.0,0.0,0.0
30,346,Treino,1870.0,0.0,0.0,,0.0,0.0,0.0
30,347,Treino,1869.0,0.0,0.0,,0.0,0.0,0.0
30,348,Treino,1868.0,0.0,0.0,,0.0,0.0,0.0
30,349,Treino,1867.0,0.0,0.0,,0.0,0.0,0.0
30,350,Treino,1866.0,0.0,0.0,,0.0,0.0,0.0
30,351,Treino,1865.0,0.0,0.0,,0.0,0.0,0.0
30,352,Treino,1864.0,0.0,0.0,,0.0,0.0,0.0
30,353,Treino,1863.0,0.0,0.0,,0.0,0.0,0.0
30,354,Treino,1862.0,0.0,0.0,,0.0,0.0,0.0
30,355,Treino,1861.0,0.0,0.0,,0.0,0.0,0.0
30,356,Treino,1860.0,0.0,0.0,,0.0,0.0,0.0
30,357,Treino,1859.0,0.0,0.0,,0.0,0.0,0.0
30,358,Treino,1858.0,0.0,0.0,,0.0,0.0,0.0
30,359,Treino,1857.0,0.0,0.0,,0.0,0.0,0.0
30,360,Treino,1856.0,0.0,0.0,,0.0,0.0,0.0
30,361,Treino,1855.0,0.0,0.0,,0.0,0.0,0.0
30,362,Treino,1854.0,0.0,0.0,,0.0,0.0,0.0
30,363,Treino,1853.0,0.0,0.0,,0.0,0.0,0.0
30,364,Treino,1852.0,0.0,0.0,,0.0,0.0,0.0
30,365,Treino,1851.0,0.0,0.0,,0.0,0.0,0.0
30,366,Treino,1850.0,0.0,0.0,,0.0,0.0,0.0
30,367,Treino,1849.0,0.0,0.0,,0.0,0.0,0.0
30,368,Treino,1848.0,0.0,0.0,,0.0,0.0,0.0
30,369,Treino,1847.0,0.0,0.0,,0.0,0.0,0.0
30,370,Treino,1846.0,0.0,0.0,,0.0,0.0,0.0
30,371,Treino,1845.0,0.0,0.0,,0.0,0.0,0.0
30,372,Treino,1844.0,0.0,0.0,,0.0,0.0,0.0
30,373,Treino,1843.0,0.0,0.0,,0.0,0.0,0.0
30,374,Treino,1842.0,0.0,0.0,,0.0,0.0,0.0
30,375,Treino,1841.0,0.0,0.0,,0.0,0.0,0.0
30,376,Treino,1840.0,0.0,0.0,,0.0,0.0,0.0
30,377,Treino,1839.0,0.0,0.0,,0.0,0.0,0.0
30,378,Treino,1838.0,0.0,0.0,,0.0,0.0,0.0
30,379,Treino,1837.0,0.0,0.0,,0.0,0.0,0.0
30,380,Treino,1836.0,0.0,0.0,,0.0,0.0,0.0
30,381,Treino,1835.0,0.0,0.0,,0.0,0.0,0.0
30,382,Treino,1834.0,0.0,0.0,,0.0,0.0,0.0
30,383,Treino,1833.0,0.0,0.0,,0.0,0.0,0.0
30,384,Treino,1832.0,0.0,0.0,,0.0,0.0,0.0
30,385,Treino,1831.0,0.0,0.0,,0.0,0.0,0.0
30,386,Treino,1830.0,0.0,0.0,,0.0,0.0,0.0
30,387,Treino,1829.0,0.0,0.0,,0.0,0.0,0.0
30,388,Treino,1828.0,0.0,0.0,,0.0,0.0,0.0
30,389,Treino,1827.0,0.0,0.0,,0.0,0.0,0.0
30,390,Treino,1826.0,0.0,0.0,,0.0,0.0,0.0
30,391,Treino,1825.0,0.0,0.0,,0.0,0.0,0.0
30,392,Treino,1824.0,0.0,0.0,,0.0,0.0,0.0
30,393,Treino,1823.0,0.0,0.0,,0.0,0.0,0.0
30,394,Treino,1822.0,0.0,0.0,,0.0,0.0,0.0
30,395,Treino,1821.0,0.0,0.0,,0.0,0.0,0.0
30,396,Treino,1820.0,0.0,0.0,,0.0,0.0,0.0
30,397,Treino,1819.0,0.0,0.0,,0.0,0.0,0.0
30,398,Treino,1818.0,0.0,0.0,,0.0,0.0,0.0
30,399,Treino,1817.0,0.0,0.0,,0.0,0.0,0.0
30,400,Treino,1816.0,0.0,0.0,,0.0,0.0,0.0
30,401,Treino,1815.0,0.0,0.0,,0.0,0.0,0.0
30,402,Treino,1814.0,0.0,0.0,,0.0,0.0,0.0
30,403,Treino,1813.0,0.0,0.0,,0.0,0.0,0.0
30,404,Treino,1812.0,0.0,0.0,,0.0,0.0,0.0
30,405,Treino,1811.0,0.0,0.0,,0.0,0.0,0.0
30,406,Treino,1810.0,0.0,0.0,,0.0,0.0,0.0
30,407,Treino,1809.0,0.0,0.0,,0.0,0.0,0.0
30,408,Treino,1808.0,0.0,0.0,,0.0,0.0,0.0
30,409,Treino,1807.0,0.0,0.0,,0.0,0.0,0.0
30,410,Treino,1806.0,0.0,0.0,,0.0,0.0,0.0
30,411,Treino,1805.0,0.0,0.0,,0.0,0.0,0.0
30,412,Treino,1804.0,0.0,0.0,,0.0,0.0,0.0
30,413,Treino,1803.0,0.0,0.0,,0.0,0.0,0.0
30,414,Treino,1802.0,0.0,0.0,,0.0,0.0,0.0
30,415,Treino,1801.0,0.0,0.0,,0.0,0.0,0.0
30,416,Treino,1800.0,0.0,0.0,,0.0,0.0,0.0
30,417,Treino,1799.0,0.0,0.0,,0.0,0.0,0.0
30,418,Treino,1798.0,0.0,0.0,,0.0,0.0,0.0
30,419,Treino,1797.0,0.0,0.0,,0.0,0.0,0.0
30,420,Treino,1796.0,0.0,0.0,,0.0,0.0,0.0
30,421,Treino,1795.0,0.0,0.0,,0.0,0.0,0.0
30,422,Treino,1794.0,0.0,0.0,,0.0,0.0,0.0
30,423,Treino,1793.0,0.0,0.0,,0.0,0.0,0.0
30,424,Treino,1792.0,0.0,0.0,,0.0,0.0,0.0
30,425,Treino,1791.0,0.0,0.0,,0.0,0.0,0.0
30,426,Treino,1790.0,0.0,0.0,,0.0,0.0,0.0
30,427,Treino,1789.0,0.0,0.0,,0.0,0.0,0.0
30,428,Treino,1788.0,0.0,0.0,,0.0,0.0,0.0
30,429,Treino,1787.0,0.0,0.0,,0.0,0.0,0.0
30,430,Treino,1786.0,0.0,0.0,,0.0,0.0,0.0
30,431,Treino,1785.0,0.0,0.0,,0.0,0.0,0.0
30,432,Treino,1784.0,0.0,0.0,,0.0,0.0,0.0
30,433,Treino,1783.0,0.0,0.0,,0.0,0.0,0.0
30,434,Treino,1782.0,0.0,0.0,,0.0,0.0,0.0
30,435,Treino,1781.0,0.0,0.0,,0.0,0.0,0.0
30,436,Treino,1780.0,0.0,0.0,,0.0,0.0,0.0
30,437,Treino,1779.0,0.0,0.0,,0.0,0.0,0.0
30,438,Treino,1778.0,0.0,0.0,,0.0,0.0,0.0
30,439,Treino,1777.0,0.0,0.0,,0.0,0.0,0.0
30,440,Treino,1776.0,0.0,0.0,,0.0,0.0,0.0
30,441,Treino,1775.0,0.0,0.0,,0.0,0.0,0.0
30,442,Treino,1774.0,0.0,0.0,,0.0,0.0,0.0
30,443,Treino,1773.0,0.0,0.0,,0.0,0.0,0.0
30,444,Treino,1772.0,0.0,0.0,,0.0,0.0,0.0
30,445,Treino,1771.0,0.0,0.0,,0.0,0.0,0.0
30,446,Treino,1770.0,0.0,0.0,,0.0,0.0,0.0
30,447,Treino,1769.0,0.0,0.0,,0.0,0.0,0.0
30,448,Treino,1768.0,0.0,0.0,,0.0,0.0,0.0
30,449,Treino,1767.0,0.0,0.0,,0.0,0.0,0.0
30,450,Treino,1766.0,0.0,0.0,,0.0,0.0,0.0
30,451,Treino,1765.0,0.0,0.0,,0.0,0.0,0.0
30,452,Treino,1764.0,0.0,0.0,,0.0,0.0,0.0
30,453,Treino,1763.0,0.0,0.0,,0.0,0.0,0.0
30,454,Treino,1762.0,0.0,0.0,,0.0,0.0,0.0
30,455,Treino,1761.0,0.0,0.0,,0.0,0.0,0.0
30,456,Treino,1760.0,0.0,0.0,,0.0,0.0,0.0
30,457,Treino,1759.0,0.0,0.0,,0.0,0.0,0.0
30,458,Treino,1758.0,0.0,0.0,,0.0,0.0,0.0
30,459,Treino,1757.0,0.0,0.0,,0.0,0.0,0.0
30,460,Treino,1756.0,0.0,0.0,,0.0,0.0,0.0
30,461,Treino,1755.0,0.0,0.0,,0.0,0.0,0.0
30,462,Treino,1754.0,0.0,0.0,,0.0,0.0,0.0
30,463,Treino,1753.0,0.0,0.0,,0.0,0.0,0.0
30,464,Treino,1752.0,0.0,0.0,,0.0,0.0,0.0
30,465,Treino,1751.0,0.0,0.0,,0.0,0.0,0.0
30,466,Treino,1750.0,0.0,0.0,,0.0,0.0,0.0
30,467,Treino,1749.0,0.0,0.0,,0.0,0.0,0.0
30,468,Treino,1748.0,0.0,0.0,,0.0,0.0,0.0
30,469,Treino,1747.0,0.0,0.0,,0.0,0.0,0.0
30,470,Treino,1746.0,0.0,0.0,,0.0,0.0,0.0
30,471,Treino,1745.0,0.0,0.0,,0.0,0.0,0.0
30,472,Treino,1744.0,0.0,0.0,,0.0,0.0,0.0
30,473,Treino,1743.0,0.0,0.0,,0.0,0.0,0.0
30,474,Treino,1742.0,0.0,0.0,,0.0,0.0,0.0
30,475,Treino,1741.0,0.0,0.0,,0.0,0.0,0.0
30,476,Treino,1740.0,0.0,0.0,,0.0,0.0,0.0
30,477,Treino,1739.0,0.0,0.0,,0.0,0.0,0.0
30,478,Treino,1738.0,0.0,0.0,,0.0,0.0,0.0
30,479,Treino,1737.0,0.0,0.0,,0.0,0.0,0.0
30,480,Treino,1736.0,0.0,0.0,,0.0,0.0,0.0
30,481,Treino,1735.0,0.0,0.0,,0.0,0.0,0.0
30,482,Treino,1734.0,0.0,0.0,,0.0,0.0,0.0
30,483,Treino,1733.0,0.0,0.0,,0.0,0.0,0.0
30,484,Treino,1732.0,0.0,0.0,,0.0,0.0,0.0
30,485,Treino,1731.0,0.0,0.0,,0.0,0.0,0.0
30,486,Treino,1730.0,0.0,0.0,,0.0,0.0,0.0
30,487,Treino,1729.0,0.0,0.0,,0.0,0.0,0.0
30,488,Treino,1728.0,0.0,0.0,,0.0,0.0,0.0
30,489,Treino,1727.0,0.0,0.0,,0.0,0.0,0.0
30,490,Treino,1726.0,0.0,0.0,,0.0,0.0,0.0
30,491,Treino,1725.0,0.0,0.0,,0.0,0.0,0.0
30,492,Treino,1724.0,0.0,0.0,,0.0,0.0,0.0
30,493,Treino,1723.0,0.0,0.0,,0.0,0.0,0.0
30,494,Treino,1722.0,0.0,0.0,,0.0,0.0,0.0
30,495,Treino,1721.0,0.0,0.0,,0.0,0.0,0.0
30,496,Treino,1720.0,0.0,0.0,,0.0,0.0,0.0
30,497,Treino,1719.0,0.0,0.0,,0.0,0.0,0.0
30,498,Treino,1718.0,0.0,0.0,,0.0,0.0,0.0
30,499,Treino,1717.0,0.0,0.0,,0.0,0.0,0.0
30,500,Treino,1716.0,0.0,0.0,,0.0,0.0,0.0
30,501,Treino,1715.0,0.0,0.0,,0.0,0.0,0.0
30,502,Treino,1714.0,0.0,0.0,,0.0,0.0,0.0
30,503,Treino,1713.0,0.0,0.0,,0.0,0.0,0.0
30,504,Treino,1712.0,0.0,0.0,,0.0,0.0,0.0
30,505,Treino,1711.0,0.0,0.0,,0.0,0.0,0.0
30,506,Treino,1710.0,0.0,0.0,,0.0,0.0,0.0
30,507,Treino,1709.0,0.0,0.0,,0.0,0.0,0.0
30,508,Treino,1708.0,0.0,0.0,,0.0,0.0,0.0
30,509,Treino,1707.0,0.0,0.0,,0.0,0.0,0.0
30,510,Treino,1706.0,0.0,0.0,,0.0,0.0,0.0
30,511,Treino,1705.0,0.0,0.0,,0.0,0.0,0.0
30,512,Treino,1704.0,0.0,0.0,,0.0,0.0,0.0
30,513,Treino,1703.0,0.0,0.0,,0.0,0.0,0.0
30,514,Treino,1702.0,0.0,0.0,,0.0,0.0,0.0
30,515,Treino,1701.0,0.0,0.0,,0.0,0.0,0.0
30,516,Treino,1700.0,0.0,0.0,,0.0,0.0,0.0
30,517,Treino,1699.0,0.0,0.0,,0.0,0.0,0.0
30,518,Treino,1698.0,0.0,0.0,,0.0,0.0,0.0
30,519,Treino,1697.0,0.0,0.0,,0.0,0.0,0.0
30,520,Treino,1696.0,0.0,0.0,,0.0,0.0,0.0
30,521,Treino,1695.0,0.0,0.0,,0.0,0.0,0.0
30,522,Treino,1694.0,0.0,0.0,,0.0,0.0,0.0
30,523,Treino,1693.0,0.0,0.0,,0.0,0.0,0.0
30,524,Treino,1692.0,0.0,0.0,,0.0,0.0,0.0
30,525,Treino,1691.0,0.0,0.0,,0.0,0.0,0.0
30,526,Treino,1690.0,0.0,0.0,,0.0,0.0,0.0
30,527,Treino,1689.0,0.0,0.0,,0.0,0.0,0.0
30,528,Treino,1688.0,0.0,0.0,,0.0,0.0,0.0
30,529,Treino,1687.0,0.0,0.0,,0.0,0.0,0.0
30,530,Treino,1686.0,0.0,0.0,,0.0,0.0,0.0
30,531,Treino,1685.0,0.0,0.0,,0.0,0.0,0.0
30,532,Treino,1684.0,0.0,0.0,,0.0,0.0,0.0
30,533,Treino,1683.0,0.0,0.0,,0.0,0.0,0.0
30,534,Treino,1682.0,0.0,0.0,,0.0,0.0,0.0
30,535,Treino,1681.0,0.0,0.0,,0.0,0.0,0.0
30,536,Treino,1680.0,0.0,0.0,,0.0,0.0,0.0
30,537,Treino,1679.0,0.0,0.0,,0.0,0.0,0.0
30,538,Treino,1678.0,0.0,0.0,,0.0,0.0,0.0
30,539,Treino,1677.0,0.0,0.0,,0.0,0.0,0.0
30,540,Treino,1676.0,0.0,0.0,,0.0,0.0,0.0
30,541,Treino,1675.0,0.0,0.0,,0.0,0.0,0.0
30,542,Treino,1674.0,0.0,0.0,,0.0,0.0,0.0
30,543,Treino,1673.0,0.0,0.0,,0.0,0.0,0.0
30,544,Treino,1672.0,0.0,0.0,,0.0,0.0,0.0
30,545,Treino,1671.0,0.0,0.0,,0.0,0.0,0.0
30,546,Treino,1670.0,0.0,0.0,,0.0,0.0,0.0
30,547,Treino,1669.0,0.0,0.0,,0.0,0.0,0.0
30,548,Treino,1668.0,0.0,0.0,,0.0,0.0,0.0
30,549,Treino,1667.0,0.0,0.0,,0.0,0.0,0.0
30,550,Treino,1666.0,0.0,0.0,,0.0,0.0,0.0
30,551,Treino,1665.0,0.0,0.0,,0.0,0.0,0.0
30,552,Treino,1664.0,0.0,0.0,,0.0,0.0,0.0
30,553,Treino,1663.0,0.0,0.0,,0.0,0.0,0.0
30,554,Treino,1662.0,0.0,0.0,,0.0,0.0,0.0
30,555,Treino,1661.0,0.0,0.0,,0.0,0.0,0.0
30,556,Treino,1660.0,0.0,0.0,,0.0,0.0,0.0
30,557,Treino,1659.0,0.0,0.0,,0.0,0.0,0.0
30,558,Treino,1658.0,0.0,0.0,,0.0,0.0,0.0
30,559,Treino,1657.0,0.0,0.0,,0.0,0.0,0.0
30,560,Treino,1656.0,0.0,0.0,,0.0,0.0,0.0
30,561,Treino,1655.0,0.0,0.0,,0.0,0.0,0.0
30,562,Treino,1654.0,0.0,0.0,,0.0,0.0,0.0
30,563,Treino,1653.0,0.0,0.0,,0.0,0.0,0.0
30,564,Treino,1652.0,0.0,0.0,,0.0,0.0,0.0
30,565,Treino,1651.0,0.0,0.0,,0.0,0.0,0.0
30,566,Treino,1650.0,0.0,0.0,,0.0,0.0,0.0
30,567,Treino,1649.0,0.0,0.0,,0.0,0.0,0.0
30,568,Treino,1648.0,0.0,0.0,,0.0,0.0,0.0
30,569,Treino,1647.0,0.0,0.0,,0.0,0.0,0.0
30,570,Treino,1646.0,0.0,0.0,,0.0,0.0,0.0
30,571,Treino,1645.0,0.0,0.0,,0.0,0.0,0.0
30,572,Treino,1644.0,0.0,0.0,,0.0,0.0,0.0
30,573,Treino,1643.0,0.0,0.0,,0.0,0.0,0.0
30,574,Treino,1642.0,0.0,0.0,,0.0,0.0,0.0
30,575,Treino,1641.0,0.0,0.0,,0.0,0.0,0.0
30,576,Treino,1640.0,0.0,0.0,,0.0,0.0,0.0
30,577,Treino,1639.0,0.0,0.0,,0.0,0.0,0.0
30,578,Treino,1638.0,0.0,0.0,,0.0,0.0,0.0
30,579,Treino,1637.0,0.0,0.0,,0.0,0.0,0.0
30,580,Treino,1636.0,0.0,0.0,,0.0,0.0,0.0
30,581,Treino,1635.0,0.0,0.0,,0.0,0.0,0.0
30,582,Treino,1634.0,0.0,0.0,,0.0,0.0,0.0
30,583,Treino,1633.0,0.0,0.0,,0.0,0.0,0.0
30,584,Treino,1632.0,0.0,0.0,,0.0,0.0,0.0
30,585,Treino,1631.0,0.0,0.0,,0.0,0.0,0.0
30,586,Treino,1630.0,0.0,0.0,,0.0,0.0,0.0
30,587,Treino,1629.0,0.0,0.0,,0.0,0.0,0.0
30,588,Treino,1628.0,0.0,0.0,,0.0,0.0,0.0
30,589,Treino,1627.0,0.0,0.0,,0.0,0.0,0.0
30,590,Treino,1626.0,0.0,0.0,,0.0,0.0,0.0
30,591,Treino,1625.0,0.0,0.0,,0.0,0.0,0.0
30,592,Treino,1624.0,0.0,0.0,,0.0,0.0,0.0
30,593,Treino,1623.0,0.0,0.0,,0.0,0.0,0.0
30,594,Treino,1622.0,0.0,0.0,,0.0,0.0,0.0
30,595,Treino,1621.0,0.0,0.0,,0.0,0.0,0.0
30,596,Treino,1620.0,0.0,0.0,,0.0,0.0,0.0
30,597,Treino,1619.0,0.0,0.0,,0.0,0.0,0.0
30,598,Treino,1618.0,0.0,0.0,,0.0,0.0,0.0
30,599,Treino,1617.0,0.0,0.0,,0.0,0.0,0.0
30,600,Treino,1616.0,0.0,0.0,,0.0,0.0,0.0
30,601,Treino,1615.0,0.0,0.0,,0.0,0.0,0.0
30,602,Treino,1614.0,0.0,0.0,,0.0,0.0,0.0
30,603,Treino,1613.0,0.0,0.0,,0.0,0.0,0.0
30,604,Treino,1612.0,0.0,0.0,,0.0,0.0,0.0
30,605,Treino,1611.0,0.0,0.0,,0.0,0.0,0.0
30,606,Treino,1610.0,0.0,0.0,,0.0,0.0,0.0
30,607,Treino,1609.0,0.0,0.0,,0.0,0.0,0.0
30,608,Treino,1608.0,0.0,0.0,,0.0,0.0,0.0
30,609,Treino,1607.0,0.0,0.0,,0.0,0.0,0.0
30,610,Treino,1606.0,0.0,0.0,,0.0,0.0,0.0
30,611,Treino,1605.0,0.0,0.0,,0.0,0.0,0.0
30,612,Treino,1604.0,0.0,0.0,,0.0,0.0,0.0
30,613,Treino,1603.0,0.0,0.0,,0.0,0.0,0.0
30,614,Treino,1602.0,0.0,0.0,,0.0,0.0,0.0
30,615,Treino,1601.0,0.0,0.0,,0.0,0.0,0.0
30,616,Treino,1600.0,0.0,0.0,,0.0,0.0,0.0
30,617,Treino,1599.0,0.0,0.0,,0.0,0.0,0.0
30,618,Treino,1598.0,0.0,0.0,,0.0,0.0,0.0
30,619,Treino,1597.0,0.0,0.0,,0.0,0.0,0.0
30,620,Treino,1596.0,0.0,0.0,,0.0,0.0,0.0
30,621,Treino,1595.0,0.0,0.0,,0.0,0.0,0.0
30,622,Treino,1594.0,0.0,0.0,,0.0,0.0,0.0
30,623,Treino,1593.0,0.0,0.0,,0.0,0.0,0.0
30,624,Treino,1592.0,0.0,0.0,,0.0,0.0,0.0
30,625,Treino,1591.0,0.0,0.0,,0.0,0.0,0.0
30,626,Treino,1590.0,0.0,0.0,,0.0,0.0,0.0
30,627,Treino,1589.0,0.0,0.0,,0.0,0.0,0.0
30,628,Treino,1588.0,0.0,0.0,,0.0,0.0,0.0
30,629,Treino,1587.0,0.0,0.0,,0.0,0.0,0.0
30,630,Treino,1586.0,0.0,0.0,,0.0,0.0,0.0
30,631,Treino,1585.0,0.0,0.0,,0.0,0.0,0.0
30,632,Treino,1584.0,0.0,0.0,,0.0,0.0,0.0
30,633,Treino,1583.0,0.0,0.0,,0.0,0.0,0.0
30,634,Treino,1582.0,0.0,0.0,,0.0,0.0,0.0
30,635,Treino,1581.0,0.0,0.0,,0.0,0.0,0.0
30,636,Treino,1580.0,0.0,0.0,,0.0,0.0,0.0
30,637,Treino,1579.0,0.0,0.0,,0.0,0.0,0.0
30,638,Treino,1578.0,0.0,0.0,,0.0,0.0,0.0
30,639,Treino,1577.0,0.0,0.0,,0.0,0.0,0.0
30,640,Treino,1576.0,0.0,0.0,,0.0,0.0,0.0
30,641,Treino,1575.0,0.0,0.0,,0.0,0.0,0.0
30,642,Treino,1574.0,0.0,0.0,,0.0,0.0,0.0
30,643,Treino,1573.0,0.0,0.0,,0.0,0.0,0.0
30,644,Treino,1572.0,0.0,0.0,,0.0,0.0,0.0
30,645,Treino,1571.0,0.0,0.0,,0.0,0.0,0.0
30,646,Treino,1570.0,0.0,0.0,,0.0,0.0,0.0
30,647,Treino,1569.0,0.0,0.0,,0.0,0.0,0.0
30,648,Treino,1568.0,0.0,0.0,,0.0,0.0,0.0
30,649,Treino,1567.0,0.0,0.0,,0.0,0.0,0.0
30,650,Treino,1566.0,0.0,0.0,,0.0,0.0,0.0
30,651,Treino,1565.0,0.0,0.0,,0.0,0.0,0.0
30,652,Treino,1564.0,0.0,0.0,,0.0,0.0,0.0
30,653,Treino,1563.0,0.0,0.0,,0.0,0.0,0.0
30,654,Treino,1562.0,0.0,0.0,,0.0,0.0,0.0
30,655,Treino,1561.0,0.0,0.0,,0.0,0.0,0.0
30,656,Treino,1560.0,0.0,0.0,,0.0,0.0,0.0
30,657,Treino,1559.0,0.0,0.0,,0.0,0.0,0.0
30,658,Treino,1558.0,0.0,0.0,,0.0,0.0,0.0
30,659,Treino,1557.0,0.0,0.0,,0.0,0.0,0.0
30,660,Treino,1556.0,0.0,0.0,,0.0,0.0,0.0
30,661,Treino,1555.0,0.0,0.0,,0.0,0.0,0.0
30,662,Treino,1554.0,0.0,0.0,,0.0,0.0,0.0
30,663,Treino,1553.0,0.0,0.0,,0.0,0.0,0.0
30,664,Treino,1552.0,0.0,0.0,,0.0,0.0,0.0
30,665,Treino,1551.0,0.0,0.0,,0.0,0.0,0.0
30,666,Treino,1550.0,0.0,0.0,,0.0,0.0,0.0
30,667,Treino,1549.0,0.0,0.0,,0.0,0.0,0.0
30,668,Treino,1548.0,0.0,0.0,,0.0,0.0,0.0
30,669,Treino,1547.0,0.0,0.0,,0.0,0.0,0.0
30,670,Treino,1546.0,0.0,0.0,,0.0,0.0,0.0
30,671,Treino,1545.0,0.0,0.0,,0.0,0.0,0.0
30,672,Treino,1544.0,0.0,0.0,,0.0,0.0,0.0
30,673,Treino,1543.0,0.0,0.0,,0.0,0.0,0.0
30,674,Treino,1542.0,0.0,0.0,,0.0,0.0,0.0
30,675,Treino,1541.0,0.0,0.0,,0.0,0.0,0.0
30,676,Treino,1540.0,0.0,0.0,,0.0,0.0,0.0
30,677,Treino,1539.0,0.0,0.0,,0.0,0.0,0.0
30,678,Treino,1538.0,0.0,0.0,,0.0,0.0,0.0
30,679,Treino,1537.0,0.0,0.0,,0.0,0.0,0.0
30,680,Treino,1536.0,0.0,0.0,,0.0,0.0,0.0
30,681,Treino,1535.0,0.0,0.0,,0.0,0.0,0.0
30,682,Treino,1534.0,0.0,0.0,,0.0,0.0,0.0
30,683,Treino,1533.0,0.0,0.0,,0.0,0.0,0.0
30,684,Treino,1532.0,0.0,0.0,,0.0,0.0,0.0
30,685,Treino,1531.0,0.0,0.0,,0.0,0.0,0.0
30,686,Treino,1530.0,0.0,0.0,,0.0,0.0,0.0
30,687,Treino,1529.0,0.0,0.0,,0.0,0.0,0.0
30,688,Treino,1528.0,0.0,0.0,,0.0,0.0,0.0
30,689,Treino,1527.0,0.0,0.0,,0.0,0.0,0.0
30,690,Treino,1526.0,0.0,0.0,,0.0,0.0,0.0
30,691,Treino,1525.0,0.0,0.0,,0.0,0.0,0.0
30,692,Treino,1524.0,0.0,0.0,,0.0,0.0,0.0
30,693,Treino,1523.0,0.0,0.0,,0.0,0.0,0.0
30,694,Treino,1522.0,0.0,0.0,,0.0,0.0,0.0
30,695,Treino,1521.0,0.0,0.0,,0.0,0.0,0.0
30,696,Treino,1520.0,0.0,0.0,,0.0,0.0,0.0
30,697,Treino,1519.0,0.0,0.0,,0.0,0.0,0.0
30,698,Treino,1518.0,0.0,0.0,,0.0,0.0,0.0
30,699,Treino,1517.0,0.0,0.0,,0.0,0.0,0.0
30,700,Treino,1516.0,0.0,0.0,,0.0,0.0,0.0
30,701,Treino,1515.0,0.0,0.0,,0.0,0.0,0.0
30,702,Treino,1514.0,0.0,0.0,,0.0,0.0,0.0
30,703,Treino,1513.0,0.0,0.0,,0.0,0.0,0.0
30,704,Treino,1512.0,0.0,0.0,,0.0,0.0,0.0
30,705,Treino,1511.0,0.0,0.0,,0.0,0.0,0.0
30,706,Treino,1510.0,0.0,0.0,,0.0,0.0,0.0
30,707,Treino,1509.0,0.0,0.0,,0.0,0.0,0.0
30,708,Treino,1508.0,0.0,0.0,,0.0,0.0,0.0
30,709,Treino,1507.0,0.0,0.0,,0.0,0.0,0.0
30,710,Treino,1506.0,0.0,0.0,,0.0,0.0,0.0
30,711,Treino,1505.0,0.0,0.0,,0.0,0.0,0.0
30,712,Treino,1504.0,0.0,0.0,,0.0,0.0,0.0
30,713,Treino,1503.0,0.0,0.0,,0.0,0.0,0.0
30,714,Treino,1502.0,0.0,0.0,,0.0,0.0,0.0
30,715,Treino,1501.0,0.0,0.0,,0.0,0.0,0.0
30,716,Treino,1500.0,0.0,0.0,,0.0,0.0,0.0
30,717,Treino,1499.0,0.0,0.0,,0.0,0.0,0.0
30,718,Treino,1498.0,0.0,0.0,,0.0,0.0,0.0
30,719,Treino,1497.0,0.0,0.0,,0.0,0.0,0.0
30,720,Treino,1496.0,0.0,0.0,,0.0,0.0,0.0
30,721,Treino,1495.0,0.0,0.0,,0.0,0.0,0.0
30,722,Treino,1494.0,0.0,0.0,,0.0,0.0,0.0
30,723,Treino,1493.0,0.0,0.0,,0.0,0.0,0.0
30,724,Treino,1492.0,0.0,0.0,,0.0,0.0,0.0
30,725,Treino,1491.0,0.0,0.0,,0.0,0.0,0.0
30,726,Treino,1490.0,0.0,0.0,,0.0,0.0,0.0
30,727,Treino,1489.0,0.0,0.0,,0.0,0.0,0.0
30,728,Treino,1488.0,0.0,0.0,,0.0,0.0,0.0
30,729,Treino,1487.0,0.0,0.0,,0.0,0.0,0.0
30,730,Treino,1486.0,0.0,0.0,,0.0,0.0,0.0
30,731,Treino,1485.0,0.0,0.0,,0.0,0.0,0.0
30,732,Treino,1484.0,0.0,0.0,,0.0,0.0,0.0
30,733,Treino,1483.0,0.0,0.0,,0.0,0.0,0.0
30,734,Treino,1482.0,0.0,0.0,,0.0,0.0,0.0
30,735,Treino,1481.0,0.0,0.0,,0.0,0.0,0.0
30,736,Treino,1480.0,0.0,0.0,,0.0,0.0,0.0
30,737,Treino,1479.0,0.0,0.0,,0.0,0.0,0.0
30,738,Treino,1478.0,0.0,0.0,,0.0,0.0,0.0
30,739,Treino,1477.0,0.0,0.0,,0.0,0.0,0.0
30,740,Treino,1476.0,0.0,0.0,,0.0,0.0,0.0
30,741,Treino,1475.0,0.0,0.0,,0.0,0.0,0.0
30,742,Treino,1474.0,0.0,0.0,,0.0,0.0,0.0
30,743,Treino,1473.0,0.0,0.0,,0.0,0.0,0.0
30,744,Treino,1472.0,0.0,0.0,,0.0,0.0,0.0
30,745,Treino,1471.0,0.0,0.0,,0.0,0.0,0.0
30,746,Treino,1470.0,0.0,0.0,,0.0,0.0,0.0
30,747,Treino,1469.0,0.0,0.0,,0.0,0.0,0.0
30,748,Treino,1468.0,0.0,0.0,,0.0,0.0,0.0
30,749,Treino,1467.0,0.0,0.0,,0.0,0.0,0.0
30,750,Treino,1466.0,0.0,0.0,,0.0,0.0,0.0
30,751,Treino,1465.0,0.0,0.0,,0.0,0.0,0.0
30,752,Treino,1464.0,0.0,0.0,,0.0,0.0,0.0
30,753,Treino,1463.0,0.0,0.0,,0.0,0.0,0.0
30,754,Treino,1462.0,0.0,0.0,,0.0,0.0,0.0
30,755,Treino,1461.0,0.0,0.0,,0.0,0.0,0.0
30,756,Treino,1460.0,0.0,0.0,,0.0,0.0,0.0
30,757,Treino,1459.0,0.0,0.0,,0.0,0.0,0.0
30,758,Treino,1458.0,0.0,0.0,,0.0,0.0,0.0
30,759,Treino,1457.0,0.0,0.0,,0.0,0.0,0.0
30,760,Treino,1456.0,0.0,0.0,,0.0,0.0,0.0
30,761,Treino,1455.0,0.0,0.0,,0.0,0.0,0.0
30,762,Treino,1454.0,0.0,0.0,,0.0,0.0,0.0
30,763,Treino,1453.0,0.0,0.0,,0.0,0.0,0.0
30,764,Treino,1452.0,0.0,0.0,,0.0,0.0,0.0
30,765,Treino,1451.0,0.0,0.0,,0.0,0.0,0.0
30,766,Treino,1450.0,0.0,0.0,,0.0,0.0,0.0
30,767,Treino,1449.0,0.0,0.0,,0.0,0.0,0.0
30,768,Treino,1448.0,0.0,0.0,,0.0,0.0,0.0
30,769,Treino,1447.0,0.0,0.0,,0.0,0.0,0.0
30,770,Treino,1446.0,0.0,0.0,,0.0,0.0,0.0
30,771,Treino,1445.0,0.0,0.0,,0.0,0.0,0.0
30,772,Treino,1444.0,0.0,0.0,,0.0,0.0,0.0
30,773,Treino,1443.0,0.0,0.0,,0.0,0.0,0.0
30,774,Treino,1442.0,0.0,0.0,,0.0,0.0,0.0
30,775,Treino,1441.0,0.0,0.0,,0.0,0.0,0.0
30,776,Treino,1440.0,0.0,0.0,,0.0,0.0,0.0
30,777,Treino,1439.0,0.0,0.0,,0.0,0.0,0.0
30,778,Treino,1438.0,0.0,0.0,,0.0,0.0,0.0
30,779,Treino,1437.0,0.0,0.0,,0.0,0.0,0.0
30,780,Treino,1436.0,0.0,0.0,,0.0,0.0,0.0
30,781,Treino,1435.0,0.0,0.0,,0.0,0.0,0.0
30,782,Treino,1434.0,0.0,0.0,,0.0,0.0,0.0
30,783,Treino,1433.0,0.0,0.0,,0.0,0.0,0.0
30,784,Treino,1432.0,0.0,0.0,,0.0,0.0,0.0
30,785,Treino,1431.0,0.0,0.0,,0.0,0.0,0.0
30,786,Treino,1430.0,0.0,0.0,,0.0,0.0,0.0
30,787,Treino,1429.0,0.0,0.0,,0.0,0.0,0.0
30,788,Treino,1428.0,0.0,0.0,,0.0,0.0,0.0
30,789,Treino,1427.0,0.0,0.0,,0.0,0.0,0.0
30,790,Treino,1426.0,0.0,0.0,,0.0,0.0,0.0
30,791,Treino,1425.0,0.0,0.0,,0.0,0.0,0.0
30,792,Treino,1424.0,0.0,0.0,,0.0,0.0,0.0
30,793,Treino,1423.0,0.0,0.0,,0.0,0.0,0.0
30,794,Treino,1422.0,0.0,0.0,,0.0,0.0,0.0
30,795,Treino,1421.0,0.0,0.0,,0.0,0.0,0.0
30,796,Treino,1420.0,0.0,0.0,,0.0,0.0,0.0
30,797,Treino,1419.0,0.0,0.0,,0.0,0.0,0.0
30,798,Treino,1418.0,0.0,0.0,,0.0,0.0,0.0
30,799,Treino,1417.0,0.0,0.0,,0.0,0.0,0.0
30,800,Treino,1416.0,0.0,0.0,,0.0,0.0,0.0
30,801,Treino,1415.0,0.0,0.0,,0.0,0.0,0.0
30,802,Treino,1414.0,0.0,0.0,,0.0,0.0,0.0
30,803,Treino,1413.0,0.0,0.0,,0.0,0.0,0.0
30,804,Treino,1412.0,0.0,0.0,,0.0,0.0,0.0
30,805,Treino,1411.0,0.0,0.0,,0.0,0.0,0.0
30,806,Treino,1410.0,0.0,0.0,,0.0,0.0,0.0
30,807,Treino,1409.0,0.0,0.0,,0.0,0.0,0.0
30,808,Treino,1408.0,0.0,0.0,,0.0,0.0,0.0
30,809,Treino,1407.0,0.0,0.0,,0.0,0.0,0.0
30,810,Treino,1406.0,0.0,0.0,,0.0,0.0,0.0
30,811,Treino,1405.0,0.0,0.0,,0.0,0.0,0.0
30,812,Treino,1404.0,0.0,0.0,,0.0,0.0,0.0
30,813,Treino,1403.0,0.0,0.0,,0.0,0.0,0.0
30,814,Treino,1402.0,0.0,0.0,,0.0,0.0,0.0
30,815,Treino,1401.0,0.0,0.0,,0.0,0.0,0.0
30,816,Treino,1400.0,0.0,0.0,,0.0,0.0,0.0
30,817,Treino,1399.0,0.0,0.0,,0.0,0.0,0.0
30,818,Treino,1398.0,0.0,0.0,,0.0,0.0,0.0
30,819,Treino,1397.0,0.0,0.0,,0.0,0.0,0.0
30,820,Treino,1396.0,0.0,0.0,,0.0,0.0,0.0
30,821,Treino,1395.0,0.0,0.0,,0.0,0.0,0.0
30,822,Treino,1394.0,0.0,0.0,,0.0,0.0,0.0
30,823,Treino,1393.0,0.0,0.0,,0.0,0.0,0.0
30,824,Treino,1392.0,0.0,0.0,,0.0,0.0,0.0
30,825,Treino,1391.0,0.0,0.0,,0.0,0.0,0.0
30,826,Treino,1390.0,0.0,0.0,,0.0,0.0,0.0
30,827,Treino,1389.0,0.0,0.0,,0.0,0.0,0.0
30,828,Treino,1388.0,0.0,0.0,,0.0,0.0,0.0
30,829,Treino,1387.0,0.0,0.0,,0.0,0.0,0.0
30,830,Treino,1386.0,0.0,0.0,,0.0,0.0,0.0
30,831,Treino,1385.0,0.0,0.0,,0.0,0.0,0.0
30,832,Treino,1384.0,0.0,0.0,,0.0,0.0,0.0
30,833,Treino,1383.0,0.0,0.0,,0.0,0.0,0.0
30,834,Treino,1382.0,0.0,0.0,,0.0,0.0,0.0
30,835,Treino,1381.0,0.0,0.0,,0.0,0.0,0.0
30,836,Treino,1380.0,0.0,0.0,,0.0,0.0,0.0
30,837,Treino,1379.0,0.0,0.0,,0.0,0.0,0.0
30,838,Treino,1378.0,0.0,0.0,,0.0,0.0,0.0
30,839,Treino,1377.0,0.0,0.0,,0.0,0.0,0.0
30,840,Treino,1376.0,0.0,0.0,,0.0,0.0,0.0
30,841,Treino,1375.0,0.0,0.0,,0.0,0.0,0.0
30,842,Treino,1374.0,0.0,0.0,,0.0,0.0,0.0
30,843,Treino,1373.0,0.0,0.0,,0.0,0.0,0.0
30,844,Treino,1372.0,0.0,0.0,,0.0,0.0,0.0
30,845,Treino,1371.0,0.0,0.0,,0.0,0.0,0.0
30,846,Treino,1370.0,0.0,0.0,,0.0,0.0,0.0
30,847,Treino,1369.0,0.0,0.0,,0.0,0.0,0.0
30,848,Treino,1368.0,0.0,0.0,,0.0,0.0,0.0
30,849,Treino,1367.0,0.0,0.0,,0.0,0.0,0.0
30,850,Treino,1366.0,0.0,0.0,,0.0,0.0,0.0
30,851,Treino,1365.0,0.0,0.0,,0.0,0.0,0.0
30,852,Treino,1364.0,0.0,0.0,,0.0,0.0,0.0
30,853,Treino,1363.0,0.0,0.0,,0.0,0.0,0.0
30,854,Treino,1362.0,0.0,0.0,,0.0,0.0,0.0
30,855,Treino,1361.0,0.0,0.0,,0.0,0.0,0.0
30,856,Treino,1360.0,0.0,0.0,,0.0,0.0,0.0
30,857,Treino,1359.0,0.0,0.0,,0.0,0.0,0.0
30,858,Treino,1358.0,0.0,0.0,,0.0,0.0,0.0
30,859,Treino,1357.0,0.0,0.0,,0.0,0.0,0.0
30,860,Treino,1356.0,0.0,0.0,,0.0,0.0,0.0
30,861,Treino,1355.0,0.0,0.0,,0.0,0.0,0.0
30,862,Treino,1354.0,0.0,0.0,,0.0,0.0,0.0
30,863,Treino,1353.0,0.0,0.0,,0.0,0.0,0.0
30,864,Treino,1352.0,0.0,0.0,,0.0,0.0,0.0
30,865,Treino,1351.0,0.0,0.0,,0.0,0.0,0.0
30,866,Treino,1350.0,0.0,0.0,,0.0,0.0,0.0
30,867,Treino,1349.0,0.0,0.0,,0.0,0.0,0.0
30,868,Treino,1348.0,0.0,0.0,,0.0,0.0,0.0
30,869,Treino,1347.0,0.0,0.0,,0.0,0.0,0.0
30,870,Treino,1346.0,0.0,0.0,,0.0,0.0,0.0
30,871,Treino,1345.0,0.0,0.0,,0.0,0.0,0.0
30,872,Treino,1344.0,0.0,0.0,,0.0,0.0,0.0
30,873,Treino,1343.0,0.0,0.0,,0.0,0.0,0.0
30,874,Treino,1342.0,0.0,0.0,,0.0,0.0,0.0
30,875,Treino,1341.0,0.0,0.0,,0.0,0.0,0.0
30,876,Treino,1340.0,0.0,0.0,,0.0,0.0,0.0
30,877,Treino,1339.0,0.0,0.0,,0.0,0.0,0.0
30,878,Treino,1338.0,0.0,0.0,,0.0,0.0,0.0
30,879,Treino,1337.0,0.0,0.0,,0.0,0.0,0.0
30,880,Treino,1336.0,0.0,0.0,,0.0,0.0,0.0
30,881,Treino,1335.0,0.0,0.0,,0.0,0.0,0.0
30,882,Treino,1334.0,0.0,0.0,,0.0,0.0,0.0
30,883,Treino,1333.0,0.0,0.0,,0.0,0.0,0.0
30,884,Treino,1332.0,0.0,0.0,,0.0,0.0,0.0
30,885,Treino,1331.0,0.0,0.0,,0.0,0.0,0.0
30,886,Treino,1330.0,0.0,0.0,,0.0,0.0,0.0
30,887,Treino,1329.0,0.0,0.0,,0.0,0.0,0.0
30,888,Treino,1328.0,0.0,0.0,,0.0,0.0,0.0
30,889,Treino,1327.0,0.0,0.0,,0.0,0.0,0.0
30,890,Treino,1326.0,0.0,0.0,,0.0,0.0,0.0
30,891,Treino,1325.0,0.0,0.0,,0.0,0.0,0.0
30,892,Treino,1324.0,0.0,0.0,,0.0,0.0,0.0
30,893,Treino,1323.0,0.0,0.0,,0.0,0.0,0.0
30,894,Treino,1322.0,0.0,0.0,,0.0,0.0,0.0
30,895,Treino,1321.0,0.0,0.0,,0.0,0.0,0.0
30,896,Treino,1320.0,0.0,0.0,,0.0,0.0,0.0
30,897,Treino,1319.0,0.0,0.0,,0.0,0.0,0.0
30,898,Treino,1318.0,0.0,0.0,,0.0,0.0,0.0
30,899,Treino,1317.0,0.0,0.0,,0.0,0.0,0.0
30,900,Treino,1316.0,0.0,0.0,,0.0,0.0,0.0
30,901,Treino,1315.0,0.0,0.0,,0.0,0.0,0.0
30,902,Treino,1314.0,0.0,0.0,,0.0,0.0,0.0
30,903,Treino,1313.0,0.0,0.0,,0.0,0.0,0.0
30,904,Treino,1312.0,0.0,0.0,,0.0,0.0,0.0
30,905,Treino,1311.0,0.0,0.0,,0.0,0.0,0.0
30,906,Treino,1310.0,0.0,0.0,,0.0,0.0,0.0
30,907,Treino,1309.0,0.0,0.0,,0.0,0.0,0.0
30,908,Treino,1308.0,0.0,0.0,,0.0,0.0,0.0
30,909,Treino,1307.0,0.0,0.0,,0.0,0.0,0.0
30,910,Treino,1306.0,0.0,0.0,,0.0,0.0,0.0
30,911,Treino,1305.0,0.0,0.0,,0.0,0.0,0.0
30,912,Treino,1304.0,0.0,0.0,,0.0,0.0,0.0
30,913,Treino,1303.0,0.0,0.0,,0.0,0.0,0.0
30,914,Treino,1302.0,0.0,0.0,,0.0,0.0,0.0
30,915,Treino,1301.0,0.0,0.0,,0.0,0.0,0.0
30,916,Treino,1300.0,0.0,0.0,,0.0,0.0,0.0
30,917,Treino,1299.0,0.0,0.0,,0.0,0.0,0.0
30,918,Treino,1298.0,0.0,0.0,,0.0,0.0,0.0
30,919,Treino,1297.0,0.0,0.0,,0.0,0.0,0.0
30,920,Treino,1296.0,0.0,0.0,,0.0,0.0,0.0
30,921,Treino,1295.0,0.0,0.0,,0.0,0.0,0.0
30,922,Treino,1294.0,0.0,0.0,,0.0,0.0,0.0
30,923,Treino,1293.0,0.0,0.0,,0.0,0.0,0.0
30,924,Treino,1292.0,0.0,0.0,,0.0,0.0,0.0
30,925,Treino,1291.0,0.0,0.0,,0.0,0.0,0.0
30,926,Treino,1290.0,0.0,0.0,,0.0,0.0,0.0
30,927,Treino,1289.0,0.0,0.0,,0.0,0.0,0.0
30,928,Treino,1288.0,0.0,0.0,,0.0,0.0,0.0
30,929,Treino,1287.0,0.0,0.0,,0.0,0.0,0.0
30,930,Treino,1286.0,0.0,0.0,,0.0,0.0,0.0
30,931,Treino,1285.0,0.0,0.0,,0.0,0.0,0.0
30,932,Treino,1284.0,0.0,0.0,,0.0,0.0,0.0
30,933,Treino,1283.0,0.0,0.0,,0.0,0.0,0.0
30,934,Treino,1282.0,0.0,0.0,,0.0,0.0,0.0
30,935,Treino,1281.0,0.0,0.0,,0.0,0.0,0.0
30,936,Treino,1280.0,0.0,0.0,,0.0,0.0,0.0
30,937,Treino,1279.0,0.0,0.0,,0.0,0.0,0.0
30,938,Treino,1278.0,0.0,0.0,,0.0,0.0,0.0
30,939,Treino,1277.0,0.0,0.0,,0.0,0.0,0.0
30,940,Treino,1276.0,0.0,0.0,,0.0,0.0,0.0
30,941,Treino,1275.0,0.0,0.0,,0.0,0.0,0.0
30,942,Treino,1274.0,0.0,0.0,,0.0,0.0,0.0
30,943,Treino,1273.0,0.0,0.0,,0.0,0.0,0.0
30,944,Treino,1272.0,0.0,0.0,,0.0,0.0,0.0
30,945,Treino,1271.0,0.0,0.0,,0.0,0.0,0.0
30,946,Treino,1270.0,0.0,0.0,,0.0,0.0,0.0
30,947,Treino,1269.0,0.0,0.0,,0.0,0.0,0.0
30,948,Treino,1268.0,0.0,0.0,,0.0,0.0,0.0
30,949,Treino,1267.0,0.0,0.0,,0.0,0.0,0.0
30,950,Treino,1266.0,0.0,0.0,,0.0,0.0,0.0
30,951,Treino,1265.0,0.0,0.0,,0.0,0.0,0.0
30,952,Treino,1264.0,0.0,0.0,,0.0,0.0,0.0
30,953,Treino,1263.0,0.0,0.0,,0.0,0.0,0.0
30,954,Treino,1262.0,0.0,0.0,,0.0,0.0,0.0
30,955,Treino,1261.0,0.0,0.0,,0.0,0.0,0.0
30,956,Treino,1260.0,0.0,0.0,,0.0,0.0,0.0
30,957,Treino,1259.0,0.0,0.0,,0.0,0.0,0.0
30,958,Treino,1258.0,0.0,0.0,,0.0,0.0,0.0
30,959,Treino,1257.0,0.0,0.0,,0.0,0.0,0.0
30,960,Treino,1256.0,0.0,0.0,,0.0,0.0,0.0
30,961,Treino,1255.0,0.0,0.0,,0.0,0.0,0.0
30,962,Treino,1254.0,0.0,0.0,,0.0,0.0,0.0
30,963,Treino,1253.0,0.0,0.0,,0.0,0.0,0.0
30,964,Treino,1252.0,0.0,0.0,,0.0,0.0,0.0
30,965,Treino,1251.0,0.0,0.0,,0.0,0.0,0.0
30,966,Treino,1250.0,0.0,0.0,,0.0,0.0,0.0
30,967,Treino,1249.0,0.0,0.0,,0.0,0.0,0.0
30,968,Treino,1248.0,0.0,0.0,,0.0,0.0,0.0
30,969,Treino,1247.0,0.0,0.0,,0.0,0.0,0.0
30,970,Treino,1246.0,0.0,0.0,,0.0,0.0,0.0
30,971,Treino,1245.0,0.0,0.0,,0.0,0.0,0.0
30,972,Treino,1244.0,0.0,0.0,,0.0,0.0,0.0
30,973,Treino,1243.0,0.0,0.0,,0.0,0.0,0.0
30,974,Treino,1242.0,0.0,0.0,,0.0,0.0,0.0
30,975,Treino,1241.0,0.0,0.0,,0.0,0.0,0.0
30,976,Treino,1240.0,0.0,0.0,,0.0,0.0,0.0
30,977,Treino,1239.0,0.0,0.0,,0.0,0.0,0.0
30,978,Treino,1238.0,0.0,0.0,,0.0,0.0,0.0
30,979,Treino,1237.0,0.0,0.0,,0.0,0.0,0.0
30,980,Treino,1236.0,0.0,0.0,,0.0,0.0,0.0
30,981,Treino,1235.0,0.0,0.0,,0.0,0.0,0.0
30,982,Treino,1234.0,0.0,0.0,,0.0,0.0,0.0
30,983,Treino,1233.0,0.0,0.0,,0.0,0.0,0.0
30,984,Treino,1232.0,0.0,0.0,,0.0,0.0,0.0
30,985,Treino,1231.0,0.0,0.0,,0.0,0.0,0.0
30,986,Treino,1230.0,0.0,0.0,,0.0,0.0,0.0
30,987,Treino,1229.0,0.0,0.0,,0.0,0.0,0.0
30,988,Treino,1228.0,0.0,0.0,,0.0,0.0,0.0
30,989,Treino,1227.0,0.0,0.0,,0.0,0.0,0.0
30,990,Treino,1226.0,0.0,0.0,,0.0,0.0,0.0
30,991,Treino,1225.0,0.0,0.0,,0.0,0.0,0.0
30,992,Treino,1224.0,0.0,0.0,,0.0,0.0,0.0
30,993,Treino,1223.0,0.0,0.0,,0.0,0.0,0.0
30,994,Treino,1222.0,0.0,0.0,,0.0,0.0,0.0
30,995,Treino,1221.0,0.0,0.0,,0.0,0.0,0.0
30,996,Treino,1220.0,0.0,0.0,,0.0,0.0,0.0
30,997,Treino,1219.0,0.0,0.0,,0.0,0.0,0.0
30,998,Treino,1218.0,0.0,0.0,,0.0,0.0,0.0
30,999,Treino,1217.0,0.0,0.0,,0.0,0.0,0.0
30,1000,Treino,1216.0,0.0,0.0,,0.0,0.0,0.0
30,1001,Treino,1215.0,0.0,0.0,,0.0,0.0,0.0
30,1002,Treino,1214.0,0.0,0.0,,0.0,0.0,0.0
30,1003,Treino,1213.0,0.0,0.0,,0.0,0.0,0.0
30,1004,Treino,1212.0,0.0,0.0,,0.0,0.0,0.0
30,1005,Treino,1211.0,0.0,0.0,,0.0,0.0,0.0
30,1006,Treino,1210.0,0.0,0.0,,0.0,0.0,0.0
30,1007,Treino,1209.0,0.0,0.0,,0.0,0.0,0.0
30,1008,Treino,1208.0,0.0,0.0,,0.0,0.0,0.0
30,1009,Treino,1207.0,0.0,0.0,,0.0,0.0,0.0
30,1010,Treino,1206.0,0.0,0.0,,0.0,0.0,0.0
30,1011,Treino,1205.0,0.0,0.0,,0.0,0.0,0.0
30,1012,Treino,1204.0,0.0,0.0,,0.0,0.0,0.0
30,1013,Treino,1203.0,0.0,0.0,,0.0,0.0,0.0
30,1014,Treino,1202.0,0.0,0.0,,0.0,0.0,0.0
30,1015,Treino,1201.0,0.0,0.0,,0.0,0.0,0.0
30,1016,Treino,1200.0,0.0,0.0,,0.0,0.0,0.0
30,1017,Treino,1199.0,0.0,0.0,,0.0,0.0,0.0
30,1018,Treino,1198.0,0.0,0.0,,0.0,0.0,0.0
30,1019,Treino,1197.0,0.0,0.0,,0.0,0.0,0.0
30,1020,Treino,1196.0,0.0,0.0,,0.0,0.0,0.0
30,1021,Treino,1195.0,0.0,0.0,,0.0,0.0,0.0
30,1022,Treino,1194.0,0.0,0.0,,0.0,0.0,0.0
30,1023,Treino,1193.0,0.0,0.0,,0.0,0.0,0.0
30,1024,Treino,1192.0,0.0,0.0,,0.0,0.0,0.0
30,1025,Treino,1191.0,0.0,0.0,,0.0,0.0,0.0
30,1026,Treino,1190.0,0.0,0.0,,0.0,0.0,0.0
30,1027,Treino,1189.0,0.0,0.0,,0.0,0.0,0.0
30,1028,Treino,1188.0,0.0,0.0,,0.0,0.0,0.0
30,1029,Treino,1187.0,0.0,0.0,,0.0,0.0,0.0
30,1030,Treino,1186.0,0.0,0.0,,0.0,0.0,0.0
30,1031,Treino,1185.0,0.0,0.0,,0.0,0.0,0.0
30,1032,Treino,1184.0,0.0,0.0,,0.0,0.0,0.0
30,1033,Treino,1183.0,0.0,0.0,,0.0,0.0,0.0
30,1034,Treino,1182.0,0.0,0.0,,0.0,0.0,0.0
30,1035,Treino,1181.0,0.0,0.0,,0.0,0.0,0.0
30,1036,Treino,1180.0,0.0,0.0,,0.0,0.0,0.0
30,1037,Treino,1179.0,0.0,0.0,,0.0,0.0,0.0
30,1038,Treino,1178.0,0.0,0.0,,0.0,0.0,0.0
30,1039,Treino,1177.0,0.0,0.0,,0.0,0.0,0.0
30,1040,Treino,1176.0,0.0,0.0,,0.0,0.0,0.0
30,1041,Treino,1175.0,0.0,0.0,,0.0,0.0,0.0
30,1042,Treino,1174.0,0.0,0.0,,0.0,0.0,0.0
30,1043,Treino,1173.0,0.0,0.0,,0.0,0.0,0.0
30,1044,Treino,1172.0,0.0,0.0,,0.0,0.0,0.0
30,1045,Treino,1171.0,0.0,0.0,,0.0,0.0,0.0
30,1046,Treino,1170.0,0.0,0.0,,0.0,0.0,0.0
30,1047,Treino,1169.0,0.0,0.0,,0.0,0.0,0.0
30,1048,Treino,1168.0,0.0,0.0,,0.0,0.0,0.0
30,1049,Treino,1167.0,0.0,0.0,,0.0,0.0,0.0
30,1050,Treino,1166.0,0.0,0.0,,0.0,0.0,0.0
30,1051,Treino,1165.0,0.0,0.0,,0.0,0.0,0.0
30,1052,Treino,1164.0,0.0,0.0,,0.0,0.0,0.0
30,1053,Treino,1163.0,0.0,0.0,,0.0,0.0,0.0
30,1054,Treino,1162.0,0.0,0.0,,0.0,0.0,0.0
30,1055,Treino,1161.0,0.0,0.0,,0.0,0.0,0.0
30,1056,Treino,1160.0,0.0,0.0,,0.0,0.0,0.0
30,1057,Treino,1159.0,0.0,0.0,,0.0,0.0,0.0
30,1058,Treino,1158.0,0.0,0.0,,0.0,0.0,0.0
30,1059,Treino,1157.0,0.0,0.0,,0.0,0.0,0.0
30,1060,Treino,1156.0,0.0,0.0,,0.0,0.0,0.0
30,1061,Treino,1155.0,0.0,0.0,,0.0,0.0,0.0
30,1062,Treino,1154.0,0.0,0.0,,0.0,0.0,0.0
30,1063,Treino,1153.0,0.0,0.0,,0.0,0.0,0.0
30,1064,Treino,1152.0,0.0,0.0,,0.0,0.0,0.0
30,1065,Treino,1151.0,0.0,0.0,,0.0,0.0,0.0
30,1066,Treino,1150.0,0.0,0.0,,0.0,0.0,0.0
30,1067,Treino,1149.0,0.0,0.0,,0.0,0.0,0.0
30,1068,Treino,1148.0,0.0,0.0,,0.0,0.0,0.0
30,1069,Treino,1147.0,0.0,0.0,,0.0,0.0,0.0
30,1070,Treino,1146.0,0.0,0.0,,0.0,0.0,0.0
30,1071,Treino,1145.0,0.0,0.0,,0.0,0.0,0.0
30,1072,Treino,1144.0,0.0,0.0,,0.0,0.0,0.0
30,1073,Treino,1143.0,0.0,0.0,,0.0,0.0,0.0
30,1074,Treino,1142.0,0.0,0.0,,0.0,0.0,0.0
30,1075,Treino,1141.0,0.0,0.0,,0.0,0.0,0.0
30,1076,Treino,1140.0,0.0,0.0,,0.0,0.0,0.0
30,1077,Treino,1139.0,0.0,0.0,,0.0,0.0,0.0
30,1078,Treino,1138.0,0.0,0.0,,0.0,0.0,0.0
30,1079,Treino,1137.0,0.0,0.0,,0.0,0.0,0.0
30,1080,Treino,1136.0,0.0,0.0,,0.0,0.0,0.0
30,1081,Treino,1135.0,0.0,0.0,,0.0,0.0,0.0
30,1082,Treino,1134.0,0.0,0.0,,0.0,0.0,0.0
30,1083,Treino,1133.0,0.0,0.0,,0.0,0.0,0.0
30,1084,Treino,1132.0,0.0,0.0,,0.0,0.0,0.0
30,1085,Treino,1131.0,0.0,0.0,,0.0,0.0,0.0
30,1086,Treino,1130.0,0.0,0.0,,0.0,0.0,0.0
30,1087,Treino,1129.0,0.0,0.0,,0.0,0.0,0.0
30,1088,Treino,1128.0,0.0,0.0,,0.0,0.0,0.0
30,1089,Treino,1127.0,0.0,0.0,,0.0,0.0,0.0
30,1090,Treino,1126.0,0.0,0.0,,0.0,0.0,0.0
30,1091,Treino,1125.0,0.0,0.0,,0.0,0.0,0.0
30,1092,Treino,1124.0,0.0,0.0,,0.0,0.0,0.0
30,1093,Treino,1123.0,0.0,0.0,,0.0,0.0,0.0
30,1094,Treino,1122.0,0.0,0.0,,0.0,0.0,0.0
30,1095,Treino,1121.0,0.0,0.0,,0.0,0.0,0.0
30,1096,Treino,1120.0,0.0,0.0,,0.0,0.0,0.0
30,1097,Treino,1119.0,0.0,0.0,,0.0,0.0,0.0
30,1098,Treino,1118.0,0.0,0.0,,0.0,0.0,0.0
30,1099,Treino,1117.0,0.0,0.0,,0.0,0.0,0.0
30,1100,Treino,1116.0,0.0,0.0,,0.0,0.0,0.0
30,1101,Treino,1115.0,0.0,0.0,,0.0,0.0,0.0
30,1102,Treino,1114.0,0.0,0.0,,0.0,0.0,0.0
30,1103,Treino,1113.0,0.0,0.0,,0.0,0.0,0.0
30,1104,Treino,1112.0,0.0,0.0,,0.0,0.0,0.0
30,1105,Treino,1111.0,0.0,0.0,,0.0,0.0,0.0
30,1106,Treino,1110.0,0.0,0.0,,0.0,0.0,0.0
30,1107,Treino,1109.0,0.0,0.0,,0.0,0.0,0.0
30,1108,Treino,1108.0,0.0,0.0,,0.0,0.0,0.0
30,1109,Treino,1107.0,0.0,0.0,,0.0,0.0,0.0
30,1110,Treino,1106.0,0.0,0.0,,0.0,0.0,0.0
30,1111,Treino,1105.0,0.0,0.0,,0.0,0.0,0.0
30,1112,Treino,1104.0,0.0,0.0,,0.0,0.0,0.0
30,1113,Treino,1103.0,0.0,0.0,,0.0,0.0,0.0
30,1114,Treino,1102.0,0.0,0.0,,0.0,0.0,0.0
30,1115,Treino,1101.0,0.0,0.0,,0.0,0.0,0.0
30,1116,Treino,1100.0,0.0,0.0,,0.0,0.0,0.0
30,1117,Treino,1099.0,0.0,0.0,,0.0,0.0,0.0
30,1118,Treino,1098.0,0.0,0.0,,0.0,0.0,0.0
30,1119,Treino,1097.0,0.0,0.0,,0.0,0.0,0.0
30,1120,Treino,1096.0,0.0,0.0,,0.0,0.0,0.0
30,1121,Treino,1095.0,0.0,0.0,,0.0,0.0,0.0
30,1122,Treino,1094.0,0.0,0.0,,0.0,0.0,0.0
30,1123,Treino,1093.0,0.0,0.0,,0.0,0.0,0.0
30,1124,Treino,1092.0,0.0,0.0,,0.0,0.0,0.0
30,1125,Treino,1091.0,0.0,0.0,,0.0,0.0,0.0
30,1126,Treino,1090.0,0.0,0.0,,0.0,0.0,0.0
30,1127,Treino,1089.0,0.0,0.0,,0.0,0.0,0.0
30,1128,Treino,1088.0,0.0,0.0,,0.0,0.0,0.0
30,1129,Treino,1087.0,0.0,0.0,,0.0,0.0,0.0
30,1130,Treino,1086.0,0.0,0.0,,0.0,0.0,0.0
30,1131,Treino,1085.0,0.0,0.0,,0.0,0.0,0.0
30,1132,Treino,1084.0,0.0,0.0,,0.0,0.0,0.0
30,1133,Treino,1083.0,0.0,0.0,,0.0,0.0,0.0
30,1134,Treino,1082.0,0.0,0.0,,0.0,0.0,0.0
30,1135,Treino,1081.0,0.0,0.0,,0.0,0.0,0.0
30,1136,Treino,1080.0,0.0,0.0,,0.0,0.0,0.0
30,1137,Treino,1079.0,0.0,0.0,,0.0,0.0,0.0
30,1138,Treino,1078.0,0.0,0.0,,0.0,0.0,0.0
30,1139,Treino,1077.0,0.0,0.0,,0.0,0.0,0.0
30,1140,Treino,1076.0,0.0,0.0,,0.0,0.0,0.0
30,1141,Treino,1075.0,0.0,0.0,,0.0,0.0,0.0
30,1142,Treino,1074.0,0.0,0.0,,0.0,0.0,0.0
30,1143,Treino,1073.0,0.0,0.0,,0.0,0.0,0.0
30,1144,Treino,1072.0,0.0,0.0,,0.0,0.0,0.0
30,1145,Treino,1071.0,0.0,0.0,,0.0,0.0,0.0
30,1146,Treino,1070.0,0.0,0.0,,0.0,0.0,0.0
30,1147,Treino,1069.0,0.0,0.0,,0.0,0.0,0.0
30,1148,Treino,1068.0,0.0,0.0,,0.0,0.0,0.0
30,1149,Treino,1067.0,0.0,0.0,,0.0,0.0,0.0
30,1150,Treino,1066.0,0.0,0.0,,0.0,0.0,0.0
30,1151,Treino,1065.0,0.0,0.0,,0.0,0.0,0.0
30,1152,Treino,1064.0,0.0,0.0,,0.0,0.0,0.0
30,1153,Treino,1063.0,0.0,0.0,,0.0,0.0,0.0
30,1154,Treino,1062.0,0.0,0.0,,0.0,0.0,0.0
30,1155,Treino,1061.0,0.0,0.0,,0.0,0.0,0.0
30,1156,Treino,1060.0,0.0,0.0,,0.0,0.0,0.0
30,1157,Treino,1059.0,0.0,0.0,,0.0,0.0,0.0
30,1158,Treino,1058.0,0.0,0.0,,0.0,0.0,0.0
30,1159,Treino,1057.0,0.0,0.0,,0.0,0.0,0.0
30,1160,Treino,1056.0,0.0,0.0,,0.0,0.0,0.0
30,1161,Treino,1055.0,0.0,0.0,,0.0,0.0,0.0
30,1162,Treino,1054.0,0.0,0.0,,0.0,0.0,0.0
30,1163,Treino,1053.0,0.0,0.0,,0.0,0.0,0.0
30,1164,Treino,1052.0,0.0,0.0,,0.0,0.0,0.0
30,1165,Treino,1051.0,0.0,0.0,,0.0,0.0,0.0
30,1166,Treino,1050.0,0.0,0.0,,0.0,0.0,0.0
30,1167,Treino,1049.0,0.0,0.0,,0.0,0.0,0.0
30,1168,Treino,1048.0,0.0,0.0,,0.0,0.0,0.0
30,1169,Treino,1047.0,0.0,0.0,,0.0,0.0,0.0
30,1170,Treino,1046.0,0.0,0.0,,0.0,0.0,0.0
30,1171,Treino,1045.0,0.0,0.0,,0.0,0.0,0.0
30,1172,Treino,1044.0,0.0,0.0,,0.0,0.0,0.0
30,1173,Treino,1043.0,0.0,0.0,,0.0,0.0,0.0
30,1174,Treino,1042.0,0.0,0.0,,0.0,0.0,0.0
30,1175,Treino,1041.0,0.0,0.0,,0.0,0.0,0.0
30,1176,Treino,1040.0,0.0,0.0,,0.0,0.0,0.0
30,1177,Treino,1039.0,0.0,0.0,,0.0,0.0,0.0
30,1178,Treino,1038.0,0.0,0.0,,0.0,0.0,0.0
30,1179,Treino,1037.0,0.0,0.0,,0.0,0.0,0.0
30,1180,Treino,1036.0,0.0,0.0,,0.0,0.0,0.0
30,1181,Treino,1035.0,0.0,0.0,,0.0,0.0,0.0
30,1182,Treino,1034.0,0.0,0.0,,0.0,0.0,0.0
30,1183,Treino,1033.0,0.0,0.0,,0.0,0.0,0.0
30,1184,Treino,1032.0,0.0,0.0,,0.0,0.0,0.0
30,1185,Treino,1031.0,0.0,0.0,,0.0,0.0,0.0
30,1186,Treino,1030.0,0.0,0.0,,0.0,0.0,0.0
30,1187,Treino,1029.0,0.0,0.0,,0.0,0.0,0.0
30,1188,Treino,1028.0,0.0,0.0,,0.0,0.0,0.0
30,1189,Treino,1027.0,0.0,0.0,,0.0,0.0,0.0
30,1190,Treino,1026.0,0.0,0.0,,0.0,0.0,0.0
30,1191,Treino,1025.0,0.0,0.0,,0.0,0.0,0.0
30,1192,Treino,1024.0,0.0,0.0,,0.0,0.0,0.0
30,1193,Treino,1023.0,0.0,0.0,,0.0,0.0,0.0
30,1194,Treino,1022.0,0.0,0.0,,0.0,0.0,0.0
30,1195,Treino,1021.0,0.0,0.0,,0.0,0.0,0.0
30,1196,Treino,1020.0,0.0,0.0,,0.0,0.0,0.0
30,1197,Treino,1019.0,0.0,0.0,,0.0,0.0,0.0
30,1198,Treino,1018.0,0.0,0.0,,0.0,0.0,0.0
30,1199,Treino,1017.0,0.0,0.0,,0.0,0.0,0.0
30,1200,Treino,1016.0,0.0,0.0,,0.0,0.0,0.0
30,1201,Treino,1015.0,0.0,0.0,,0.0,0.0,0.0
30,1202,Treino,1014.0,0.0,0.0,,0.0,0.0,0.0
30,1203,Treino,1013.0,0.0,0.0,,0.0,0.0,0.0
30,1204,Treino,1012.0,0.0,0.0,,0.0,0.0,0.0
30,1205,Treino,1011.0,0.0,0.0,,0.0,0.0,0.0
30,1206,Treino,1010.0,0.0,0.0,,0.0,0.0,0.0
30,1207,Treino,1009.0,0.0,0.0,,0.0,0.0,0.0
30,1208,Treino,1008.0,0.0,0.0,,0.0,0.0,0.0
30,1209,Treino,1007.0,0.0,0.0,,0.0,0.0,0.0
30,1210,Treino,1006.0,0.0,0.0,,0.0,0.0,0.0
30,1211,Treino,1005.0,0.0,0.0,,0.0,0.0,0.0
30,1212,Treino,1004.0,0.0,0.0,,0.0,0.0,0.0
30,1213,Treino,1003.0,0.0,0.0,,0.0,0.0,0.0
30,1214,Treino,1002.0,0.0,0.0,,0.0,0.0,0.0
30,1215,Treino,1001.0,0.0,0.0,,0.0,0.0,0.0
30,1216,Treino,1000.0,0.0,0.0,,0.0,0.0,0.0
30,1217,Treino,999.0,0.0,0.0,,0.0,0.0,0.0
30,1218,Treino,998.0,0.0,0.0,,0.0,0.0,0.0
30,1219,Treino,997.0,0.0,0.0,,0.0,0.0,0.0
30,1220,Treino,996.0,0.0,0.0,,0.0,0.0,0.0
30,1221,Treino,995.0,0.0,0.0,,0.0,0.0,0.0
30,1222,Treino,994.0,0.0,0.0,,0.0,0.0,0.0
30,1223,Treino,993.0,0.0,0.0,,0.0,0.0,0.0
30,1224,Treino,992.0,0.0,0.0,,0.0,0.0,0.0
30,1225,Treino,991.0,0.0,0.0,,0.0,0.0,0.0
30,1226,Treino,990.0,0.0,0.0,,0.0,0.0,0.0
30,1227,Treino,989.0,0.0,0.0,,0.0,0.0,0.0
30,1228,Treino,988.0,0.0,0.0,,0.0,0.0,0.0
30,1229,Treino,987.0,0.0,0.0,,0.0,0.0,0.0
30,1230,Treino,986.0,0.0,0.0,,0.0,0.0,0.0
30,1231,Treino,985.0,0.0,0.0,,0.0,0.0,0.0
30,1232,Treino,984.0,0.0,0.0,,0.0,0.0,0.0
30,1233,Treino,983.0,0.0,0.0,,0.0,0.0,0.0
30,1234,Treino,982.0,0.0,0.0,,0.0,0.0,0.0
30,1235,Treino,981.0,0.0,0.0,,0.0,0.0,0.0
30,1236,Treino,980.0,0.0,0.0,,0.0,0.0,0.0
30,1237,Treino,979.0,0.0,0.0,,0.0,0.0,0.0
30,1238,Treino,978.0,0.0,0.0,,0.0,0.0,0.0
30,1239,Treino,977.0,0.0,0.0,,0.0,0.0,0.0
30,1240,Treino,976.0,0.0,0.0,,0.0,0.0,0.0
30,1241,Treino,975.0,0.0,0.0,,0.0,0.0,0.0
30,1242,Treino,974.0,0.0,0.0,,0.0,0.0,0.0
30,1243,Treino,973.0,0.0,0.0,,0.0,0.0,0.0
30,1244,Treino,972.0,0.0,0.0,,0.0,0.0,0.0
30,1245,Treino,971.0,0.0,0.0,,0.0,0.0,0.0
30,1246,Treino,970.0,0.0,0.0,,0.0,0.0,0.0
30,1247,Treino,969.0,0.0,0.0,,0.0,0.0,0.0
30,1248,Treino,968.0,0.0,0.0,,0.0,0.0,0.0
30,1249,Treino,967.0,0.0,0.0,,0.0,0.0,0.0
30,1250,Treino,966.0,0.0,0.0,,0.0,0.0,0.0
30,1251,Treino,965.0,0.0,0.0,,0.0,0.0,0.0
30,1252,Treino,964.0,0.0,0.0,,0.0,0.0,0.0
30,1253,Treino,963.0,0.0,0.0,,0.0,0.0,0.0
30,1254,Treino,962.0,0.0,0.0,,0.0,0.0,0.0
30,1255,Treino,961.0,0.0,0.0,,0.0,0.0,0.0
30,1256,Treino,960.0,0.0,0.0,,0.0,0.0,0.0
30,1257,Treino,959.0,0.0,0.0,,0.0,0.0,0.0
30,1258,Treino,958.0,0.0,0.0,,0.0,0.0,0.0
30,1259,Treino,957.0,0.0,0.0,,0.0,0.0,0.0
30,1260,Treino,956.0,0.0,0.0,,0.0,0.0,0.0
30,1261,Treino,955.0,0.0,0.0,,0.0,0.0,0.0
30,1262,Treino,954.0,0.0,0.0,,0.0,0.0,0.0
30,1263,Treino,953.0,0.0,0.0,,0.0,0.0,0.0
30,1264,Treino,952.0,0.0,0.0,,0.0,0.0,0.0
30,1265,Treino,951.0,0.0,0.0,,0.0,0.0,0.0
30,1266,Treino,950.0,0.0,0.0,,0.0,0.0,0.0
30,1267,Treino,949.0,0.0,0.0,,0.0,0.0,0.0
30,1268,Treino,948.0,0.0,0.0,,0.0,0.0,0.0
30,1269,Treino,947.0,0.0,0.0,,0.0,0.0,0.0
30,1270,Treino,946.0,0.0,0.0,,0.0,0.0,0.0
30,1271,Treino,945.0,0.0,0.0,,0.0,0.0,0.0
30,1272,Treino,944.0,0.0,0.0,,0.0,0.0,0.0
30,1273,Treino,943.0,0.0,0.0,,0.0,0.0,0.0
30,1274,Treino,942.0,0.0,0.0,,0.0,0.0,0.0
30,1275,Treino,941.0,0.0,0.0,,0.0,0.0,0.0
30,1276,Treino,940.0,0.0,0.0,,0.0,0.0,0.0
30,1277,Treino,939.0,0.0,0.0,,0.0,0.0,0.0
30,1278,Treino,938.0,0.0,0.0,,0.0,0.0,0.0
30,1279,Treino,937.0,0.0,0.0,,0.0,0.0,0.0
30,1280,Treino,936.0,0.0,0.0,,0.0,0.0,0.0
30,1281,Treino,935.0,0.0,0.0,,0.0,0.0,0.0
30,1282,Treino,934.0,0.0,0.0,,0.0,0.0,0.0
30,1283,Treino,933.0,0.0,0.0,,0.0,0.0,0.0
30,1284,Treino,932.0,0.0,0.0,,0.0,0.0,0.0
30,1285,Treino,931.0,0.0,0.0,,0.0,0.0,0.0
30,1286,Treino,930.0,0.0,0.0,,0.0,0.0,0.0
30,1287,Treino,929.0,0.0,0.0,,0.0,0.0,0.0
30,1288,Treino,928.0,0.0,0.0,,0.0,0.0,0.0
30,1289,Treino,927.0,0.0,0.0,,0.0,0.0,0.0
30,1290,Treino,926.0,0.0,0.0,,0.0,0.0,0.0
30,1291,Treino,925.0,0.0,0.0,,0.0,0.0,0.0
30,1292,Treino,924.0,0.0,0.0,,0.0,0.0,0.0
30,1293,Treino,923.0,0.0,0.0,,0.0,0.0,0.0
30,1294,Treino,922.0,0.0,0.0,,0.0,0.0,0.0
30,1295,Treino,921.0,0.0,0.0,,0.0,0.0,0.0
30,1296,Treino,920.0,0.0,0.0,,0.0,0.0,0.0
30,1297,Treino,919.0,0.0,0.0,,0.0,0.0,0.0
30,1298,Treino,918.0,0.0,0.0,,0.0,0.0,0.0
30,1299,Treino,917.0,0.0,0.0,,0.0,0.0,0.0
30,1300,Treino,916.0,0.0,0.0,,0.0,0.0,0.0
30,1301,Treino,915.0,0.0,0.0,,0.0,0.0,0.0
30,1302,Treino,914.0,0.0,0.0,,0.0,0.0,0.0
30,1303,Treino,913.0,0.0,0.0,,0.0,0.0,0.0
30,1304,Treino,912.0,0.0,0.0,,0.0,0.0,0.0
30,1305,Treino,911.0,0.0,0.0,,0.0,0.0,0.0
30,1306,Treino,910.0,0.0,0.0,,0.0,0.0,0.0
30,1307,Treino,909.0,0.0,0.0,,0.0,0.0,0.0
30,1308,Treino,908.0,0.0,0.0,,0.0,0.0,0.0
30,1309,Treino,907.0,0.0,0.0,,0.0,0.0,0.0
30,1310,Treino,906.0,0.0,0.0,,0.0,0.0,0.0
30,1311,Treino,905.0,0.0,0.0,,0.0,0.0,0.0
30,1312,Treino,904.0,0.0,0.0,,0.0,0.0,0.0
30,1313,Treino,903.0,0.0,0.0,,0.0,0.0,0.0
30,1314,Treino,902.0,0.0,0.0,,0.0,0.0,0.0
30,1315,Treino,901.0,0.0,0.0,,0.0,0.0,0.0
30,1316,Treino,900.0,0.0,0.0,,0.0,0.0,0.0
30,1317,Treino,899.0,0.0,0.0,,0.0,0.0,0.0
30,1318,Treino,898.0,0.0,0.0,,0.0,0.0,0.0
30,1319,Treino,897.0,0.0,0.0,,0.0,0.0,0.0
30,1320,Treino,896.0,0.0,0.0,,0.0,0.0,0.0
30,1321,Treino,895.0,0.0,0.0,,0.0,0.0,0.0
30,1322,Treino,894.0,0.0,0.0,,0.0,0.0,0.0
30,1323,Treino,893.0,0.0,0.0,,0.0,0.0,0.0
30,1324,Treino,892.0,0.0,0.0,,0.0,0.0,0.0
30,1325,Treino,891.0,0.0,0.0,,0.0,0.0,0.0
30,1326,Treino,890.0,0.0,0.0,,0.0,0.0,0.0
30,1327,Treino,889.0,0.0,0.0,,0.0,0.0,0.0
30,1328,Treino,888.0,0.0,0.0,,0.0,0.0,0.0
30,1329,Treino,887.0,0.0,0.0,,0.0,0.0,0.0
30,1330,Treino,886.0,0.0,0.0,,0.0,0.0,0.0
30,1331,Treino,885.0,0.0,0.0,,0.0,0.0,0.0
30,1332,Treino,884.0,0.0,0.0,,0.0,0.0,0.0
30,1333,Treino,883.0,0.0,0.0,,0.0,0.0,0.0
30,1334,Treino,882.0,0.0,0.0,,0.0,0.0,0.0
30,1335,Treino,881.0,0.0,0.0,,0.0,0.0,0.0
30,1336,Treino,880.0,0.0,0.0,,0.0,0.0,0.0
30,1337,Treino,879.0,0.0,0.0,,0.0,0.0,0.0
30,1338,Treino,878.0,0.0,0.0,,0.0,0.0,0.0
30,1339,Treino,877.0,0.0,0.0,,0.0,0.0,0.0
30,1340,Treino,876.0,0.0,0.0,,0.0,0.0,0.0
30,1341,Treino,875.0,0.0,0.0,,0.0,0.0,0.0
30,1342,Treino,874.0,0.0,0.0,,0.0,0.0,0.0
30,1343,Treino,873.0,0.0,0.0,,0.0,0.0,0.0
30,1344,Treino,872.0,0.0,0.0,,0.0,0.0,0.0
30,1345,Treino,871.0,0.0,0.0,,0.0,0.0,0.0
30,1346,Treino,870.0,0.0,0.0,,0.0,0.0,0.0
30,1347,Treino,869.0,0.0,0.0,,0.0,0.0,0.0
30,1348,Treino,868.0,0.0,0.0,,0.0,0.0,0.0
30,1349,Treino,867.0,0.0,0.0,,0.0,0.0,0.0
30,1350,Treino,866.0,0.0,0.0,,0.0,0.0,0.0
30,1351,Treino,865.0,0.0,0.0,,0.0,0.0,0.0
30,1352,Treino,864.0,0.0,0.0,,0.0,0.0,0.0
30,1353,Treino,863.0,0.0,0.0,,0.0,0.0,0.0
30,1354,Treino,862.0,0.0,0.0,,0.0,0.0,0.0
30,1355,Treino,861.0,0.0,0.0,,0.0,0.0,0.0
30,1356,Treino,860.0,0.0,0.0,,0.0,0.0,0.0
30,1357,Treino,859.0,0.0,0.0,,0.0,0.0,0.0
30,1358,Treino,858.0,0.0,0.0,,0.0,0.0,0.0
30,1359,Treino,857.0,0.0,0.0,,0.0,0.0,0.0
30,1360,Treino,856.0,0.0,0.0,,0.0,0.0,0.0
30,1361,Treino,855.0,0.0,0.0,,0.0,0.0,0.0
30,1362,Treino,854.0,0.0,0.0,,0.0,0.0,0.0
30,1363,Treino,853.0,0.0,0.0,,0.0,0.0,0.0
30,1364,Treino,852.0,0.0,0.0,,0.0,0.0,0.0
30,1365,Treino,851.0,0.0,0.0,,0.0,0.0,0.0
30,1366,Treino,850.0,0.0,0.0,,0.0,0.0,0.0
30,1367,Treino,849.0,0.0,0.0,,0.0,0.0,0.0
30,1368,Treino,848.0,0.0,0.0,,0.0,0.0,0.0
30,1369,Treino,847.0,0.0,0.0,,0.0,0.0,0.0
30,1370,Treino,846.0,0.0,0.0,,0.0,0.0,0.0
30,1371,Treino,845.0,0.0,0.0,,0.0,0.0,0.0
30,1372,Treino,844.0,0.0,0.0,,0.0,0.0,0.0
30,1373,Treino,843.0,0.0,0.0,,0.0,0.0,0.0
30,1374,Treino,842.0,0.0,0.0,,0.0,0.0,0.0
30,1375,Treino,841.0,0.0,0.0,,0.0,0.0,0.0
30,1376,Treino,840.0,0.0,0.0,,0.0,0.0,0.0
30,1377,Treino,839.0,0.0,0.0,,0.0,0.0,0.0
30,1378,Treino,838.0,0.0,0.0,,0.0,0.0,0.0
30,1379,Treino,837.0,0.0,0.0,,0.0,0.0,0.0
30,1380,Treino,836.0,0.0,0.0,,0.0,0.0,0.0
30,1381,Treino,835.0,0.0,0.0,,0.0,0.0,0.0
30,1382,Treino,834.0,0.0,0.0,,0.0,0.0,0.0
30,1383,Treino,833.0,0.0,0.0,,0.0,0.0,0.0
30,1384,Treino,832.0,0.0,0.0,,0.0,0.0,0.0
30,1385,Treino,831.0,0.0,0.0,,0.0,0.0,0.0
30,1386,Treino,830.0,0.0,0.0,,0.0,0.0,0.0
30,1387,Treino,829.0,0.0,0.0,,0.0,0.0,0.0
30,1388,Treino,828.0,0.0,0.0,,0.0,0.0,0.0
30,1389,Treino,827.0,0.0,0.0,,0.0,0.0,0.0
30,1390,Treino,826.0,0.0,0.0,,0.0,0.0,0.0
30,1391,Treino,825.0,0.0,0.0,,0.0,0.0,0.0
30,1392,Treino,824.0,0.0,0.0,,0.0,0.0,0.0
30,1393,Treino,823.0,0.0,0.0,,0.0,0.0,0.0
30,1394,Treino,822.0,0.0,0.0,,0.0,0.0,0.0
30,1395,Treino,821.0,0.0,0.0,,0.0,0.0,0.0
30,1396,Treino,820.0,0.0,0.0,,0.0,0.0,0.0
30,1397,Treino,819.0,0.0,0.0,,0.0,0.0,0.0
30,1398,Treino,818.0,0.0,0.0,,0.0,0.0,0.0
30,1399,Treino,817.0,0.0,0.0,,0.0,0.0,0.0
30,1400,Treino,816.0,0.0,0.0,,0.0,0.0,0.0
30,1401,Treino,815.0,0.0,0.0,,0.0,0.0,0.0
30,1402,Treino,814.0,0.0,0.0,,0.0,0.0,0.0
30,1403,Treino,813.0,0.0,0.0,,0.0,0.0,0.0
30,1404,Treino,812.0,0.0,0.0,,0.0,0.0,0.0
30,1405,Treino,811.0,0.0,0.0,,0.0,0.0,0.0
30,1406,Treino,810.0,0.0,0.0,,0.0,0.0,0.0
30,1407,Treino,809.0,0.0,0.0,,0.0,0.0,0.0
30,1408,Treino,808.0,0.0,0.0,,0.0,0.0,0.0
30,1409,Treino,807.0,0.0,0.0,,0.0,0.0,0.0
30,1410,Treino,806.0,0.0,0.0,,0.0,0.0,0.0
30,1411,Treino,805.0,0.0,0.0,,0.0,0.0,0.0
30,1412,Treino,804.0,0.0,0.0,,0.0,0.0,0.0
30,1413,Treino,803.0,0.0,0.0,,0.0,0.0,0.0
30,1414,Treino,802.0,0.0,0.0,,0.0,0.0,0.0
30,1415,Treino,801.0,0.0,0.0,,0.0,0.0,0.0
30,1416,Treino,800.0,0.0,0.0,,0.0,0.0,0.0
30,1417,Treino,799.0,0.0,0.0,,0.0,0.0,0.0
30,1418,Treino,798.0,0.0,0.0,,0.0,0.0,0.0
30,1419,Treino,797.0,0.0,0.0,,0.0,0.0,0.0
30,1420,Treino,796.0,0.0,0.0,,0.0,0.0,0.0
30,1421,Treino,795.0,0.0,0.0,,0.0,0.0,0.0
30,1422,Treino,794.0,0.0,0.0,,0.0,0.0,0.0
30,1423,Treino,793.0,0.0,0.0,,0.0,0.0,0.0
30,1424,Treino,792.0,0.0,0.0,,0.0,0.0,0.0
30,1425,Treino,791.0,0.0,0.0,,0.0,0.0,0.0
30,1426,Treino,790.0,0.0,0.0,,0.0,0.0,0.0
30,1427,Treino,789.0,0.0,0.0,,0.0,0.0,0.0
30,1428,Treino,788.0,0.0,0.0,,0.0,0.0,0.0
30,1429,Treino,787.0,0.0,0.0,,0.0,0.0,0.0
30,1430,Treino,786.0,0.0,0.0,,0.0,0.0,0.0
30,1431,Treino,785.0,0.0,0.0,,0.0,0.0,0.0
30,1432,Treino,784.0,0.0,0.0,,0.0,0.0,0.0
30,1433,Treino,783.0,0.0,0.0,,0.0,0.0,0.0
30,1434,Treino,782.0,0.0,0.0,,0.0,0.0,0.0
30,1435,Treino,781.0,0.0,0.0,,0.0,0.0,0.0
30,1436,Treino,780.0,0.0,0.0,,0.0,0.0,0.0
30,1437,Treino,779.0,0.0,0.0,,0.0,0.0,0.0
30,1438,Treino,778.0,0.0,0.0,,0.0,0.0,0.0
30,1439,Treino,777.0,0.0,0.0,,0.0,0.0,0.0
30,1440,Treino,776.0,0.0,0.0,,0.0,0.0,0.0
30,1441,Treino,775.0,0.0,0.0,,0.0,0.0,0.0
30,1442,Treino,774.0,0.0,0.0,,0.0,0.0,0.0
30,1443,Treino,773.0,0.0,0.0,,0.0,0.0,0.0
30,1444,Treino,772.0,0.0,0.0,,0.0,0.0,0.0
30,1445,Treino,771.0,0.0,0.0,,0.0,0.0,0.0
30,1446,Treino,770.0,0.0,0.0,,0.0,0.0,0.0
30,1447,Treino,769.0,0.0,0.0,,0.0,0.0,0.0
30,1448,Treino,768.0,0.0,0.0,,0.0,0.0,0.0
30,1449,Treino,767.0,0.0,0.0,,0.0,0.0,0.0
30,1450,Treino,766.0,0.0,0.0,,0.0,0.0,0.0
30,1451,Treino,765.0,0.0,0.0,,0.0,0.0,0.0
30,1452,Treino,764.0,0.0,0.0,,0.0,0.0,0.0
30,1453,Treino,763.0,0.0,0.0,,0.0,0.0,0.0
30,1454,Treino,762.0,0.0,0.0,,0.0,0.0,0.0
30,1455,Treino,761.0,0.0,0.0,,0.0,0.0,0.0
30,1456,Treino,760.0,0.0,0.0,,0.0,0.0,0.0
30,1457,Treino,759.0,0.0,0.0,,0.0,0.0,0.0
30,1458,Treino,758.0,0.0,0.0,,0.0,0.0,0.0
30,1459,Treino,757.0,0.0,0.0,,0.0,0.0,0.0
30,1460,Treino,756.0,0.0,0.0,,0.0,0.0,0.0
30,1461,Treino,755.0,0.0,0.0,,0.0,0.0,0.0
30,1462,Treino,754.0,0.0,0.0,,0.0,0.0,0.0
30,1463,Treino,753.0,0.0,0.0,,0.0,0.0,0.0
30,1464,Treino,752.0,0.0,0.0,,0.0,0.0,0.0
30,1465,Treino,751.0,0.0,0.0,,0.0,0.0,0.0
30,1466,Treino,750.0,0.0,0.0,,0.0,0.0,0.0
30,1467,Treino,749.0,0.0,0.0,,0.0,0.0,0.0
30,1468,Treino,748.0,0.0,0.0,,0.0,0.0,0.0
30,1469,Treino,747.0,0.0,0.0,,0.0,0.0,0.0
30,1470,Treino,746.0,0.0,0.0,,0.0,0.0,0.0
30,1471,Treino,745.0,0.0,0.0,,0.0,0.0,0.0
30,1472,Treino,744.0,0.0,0.0,,0.0,0.0,0.0
30,1473,Treino,743.0,0.0,0.0,,0.0,0.0,0.0
30,1474,Treino,742.0,0.0,0.0,,0.0,0.0,0.0
30,1475,Treino,741.0,0.0,0.0,,0.0,0.0,0.0
30,1476,Treino,740.0,0.0,0.0,,0.0,0.0,0.0
30,1477,Treino,739.0,0.0,0.0,,0.0,0.0,0.0
30,1478,Treino,738.0,0.0,0.0,,0.0,0.0,0.0
30,1479,Treino,737.0,0.0,0.0,,0.0,0.0,0.0
30,1480,Treino,736.0,0.0,0.0,,0.0,0.0,0.0
30,1481,Treino,735.0,0.0,0.0,,0.0,0.0,0.0
30,1482,Treino,734.0,0.0,0.0,,0.0,0.0,0.0
30,1483,Treino,733.0,0.0,0.0,,0.0,0.0,0.0
30,1484,Treino,732.0,0.0,0.0,,0.0,0.0,0.0
30,1485,Treino,731.0,0.0,0.0,,0.0,0.0,0.0
30,1486,Treino,730.0,0.0,0.0,,0.0,0.0,0.0
30,1487,Treino,729.0,0.0,0.0,,0.0,0.0,0.0
30,1488,Treino,728.0,0.0,0.0,,0.0,0.0,0.0
30,1489,Treino,727.0,0.0,0.0,,0.0,0.0,0.0
30,1490,Treino,726.0,0.0,0.0,,0.0,0.0,0.0
30,1491,Treino,725.0,0.0,0.0,,0.0,0.0,0.0
30,1492,Treino,724.0,0.0,0.0,,0.0,0.0,0.0
30,1493,Treino,723.0,0.0,0.0,,0.0,0.0,0.0
30,1494,Treino,722.0,0.0,0.0,,0.0,0.0,0.0
30,1495,Treino,721.0,0.0,0.0,,0.0,0.0,0.0
30,1496,Treino,720.0,0.0,0.0,,0.0,0.0,0.0
30,1497,Treino,719.0,0.0,0.0,,0.0,0.0,0.0
30,1498,Treino,718.0,0.0,0.0,,0.0,0.0,0.0
30,1499,Treino,717.0,0.0,0.0,,0.0,0.0,0.0
30,1500,Treino,716.0,0.0,0.0,,0.0,0.0,0.0
30,1501,Treino,715.0,0.0,0.0,,0.0,0.0,0.0
30,1502,Treino,714.0,0.0,0.0,,0.0,0.0,0.0
30,1503,Treino,713.0,0.0,0.0,,0.0,0.0,0.0
30,1504,Treino,712.0,0.0,0.0,,0.0,0.0,0.0
30,1505,Treino,711.0,0.0,0.0,,0.0,0.0,0.0
30,1506,Treino,710.0,0.0,0.0,,0.0,0.0,0.0
30,1507,Treino,709.0,0.0,0.0,,0.0,0.0,0.0
30,1508,Treino,708.0,0.0,0.0,,0.0,0.0,0.0
30,1509,Treino,707.0,0.0,0.0,,0.0,0.0,0.0
30,1510,Treino,706.0,0.0,0.0,,0.0,0.0,0.0
30,1511,Treino,705.0,0.0,0.0,,0.0,0.0,0.0
30,1512,Treino,704.0,0.0,0.0,,0.0,0.0,0.0
30,1513,Treino,703.0,0.0,0.0,,0.0,0.0,0.0
30,1514,Treino,702.0,0.0,0.0,,0.0,0.0,0.0
30,1515,Treino,701.0,0.0,0.0,,0.0,0.0,0.0
30,1516,Treino,700.0,0.0,0.0,,0.0,0.0,0.0
30,1517,Treino,699.0,0.0,0.0,,0.0,0.0,0.0
30,1518,Treino,698.0,0.0,0.0,,0.0,0.0,0.0
30,1519,Treino,697.0,0.0,0.0,,0.0,0.0,0.0
30,1520,Treino,696.0,0.0,0.0,,0.0,0.0,0.0
30,1521,Treino,695.0,0.0,0.0,,0.0,0.0,0.0
30,1522,Treino,694.0,0.0,0.0,,0.0,0.0,0.0
30,1523,Treino,693.0,0.0,0.0,,0.0,0.0,0.0
30,1524,Treino,692.0,0.0,0.0,,0.0,0.0,0.0
30,1525,Treino,691.0,0.0,0.0,,0.0,0.0,0.0
30,1526,Treino,690.0,0.0,0.0,,0.0,0.0,0.0
30,1527,Treino,689.0,0.0,0.0,,0.0,0.0,0.0
30,1528,Treino,688.0,0.0,0.0,,0.0,0.0,0.0
30,1529,Treino,687.0,0.0,0.0,,0.0,0.0,0.0
30,1530,Treino,686.0,0.0,0.0,,0.0,0.0,0.0
30,1531,Treino,685.0,0.0,0.0,,0.0,0.0,0.0
30,1532,Treino,684.0,0.0,0.0,,0.0,0.0,0.0
30,1533,Treino,683.0,0.0,0.0,,0.0,0.0,0.0
30,1534,Treino,682.0,0.0,0.0,,0.0,0.0,0.0
30,1535,Treino,681.0,0.0,0.0,,0.0,0.0,0.0
30,1536,Treino,680.0,0.0,0.0,,0.0,0.0,0.0
30,1537,Treino,679.0,0.0,0.0,,0.0,0.0,0.0
30,1538,Treino,678.0,0.0,0.0,,0.0,0.0,0.0
30,1539,Treino,677.0,0.0,0.0,,0.0,0.0,0.0
30,1540,Treino,676.0,0.0,0.0,,0.0,0.0,0.0
30,1541,Treino,675.0,0.0,0.0,,0.0,0.0,0.0
30,1542,Treino,674.0,0.0,0.0,,0.0,0.0,0.0
30,1543,Treino,673.0,0.0,0.0,,0.0,0.0,0.0
30,1544,Treino,672.0,0.0,0.0,,0.0,0.0,0.0
30,1545,Treino,671.0,0.0,0.0,,0.0,0.0,0.0
30,1546,Treino,670.0,0.0,0.0,,0.0,0.0,0.0
30,1547,Treino,669.0,0.0,0.0,,0.0,0.0,0.0
30,1548,Treino,668.0,0.0,0.0,,0.0,0.0,0.0
30,1549,Treino,667.0,0.0,0.0,,0.0,0.0,0.0
30,1550,Treino,666.0,0.0,0.0,,0.0,0.0,0.0
30,1551,Treino,665.0,0.0,0.0,,0.0,0.0,0.0
30,1552,Treino,664.0,0.0,0.0,,0.0,0.0,0.0
30,1553,Treino,663.0,0.0,0.0,,0.0,0.0,0.0
30,1554,Treino,662.0,0.0,0.0,,0.0,0.0,0.0
30,1555,Treino,661.0,0.0,0.0,,0.0,0.0,0.0
30,1556,Treino,660.0,0.0,0.0,,0.0,0.0,0.0
30,1557,Treino,659.0,0.0,0.0,,0.0,0.0,0.0
30,1558,Treino,658.0,0.0,0.0,,0.0,0.0,0.0
30,1559,Treino,657.0,0.0,0.0,,0.0,0.0,0.0
30,1560,Treino,656.0,0.0,0.0,,0.0,0.0,0.0
30,1561,Treino,655.0,0.0,0.0,,0.0,0.0,0.0
30,1562,Treino,654.0,0.0,0.0,,0.0,0.0,0.0
30,1563,Treino,653.0,0.0,0.0,,0.0,0.0,0.0
30,1564,Treino,652.0,0.0,0.0,,0.0,0.0,0.0
30,1565,Treino,651.0,0.0,0.0,,0.0,0.0,0.0
30,1566,Treino,650.0,0.0,0.0,,0.0,0.0,0.0
30,1567,Treino,649.0,0.0,0.0,,0.0,0.0,0.0
30,1568,Treino,648.0,0.0,0.0,,0.0,0.0,0.0
30,1569,Treino,647.0,0.0,0.0,,0.0,0.0,0.0
30,1570,Treino,646.0,0.0,0.0,,0.0,0.0,0.0
30,1571,Treino,645.0,0.0,0.0,,0.0,0.0,0.0
30,1572,Treino,644.0,0.0,0.0,,0.0,0.0,0.0
30,1573,Treino,643.0,0.0,0.0,,0.0,0.0,0.0
30,1574,Treino,642.0,0.0,0.0,,0.0,0.0,0.0
30,1575,Treino,641.0,0.0,0.0,,0.0,0.0,0.0
30,1576,Treino,640.0,0.0,0.0,,0.0,0.0,0.0
30,1577,Treino,639.0,0.0,0.0,,0.0,0.0,0.0
30,1578,Treino,638.0,0.0,0.0,,0.0,0.0,0.0
30,1579,Treino,637.0,0.0,0.0,,0.0,0.0,0.0
30,1580,Treino,636.0,0.0,0.0,,0.0,0.0,0.0
30,1581,Treino,635.0,0.0,0.0,,0.0,0.0,0.0
30,1582,Treino,634.0,0.0,0.0,,0.0,0.0,0.0
30,1583,Treino,633.0,0.0,0.0,,0.0,0.0,0.0
30,1584,Treino,632.0,0.0,0.0,,0.0,0.0,0.0
30,1585,Treino,631.0,0.0,0.0,,0.0,0.0,0.0
30,1586,Treino,630.0,0.0,0.0,,0.0,0.0,0.0
30,1587,Treino,629.0,0.0,0.0,,0.0,0.0,0.0
30,1588,Treino,628.0,0.0,0.0,,0.0,0.0,0.0
30,1589,Treino,627.0,0.0,0.0,,0.0,0.0,0.0
30,1590,Treino,626.0,0.0,0.0,,0.0,0.0,0.0
30,1591,Treino,625.0,0.0,0.0,,0.0,0.0,0.0
30,1592,Treino,624.0,0.0,0.0,,0.0,0.0,0.0
30,1593,Treino,623.0,0.0,0.0,,0.0,0.0,0.0
30,1594,Treino,622.0,0.0,0.0,,0.0,0.0,0.0
30,1595,Treino,621.0,0.0,0.0,,0.0,0.0,0.0
30,1596,Treino,620.0,0.0,0.0,,0.0,0.0,0.0
30,1597,Treino,619.0,0.0,0.0,,0.0,0.0,0.0
30,1598,Treino,618.0,0.0,0.0,,0.0,0.0,0.0
30,1599,Treino,617.0,0.0,0.0,,0.0,0.0,0.0
30,1600,Treino,616.0,0.0,0.0,,0.0,0.0,0.0
30,1601,Treino,615.0,0.0,0.0,,0.0,0.0,0.0
30,1602,Treino,614.0,0.0,0.0,,0.0,0.0,0.0
30,1603,Treino,613.0,0.0,0.0,,0.0,0.0,0.0
30,1604,Treino,612.0,0.0,0.0,,0.0,0.0,0.0
30,1605,Treino,611.0,0.0,0.0,,0.0,0.0,0.0
30,1606,Treino,610.0,0.0,0.0,,0.0,0.0,0.0
30,1607,Treino,609.0,0.0,0.0,,0.0,0.0,0.0
30,1608,Treino,608.0,0.0,0.0,,0.0,0.0,0.0
30,1609,Treino,607.0,0.0,0.0,,0.0,0.0,0.0
30,1610,Treino,606.0,0.0,0.0,,0.0,0.0,0.0
30,1611,Treino,605.0,0.0,0.0,,0.0,0.0,0.0
30,1612,Treino,604.0,0.0,0.0,,0.0,0.0,0.0
30,1613,Treino,603.0,0.0,0.0,,0.0,0.0,0.0
30,1614,Treino,602.0,0.0,0.0,,0.0,0.0,0.0
30,1615,Treino,601.0,0.0,0.0,,0.0,0.0,0.0
30,1616,Treino,600.0,0.0,0.0,,0.0,0.0,0.0
30,1617,Treino,599.0,0.0,0.0,,0.0,0.0,0.0
30,1618,Treino,598.0,0.0,0.0,,0.0,0.0,0.0
30,1619,Treino,597.0,0.0,0.0,,0.0,0.0,0.0
30,1620,Treino,596.0,0.0,0.0,,0.0,0.0,0.0
30,1621,Treino,595.0,0.0,0.0,,0.0,0.0,0.0
30,1622,Treino,594.0,0.0,0.0,,0.0,0.0,0.0
30,1623,Treino,593.0,0.0,0.0,,0.0,0.0,0.0
30,1624,Treino,592.0,0.0,0.0,,0.0,0.0,0.0
30,1625,Treino,591.0,0.0,0.0,,0.0,0.0,0.0
30,1626,Treino,590.0,0.0,0.0,,0.0,0.0,0.0
30,1627,Treino,589.0,0.0,0.0,,0.0,0.0,0.0
30,1628,Treino,588.0,0.0,0.0,,0.0,0.0,0.0
30,1629,Treino,587.0,0.0,0.0,,0.0,0.0,0.0
30,1630,Treino,586.0,0.0,0.0,,0.0,0.0,0.0
30,1631,Treino,585.0,0.0,0.0,,0.0,0.0,0.0
30,1632,Treino,584.0,0.0,0.0,,0.0,0.0,0.0
30,1633,Treino,583.0,0.0,0.0,,0.0,0.0,0.0
30,1634,Treino,582.0,0.0,0.0,,0.0,0.0,0.0
30,1635,Treino,581.0,0.0,0.0,,0.0,0.0,0.0
30,1636,Treino,580.0,0.0,0.0,,0.0,0.0,0.0
30,1637,Treino,579.0,0.0,0.0,,0.0,0.0,0.0
30,1638,Treino,578.0,0.0,0.0,,0.0,0.0,0.0
30,1639,Treino,577.0,0.0,0.0,,0.0,0.0,0.0
30,1640,Treino,576.0,0.0,0.0,,0.0,0.0,0.0
30,1641,Treino,575.0,0.0,0.0,,0.0,0.0,0.0
30,1642,Treino,574.0,0.0,0.0,,0.0,0.0,0.0
30,1643,Treino,573.0,0.0,0.0,,0.0,0.0,0.0
30,1644,Treino,572.0,0.0,0.0,,0.0,0.0,0.0
30,1645,Treino,571.0,0.0,0.0,,0.0,0.0,0.0
30,1646,Treino,570.0,0.0,0.0,,0.0,0.0,0.0
30,1647,Treino,569.0,0.0,0.0,,0.0,0.0,0.0
30,1648,Treino,568.0,0.0,0.0,,0.0,0.0,0.0
30,1649,Treino,567.0,0.0,0.0,,0.0,0.0,0.0
30,1650,Treino,566.0,0.0,0.0,,0.0,0.0,0.0
30,1651,Treino,565.0,0.0,0.0,,0.0,0.0,0.0
30,1652,Treino,564.0,0.0,0.0,,0.0,0.0,0.0
30,1653,Treino,563.0,0.0,0.0,,0.0,0.0,0.0
30,1654,Treino,562.0,0.0,0.0,,0.0,0.0,0.0
30,1655,Treino,561.0,0.0,0.0,,0.0,0.0,0.0
30,1656,Treino,560.0,0.0,0.0,,0.0,0.0,0.0
30,1657,Treino,559.0,0.0,0.0,,0.0,0.0,0.0
30,1658,Treino,558.0,0.0,0.0,,0.0,0.0,0.0
30,1659,Treino,557.0,0.0,0.0,,0.0,0.0,0.0
30,1660,Treino,556.0,0.0,0.0,,0.0,0.0,0.0
30,1661,Treino,555.0,0.0,0.0,,0.0,0.0,0.0
30,1662,Treino,554.0,0.0,0.0,,0.0,0.0,0.0
30,1663,Treino,553.0,0.0,0.0,,0.0,0.0,0.0
30,1664,Treino,552.0,0.0,0.0,,0.0,0.0,0.0
30,1665,Treino,551.0,0.0,0.0,,0.0,0.0,0.0
30,1666,Treino,550.0,0.0,0.0,,0.0,0.0,0.0
30,1667,Treino,549.0,0.0,0.0,,0.0,0.0,0.0
30,1668,Treino,548.0,0.0,0.0,,0.0,0.0,0.0
30,1669,Treino,547.0,0.0,0.0,,0.0,0.0,0.0
30,1670,Treino,546.0,0.0,0.0,,0.0,0.0,0.0
30,1671,Treino,545.0,0.0,0.0,,0.0,0.0,0.0
30,1672,Treino,544.0,0.0,0.0,,0.0,0.0,0.0
30,1673,Treino,543.0,0.0,0.0,,0.0,0.0,0.0
30,1674,Treino,542.0,0.0,0.0,,0.0,0.0,0.0
30,1675,Treino,541.0,0.0,0.0,,0.0,0.0,0.0
30,1676,Treino,540.0,0.0,0.0,,0.0,0.0,0.0
30,1677,Treino,539.0,0.0,0.0,,0.0,0.0,0.0
30,1678,Treino,538.0,0.0,0.0,,0.0,0.0,0.0
30,1679,Treino,537.0,0.0,0.0,,0.0,0.0,0.0
30,1680,Treino,536.0,0.0,0.0,,0.0,0.0,0.0
30,1681,Treino,535.0,0.0,0.0,,0.0,0.0,0.0
30,1682,Treino,534.0,0.0,0.0,,0.0,0.0,0.0
30,1683,Treino,533.0,0.0,0.0,,0.0,0.0,0.0
30,1684,Treino,532.0,0.0,0.0,,0.0,0.0,0.0
30,1685,Treino,531.0,0.0,0.0,,0.0,0.0,0.0
30,1686,Treino,530.0,0.0,0.0,,0.0,0.0,0.0
30,1687,Treino,529.0,0.0,0.0,,0.0,0.0,0.0
30,1688,Treino,528.0,0.0,0.0,,0.0,0.0,0.0
30,1689,Treino,527.0,0.0,0.0,,0.0,0.0,0.0
30,1690,Treino,526.0,0.0,0.0,,0.0,0.0,0.0
30,1691,Treino,525.0,0.0,0.0,,0.0,0.0,0.0
30,1692,Treino,524.0,0.0,0.0,,0.0,0.0,0.0
30,1693,Treino,523.0,0.0,0.0,,0.0,0.0,0.0
30,1694,Treino,522.0,0.0,0.0,,0.0,0.0,0.0
30,1695,Treino,521.0,0.0,0.0,,0.0,0.0,0.0
30,1696,Treino,520.0,0.0,0.0,,0.0,0.0,0.0
30,1697,Treino,519.0,0.0,0.0,,0.0,0.0,0.0
30,1698,Treino,518.0,0.0,0.0,,0.0,0.0,0.0
30,1699,Treino,517.0,0.0,0.0,,0.0,0.0,0.0
30,1700,Treino,516.0,0.0,0.0,,0.0,0.0,0.0
30,1701,Treino,515.0,0.0,0.0,,0.0,0.0,0.0
30,1702,Treino,514.0,0.0,0.0,,0.0,0.0,0.0
30,1703,Treino,513.0,0.0,0.0,,0.0,0.0,0.0
30,1704,Treino,512.0,0.0,0.0,,0.0,0.0,0.0
30,1705,Treino,511.0,0.0,0.0,,0.0,0.0,0.0
30,1706,Treino,510.0,0.0,0.0,,0.0,0.0,0.0
30,1707,Treino,509.0,0.0,0.0,,0.0,0.0,0.0
30,1708,Treino,508.0,0.0,0.0,,0.0,0.0,0.0
30,1709,Treino,507.0,0.0,0.0,,0.0,0.0,0.0
30,1710,Treino,506.0,0.0,0.0,,0.0,0.0,0.0
30,1711,Treino,505.0,0.0,0.0,,0.0,0.0,0.0
30,1712,Treino,504.0,0.0,0.0,,0.0,0.0,0.0
30,1713,Treino,503.0,0.0,0.0,,0.0,0.0,0.0
30,1714,Treino,502.0,0.0,0.0,,0.0,0.0,0.0
30,1715,Treino,501.0,0.0,0.0,,0.0,0.0,0.0
30,1716,Treino,500.0,0.0,0.0,,0.0,0.0,0.0
30,1717,Treino,499.0,0.0,0.0,,0.0,0.0,0.0
30,1718,Treino,498.0,0.0,0.0,,0.0,0.0,0.0
30,1719,Treino,497.0,0.0,0.0,,0.0,0.0,0.0
30,1720,Treino,496.0,0.0,0.0,,0.0,0.0,0.0
30,1721,Treino,495.0,0.0,0.0,,0.0,0.0,0.0
30,1722,Treino,494.0,0.0,0.0,,0.0,0.0,0.0
30,1723,Treino,493.0,0.0,0.0,,0.0,0.0,0.0
30,1724,Treino,492.0,0.0,0.0,,0.0,0.0,0.0
30,1725,Treino,491.0,0.0,0.0,,0.0,0.0,0.0
30,1726,Treino,490.0,0.0,0.0,,0.0,0.0,0.0
30,1727,Treino,489.0,0.0,0.0,,0.0,0.0,0.0
30,1728,Treino,488.0,0.0,0.0,,0.0,0.0,0.0
30,1729,Treino,487.0,0.0,0.0,,0.0,0.0,0.0
30,1730,Treino,486.0,0.0,0.0,,0.0,0.0,0.0
30,1731,Treino,485.0,0.0,0.0,,0.0,0.0,0.0
30,1732,Treino,484.0,0.0,0.0,,0.0,0.0,0.0
30,1733,Treino,483.0,0.0,0.0,,0.0,0.0,0.0
30,1734,Treino,482.0,0.0,0.0,,0.0,0.0,0.0
30,1735,Treino,481.0,0.0,0.0,,0.0,0.0,0.0
30,1736,Treino,480.0,0.0,0.0,,0.0,0.0,0.0
30,1737,Treino,479.0,0.0,0.0,,0.0,0.0,0.0
30,1738,Treino,478.0,0.0,0.0,,0.0,0.0,0.0
30,1739,Treino,477.0,0.0,0.0,,0.0,0.0,0.0
30,1740,Treino,476.0,0.0,0.0,,0.0,0.0,0.0
30,1741,Treino,475.0,0.0,0.0,,0.0,0.0,0.0
30,1742,Treino,474.0,0.0,0.0,,0.0,0.0,0.0
30,1743,Treino,473.0,0.0,0.0,,0.0,0.0,0.0
30,1744,Treino,472.0,0.0,0.0,,0.0,0.0,0.0
30,1745,Treino,471.0,0.0,0.0,,0.0,0.0,0.0
30,1746,Treino,470.0,0.0,0.0,,0.0,0.0,0.0
30,1747,Treino,469.0,0.0,0.0,,0.0,0.0,0.0
30,1748,Treino,468.0,0.0,0.0,,0.0,0.0,0.0
30,1749,Treino,467.0,0.0,0.0,,0.0,0.0,0.0
30,1750,Treino,466.0,0.0,0.0,,0.0,0.0,0.0
30,1751,Treino,465.0,0.0,0.0,,0.0,0.0,0.0
30,1752,Treino,464.0,0.0,0.0,,0.0,0.0,0.0
30,1753,Treino,463.0,0.0,0.0,,0.0,0.0,0.0
30,1754,Treino,462.0,0.0,0.0,,0.0,0.0,0.0
30,1755,Treino,461.0,0.0,0.0,,0.0,0.0,0.0
30,1756,Treino,460.0,0.0,0.0,,0.0,0.0,0.0
30,1757,Treino,459.0,0.0,0.0,,0.0,0.0,0.0
30,1758,Treino,458.0,0.0,0.0,,0.0,0.0,0.0
30,1759,Treino,457.0,0.0,0.0,,0.0,0.0,0.0
30,1760,Treino,456.0,0.0,0.0,,0.0,0.0,0.0
30,1761,Treino,455.0,0.0,0.0,,0.0,0.0,0.0
30,1762,Treino,454.0,0.0,0.0,,0.0,0.0,0.0
30,1763,Treino,453.0,0.0,0.0,,0.0,0.0,0.0
30,1764,Treino,452.0,0.0,0.0,,0.0,0.0,0.0
30,1765,Treino,451.0,0.0,0.0,,0.0,0.0,0.0
30,1766,Treino,450.0,0.0,0.0,,0.0,0.0,0.0
30,1767,Treino,449.0,0.0,0.0,,0.0,0.0,0.0
30,1768,Treino,448.0,0.0,0.0,,0.0,0.0,0.0
30,1769,Treino,447.0,0.0,0.0,,0.0,0.0,0.0
30,1770,Treino,446.0,0.0,0.0,,0.0,0.0,0.0
30,1771,Treino,445.0,0.0,0.0,,0.0,0.0,0.0
30,1772,Treino,444.0,0.0,0.0,,0.0,0.0,0.0
30,1773,Treino,443.0,0.0,0.0,,0.0,0.0,0.0
30,1774,Treino,442.0,0.0,0.0,,0.0,0.0,0.0
30,1775,Treino,441.0,0.0,0.0,,0.0,0.0,0.0
30,1776,Treino,440.0,0.0,0.0,,0.0,0.0,0.0
30,1777,Treino,439.0,0.0,0.0,,0.0,0.0,0.0
30,1778,Treino,438.0,0.0,0.0,,0.0,0.0,0.0
30,1779,Treino,437.0,0.0,0.0,,0.0,0.0,0.0
30,1780,Treino,436.0,0.0,0.0,,0.0,0.0,0.0
30,1781,Treino,435.0,0.0,0.0,,0.0,0.0,0.0
30,1782,Treino,434.0,0.0,0.0,,0.0,0.0,0.0
30,1783,Treino,433.0,0.0,0.0,,0.0,0.0,0.0
30,1784,Treino,432.0,0.0,0.0,,0.0,0.0,0.0
30,1785,Treino,431.0,0.0,0.0,,0.0,0.0,0.0
30,1786,Treino,430.0,0.0,0.0,,0.0,0.0,0.0
30,1787,Treino,429.0,0.0,0.0,,0.0,0.0,0.0
30,1788,Treino,428.0,0.0,0.0,,0.0,0.0,0.0
30,1789,Treino,427.0,0.0,0.0,,0.0,0.0,0.0
30,1790,Treino,426.0,0.0,0.0,,0.0,0.0,0.0
30,1791,Treino,425.0,0.0,0.0,,0.0,0.0,0.0
30,1792,Treino,424.0,0.0,0.0,,0.0,0.0,0.0
30,1793,Treino,423.0,0.0,0.0,,0.0,0.0,0.0
30,1794,Treino,422.0,0.0,0.0,,0.0,0.0,0.0
30,1795,Treino,421.0,0.0,0.0,,0.0,0.0,0.0
30,1796,Treino,420.0,0.0,0.0,,0.0,0.0,0.0
30,1797,Treino,419.0,0.0,0.0,,0.0,0.0,0.0
30,1798,Treino,418.0,0.0,0.0,,0.0,0.0,0.0
30,1799,Treino,417.0,0.0,0.0,,0.0,0.0,0.0
30,1800,Treino,416.0,0.0,0.0,,0.0,0.0,0.0
30,1801,Treino,415.0,0.0,0.0,,0.0,0.0,0.0
30,1802,Treino,414.0,0.0,0.0,,0.0,0.0,0.0
30,1803,Treino,413.0,0.0,0.0,,0.0,0.0,0.0
30,1804,Treino,412.0,0.0,0.0,,0.0,0.0,0.0
30,1805,Treino,411.0,0.0,0.0,,0.0,0.0,0.0
30,1806,Treino,410.0,0.0,0.0,,0.0,0.0,0.0
30,1807,Treino,409.0,0.0,0.0,,0.0,0.0,0.0
30,1808,Treino,408.0,0.0,0.0,,0.0,0.0,0.0
30,1809,Treino,407.0,0.0,0.0,,0.0,0.0,0.0
30,1810,Treino,406.0,0.0,0.0,,0.0,0.0,0.0
30,1811,Treino,405.0,0.0,0.0,,0.0,0.0,0.0
30,1812,Treino,404.0,0.0,0.0,,0.0,0.0,0.0
30,1813,Treino,403.0,0.0,0.0,,0.0,0.0,0.0
30,1814,Treino,402.0,0.0,0.0,,0.0,0.0,0.0
30,1815,Treino,401.0,0.0,0.0,,0.0,0.0,0.0
30,1816,Treino,400.0,0.0,0.0,,0.0,0.0,0.0
30,1817,Treino,399.0,0.0,0.0,,0.0,0.0,0.0
30,1818,Treino,398.0,0.0,0.0,,0.0,0.0,0.0
30,1819,Treino,397.0,0.0,0.0,,0.0,0.0,0.0
30,1820,Treino,396.0,0.0,0.0,,0.0,0.0,0.0
30,1821,Treino,395.0,0.0,0.0,,0.0,0.0,0.0
30,1822,Treino,394.0,0.0,0.0,,0.0,0.0,0.0
30,1823,Treino,393.0,0.0,0.0,,0.0,0.0,0.0
30,1824,Treino,392.0,0.0,0.0,,0.0,0.0,0.0
30,1825,Treino,391.0,0.0,0.0,,0.0,0.0,0.0
30,1826,Treino,390.0,0.0,0.0,,0.0,0.0,0.0
30,1827,Treino,389.0,0.0,0.0,,0.0,0.0,0.0
30,1828,Treino,388.0,0.0,0.0,,0.0,0.0,0.0
30,1829,Treino,387.0,0.0,0.0,,0.0,0.0,0.0
30,1830,Treino,386.0,0.0,0.0,,0.0,0.0,0.0
30,1831,Treino,385.0,0.0,0.0,,0.0,0.0,0.0
30,1832,Treino,384.0,0.0,0.0,,0.0,0.0,0.0
30,1833,Treino,383.0,0.0,0.0,,0.0,0.0,0.0
30,1834,Treino,382.0,0.0,0.0,,0.0,0.0,0.0
30,1835,Treino,381.0,0.0,0.0,,0.0,0.0,0.0
30,1836,Treino,380.0,0.0,0.0,,0.0,0.0,0.0
30,1837,Treino,379.0,0.0,0.0,,0.0,0.0,0.0
30,1838,Treino,378.0,0.0,0.0,,0.0,0.0,0.0
30,1839,Treino,377.0,0.0,0.0,,0.0,0.0,0.0
30,1840,Treino,376.0,0.0,0.0,,0.0,0.0,0.0
30,1841,Treino,375.0,0.0,0.0,,0.0,0.0,0.0
30,1842,Treino,374.0,0.0,0.0,,0.0,0.0,0.0
30,1843,Treino,373.0,0.0,0.0,,0.0,0.0,0.0
30,1844,Treino,372.0,0.0,0.0,,0.0,0.0,0.0
30,1845,Treino,371.0,0.0,0.0,,0.0,0.0,0.0
30,1846,Treino,370.0,0.0,0.0,,0.0,0.0,0.0
30,1847,Treino,369.0,0.0,0.0,,0.0,0.0,0.0
30,1848,Treino,368.0,0.0,0.0,,0.0,0.0,0.0
30,1849,Treino,367.0,0.0,0.0,,0.0,0.0,0.0
30,1850,Treino,366.0,0.0,0.0,,0.0,0.0,0.0
30,1851,Treino,365.0,0.0,0.0,,0.0,0.0,0.0
30,1852,Treino,364.0,0.0,0.0,,0.0,0.0,0.0
30,1853,Treino,363.0,0.0,0.0,,0.0,0.0,0.0
30,1854,Treino,362.0,0.0,0.0,,0.0,0.0,0.0
30,1855,Treino,361.0,0.0,0.0,,0.0,0.0,0.0
30,1856,Treino,360.0,0.0,0.0,,0.0,0.0,0.0
30,1857,Treino,359.0,0.0,0.0,,0.0,0.0,0.0
30,1858,Treino,358.0,0.0,0.0,,0.0,0.0,0.0
30,1859,Treino,357.0,0.0,0.0,,0.0,0.0,0.0
30,1860,Treino,356.0,0.0,0.0,,0.0,0.0,0.0
30,1861,Treino,355.0,0.0,0.0,,0.0,0.0,0.0
30,1862,Treino,354.0,0.0,0.0,,0.0,0.0,0.0
30,1863,Treino,353.0,0.0,0.0,,0.0,0.0,0.0
30,1864,Treino,352.0,0.0,0.0,,0.0,0.0,0.0
30,1865,Treino,351.0,0.0,0.0,,0.0,0.0,0.0
30,1866,Treino,350.0,0.0,0.0,,0.0,0.0,0.0
30,1867,Treino,349.0,0.0,0.0,,0.0,0.0,0.0
30,1868,Treino,348.0,0.0,0.0,,0.0,0.0,0.0
30,1869,Treino,347.0,0.0,0.0,,0.0,0.0,0.0
30,1870,Treino,346.0,0.0,0.0,,0.0,0.0,0.0
30,1871,Treino,345.0,0.0,0.0,,0.0,0.0,0.0
30,1872,Treino,344.0,0.0,0.0,,0.0,0.0,0.0
30,1873,Treino,343.0,0.0,0.0,,0.0,0.0,0.0
30,1874,Treino,342.0,0.0,0.0,,0.0,0.0,0.0
30,1875,Treino,341.0,0.0,0.0,,0.0,0.0,0.0
30,1876,Treino,340.0,0.0,0.0,,0.0,0.0,0.0
30,1877,Treino,339.0,0.0,0.0,,0.0,0.0,0.0
30,1878,Treino,338.0,0.0,0.0,,0.0,0.0,0.0
30,1879,Treino,337.0,0.0,0.0,,0.0,0.0,0.0
30,1880,Treino,336.0,0.0,0.0,,0.0,0.0,0.0
30,1881,Treino,335.0,0.0,0.0,,0.0,0.0,0.0
30,1882,Treino,334.0,0.0,0.0,,0.0,0.0,0.0
30,1883,Treino,333.0,0.0,0.0,,0.0,0.0,0.0
30,1884,Treino,332.0,0.0,0.0,,0.0,0.0,0.0
30,1885,Treino,331.0,0.0,0.0,,0.0,0.0,0.0
30,1886,Treino,330.0,0.0,0.0,,0.0,0.0,0.0
30,1887,Treino,329.0,0.0,0.0,,0.0,0.0,0.0
30,1888,Treino,328.0,0.0,0.0,,0.0,0.0,0.0
30,1889,Treino,327.0,0.0,0.0,,0.0,0.0,0.0
30,1890,Treino,326.0,0.0,0.0,,0.0,0.0,0.0
30,1891,Treino,325.0,0.0,0.0,,0.0,0.0,0.0
30,1892,Treino,324.0,0.0,0.0,,0.0,0.0,0.0
30,1893,Treino,323.0,0.0,0.0,,0.0,0.0,0.0
30,1894,Treino,322.0,0.0,0.0,,0.0,0.0,0.0
30,1895,Treino,321.0,0.0,0.0,,0.0,0.0,0.0
30,1896,Treino,320.0,0.0,0.0,,0.0,0.0,0.0
30,1897,Treino,319.0,0.0,0.0,,0.0,0.0,0.0
30,1898,Treino,318.0,0.0,0.0,,0.0,0.0,0.0
30,1899,Treino,317.0,0.0,0.0,,0.0,0.0,0.0
30,1900,Treino,316.0,0.0,0.0,,0.0,0.0,0.0
30,1901,Treino,315.0,0.0,0.0,,0.0,0.0,0.0
30,1902,Treino,314.0,0.0,0.0,,0.0,0.0,0.0
30,1903,Treino,313.0,0.0,0.0,,0.0,0.0,0.0
30,1904,Treino,312.0,0.0,0.0,,0.0,0.0,0.0
30,1905,Treino,311.0,0.0,0.0,,0.0,0.0,0.0
30,1906,Treino,310.0,0.0,0.0,,0.0,0.0,0.0
30,1907,Treino,309.0,0.0,0.0,,0.0,0.0,0.0
30,1908,Treino,308.0,0.0,0.0,,0.0,0.0,0.0
30,1909,Treino,307.0,0.0,0.0,,0.0,0.0,0.0
30,1910,Treino,306.0,0.0,0.0,,0.0,0.0,0.0
30,1911,Treino,305.0,0.0,0.0,,0.0,0.0,0.0
30,1912,Treino,304.0,0.0,0.0,,0.0,0.0,0.0
30,1913,Treino,303.0,0.0,0.0,,0.0,0.0,0.0
30,1914,Treino,302.0,0.0,0.0,,0.0,0.0,0.0
30,1915,Treino,301.0,0.0,0.0,,0.0,0.0,0.0
30,1916,Treino,300.0,0.0,0.0,,0.0,0.0,0.0
30,1917,Treino,299.0,0.0,0.0,,0.0,0.0,0.0
30,1918,Treino,298.0,0.0,0.0,,0.0,0.0,0.0
30,1919,Treino,297.0,0.0,0.0,,0.0,0.0,0.0
30,1920,Treino,296.0,0.0,0.0,,0.0,0.0,0.0
30,1921,Treino,295.0,0.0,0.0,,0.0,0.0,0.0
30,1922,Treino,294.0,0.0,0.0,,0.0,0.0,0.0
30,1923,Treino,293.0,0.0,0.0,,0.0,0.0,0.0
30,1924,Treino,292.0,0.0,0.0,,0.0,0.0,0.0
30,1925,Treino,291.0,0.0,0.0,,0.0,0.0,0.0
30,1926,Treino,290.0,0.0,0.0,,0.0,0.0,0.0
30,1927,Treino,289.0,0.0,0.0,,0.0,0.0,0.0
30,1928,Treino,288.0,0.0,0.0,,0.0,0.0,0.0
30,1929,Treino,287.0,0.0,0.0,,0.0,0.0,0.0
30,1930,Treino,286.0,0.0,0.0,,0.0,0.0,0.0
30,1931,Treino,285.0,0.0,0.0,,0.0,0.0,0.0
30,1932,Treino,284.0,0.0,0.0,,0.0,0.0,0.0
30,1933,Treino,283.0,0.0,0.0,,0.0,0.0,0.0
30,1934,Treino,282.0,0.0,0.0,,0.0,0.0,0.0
30,1935,Treino,281.0,0.0,0.0,,0.0,0.0,0.0
30,1936,Treino,280.0,0.0,0.0,,0.0,0.0,0.0
30,1937,Treino,279.0,0.0,0.0,,0.0,0.0,0.0
30,1938,Treino,278.0,0.0,0.0,,0.0,0.0,0.0
30,1939,Treino,277.0,0.0,0.0,,0.0,0.0,0.0
30,1940,Treino,276.0,0.0,0.0,,0.0,0.0,0.0
30,1941,Treino,275.0,0.0,0.0,,0.0,0.0,0.0
30,1942,Treino,274.0,0.0,0.0,,0.0,0.0,0.0
30,1943,Treino,273.0,0.0,0.0,,0.0,0.0,0.0
30,1944,Treino,272.0,0.0,0.0,,0.0,0.0,0.0
30,1945,Treino,271.0,0.0,0.0,,0.0,0.0,0.0
30,1946,Treino,270.0,0.0,0.0,,0.0,0.0,0.0
30,1947,Treino,269.0,0.0,0.0,,0.0,0.0,0.0
30,1948,Treino,268.0,0.0,0.0,,0.0,0.0,0.0
30,1949,Treino,267.0,0.0,0.0,,0.0,0.0,0.0
30,1950,Treino,266.0,0.0,0.0,,0.0,0.0,0.0
30,1951,Treino,265.0,0.0,0.0,,0.0,0.0,0.0
30,1952,Treino,264.0,0.0,0.0,,0.0,0.0,0.0
30,1953,Treino,263.0,0.0,0.0,,0.0,0.0,0.0
30,1954,Treino,262.0,0.0,0.0,,0.0,0.0,0.0
30,1955,Treino,261.0,0.0,0.0,,0.0,0.0,0.0
30,1956,Treino,260.0,0.0,0.0,,0.0,0.0,0.0
30,1957,Treino,259.0,0.0,0.0,,0.0,0.0,0.0
30,1958,Treino,258.0,0.0,0.0,,0.0,0.0,0.0
30,1959,Treino,257.0,0.0,0.0,,0.0,0.0,0.0
30,1960,Treino,256.0,0.0,0.0,,0.0,0.0,0.0
30,1961,Treino,255.0,0.0,0.0,,0.0,0.0,0.0
30,1962,Treino,254.0,0.0,0.0,,0.0,0.0,0.0
30,1963,Treino,253.0,0.0,0.0,,0.0,0.0,0.0
30,1964,Treino,252.0,0.0,0.0,,0.0,0.0,0.0
30,1965,Treino,251.0,0.0,0.0,,0.0,0.0,0.0
30,1966,Treino,250.0,0.0,0.0,,0.0,0.0,0.0
30,1967,Treino,249.0,0.0,0.0,,0.0,0.0,0.0
30,1968,Treino,248.0,0.0,0.0,,0.0,0.0,0.0
30,1969,Treino,247.0,0.0,0.0,,0.0,0.0,0.0
30,1970,Treino,246.0,0.0,0.0,,0.0,0.0,0.0
30,1971,Treino,245.0,0.0,0.0,,0.0,0.0,0.0
30,1972,Treino,244.0,0.0,0.0,,0.0,0.0,0.0
30,1973,Treino,243.0,0.0,0.0,,0.0,0.0,0.0
30,1974,Treino,242.0,0.0,0.0,,0.0,0.0,0.0
30,1975,Treino,241.0,0.0,0.0,,0.0,0.0,0.0
30,1976,Treino,240.0,0.0,0.0,,0.0,0.0,0.0
30,1977,Treino,239.0,0.0,0.0,,0.0,0.0,0.0
30,1978,Treino,238.0,0.0,0.0,,0.0,0.0,0.0
30,1979,Treino,237.0,0.0,0.0,,0.0,0.0,0.0
30,1980,Treino,236.0,0.0,0.0,,0.0,0.0,0.0
30,1981,Treino,235.0,0.0,0.0,,0.0,0.0,0.0
30,1982,Treino,234.0,0.0,0.0,,0.0,0.0,0.0
30,1983,Treino,233.0,0.0,0.0,,0.0,0.0,0.0
30,1984,Treino,232.0,0.0,0.0,,0.0,0.0,0.0
30,1985,Treino,231.0,0.0,0.0,,0.0,0.0,0.0
30,1986,Treino,230.0,0.0,0.0,,0.0,0.0,0.0
30,1987,Treino,229.0,0.0,0.0,,0.0,0.0,0.0
30,1988,Treino,228.0,0.0,0.0,,0.0,0.0,0.0
30,1989,Treino,227.0,0.0,0.0,,0.0,0.0,0.0
30,1990,Treino,226.0,0.0,0.0,,0.0,0.0,0.0
30,1991,Treino,225.0,0.0,0.0,,0.0,0.0,0.0
30,1992,Treino,224.0,0.0,0.0,,0.0,0.0,0.0
30,1993,Treino,223.0,0.0,0.0,,0.0,0.0,0.0
30,1994,Treino,222.0,0.0,0.0,,0.0,0.0,0.0
30,1995,Treino,221.0,0.0,0.0,,0.0,0.0,0.0
30,1996,Treino,220.0,0.0,0.0,,0.0,0.0,0.0
30,1997,Treino,219.0,0.0,0.0,,0.0,0.0,0.0
30,1998,Treino,218.0,0.0,0.0,,0.0,0.0,0.0
30,1999,Treino,217.0,0.0,0.0,,0.0,0.0,0.0
30,2000,Treino,216.0,0.0,0.0,,0.0,0.0,0.0
30,2001,Treino,215.0,0.0,0.0,,0.0,0.0,0.0
30,2002,Treino,214.0,0.0,0.0,,0.0,0.0,0.0
30,2003,Treino,213.0,0.0,0.0,,0.0,0.0,0.0
30,2004,Treino,212.0,0.0,0.0,,0.0,0.0,0.0
30,2005,Treino,211.0,0.0,0.0,,0.0,0.0,0.0
30,2006,Treino,210.0,0.0,0.0,,0.0,0.0,0.0
30,2007,Treino,209.0,0.0,0.0,,0.0,0.0,0.0
30,2008,Treino,208.0,0.0,0.0,,0.0,0.0,0.0
30,2009,Treino,207.0,0.0,0.0,,0.0,0.0,0.0
30,2010,Treino,206.0,0.0,0.0,,0.0,0.0,0.0
30,2011,Treino,205.0,0.0,0.0,,0.0,0.0,0.0
30,2012,Treino,204.0,0.0,0.0,,0.0,0.0,0.0
30,2013,Treino,203.0,0.0,0.0,,0.0,0.0,0.0
30,2014,Treino,202.0,0.0,0.0,,0.0,0.0,0.0
30,2015,Treino,201.0,0.0,0.0,,0.0,0.0,0.0
30,2016,Treino,200.0,0.0,0.0,,0.0,0.0,0.0
30,2017,Treino,199.0,0.0,0.0,,0.0,0.0,0.0
30,2018,Treino,198.0,0.0,0.0,,0.0,0.0,0.0
30,2019,Treino,197.0,0.0,0.0,,0.0,0.0,0.0
30,2020,Treino,196.0,0.0,0.0,,0.0,0.0,0.0
30,2021,Treino,195.0,0.0,0.0,,0.0,0.0,0.0
30,2022,Treino,194.0,0.0,0.0,,0.0,0.0,0.0
30,2023,Treino,193.0,0.0,0.0,,0.0,0.0,0.0
30,2024,Treino,192.0,0.0,0.0,,0.0,0.0,0.0
30,2025,Treino,191.0,0.0,0.0,,0.0,0.0,0.0
30,2026,Treino,190.0,0.0,0.0,,0.0,0.0,0.0
30,2027,Treino,189.0,0.0,0.0,,0.0,0.0,0.0
30,2028,Treino,188.0,0.0,0.0,,0.0,0.0,0.0
30,2029,Treino,187.0,0.0,0.0,,0.0,0.0,0.0
30,2030,Treino,186.0,0.0,0.0,,0.0,0.0,0.0
30,2031,Treino,185.0,0.0,0.0,,0.0,0.0,0.0
30,2032,Treino,184.0,0.0,0.0,,0.0,0.0,0.0
30,2033,Treino,183.0,0.0,0.0,,0.0,0.0,0.0
30,2034,Treino,182.0,0.0,0.0,,0.0,0.0,0.0
30,2035,Treino,181.0,0.0,0.0,,0.0,0.0,0.0
30,2036,Treino,180.0,0.0,0.0,,0.0,0.0,0.0
30,2037,Treino,179.0,0.0,0.0,,0.0,0.0,0.0
30,2038,Treino,178.0,0.0,0.0,,0.0,0.0,0.0
30,2039,Treino,177.0,0.0,0.0,,0.0,0.0,0.0
30,2040,Treino,176.0,0.0,0.0,,0.0,0.0,0.0
30,2041,Treino,175.0,0.0,0.0,,0.0,0.0,0.0
30,2042,Treino,174.0,0.0,0.0,,0.0,0.0,0.0
30,2043,Treino,173.0,0.0,0.0,,0.0,0.0,0.0
30,2044,Treino,172.0,0.0,0.0,,0.0,0.0,0.0
30,2045,Treino,171.0,0.0,0.0,,0.0,0.0,0.0
30,2046,Treino,170.0,0.0,0.0,,0.0,0.0,0.0
30,2047,Treino,169.0,0.0,0.0,,0.0,0.0,0.0
30,2048,Treino,168.0,0.0,0.0,,0.0,0.0,0.0
30,2049,Treino,167.0,0.0,0.0,,0.0,0.0,0.0
30,2050,Treino,166.0,0.0,0.0,,0.0,0.0,0.0
30,2051,Treino,165.0,0.0,0.0,,0.0,0.0,0.0
30,2052,Treino,164.0,0.0,0.0,,0.0,0.0,0.0
30,2053,Treino,163.0,0.0,0.0,,0.0,0.0,0.0
30,2054,Treino,162.0,0.0,0.0,,0.0,0.0,0.0
30,2055,Treino,161.0,0.0,0.0,,0.0,0.0,0.0
30,2056,Treino,160.0,0.0,0.0,,0.0,0.0,0.0
30,2057,Treino,159.0,0.0,0.0,,0.0,0.0,0.0
30,2058,Treino,158.0,0.0,0.0,,0.0,0.0,0.0
30,2059,Treino,157.0,0.0,0.0,,0.0,0.0,0.0
30,2060,Treino,156.0,0.0,0.0,,0.0,0.0,0.0
30,2061,Treino,155.0,0.0,0.0,,0.0,0.0,0.0
30,2062,Treino,154.0,0.0,0.0,,0.0,0.0,0.0
30,2063,Treino,153.0,0.0,0.0,,0.0,0.0,0.0
30,2064,Treino,152.0,0.0,0.0,,0.0,0.0,0.0
30,2065,Treino,151.0,0.0,0.0,,0.0,0.0,0.0
30,2066,Treino,150.0,0.0,0.0,,0.0,0.0,0.0
30,2067,Treino,149.0,0.0,0.0,,0.0,0.0,0.0
30,2068,Treino,148.0,0.0,0.0,,0.0,0.0,0.0
30,2069,Treino,147.0,0.0,0.0,,0.0,0.0,0.0
30,2070,Treino,146.0,0.0,0.0,,0.0,0.0,0.0
30,2071,Treino,145.0,0.0,0.0,,0.0,0.0,0.0
30,2072,Treino,144.0,0.0,0.0,,0.0,0.0,0.0
30,2073,Treino,143.0,0.0,0.0,,0.0,0.0,0.0
30,2074,Treino,142.0,0.0,0.0,,0.0,0.0,0.0
30,2075,Treino,141.0,0.0,0.0,,0.0,0.0,0.0
30,2076,Treino,140.0,0.0,0.0,,0.0,0.0,0.0
30,2077,Treino,139.0,0.0,0.0,,0.0,0.0,0.0
30,2078,Treino,138.0,0.0,0.0,,0.0,0.0,0.0
30,2079,Treino,137.0,0.0,0.0,,0.0,0.0,0.0
30,2080,Treino,136.0,0.0,0.0,,0.0,0.0,0.0
30,2081,Treino,135.0,0.0,0.0,,0.0,0.0,0.0
30,2082,Treino,134.0,0.0,0.0,,0.0,0.0,0.0
30,2083,Treino,133.0,0.0,0.0,,0.0,0.0,0.0
30,2084,Treino,132.0,0.0,0.0,,0.0,0.0,0.0
30,2085,Treino,131.0,0.0,0.0,,0.0,0.0,0.0
30,2086,Treino,130.0,0.0,0.0,,0.0,0.0,0.0
30,2087,Treino,129.0,0.0,0.0,,0.0,0.0,0.0
30,2088,Treino,128.0,0.0,0.0,,0.0,0.0,0.0
30,2089,Treino,127.0,0.0,0.0,,0.0,0.0,0.0
30,2090,Treino,126.0,0.0,0.0,,0.0,0.0,0.0
30,2091,Treino,125.0,0.0,0.0,,0.0,0.0,0.0
30,2092,Treino,124.0,0.0,0.0,,0.0,0.0,0.0
30,2093,Treino,123.0,0.0,0.0,,0.0,0.0,0.0
30,2094,Treino,122.0,0.0,0.0,,0.0,0.0,0.0
30,2095,Treino,121.0,0.0,0.0,,0.0,0.0,0.0
30,2096,Treino,120.0,0.0,0.0,,0.0,0.0,0.0
30,2097,Treino,119.0,0.0,0.0,,0.0,0.0,0.0
30,2098,Treino,118.0,0.0,0.0,,0.0,0.0,0.0
30,2099,Treino,117.0,0.0,0.0,,0.0,0.0,0.0
30,2100,Treino,116.0,0.0,0.0,,0.0,0.0,0.0
30,2101,Treino,115.0,0.0,0.0,,0.0,0.0,0.0
30,2102,Treino,114.0,0.0,0.0,,0.0,0.0,0.0
30,2103,Treino,113.0,0.0,0.0,,0.0,0.0,0.0
30,2104,Treino,112.0,0.0,0.0,,0.0,0.0,0.0
30,2105,Treino,111.0,0.0,0.0,,0.0,0.0,0.0
30,2106,Treino,110.0,0.0,0.0,,0.0,0.0,0.0
30,2107,Treino,109.0,0.0,0.0,,0.0,0.0,0.0
30,2108,Treino,108.0,0.0,0.0,,0.0,0.0,0.0
30,2109,Treino,107.0,0.0,0.0,,0.0,0.0,0.0
30,2110,Treino,106.0,0.0,0.0,,0.0,0.0,0.0
30,2111,Treino,105.0,0.0,0.0,,0.0,0.0,0.0
30,2112,Treino,104.0,0.0,0.0,,0.0,0.0,0.0
30,2113,Treino,103.0,0.0,0.0,,0.0,0.0,0.0
30,2114,Treino,102.0,0.0,0.0,,0.0,0.0,0.0
30,2115,Treino,101.0,0.0,0.0,,0.0,0.0,0.0
30,2116,Treino,100.0,0.0,0.0,,0.0,0.0,0.0
30,2117,Treino,99.0,0.0,0.0,,0.0,0.0,0.0
30,2118,Treino,98.0,0.0,0.0,,0.0,0.0,0.0
30,2119,Treino,97.0,0.0,0.0,,0.0,0.0,0.0
30,2120,Treino,96.0,0.0,0.0,,0.0,0.0,0.0
30,2121,Treino,95.0,0.0,0.0,,0.0,0.0,0.0
30,2122,Treino,94.0,0.0,0.0,,0.0,0.0,0.0
30,2123,Treino,93.0,0.0,0.0,,0.0,0.0,0.0
30,2124,Treino,92.0,0.0,0.0,,0.0,0.0,0.0
30,2125,Treino,91.0,0.0,0.0,,0.0,0.0,0.0
30,2126,Treino,90.0,0.0,0.0,,0.0,0.0,0.0
30,2127,Treino,89.0,0.0,0.0,,0.0,0.0,0.0
30,2128,Treino,88.0,0.0,0.0,,0.0,0.0,0.0
30,2129,Treino,87.0,0.0,0.0,,0.0,0.0,0.0
30,2130,Treino,86.0,0.0,0.0,,0.0,0.0,0.0
30,2131,Treino,85.0,0.0,0.0,,0.0,0.0,0.0
30,2132,Treino,84.0,0.0,0.0,,0.0,0.0,0.0
30,2133,Treino,83.0,0.0,0.0,,0.0,0.0,0.0
30,2134,Treino,82.0,0.0,0.0,,0.0,0.0,0.0
30,2135,Treino,81.0,0.0,0.0,,0.0,0.0,0.0
30,2136,Treino,80.0,0.0,0.0,,0.0,0.0,0.0
30,2137,Treino,79.0,0.0,0.0,,0.0,0.0,0.0
30,2138,Treino,78.0,0.0,0.0,,0.0,0.0,0.0
30,2139,Treino,77.0,0.0,0.0,,0.0,0.0,0.0
30,2140,Treino,76.0,0.0,0.0,,0.0,0.0,0.0
30,2141,Treino,75.0,0.0,0.0,,0.0,0.0,0.0
30,2142,Treino,74.0,0.0,0.0,,0.0,0.0,0.0
30,2143,Treino,73.0,0.0,0.0,,0.0,0.0,0.0
30,2144,Treino,72.0,0.0,0.0,,0.0,0.0,0.0
30,2145,Treino,71.0,0.0,0.0,,0.0,0.0,0.0
30,2146,Treino,70.0,0.0,0.0,,0.0,0.0,0.0
30,2147,Treino,69.0,0.0,0.0,,0.0,0.0,0.0
30,2148,Treino,68.0,0.0,0.0,,0.0,0.0,0.0
30,2149,Treino,67.0,0.0,0.0,,0.0,0.0,0.0
30,2150,Treino,66.0,0.0,0.0,,0.0,0.0,0.0
30,2151,Treino,65.0,0.0,0.0,,0.0,0.0,0.0
30,2152,Treino,64.0,0.0,0.0,,0.0,0.0,0.0
30,2153,Treino,63.0,0.0,0.0,,0.0,0.0,0.0
30,2154,Treino,62.0,0.0,0.0,,0.0,0.0,0.0
30,2155,Treino,61.0,0.0,0.0,,0.0,0.0,0.0
30,2156,Treino,60.0,0.0,0.0,,0.0,0.0,0.0
30,2157,Treino,59.0,0.0,0.0,,0.0,0.0,0.0
30,2158,Treino,58.0,0.0,0.0,,0.0,0.0,0.0
30,2159,Treino,57.0,0.0,0.0,,0.0,0.0,0.0
30,2160,Treino,56.0,0.0,0.0,,0.0,0.0,0.0
30,2161,Treino,55.0,0.0,0.0,,0.0,0.0,0.0
30,2162,Treino,54.0,0.0,0.0,,0.0,0.0,0.0
30,2163,Treino,53.0,0.0,0.0,,0.0,0.0,0.0
30,2164,Treino,52.0,0.0,0.0,,0.0,0.0,0.0
30,2165,Treino,51.0,0.0,0.0,,0.0,0.0,0.0
30,2166,Treino,50.0,0.0,0.0,,0.0,0.0,0.0
30,2167,Treino,49.0,0.0,0.0,,0.0,0.0,0.0
30,2168,Treino,48.0,0.0,0.0,,0.0,0.0,0.0
30,2169,Treino,47.0,0.0,0.0,,0.0,0.0,0.0
30,2170,Treino,46.0,0.0,0.0,,0.0,0.0,0.0
30,2171,Treino,45.0,0.0,0.0,,0.0,0.0,0.0
30,2172,Treino,44.0,0.0,0.0,,0.0,0.0,0.0
30,2173,Treino,43.0,0.0,0.0,,0.0,0.0,0.0
30,2174,Treino,42.0,0.0,0.0,,0.0,0.0,0.0
30,2175,Treino,41.0,0.0,0.0,,0.0,0.0,0.0
30,2176,Treino,40.0,0.0,0.0,,0.0,0.0,0.0
30,2177,Treino,39.0,0.0,0.0,,0.0,0.0,0.0
30,2178,Treino,38.0,0.0,0.0,,0.0,0.0,0.0
30,2179,Treino,37.0,0.0,0.0,,0.0,0.0,0.0
30,2180,Treino,36.0,0.0,0.0,,0.0,0.0,0.0
30,2181,Treino,35.0,0.0,0.0,,0.0,0.0,0.0
30,2182,Treino,34.0,0.0,0.0,,0.0,0.0,0.0
30,2183,Treino,33.0,0.0,0.0,,0.0,0.0,0.0
30,2184,Treino,32.0,0.0,0.0,,0.0,0.0,0.0
30,2185,Treino,31.0,0.0,0.0,,0.0,0.0,0.0
30,2186,Treino,30.0,0.0,0.0,,0.0,0.0,0.0
30,2187,Treino,29.0,0.0,0.0,,0.0,0.0,0.0
30,2188,Treino,28.0,0.0,0.0,,0.0,0.0,0.0
30,2189,Treino,27.0,0.0,0.0,,0.0,0.0,0.0
30,2190,Treino,26.0,0.0,0.0,,0.0,0.0,0.0
30,2191,Treino,25.0,0.0,0.0,,0.0,0.0,0.0
30,2192,Treino,24.0,0.0,0.0,,0.0,0.0,0.0
30,2193,Treino,23.0,0.0,0.0,,0.0,0.0,0.0
30,2194,Treino,22.0,0.0,0.0,,0.0,0.0,0.0
30,2195,Treino,21.0,0.0,0.0,,0.0,0.0,0.0
30,2196,Treino,20.0,0.0,0.0,,0.0,0.0,0.0
30,2197,Treino,19.0,0.0,0.0,,0.0,0.0,0.0
30,2198,Treino,18.0,0.0,0.0,,0.0,0.0,0.0
30,2199,Treino,17.0,0.0,0.0,,0.0,0.0,0.0
30,2200,Treino,16.0,0.0,0.0,,0.0,0.0,0.0
30,2201,Treino,15.0,0.0,0.0,,0.0,0.0,0.0
30,2202,Treino,14.0,0.0,0.0,,0.0,0.0,0.0
30,2203,Treino,13.0,0.0,0.0,,0.0,0.0,0.0
30,2204,Treino,12.0,0.0,0.0,,0.0,0.0,0.0
30,2205,Treino,11.0,0.0,0.0,,0.0,0.0,0.0
30,2206,Treino,10.0,0.0,0.0,,0.0,0.0,0.0
30,2207,Treino,9.0,0.0,0.0,,0.0,0.0,0.0
30,2208,Treino,8.0,0.0,0.0,,0.0,0.0,0.0
30,2209,Treino,7.0,0.0,0.0,,0.0,0.0,0.0
30,2210,Treino,6.0,0.0,0.0,,0.0,0.0,0.0
30,2211,Treino,5.0,0.0,0.0,,0.0,0.0,0.0
30,2212,Treino,4.0,0.0,0.0,,0.0,0.0,0.0
30,2213,Treino,3.0,0.0,0.0,,0.0,0.0,0.0
30,2214,Treino,2.0,0.0,0.0,,0.0,0.0,0.0
30,2215,Treino,1.0,0.0,0.0,,0.0,0.0,0.0
30,2216,Treino,0.0,0.0,1107.0,-1.200001958467434,905607180.0,1107.0,0.0
31,50,Treino,443.0,12.0,188.0,49.99999999999984,1553168.0,188.0,12.0
31,55,Treino,438.0,0.0,176.0,0.0,1553168.0,188.0,12.0
31,60,Treino,433.0,0.0,176.0,0.0,1553168.0,188.0,12.0
31,65,Treino,428.0,0.0,176.0,0.0,1553168.0,188.0,12.0
31,70,Treino,423.0,0.0,176.0,0.0,1553168.0,188.0,12.0
31,75,Treino,418.0,0.0,176.0,0.0,1553168.0,188.0,12.0
31,80,Treino,413.0,0.0,176.0,0.0,1553168.0,188.0,12.0
31,85,Treino,408.0,18.0,176.0,13.124339821940502,1553168.0,188.0,14.25
31,90,Treino,403.0,18.0,176.0,1.7259530141844015,1553168.0,188.0,16.0
31,95,Treino,398.0,18.0,176.0,-0.7586145884018269,1553168.0,188.0,17.4
31,100,Treino,393.0,18.0,176.0,-1.7081763445626446,1553168.0,188.0,19.2
31,105,Treino,388.0,18.0,176.0,-2.0565662795080004,1553168.0,188.0,21.0
31,110,Treino,383.0,18.0,176.0,-2.02036992263056,1553168.0,188.0,22.8
31,115,Treino,378.0,18.0,176.0,-1.5796260477111557,1553168.0,188.0,24.6
31,120,Treino,373.0,18.0,176.0,-0.4429707913400471,1553168.0,188.0,26.4
31,125,Treino,368.0,18.0,176.0,2.684314695695188,1553168.0,188.0,28.2
31,130,Treino,363.0,27.0,176.0,12.420575698721,1553168.0,188.0,30.9
31,135,Treino,358.0,9.0,158.0,1.7259530141844015,1553168.0,188.0,31.8
31,140,Treino,353.0,9.0,158.0,-0.7586145884018269,1553168.0,188.0,32.7
31,145,Treino,348.0,9.0,158.0,-1.7081763445626532,1553168.0,188.0,33.6
31,150,Treino,343.0,9.0,158.0,-2.0565662795079973,1553168.0,188.0,34.5
31,155,Treino,338.0,9.0,158.0,-2.0203699226305627,1553168.0,188.0,35.4
31,160,Treino,333.0,9.0,158.0,-1.5796260477111557,1553168.0,188.0,36.3
31,165,Treino,328.0,9.0,158.0,-0.4429707913400471,1553168.0,188.0,37.2
31,170,Treino,323.0,9.0,158.0,2.684314695695224,1553168.0,188.0,38.1
31,175,Treino,318.0,9.0,158.0,22.330729166666504,1553168.0,188.0,39.0
31,180,Treino,313.0,9.0,149.0,49.99999999999983,1553168.0,188.0,39.9
31,185,Treino,308.0,9.0,149.0,3.973746776273328,1553168.0,188.0,40.8
31,190,Treino,303.0,9.0,149.0,-0.0607548479888717,1553168.0,188.0,41.7
31,195,Treino,298.0,21.0,149.0,2.21881925975178,1553168.0,188.0,43.8
31,200,Treino,293.0,21.0,149.0,-0.2113031850198536,1553168.0,188.0,45.9
31,205,Treino,288.0,33.0,149.0,-0.2583909782685269,1553168.0,188.0,49.2
31,210,Treino,283.0,33.0,149.0,-0.9289024658167008,1553168.0,188.0,52.5
31,215,Treino,278.0,33.0,149.0,-1.4087802318644118,1553168.0,188.0,55.8
31,220,Treino,273.0,33.0,149.0,-1.5063454891164068,1553168.0,188.0,59.1
31,225,Treino,268.0,33.0,149.0,-1.3269195317015046,1553168.0,188.0,62.4
31,230,Treino,263.0,24.0,140.0,-1.2921878561181954,1553168.0,188.0,64.8
31,235,Treino,258.0,24.0,140.0,-0.1859448732417834,1553168.0,188.0,67.2
31,240,Treino,253.0,24.0,140.0,1.982214688693812,1553168.0,188.0,69.6
31,245,Treino,248.0,21.0,128.0,0.8840118776255803,1553168.0,188.0,71.7
31,250,Treino,243.0,21.0,128.0,1.8357339090241973,1553168.0,188.0,73.8
31,255,Treino,238.0,9.0,116.0,-1.2411347517730524,1553168.0,188.0,74.7
31,260,Treino,233.0,9.0,116.0,-1.90048758865248,1553168.0,188.0,75.6
31,265,Treino,228.0,9.0,116.0,-2.085106382978723,1553168.0,188.0,76.5
31,270,Treino,223.0,9.0,116.0,-1.90048758865248,1553168.0,188.0,77.4
31,275,Treino,218.0,9.0,116.0,-1.2411347517730515,1553168.0,188.0,78.3
31,280,Treino,213.0,27.0,116.0,2.345744680851064,1553168.0,188.0,81.0
31,285,Treino,208.0,27.0,116.0,0.1191761764391108,1553168.0,188.0,83.7
31,290,Treino,203.0,18.0,107.0,-1.2411347517730524,1553168.0,188.0,86.4
31,295,Treino,198.0,18.0,107.0,-1.9004875886524824,1553168.0,188.0,88.2
31,300,Treino,193.0,18.0,107.0,-2.085106382978723,1553168.0,188.0,90.0
31,305,Treino,188.0,18.0,107.0,-1.900487588652483,1553168.0,188.0,91.8
31,310,Treino,183.0,18.0,107.0,-1.2411347517730515,1553168.0,188.0,93.6
31,315,Treino,178.0,18.0,107.0,0.4072473404255357,1553168.0,188.0,95.4
31,320,Treino,173.0,18.0,107.0,5.791962174940899,1553168.0,188.0,97.2
31,325,Treino,168.0,0.0,89.0,0.0,1553168.0,188.0,99.0
31,330,Treino,163.0,12.0,89.0,13.124339821940556,1553168.0,188.0,100.2
31,335,Treino,158.0,12.0,89.0,1.7259530141843946,1553168.0,188.0,101.4
31,340,Treino,153.0,12.0,89.0,-0.7586145884018265,1553168.0,188.0,102.6
31,345,Treino,148.0,12.0,89.0,-1.7081763445626443,1553168.0,188.0,103.8
31,350,Treino,143.0,12.0,89.0,-2.056566279508,1553168.0,188.0,105.0
31,355,Treino,138.0,21.0,89.0,-1.1828421996615623,1553168.0,188.0,107.1
31,360,Treino,133.0,21.0,89.0,-1.2463791087896765,1553168.0,188.0,109.2
31,365,Treino,128.0,21.0,89.0,-1.0127311156734184,1553168.0,188.0,111.3
31,370,Treino,123.0,30.0,89.0,-0.1794437251600271,1553168.0,188.0,114.3
31,375,Treino,118.0,30.0,89.0,0.0273896623533227,1553168.0,188.0,117.3
31,380,Treino,113.0,18.0,77.0,-1.2534611245228555,1553168.0,188.0,119.1
31,385,Treino,108.0,18.0,77.0,-1.4045890997339787,1553168.0,188.0,120.9
31,390,Treino,103.0,18.0,77.0,-1.1503655629225111,1553168.0,188.0,122.7
31,395,Treino,98.0,33.0,77.0,0.6565765207797787,1553168.0,188.0,126.0
31,400,Treino,93.0,23.0,68.0,-0.3579848623604986,1553168.0,188.0,129.3
31,405,Treino,88.0,23.0,68.0,-1.1775583237041842,1553168.0,188.0,131.6
31,410,Treino,83.0,24.0,68.0,-1.4529044073146882,1553168.0,188.0,134.0
31,415,Treino,78.0,23.0,68.0,-1.4889567936928858,1553168.0,188.0,136.3
31,420,Treino,73.0,24.0,59.0,-1.7132337386811531,1553168.0,188.0,138.7
31,425,Treino,68.0,25.0,59.0,-1.0814443543849612,1553168.0,188.0,141.2
31,430,Treino,63.0,24.0,59.0,-0.6104598634996479,1553168.0,188.0,143.6
31,435,Treino,58.0,25.0,59.0,0.3039495673637793,1553168.0,188.0,146.1
31,440,Treino,53.0,25.0,59.0,0.3635970551598735,1553168.0,188.0,148.6
31,445,Treino,48.0,10.0,45.0,-2.034642107816031,1553168.0,188.0,149.6
31,450,Treino,43.0,11.0,45.0,-1.7778934167882106,1553168.0,188.0,150.6
31,455,Treino,38.0,9.0,45.0,-0.9951372463974316,1553168.0,188.0,151.6
31,460,Treino,33.0,10.0,45.0,0.9588017244173788,1553168.0,188.0,152.6
31,465,Treino,28.0,10.0,45.0,7.988987492306308,1553168.0,188.0,153.7
31,470,Treino,23.0,0.0,35.0,-2.085106382978723,1553168.0,188.0,153.7
31,475,Treino,18.0,18.0,35.0,8.63853599774326,1553168.0,188.0,155.4
31,480,Treino,13.0,15.0,35.0,1.07180128609944,1553168.0,188.0,157.0
31,485,Treino,8.0,16.0,35.0,-0.9591146439614348,1553168.0,188.0,158.5
31,490,Treino,3.0,15.0,35.0,-1.770004114336441,1553168.0,188.0,160.0
32,50,Treino,632.0,8.0,184.0,50.00000000000013,1551680.0,184.0,12.0
32,55,Treino,627.0,0.0,176.0,0.0,1551680.0,184.0,12.0
32,60,Treino,622.0,0.0,176.0,0.0,1551680.0,184.0,12.0
32,65,Treino,617.0,0.0,176.0,0.0,1551680.0,184.0,12.0
32,70,Treino,612.0,0.0,176.0,0.0,1551680.0,184.0,12.0
32,75,Treino,607.0,0.0,176.0,0.0,1551680.0,184.0,12.0
32,80,Treino,602.0,0.0,176.0,0.0,1551680.0,184.0,12.0
32,85,Treino,597.0,0.0,176.0,0.0,1551680.0,184.0,12.0
32,90,Treino,592.0,0.0,176.0,0.0,1551680.0,184.0,12.0
32,95,Treino,587.0,0.0,176.0,0.0,1551680.0,184.0,12.0
32,100,Treino,582.0,12.0,176.0,5.79196217494094,1551680.0,184.0,13.2
32,105,Treino,577.0,12.0,176.0,0.4072473404255241,1551680.0,184.0,14.4
32,110,Treino,572.0,12.0,176.0,-1.2411347517730456,1551680.0,184.0,15.6
32,115,Treino,567.0,12.0,176.0,-1.9004875886524863,1551680.0,184.0,16.8
32,120,Treino,562.0,12.0,176.0,-2.085106382978723,1551680.0,184.0,18.0
32,125,Treino,557.0,12.0,176.0,-1.900487588652486,1551680.0,184.0,19.2
32,130,Treino,552.0,12.0,176.0,-1.2411347517730456,1551680.0,184.0,20.4
32,135,Treino,547.0,21.0,176.0,0.498797069574413,1551680.0,184.0,22.5
32,140,Treino,542.0,21.0,176.0,2.186854547267246,1551680.0,184.0,24.6
32,145,Treino,537.0,9.0,164.0,-0.0607548479888717,1551680.0,184.0,26.7
32,150,Treino,532.0,9.0,164.0,-1.425365691489358,1551680.0,184.0,27.6
32,155,Treino,527.0,9.0,164.0,-1.968696502812424,1551680.0,184.0,28.5
32,160,Treino,522.0,9.0,164.0,-2.078005660120021,1551680.0,184.0,29.4
32,165,Treino,517.0,9.0,164.0,-1.8142903587038912,1551680.0,184.0,30.3
32,170,Treino,512.0,9.0,164.0,-1.0213504728132494,1551680.0,184.0,31.2
32,175,Treino,507.0,23.0,164.0,3.582339665412479,1551680.0,184.0,33.5
32,180,Treino,502.0,23.0,164.0,1.6587921188508288,1551680.0,184.0,35.8
32,185,Treino,497.0,14.0,155.0,-0.4429707913400635,1551680.0,184.0,37.2
32,190,Treino,492.0,14.0,155.0,-1.5796260477111497,1551680.0,184.0,38.6
32,195,Treino,487.0,14.0,155.0,-2.0203699226305605,1551680.0,184.0,40.0
32,200,Treino,482.0,14.0,155.0,-2.056566279508,1551680.0,184.0,41.4
32,205,Treino,477.0,14.0,155.0,-1.7081763445626448,1551680.0,184.0,42.8
32,210,Treino,472.0,14.0,155.0,-0.7586145884018114,1551680.0,184.0,44.2
32,215,Treino,467.0,27.0,155.0,1.5122735294290717,1551680.0,184.0,46.9
32,220,Treino,462.0,27.0,155.0,1.8321499186616208,1551680.0,184.0,49.6
32,225,Treino,457.0,13.0,141.0,-0.7586145884018181,1551680.0,184.0,50.9
32,230,Treino,452.0,13.0,141.0,-1.7081763445626503,1551680.0,184.0,52.2
32,235,Treino,447.0,13.0,141.0,-2.056566279507999,1551680.0,184.0,53.5
32,240,Treino,442.0,13.0,141.0,-2.020369922630561,1551680.0,184.0,54.8
32,245,Treino,437.0,13.0,141.0,-1.5796260477111488,1551680.0,184.0,56.1
32,250,Treino,432.0,13.0,141.0,-0.442970791340056,1551680.0,184.0,57.4
32,255,Treino,427.0,25.0,141.0,1.3530761445905073,1551680.0,184.0,59.9
32,260,Treino,422.0,25.0,141.0,1.2009364119978845,1551680.0,184.0,62.4
32,265,Treino,417.0,12.0,128.0,-1.2411347517730456,1551680.0,184.0,63.6
32,270,Treino,412.0,12.0,128.0,-1.9004875886524817,1551680.0,184.0,64.8
32,275,Treino,407.0,12.0,128.0,-2.085106382978723,1551680.0,184.0,66.0
32,280,Treino,402.0,12.0,128.0,-1.900487588652481,1551680.0,184.0,67.2
32,285,Treino,397.0,12.0,128.0,-1.2411347517730456,1551680.0,184.0,68.4
32,290,Treino,392.0,17.0,128.0,0.2578611432747717,1551680.0,184.0,70.1
32,295,Treino,387.0,17.0,128.0,3.362369667681248,1551680.0,184.0,71.8
32,300,Treino,382.0,3.0,116.0,-0.4948226950354675,1551680.0,184.0,73.3
32,305,Treino,377.0,3.0,116.0,-1.5022384886851117,1551680.0,184.0,73.6
32,310,Treino,372.0,5.0,116.0,-1.9496595228846103,1551680.0,184.0,74.1
32,315,Treino,367.0,4.0,116.0,-1.9768254972575807,1551680.0,184.0,74.5
32,320,Treino,362.0,5.0,116.0,-1.621233606268605,1551680.0,184.0,75.0
32,325,Treino,357.0,3.0,116.0,-0.704497794619348,1551680.0,184.0,75.3
32,330,Treino,352.0,5.0,116.0,1.7124725268402488,1551680.0,184.0,75.8
32,335,Treino,347.0,15.0,116.0,6.257180460554029,1551680.0,184.0,77.3
32,340,Treino,342.0,10.0,113.0,0.8850303525503911,1551680.0,184.0,78.3
32,345,Treino,337.0,10.0,113.0,-1.0315769785832871,1551680.0,184.0,79.3
32,350,Treino,332.0,10.0,113.0,-1.797375934499089,1551680.0,184.0,80.5
32,355,Treino,327.0,10.0,113.0,-2.05863153426202,1551680.0,184.0,81.7
32,360,Treino,322.0,10.0,113.0,-1.9381511726444969,1551680.0,184.0,82.7
32,365,Treino,317.0,10.0,113.0,-1.3814850788640864,1551680.0,184.0,83.8
32,370,Treino,312.0,21.0,113.0,0.7909197719280492,1551680.0,184.0,85.9
32,375,Treino,307.0,21.0,111.0,0.7065454123299859,1551680.0,184.0,88.2
32,380,Treino,302.0,21.0,111.0,-0.3163754296677128,1551680.0,184.0,90.3
32,385,Treino,297.0,11.0,101.0,-1.708176344562644,1551680.0,184.0,91.4
32,390,Treino,292.0,10.0,101.0,-2.047890432768852,1551680.0,184.0,92.4
32,395,Treino,287.0,10.0,101.0,-2.011138772191541,1551680.0,184.0,93.4
32,400,Treino,282.0,10.0,101.0,-1.5796666295547828,1551680.0,184.0,94.4
32,405,Treino,277.0,10.0,101.0,-0.4729269630623687,1551680.0,184.0,95.4
32,410,Treino,272.0,11.0,101.0,2.528515292801268,1551680.0,184.0,96.5
32,415,Treino,267.0,18.0,101.0,7.099523207385568,1551680.0,184.0,98.3
32,420,Treino,262.0,7.0,91.0,0.8318315404171184,1551680.0,184.0,99.0
32,425,Treino,257.0,7.0,91.0,-1.0471787581904293,1551680.0,184.0,99.7
32,430,Treino,252.0,7.0,91.0,-1.7996189843415664,1551680.0,184.0,100.4
32,435,Treino,247.0,7.0,91.0,-2.0474097493322,1551680.0,184.0,101.1
32,440,Treino,242.0,8.0,91.0,-1.924389441143528,1551680.0,184.0,101.9
32,445,Treino,237.0,8.0,91.0,-1.360557368198315,1551680.0,184.0,102.7
32,450,Treino,232.0,8.0,91.0,0.0385350268644475,1551680.0,184.0,103.5
32,455,Treino,227.0,19.0,91.0,3.603894810493428,1551680.0,184.0,105.5
32,460,Treino,222.0,19.0,90.0,0.9323172560742252,1551680.0,184.0,107.4
32,465,Treino,217.0,12.0,83.0,-0.9874274228844762,1551680.0,184.0,108.6
32,470,Treino,212.0,12.0,83.0,-1.7824207913603636,1551680.0,184.0,109.8
32,475,Treino,207.0,12.0,83.0,-2.0603360295309514,1551680.0,184.0,111.0
32,480,Treino,202.0,12.0,83.0,-1.9608752831330976,1551680.0,184.0,112.2
32,485,Treino,197.0,10.0,83.0,-1.434139746970423,1551680.0,184.0,113.2
32,490,Treino,192.0,12.0,83.0,-0.1155511214285942,1551680.0,184.0,114.4
32,495,Treino,187.0,24.0,83.0,3.332467615164015,1551680.0,184.0,116.8
32,500,Treino,182.0,24.0,83.0,2.571338062006133,1551680.0,184.0,119.2
32,505,Treino,177.0,12.0,73.0,-0.4759004696388174,1551680.0,184.0,120.4
32,510,Treino,172.0,12.0,73.0,-1.5720435316753674,1551680.0,184.0,121.6
32,515,Treino,167.0,12.0,73.0,-1.9968037217497647,1551680.0,184.0,122.8
32,520,Treino,162.0,12.0,73.0,-2.025854189542752,1551680.0,184.0,124.0
32,525,Treino,157.0,13.0,73.0,-1.6625814696431218,1551680.0,184.0,125.2
32,530,Treino,152.0,12.0,73.0,-0.6871968074467598,1551680.0,184.0,126.4
32,535,Treino,147.0,13.0,73.0,1.8197061603293632,1551680.0,184.0,127.8
32,540,Treino,142.0,29.0,73.0,8.240360371024297,1551680.0,184.0,130.5
32,545,Treino,137.0,15.0,59.0,2.6843146956952,1551680.0,184.0,132.0
32,550,Treino,132.0,15.0,59.0,-0.4062654772641827,1551680.0,184.0,133.5
32,555,Treino,127.0,15.0,59.0,-1.5486056615664936,1551680.0,184.0,135.0
32,560,Treino,122.0,14.0,59.0,-1.9951965243963563,1551680.0,184.0,136.4
32,565,Treino,117.0,14.0,59.0,-2.037238457331153,1551680.0,184.0,137.8
32,570,Treino,112.0,14.0,59.0,-1.704173824506754,1551680.0,184.0,139.2
32,575,Treino,107.0,14.0,59.0,-0.783338149435763,1551680.0,184.0,140.6
32,580,Treino,102.0,23.0,59.0,1.041828789764084,1551680.0,184.0,142.9
32,585,Treino,97.0,23.0,59.0,3.508344212475495,1551680.0,184.0,145.2
32,590,Treino,92.0,8.0,46.0,-1.0105422036949592,1551680.0,184.0,146.0
32,595,Treino,87.0,10.0,46.0,-1.7620708993207066,1551680.0,184.0,146.8
32,600,Treino,82.0,10.0,46.0,-2.0041189469102223,1551680.0,184.0,147.6
32,605,Treino,77.0,8.0,46.0,-1.8879983093714112,1551680.0,184.0,148.4
32,610,Treino,72.0,8.0,46.0,-1.3283478445141472,1551680.0,184.0,149.3
32,615,Treino,67.0,20.0,45.0,1.0014194128203524,1551680.0,184.0,151.3
32,620,Treino,62.0,20.0,45.0,0.1045082024653143,1551680.0,184.0,153.3
32,625,Treino,57.0,21.0,44.0,-0.9701032375195456,1551680.0,184.0,155.5
32,630,Treino,52.0,12.0,37.0,-1.8238582575234568,1551680.0,184.0,156.6
32,635,Treino,47.0,11.0,36.0,-2.033534805407287,1551680.0,184.0,157.7
32,640,Treino,42.0,12.0,36.0,-1.869862094473747,1551680.0,184.0,158.9
32,645,Treino,37.0,12.0,36.0,-1.2480336934584282,1551680.0,184.0,160.1
32,650,Treino,32.0,25.0,36.0,0.9925373121628248,1551680.0,184.0,162.6
32,655,Treino,27.0,25.0,36.0,0.4896986432451133,1551680.0,184.0,165.1
32,660,Treino,22.0,12.0,25.0,-1.0454633624275331,1551680.0,184.0,167.6
32,665,Treino,17.0,14.0,25.0,-1.8075693736826368,1551680.0,184.0,169.0
32,670,Treino,12.0,14.0,25.0,-2.05706855835502,1551680.0,184.0,170.4
32,675,Treino,7.0,14.0,25.0,-1.9450270548712123,1551680.0,184.0,171.6
32,680,Treino,2.0,14.0,25.0,-1.399837250566262,1551680.0,184.0,173.0
33,50,Treino,1607.0,13.0,189.0,41.64974042360557,1548988.0,189.0,13.0
33,55,Treino,1602.0,0.0,176.0,3.567597293541798,1548988.0,189.0,13.0
33,60,Treino,1597.0,0.0,176.0,3.567597293541798,1548988.0,189.0,13.0
33,65,Treino,1592.0,0.0,176.0,2.9432367378730184,1548988.0,189.0,13.25
33,70,Treino,1587.0,0.0,176.0,1.3677378375031308,1548988.0,189.0,13.2
33,75,Treino,1582.0,-1.0,176.0,1.3677378375031315,1548988.0,189.0,13.166666666666666
33,80,Treino,1577.0,0.0,176.0,0.7764849290779625,1548988.0,189.0,13.428571428571429
33,85,Treino,1572.0,1.0,176.0,0.807763319852242,1548988.0,189.0,13.5
33,90,Treino,1567.0,0.0,176.0,0.7727925531914361,1548988.0,189.0,13.444444444444445
33,95,Treino,1562.0,0.0,176.0,0.5745405363298044,1548988.0,189.0,13.4
33,100,Treino,1557.0,2.0,176.0,12.25786128018145,1548988.0,189.0,13.6
33,105,Treino,1552.0,0.0,176.0,7.455387674110886,1548988.0,189.0,13.6
33,110,Treino,1547.0,1.0,176.0,7.415970042504453,1548988.0,189.0,13.7
33,115,Treino,1542.0,-1.0,176.0,7.4159700425044495,1548988.0,189.0,13.6
33,120,Treino,1537.0,14.0,176.0,9.393597915304252,1548988.0,189.0,15.0
33,125,Treino,1532.0,13.0,176.0,1.241061623522555,1548988.0,189.0,16.4
33,130,Treino,1527.0,13.0,176.0,-0.8835067072772897,1548988.0,189.0,17.6
33,135,Treino,1522.0,14.0,176.0,-1.7192675762988123,1548988.0,189.0,18.9
33,140,Treino,1517.0,14.0,176.0,-2.001402988486093,1548988.0,189.0,20.3
33,145,Treino,1512.0,12.0,176.0,-1.9003018910274936,1548988.0,189.0,21.7
33,150,Treino,1507.0,14.0,176.0,-1.4720331503974595,1548988.0,189.0,22.9
33,155,Treino,1502.0,14.0,176.0,-0.3777536722748946,1548988.0,189.0,24.3
33,160,Treino,1497.0,13.0,176.0,2.8249302416693896,1548988.0,189.0,25.6
33,165,Treino,1492.0,11.0,175.0,22.403290564991494,1548988.0,189.0,27.0
33,170,Treino,1487.0,0.0,162.0,50.00000000000087,1548988.0,189.0,27.0
33,175,Treino,1482.0,0.0,162.0,50.00000000000087,1548988.0,189.0,27.0
33,180,Treino,1477.0,0.0,162.0,50.00000000000087,1548988.0,189.0,27.0
33,185,Treino,1472.0,0.0,162.0,50.00000000000087,1548988.0,189.0,27.0
33,190,Treino,1467.0,0.0,162.0,50.00000000000087,1548988.0,189.0,27.0
33,195,Treino,1462.0,0.0,162.0,0.0,1548988.0,189.0,27.0
33,200,Treino,1457.0,0.0,162.0,0.0,1548988.0,189.0,27.0
33,205,Treino,1452.0,0.0,162.0,0.0,1548988.0,189.0,27.0
33,210,Treino,1447.0,0.0,162.0,0.0,1548988.0,189.0,27.0
33,215,Treino,1442.0,0.0,162.0,0.0,1548988.0,189.0,27.0
33,220,Treino,1437.0,0.0,162.0,0.0,1548988.0,189.0,27.0
33,225,Treino,1432.0,0.0,162.0,0.0,1548988.0,189.0,27.0
33,230,Treino,1427.0,0.0,162.0,49.9999999999978,1548988.0,189.0,27.0
33,235,Treino,1422.0,0.0,162.0,49.9999999999978,1548988.0,189.0,27.0
33,240,Treino,1417.0,0.0,162.0,49.9999999999978,1548988.0,189.0,27.0
33,245,Treino,1412.0,0.0,162.0,22.3307291666675,1548988.0,189.0,27.0
33,250,Treino,1407.0,0.0,162.0,22.3307291666675,1548988.0,189.0,27.0
33,255,Treino,1402.0,0.0,162.0,22.3307291666675,1548988.0,189.0,27.0
33,260,Treino,1397.0,6.0,162.0,20.961201729397136,1548988.0,189.0,27.6
33,265,Treino,1392.0,6.0,162.0,2.585238882029934,1548988.0,189.0,28.2
33,270,Treino,1387.0,6.0,162.0,-0.467051381611093,1548988.0,189.0,28.8
33,275,Treino,1382.0,5.0,162.0,-1.5828586254571122,1548988.0,189.0,29.4
33,280,Treino,1377.0,6.0,162.0,-2.016523017814832,1548988.0,189.0,30.0
33,285,Treino,1372.0,6.0,162.0,-2.04757397242762,1548988.0,189.0,30.6
33,290,Treino,1367.0,6.0,162.0,-1.6917405687242506,1548988.0,189.0,31.2
33,295,Treino,1362.0,6.0,162.0,-0.7586145884018265,1548988.0,189.0,31.8
33,300,Treino,1357.0,6.0,162.0,1.7259530141843695,1548988.0,189.0,32.4
33,305,Treino,1352.0,6.0,162.0,13.124339821940382,1548988.0,189.0,33.0
33,310,Treino,1347.0,0.0,156.0,0.0,1548988.0,189.0,33.0
33,315,Treino,1342.0,0.0,156.0,0.0,1548988.0,189.0,33.0
33,320,Treino,1337.0,0.0,156.0,0.0,1548988.0,189.0,33.0
33,325,Treino,1332.0,0.0,156.0,0.0,1548988.0,189.0,33.0
33,330,Treino,1327.0,0.0,156.0,0.0,1548988.0,189.0,33.0
33,335,Treino,1322.0,3.0,156.0,13.124339821940389,1548988.0,189.0,33.3
33,340,Treino,1317.0,3.0,156.0,1.7259530141844737,1548988.0,189.0,33.6
33,345,Treino,1312.0,3.0,156.0,-0.7586145884018265,1548988.0,189.0,33.9
33,350,Treino,1307.0,3.0,156.0,-1.70817634456267,1548988.0,189.0,34.2
33,355,Treino,1302.0,3.0,156.0,-2.056566279507998,1548988.0,189.0,34.5
33,360,Treino,1297.0,3.0,156.0,-2.020369922630556,1548988.0,189.0,34.8
33,365,Treino,1292.0,3.0,156.0,-1.5796260477111754,1548988.0,189.0,35.1
33,370,Treino,1287.0,3.0,156.0,-0.4543124197778545,1548988.0,189.0,35.4
33,375,Treino,1282.0,3.0,156.0,2.543550531914849,1548988.0,189.0,35.7
33,380,Treino,1277.0,3.0,156.0,19.9364499634772,1548988.0,189.0,36.0
33,385,Treino,1272.0,0.0,153.0,49.9999999999978,1548988.0,189.0,36.0
33,390,Treino,1267.0,0.0,153.0,49.9999999999978,1548988.0,189.0,36.0
33,395,Treino,1262.0,0.0,153.0,49.99999999999781,1548988.0,189.0,36.0
33,400,Treino,1257.0,0.0,153.0,49.99999999999781,1548988.0,189.0,36.0
33,405,Treino,1252.0,0.0,153.0,49.99999999999781,1548988.0,189.0,36.0
33,410,Treino,1247.0,14.0,153.0,49.46049586776843,1548988.0,189.0,37.4
33,415,Treino,1242.0,14.0,153.0,3.9607659818956655,1548988.0,189.0,38.8
33,420,Treino,1237.0,14.0,153.0,-0.060754847988905,1548988.0,189.0,40.2
33,425,Treino,1232.0,14.0,153.0,-1.4253656914893558,1548988.0,189.0,41.6
33,430,Treino,1227.0,14.0,153.0,-1.968696502812423,1548988.0,189.0,43.0
33,435,Treino,1222.0,14.0,153.0,-2.078005660120021,1548988.0,189.0,44.4
33,440,Treino,1217.0,14.0,153.0,-1.8142903587038963,1548988.0,189.0,45.8
33,445,Treino,1212.0,14.0,153.0,-1.0213504728132303,1548988.0,189.0,47.2
33,450,Treino,1207.0,14.0,153.0,0.9888715908435496,1548988.0,189.0,48.6
33,455,Treino,1202.0,14.0,153.0,8.534487742830704,1548988.0,189.0,50.0
33,460,Treino,1197.0,0.0,139.0,0.0,1548988.0,189.0,50.0
33,465,Treino,1192.0,0.0,139.0,0.0,1548988.0,189.0,50.0
33,470,Treino,1187.0,0.0,139.0,0.0,1548988.0,189.0,50.0
33,475,Treino,1182.0,0.0,139.0,0.0,1548988.0,189.0,50.0
33,480,Treino,1177.0,0.0,139.0,0.0,1548988.0,189.0,50.0
33,485,Treino,1172.0,9.0,139.0,13.124339821940609,1548988.0,189.0,50.9
33,490,Treino,1167.0,9.0,139.0,1.7259530141844015,1548988.0,189.0,51.8
33,495,Treino,1162.0,9.0,139.0,-0.7586145884018269,1548988.0,189.0,52.7
33,500,Treino,1157.0,9.0,139.0,-1.7081763445626532,1548988.0,189.0,53.6
33,505,Treino,1152.0,9.0,139.0,-2.0565662795079973,1548988.0,189.0,54.5
33,510,Treino,1147.0,9.0,139.0,-2.0203699226305627,1548988.0,189.0,55.4
33,515,Treino,1142.0,9.0,139.0,-1.5796260477111557,1548988.0,189.0,56.3
33,520,Treino,1137.0,9.0,139.0,-0.4429707913400471,1548988.0,189.0,57.2
33,525,Treino,1132.0,9.0,139.0,2.684314695695224,1548988.0,189.0,58.1
33,530,Treino,1127.0,9.0,139.0,22.330729166666504,1548988.0,189.0,59.0
33,535,Treino,1122.0,0.0,130.0,0.0,1548988.0,189.0,59.0
33,540,Treino,1117.0,0.0,130.0,0.0,1548988.0,189.0,59.0
33,545,Treino,1112.0,0.0,130.0,0.0,1548988.0,189.0,59.0
33,550,Treino,1107.0,0.0,130.0,0.0,1548988.0,189.0,59.0
33,555,Treino,1102.0,0.0,130.0,0.0,1548988.0,189.0,59.0
33,560,Treino,1097.0,0.0,130.0,0.0,1548988.0,189.0,59.0
33,565,Treino,1092.0,12.0,130.0,22.330729166666767,1548988.0,189.0,60.2
33,570,Treino,1087.0,12.0,130.0,2.6843146956951847,1548988.0,189.0,61.4
33,575,Treino,1082.0,12.0,130.0,-0.4429707913400476,1548988.0,189.0,62.6
33,580,Treino,1077.0,12.0,130.0,-1.579626047711153,1548988.0,189.0,63.8
33,585,Treino,1072.0,12.0,130.0,-2.020369922630561,1548988.0,189.0,65.0
33,590,Treino,1067.0,12.0,130.0,-2.056566279508,1548988.0,189.0,66.2
33,595,Treino,1062.0,12.0,130.0,-1.7081763445626443,1548988.0,189.0,67.4
33,600,Treino,1057.0,12.0,130.0,-0.7586145884018265,1548988.0,189.0,68.6
33,605,Treino,1052.0,12.0,130.0,1.7259530141843935,1548988.0,189.0,69.8
33,610,Treino,1047.0,12.0,130.0,13.124339821940566,1548988.0,189.0,71.0
33,615,Treino,1042.0,0.0,118.0,0.0,1548988.0,189.0,71.0
33,620,Treino,1037.0,0.0,118.0,0.0,1548988.0,189.0,71.0
33,625,Treino,1032.0,0.0,118.0,0.0,1548988.0,189.0,71.0
33,630,Treino,1027.0,0.0,118.0,0.0,1548988.0,189.0,71.0
33,635,Treino,1022.0,0.0,118.0,0.0,1548988.0,189.0,71.0
33,640,Treino,1017.0,0.0,118.0,0.0,1548988.0,189.0,71.0
33,645,Treino,1012.0,9.0,118.0,13.124339821940502,1548988.0,189.0,71.9
33,650,Treino,1007.0,9.0,118.0,1.7259530141844015,1548988.0,189.0,72.8
33,655,Treino,1002.0,9.0,118.0,-0.7586145884018269,1548988.0,189.0,73.7
33,660,Treino,997.0,9.0,118.0,-1.7081763445626446,1548988.0,189.0,74.6
33,665,Treino,992.0,9.0,118.0,-2.0565662795080004,1548988.0,189.0,75.5
33,670,Treino,987.0,9.0,118.0,-2.02036992263056,1548988.0,189.0,76.4
33,675,Treino,982.0,9.0,118.0,-1.5796260477111557,1548988.0,189.0,77.3
33,680,Treino,977.0,9.0,118.0,-0.4429707913400471,1548988.0,189.0,78.2
33,685,Treino,972.0,9.0,118.0,2.684314695695188,1548988.0,189.0,79.1
33,690,Treino,967.0,9.0,118.0,22.33072916666668,1548988.0,189.0,80.0
33,695,Treino,962.0,0.0,109.0,0.0,1548988.0,189.0,80.0
33,700,Treino,957.0,0.0,109.0,0.0,1548988.0,189.0,80.0
33,705,Treino,952.0,0.0,109.0,0.0,1548988.0,189.0,80.0
33,710,Treino,947.0,0.0,109.0,0.0,1548988.0,189.0,80.0
33,715,Treino,942.0,0.0,109.0,0.0,1548988.0,189.0,80.0
33,720,Treino,937.0,0.0,109.0,0.0,1548988.0,189.0,80.0
33,725,Treino,932.0,6.0,109.0,22.330729166666767,1548988.0,189.0,80.6
33,730,Treino,927.0,6.0,109.0,2.6843146956951847,1548988.0,189.0,81.2
33,735,Treino,922.0,6.0,109.0,-0.4429707913400476,1548988.0,189.0,81.8
33,740,Treino,917.0,6.0,109.0,-1.579626047711161,1548988.0,189.0,82.4
33,745,Treino,912.0,6.0,109.0,-2.020369922630561,1548988.0,189.0,83.0
33,750,Treino,907.0,6.0,109.0,-2.056566279508001,1548988.0,189.0,83.6
33,755,Treino,902.0,6.0,109.0,-1.7081763445626443,1548988.0,189.0,84.2
33,760,Treino,897.0,6.0,109.0,-0.7586145884018265,1548988.0,189.0,84.8
33,765,Treino,892.0,6.0,109.0,1.7259530141844213,1548988.0,189.0,85.4
33,770,Treino,887.0,6.0,109.0,13.124339821940566,1548988.0,189.0,86.0
33,775,Treino,882.0,0.0,103.0,0.0,1548988.0,189.0,86.0
33,780,Treino,877.0,0.0,103.0,0.0,1548988.0,189.0,86.0
33,785,Treino,872.0,0.0,103.0,0.0,1548988.0,189.0,86.0
33,790,Treino,867.0,0.0,103.0,0.0,1548988.0,189.0,86.0
33,795,Treino,862.0,0.0,105.0,49.99999999999932,1548988.0,189.0,86.0
33,800,Treino,857.0,10.0,105.0,8.312301417189904,1548988.0,189.0,87.0
33,805,Treino,852.0,10.0,105.0,0.9597097040065884,1548988.0,189.0,88.0
33,810,Treino,847.0,10.0,105.0,-1.0229060492171826,1548988.0,189.0,89.0
33,815,Treino,842.0,10.0,105.0,-1.80523730828878,1548988.0,189.0,90.0
33,820,Treino,837.0,10.0,105.0,-2.06105661186174,1548988.0,189.0,91.0
33,825,Treino,832.0,10.0,105.0,-1.941942089304231,1548988.0,189.0,92.0
33,830,Treino,827.0,10.0,105.0,-1.3814850788640864,1548988.0,189.0,93.0
33,835,Treino,822.0,10.0,105.0,0.0232283738371923,1548988.0,189.0,94.0
33,840,Treino,817.0,12.0,105.0,4.203716379684377,1548988.0,189.0,95.0
33,845,Treino,812.0,10.0,103.0,49.99999999999987,1548988.0,189.0,96.0
33,850,Treino,807.0,0.0,93.0,0.0,1548988.0,189.0,96.0
33,855,Treino,802.0,0.0,93.0,0.0,1548988.0,189.0,96.0
33,860,Treino,797.0,0.0,93.0,0.0,1548988.0,189.0,96.0
33,865,Treino,792.0,0.0,93.0,0.0,1548988.0,189.0,96.0
33,870,Treino,787.0,12.0,93.0,22.33072916666663,1548988.0,189.0,97.2
33,875,Treino,782.0,12.0,93.0,2.6843146956951847,1548988.0,189.0,98.4
33,880,Treino,777.0,12.0,93.0,-0.4429707913400476,1548988.0,189.0,99.6
33,885,Treino,772.0,12.0,93.0,-1.579626047711153,1548988.0,189.0,100.8
33,890,Treino,767.0,12.0,93.0,-2.020369922630561,1548988.0,189.0,102.0
33,895,Treino,762.0,12.0,93.0,-2.056566279508,1548988.0,189.0,103.2
33,900,Treino,757.0,12.0,93.0,-1.7081763445626443,1548988.0,189.0,104.4
33,905,Treino,752.0,12.0,93.0,-0.7586145884018265,1548988.0,189.0,105.6
33,910,Treino,747.0,12.0,93.0,1.7259530141843935,1548988.0,189.0,106.8
33,915,Treino,742.0,12.0,93.0,13.124339821940566,1548988.0,189.0,108.0
33,920,Treino,737.0,0.0,81.0,0.0,1548988.0,189.0,108.0
33,925,Treino,732.0,0.0,81.0,0.0,1548988.0,189.0,108.0
33,930,Treino,727.0,0.0,81.0,0.0,1548988.0,189.0,108.0
33,935,Treino,722.0,0.0,81.0,0.0,1548988.0,189.0,108.0
33,940,Treino,717.0,0.0,81.0,0.0,1548988.0,189.0,108.0
33,945,Treino,712.0,0.0,81.0,0.0,1548988.0,189.0,108.0
33,950,Treino,707.0,0.0,81.0,0.0,1548988.0,189.0,108.0
33,955,Treino,702.0,8.0,81.0,22.33072916666676,1548988.0,189.0,108.8
33,960,Treino,697.0,8.0,81.0,2.7446390281442383,1548988.0,189.0,109.6
33,965,Treino,692.0,8.0,81.0,-0.3843508622460083,1548988.0,189.0,110.4
33,970,Treino,687.0,8.0,81.0,-1.5487764757079292,1548988.0,189.0,111.2
33,975,Treino,682.0,8.0,81.0,-2.00271812213774,1548988.0,189.0,112.0
33,980,Treino,677.0,7.0,81.0,-2.041889637102648,1548988.0,189.0,112.7
33,985,Treino,672.0,6.0,81.0,-1.7061130938567577,1548988.0,189.0,113.3
33,990,Treino,667.0,7.0,81.0,-0.8116278194902296,1548988.0,189.0,114.0
33,995,Treino,662.0,7.0,81.0,1.4193726860727045,1548988.0,189.0,114.7
33,1000,Treino,657.0,8.0,81.0,10.46794005816862,1548988.0,189.0,115.5
33,1005,Treino,652.0,-1.0,75.0,-0.1277638715060329,1548988.0,189.0,115.4
33,1010,Treino,647.0,0.0,75.0,-0.3661494050758831,1548988.0,189.0,115.3
33,1015,Treino,642.0,0.0,75.0,-0.2596863683695196,1548988.0,189.0,115.3
33,1020,Treino,637.0,0.0,75.0,-0.5072570094169793,1548988.0,189.0,115.3
33,1025,Treino,632.0,0.0,75.0,-0.5072570094169788,1548988.0,189.0,115.3
33,1030,Treino,627.0,-2.0,75.0,-0.56543432389658,1548988.0,189.0,115.2
33,1035,Treino,622.0,11.0,75.0,5.1827125384527175,1548988.0,189.0,116.4
33,1040,Treino,617.0,10.0,75.0,0.3057721272927334,1548988.0,189.0,117.5
33,1045,Treino,612.0,11.0,75.0,-1.2495429941724774,1548988.0,189.0,118.6
33,1050,Treino,607.0,11.0,75.0,-1.877755972953036,1548988.0,189.0,119.6
33,1055,Treino,602.0,11.0,75.0,-2.041201626939228,1548988.0,189.0,120.7
33,1060,Treino,597.0,10.0,75.0,-1.844089082632297,1548988.0,189.0,121.8
33,1065,Treino,592.0,12.0,75.0,-1.155708890209474,1548988.0,189.0,122.8
33,1070,Treino,587.0,10.0,75.0,0.5132204231171773,1548988.0,189.0,123.8
33,1075,Treino,582.0,10.0,75.0,6.071673209882352,1548988.0,189.0,124.8
33,1080,Treino,577.0,0.0,63.0,0.0,1548988.0,189.0,126.0
33,1085,Treino,572.0,0.0,63.0,0.0,1548988.0,189.0,126.0
33,1090,Treino,567.0,0.0,63.0,0.0,1548988.0,189.0,126.0
33,1095,Treino,562.0,0.0,63.0,0.0,1548988.0,189.0,126.0
33,1100,Treino,557.0,0.0,63.0,0.0,1548988.0,189.0,126.0
33,1105,Treino,552.0,0.0,63.0,0.0,1548988.0,189.0,126.0
33,1110,Treino,547.0,6.0,63.0,50.0000000000001,1548988.0,189.0,126.6
33,1115,Treino,542.0,6.0,63.0,3.97374677627338,1548988.0,189.0,127.2
33,1120,Treino,537.0,6.0,63.0,-0.0607548479888908,1548988.0,189.0,127.8
33,1125,Treino,532.0,6.0,63.0,-1.425365691489363,1548988.0,189.0,128.4
33,1130,Treino,527.0,6.0,63.0,-1.9686965028124248,1548988.0,189.0,129.0
33,1135,Treino,522.0,6.0,63.0,-2.078005660120022,1548988.0,189.0,129.6
33,1140,Treino,517.0,6.0,63.0,-1.814290358703898,1548988.0,189.0,130.2
33,1145,Treino,512.0,6.0,63.0,-1.0213504728132397,1548988.0,189.0,130.8
33,1150,Treino,507.0,6.0,63.0,0.9888715908435728,1548988.0,189.0,131.4
33,1155,Treino,502.0,6.0,63.0,8.53448774283074,1548988.0,189.0,132.0
33,1160,Treino,497.0,0.0,57.0,0.0,1548988.0,189.0,132.0
33,1165,Treino,492.0,0.0,57.0,0.0,1548988.0,189.0,132.0
33,1170,Treino,487.0,0.0,57.0,0.0,1548988.0,189.0,132.0
33,1175,Treino,482.0,0.0,57.0,0.0,1548988.0,189.0,132.0
33,1180,Treino,477.0,0.0,57.0,0.0,1548988.0,189.0,132.0
33,1185,Treino,472.0,0.0,57.0,0.0,1548988.0,189.0,132.0
33,1190,Treino,467.0,0.0,57.0,0.0,1548988.0,189.0,132.0
33,1195,Treino,462.0,9.0,57.0,8.53448774283072,1548988.0,189.0,132.9
33,1200,Treino,457.0,9.0,57.0,0.9888715908435728,1548988.0,189.0,133.8
33,1205,Treino,452.0,9.0,57.0,-1.008344679797458,1548988.0,189.0,134.7
33,1210,Treino,447.0,9.0,57.0,-1.8073030952220863,1548988.0,189.0,135.6
33,1215,Treino,442.0,9.0,57.0,-2.0741152954087427,1548988.0,189.0,136.5
33,1220,Treino,437.0,9.0,57.0,-1.965506267335244,1548988.0,189.0,137.4
33,1225,Treino,432.0,9.0,57.0,-1.4291626155291055,1548988.0,189.0,138.3
33,1230,Treino,427.0,9.0,57.0,-0.0861421862419775,1548988.0,189.0,139.2
33,1235,Treino,422.0,9.0,57.0,3.85561263945705,1548988.0,189.0,140.1
33,1240,Treino,417.0,9.0,57.0,45.33092249203014,1548988.0,189.0,141.0
33,1245,Treino,412.0,0.0,49.0,8.534487742830796,1548988.0,189.0,141.0
33,1250,Treino,407.0,0.0,49.0,8.534487742830796,1548988.0,189.0,141.0
33,1255,Treino,402.0,0.0,49.0,13.124339821940382,1548988.0,189.0,141.0
33,1260,Treino,397.0,0.0,49.0,13.124339821940382,1548988.0,189.0,141.0
33,1265,Treino,392.0,6.0,49.0,39.16095700811556,1548988.0,189.0,141.6
33,1270,Treino,387.0,7.0,49.0,3.982223090890144,1548988.0,189.0,142.3
33,1275,Treino,382.0,6.0,49.0,0.0370306886690765,1548988.0,189.0,142.9
33,1280,Treino,377.0,6.0,49.0,-1.3550672504002292,1548988.0,189.0,143.5
33,1285,Treino,372.0,6.0,49.0,-1.8968861394469367,1548988.0,189.0,144.1
33,1290,Treino,367.0,6.0,49.0,-2.009303343527112,1548988.0,189.0,144.7
33,1295,Treino,362.0,6.0,49.0,-1.756728887637439,1548988.0,189.0,145.3
33,1300,Treino,357.0,6.0,49.0,-0.9830582550415908,1548988.0,189.0,145.9
33,1305,Treino,352.0,6.0,49.0,0.952257755044842,1548988.0,189.0,146.5
33,1310,Treino,347.0,7.0,49.0,7.782390295567964,1548988.0,189.0,147.1
33,1315,Treino,342.0,-1.0,42.0,-0.4429707913400778,1548988.0,189.0,147.1
33,1320,Treino,337.0,1.0,42.0,-0.0607548479888748,1548988.0,189.0,147.1
33,1325,Treino,332.0,0.0,42.0,0.4072473404254846,1548988.0,189.0,147.1
33,1330,Treino,327.0,0.0,42.0,-0.4429707913400778,1548988.0,189.0,147.2
33,1335,Treino,322.0,0.0,42.0,-0.4429707913400778,1548988.0,189.0,147.3
33,1340,Treino,317.0,-1.0,42.0,-0.7586145884018012,1548988.0,189.0,147.3
33,1345,Treino,312.0,14.0,42.0,44.90703156618579,1548988.0,189.0,148.7
33,1350,Treino,307.0,13.0,42.0,4.01883996531696,1548988.0,189.0,150.0
33,1355,Treino,302.0,15.0,42.0,0.0126914837234055,1548988.0,189.0,151.5
33,1360,Treino,297.0,15.0,42.0,-1.3695737268376431,1548988.0,189.0,153.0
33,1365,Treino,292.0,15.0,42.0,-1.9167426232525195,1548988.0,189.0,154.5
33,1370,Treino,287.0,15.0,42.0,-2.038774542039672,1548988.0,189.0,155.9
33,1375,Treino,282.0,13.0,42.0,-1.7876818775898349,1548988.0,189.0,157.3
33,1380,Treino,277.0,15.0,42.0,-1.0274409551644084,1548988.0,189.0,158.7
33,1385,Treino,272.0,12.0,42.0,0.8474822937671327,1548988.0,189.0,159.9
33,1390,Treino,267.0,15.0,42.0,7.398225415613744,1548988.0,189.0,161.4
33,1395,Treino,262.0,0.0,29.0,-1.8690480175167952,1548988.0,189.0,161.3
33,1400,Treino,257.0,2.0,29.0,-1.865494788931118,1548988.0,189.0,161.5
33,1405,Treino,252.0,1.0,29.0,-1.8433725498280384,1548988.0,189.0,161.5
33,1410,Treino,247.0,2.0,29.0,-1.806267296959497,1548988.0,189.0,161.5
33,1415,Treino,242.0,-2.0,29.0,-1.865494788931118,1548988.0,189.0,161.3
33,1420,Treino,237.0,0.0,29.0,-1.9038317281463768,1548988.0,189.0,161.3
33,1425,Treino,232.0,5.0,29.0,1.7088435431629885,1548988.0,189.0,161.7
33,1430,Treino,227.0,5.0,29.0,0.1593088769708663,1548988.0,189.0,162.0
33,1435,Treino,222.0,5.0,29.0,-0.9232058407096716,1548988.0,189.0,162.5
33,1440,Treino,217.0,3.0,29.0,-1.5005819202017117,1548988.0,189.0,162.8
33,1445,Treino,212.0,5.0,29.0,-1.6605266435234145,1548988.0,189.0,163.3
33,1450,Treino,207.0,4.0,29.0,-1.4477323956601509,1548988.0,189.0,163.6
33,1455,Treino,202.0,3.0,29.0,-0.8234513704234545,1548988.0,189.0,163.9
33,1460,Treino,197.0,5.0,29.0,0.1953154562155963,1548988.0,189.0,164.2
33,1465,Treino,192.0,5.0,29.0,3.705152273675414,1548988.0,189.0,164.7
33,1470,Treino,187.0,3.0,29.0,15.89514415704964,1548988.0,189.0,165.0
33,1475,Treino,182.0,0.0,24.0,0.0,1548988.0,189.0,165.0
33,1480,Treino,177.0,0.0,24.0,0.0,1548988.0,189.0,165.0
33,1485,Treino,172.0,0.0,24.0,0.0,1548988.0,189.0,165.0
33,1490,Treino,167.0,0.0,24.0,0.0,1548988.0,189.0,165.0
33,1495,Treino,162.0,0.0,24.0,0.0,1548988.0,189.0,165.0
33,1500,Treino,157.0,0.0,24.0,0.0,1548988.0,189.0,165.0
33,1505,Treino,152.0,7.0,24.0,13.12433982194053,1548988.0,189.0,165.7
33,1510,Treino,147.0,7.0,24.0,1.7259530141843946,1548988.0,189.0,166.4
33,1515,Treino,142.0,7.0,24.0,-0.7586145884018234,1548988.0,189.0,167.1
33,1520,Treino,137.0,7.0,24.0,-1.708176344562647,1548988.0,189.0,167.8
33,1525,Treino,132.0,7.0,24.0,-2.056566279508,1548988.0,189.0,168.5
33,1530,Treino,127.0,7.0,24.0,-2.020369922630561,1548988.0,189.0,169.2
33,1535,Treino,122.0,7.0,24.0,-1.579626047711153,1548988.0,189.0,169.9
33,1540,Treino,117.0,7.0,24.0,-0.4429707913400533,1548988.0,189.0,170.6
33,1545,Treino,112.0,7.0,24.0,2.6843146956952,1548988.0,189.0,171.3
33,1550,Treino,107.0,7.0,24.0,22.33072916666664,1548988.0,189.0,172.0
33,1555,Treino,102.0,0.0,17.0,0.0,1548988.0,189.0,172.0
33,1560,Treino,97.0,0.0,17.0,0.0,1548988.0,189.0,172.0
33,1565,Treino,92.0,0.0,17.0,0.0,1548988.0,189.0,172.0
33,1570,Treino,87.0,0.0,17.0,0.0,1548988.0,189.0,172.0
33,1575,Treino,82.0,0.0,17.0,0.0,1548988.0,189.0,172.0
33,1580,Treino,77.0,4.0,17.0,13.124339821940572,1548988.0,189.0,172.4
33,1585,Treino,72.0,3.0,17.0,2.8959410229865723,1548988.0,189.0,172.7
33,1590,Treino,67.0,3.0,17.0,0.1008125629725849,1548988.0,189.0,173.0
33,1595,Treino,62.0,4.0,17.0,-1.097313746895475,1548988.0,189.0,173.4
33,1600,Treino,57.0,4.0,17.0,-1.575217589103461,1548988.0,189.0,173.8
33,1605,Treino,52.0,3.0,17.0,-1.6576574600416556,1548988.0,189.0,174.1
33,1610,Treino,47.0,3.0,17.0,-1.4238124491727373,1548988.0,189.0,174.4
33,1615,Treino,42.0,3.0,17.0,-0.698025267030618,1548988.0,189.0,174.7
33,1620,Treino,37.0,3.0,17.0,1.021305504162812,1548988.0,189.0,175.0
33,1625,Treino,32.0,3.0,17.0,5.207859824780979,1548988.0,189.0,175.3
33,1630,Treino,27.0,0.0,14.0,0.5372613101657855,1548988.0,189.0,175.2
33,1635,Treino,22.0,-1.0,14.0,1.139818022816458,1548988.0,189.0,175.2
33,1640,Treino,17.0,-1.0,14.0,0.8879868823567367,1548988.0,189.0,175.2
33,1645,Treino,12.0,1.0,14.0,1.5286960520586552,1548988.0,189.0,175.2
33,1650,Treino,7.0,0.0,14.0,1.139818022816458,1548988.0,189.0,175.1
33,1655,Treino,2.0,0.0,14.0,1.439306156784844,1548988.0,189.0,175.1
34,50,Treino,1186.0,6.0,185.0,4.8630129364371655,1572643.0,185.0,8.0
34,55,Treino,1181.0,-2.0,180.0,-0.1838198874316208,1572643.0,185.0,9.5
34,60,Treino,1176.0,0.0,180.0,-0.2719069171856989,1577206.0,185.0,9.333333333333334
34,65,Treino,1171.0,-2.0,180.0,-0.2775084048138847,1582190.0,185.0,8.75
34,70,Treino,1166.0,0.0,180.0,-0.0098338037208387,1586458.0,185.0,9.0
34,75,Treino,1161.0,1.0,180.0,0.0822878634177421,1587170.0,185.0,9.166666666666666
34,80,Treino,1156.0,-1.0,180.0,0.0608615413287245,1587170.0,185.0,9.285714285714286
34,85,Treino,1151.0,0.0,180.0,-0.0624419808720264,1587170.0,185.0,9.375
34,90,Treino,1146.0,0.0,180.0,-0.2262523085556869,1587170.0,185.0,9.444444444444445
34,95,Treino,1141.0,14.0,180.0,14.538330265276922,1587170.0,185.0,10.7
34,100,Treino,1136.0,13.0,180.0,2.6715566661597308,1587170.0,185.0,12.1
34,105,Treino,1131.0,16.0,180.0,-0.2575589228974673,1587170.0,185.0,13.4
34,110,Treino,1126.0,15.0,180.0,-1.3958009146635502,1587170.0,185.0,14.7
34,115,Treino,1121.0,15.0,180.0,-1.8663198279028832,1587170.0,185.0,16.2
34,120,Treino,1116.0,14.0,179.0,-1.9799064968229625,1587170.0,185.0,17.4
34,125,Treino,1111.0,12.0,178.0,-1.6968822431645048,1587170.0,185.0,18.6
34,130,Treino,1106.0,11.0,178.0,-0.8464162469777854,1587170.0,185.0,19.8
34,135,Treino,1101.0,13.0,178.0,1.1670139926708822,1587170.0,185.0,21.0
34,140,Treino,1096.0,12.0,178.0,8.422121901148145,1587170.0,185.0,22.2
34,145,Treino,1091.0,1.0,165.0,8.9291891059387,1587170.0,185.0,22.3
34,150,Treino,1086.0,0.0,165.0,7.424471129978217,1587170.0,185.0,22.3
34,155,Treino,1081.0,2.0,165.0,3.6490523585437646,1587170.0,185.0,22.3
34,160,Treino,1076.0,0.0,165.0,1.3677378375031308,1587170.0,185.0,22.3
34,165,Treino,1071.0,0.0,165.0,0.1127066123800895,1587170.0,185.0,22.3
34,170,Treino,1066.0,0.0,165.0,-0.3758850278817776,1587170.0,185.0,22.3
34,175,Treino,1061.0,0.0,165.0,-0.3758850278817776,1587170.0,185.0,22.3
34,180,Treino,1056.0,1.0,165.0,-0.4857051986680827,1587170.0,185.0,22.4
34,185,Treino,1051.0,0.0,165.0,-0.4857051986680827,1587170.0,185.0,22.4
34,190,Treino,1046.0,0.0,165.0,-0.5825395739994956,1587170.0,185.0,22.4
34,195,Treino,1041.0,9.0,165.0,9.69924315180374,1587170.0,185.0,23.2
34,200,Treino,1036.0,9.0,165.0,1.394532507030899,1587170.0,185.0,24.1
34,205,Treino,1031.0,7.0,165.0,-0.7931500729802909,1587170.0,185.0,24.8
34,210,Treino,1026.0,7.0,165.0,-1.6896165280203692,1587170.0,185.0,25.7
34,215,Treino,1021.0,8.0,165.0,-2.030429837713508,1587170.0,185.0,26.6
34,220,Treino,1016.0,9.0,165.0,-2.004048457708889,1587170.0,185.0,27.5
34,225,Treino,1011.0,9.0,165.0,-1.560983126085555,1587170.0,185.0,28.4
34,230,Treino,1006.0,9.0,165.0,-0.4328500756094939,1587170.0,185.0,29.2
34,235,Treino,1001.0,9.0,165.0,2.691674146719893,1587170.0,185.0,30.1
34,240,Treino,996.0,9.0,165.0,21.731210127785385,1587170.0,185.0,31.0
34,245,Treino,991.0,-1.0,156.0,22.3307291666675,1587170.0,185.0,31.0
34,250,Treino,986.0,-1.0,156.0,49.99999999999781,1587170.0,185.0,31.0
34,255,Treino,981.0,0.0,156.0,0.0,1587170.0,185.0,31.0
34,260,Treino,976.0,0.0,156.0,0.0,1587170.0,185.0,31.0
34,265,Treino,971.0,0.0,156.0,49.9999999999978,1587170.0,185.0,31.0
34,270,Treino,966.0,1.0,156.0,13.124339821940389,1587170.0,185.0,31.1
34,275,Treino,961.0,0.0,156.0,8.534487742830082,1587170.0,185.0,31.1
34,280,Treino,956.0,0.0,156.0,8.534487742830084,1587170.0,185.0,31.1
34,285,Treino,951.0,0.0,156.0,8.534487742830086,1587170.0,185.0,31.1
34,290,Treino,946.0,6.0,156.0,19.77118820594625,1587170.0,185.0,31.7
34,295,Treino,941.0,6.0,156.0,2.4959379429222315,1587170.0,185.0,32.3
34,300,Treino,936.0,6.0,156.0,-0.4881063620959613,1587170.0,185.0,32.9
34,305,Treino,931.0,6.0,156.0,-1.5848353043747352,1587170.0,185.0,33.5
34,310,Treino,926.0,6.0,156.0,-2.0045203018654663,1587170.0,185.0,34.1
34,315,Treino,921.0,6.0,156.0,-2.0300943798228817,1587170.0,185.0,34.7
34,320,Treino,916.0,5.0,156.0,-1.6917405687242506,1587170.0,185.0,35.2
34,325,Treino,911.0,6.0,156.0,-0.7667431147720563,1587170.0,185.0,35.8
34,330,Treino,906.0,7.0,156.0,1.5716517726309691,1587170.0,185.0,36.5
34,335,Treino,901.0,7.0,156.0,10.548284646389046,1587170.0,185.0,37.2
34,340,Treino,896.0,1.0,150.0,1.982214688693654,1587170.0,185.0,37.3
34,345,Treino,891.0,0.0,150.0,1.139818022816418,1587170.0,185.0,37.3
34,350,Treino,886.0,1.0,150.0,0.1906042738202016,1587170.0,185.0,37.4
34,355,Treino,881.0,0.0,150.0,0.1906042738202016,1587170.0,185.0,37.4
34,360,Treino,876.0,2.0,150.0,-0.2620859349028177,1587170.0,185.0,37.6
34,365,Treino,871.0,0.0,150.0,-0.2620859349028177,1587170.0,185.0,37.6
34,370,Treino,866.0,0.0,150.0,-0.2620859349028177,1587170.0,185.0,37.6
34,375,Treino,861.0,0.0,150.0,-0.1451263812067282,1587170.0,185.0,37.7
34,380,Treino,856.0,0.0,150.0,0.330413460029066,1587170.0,185.0,37.7
34,385,Treino,851.0,13.0,150.0,40.08700698256895,1587170.0,185.0,38.9
34,390,Treino,846.0,11.0,150.0,3.777110650147805,1587170.0,185.0,40.0
34,395,Treino,841.0,10.0,150.0,-0.0939117803909321,1587170.0,185.0,41.2
34,400,Treino,836.0,12.0,150.0,-1.422779442481658,1587170.0,185.0,42.3
34,405,Treino,831.0,12.0,150.0,-1.957866968032825,1587170.0,185.0,43.5
34,410,Treino,826.0,12.0,150.0,-2.071083236122412,1587170.0,185.0,44.5
34,415,Treino,821.0,12.0,150.0,-1.8053853066195047,1587170.0,185.0,45.7
34,420,Treino,816.0,12.0,150.0,-1.0080181748915358,1587170.0,185.0,46.9
34,425,Treino,811.0,12.0,150.0,1.000099946453597,1587170.0,185.0,48.0
34,430,Treino,806.0,12.0,150.0,8.493404545613371,1587170.0,185.0,49.1
34,435,Treino,801.0,0.0,138.0,0.0,1587170.0,185.0,49.0
34,440,Treino,796.0,0.0,138.0,0.0,1587170.0,185.0,49.0
34,445,Treino,791.0,0.0,138.0,0.0,1587170.0,185.0,49.0
34,450,Treino,786.0,0.0,138.0,0.0,1587170.0,185.0,49.0
34,455,Treino,781.0,0.0,138.0,0.0,1587170.0,185.0,49.0
34,460,Treino,776.0,0.0,138.0,49.9999999999978,1587170.0,185.0,49.0
34,465,Treino,771.0,0.0,138.0,49.9999999999978,1587170.0,185.0,49.0
34,470,Treino,766.0,0.0,138.0,49.9999999999978,1587170.0,185.0,49.0
34,475,Treino,761.0,0.0,138.0,49.9999999999978,1587170.0,185.0,49.0
34,480,Treino,756.0,18.0,138.0,8.515521120167692,1587170.0,185.0,50.8
34,485,Treino,751.0,18.0,138.0,0.9859403734062449,1587170.0,185.0,52.6
34,490,Treino,746.0,18.0,138.0,-1.0219672321433602,1587170.0,185.0,54.4
34,495,Treino,741.0,18.0,138.0,-1.8140469005399409,1587170.0,185.0,56.2
34,500,Treino,736.0,18.0,138.0,-2.07717510358591,1587170.0,185.0,58.0
34,505,Treino,731.0,18.0,138.0,-1.9671905501411309,1587170.0,185.0,59.8
34,510,Treino,726.0,18.0,138.0,-1.4253656914893629,1587170.0,185.0,61.6
34,515,Treino,721.0,18.0,138.0,-0.0607548479888837,1587170.0,185.0,63.4
34,520,Treino,716.0,18.0,138.0,3.973746776273379,1587170.0,185.0,65.2
34,525,Treino,711.0,18.0,138.0,50.00000000000003,1587170.0,185.0,67.0
34,530,Treino,706.0,0.0,120.0,0.0,1587170.0,185.0,67.0
34,535,Treino,701.0,0.0,120.0,0.0,1587170.0,185.0,67.0
34,540,Treino,696.0,0.0,120.0,0.0,1587170.0,185.0,67.0
34,545,Treino,691.0,0.0,120.0,0.0,1587170.0,185.0,67.0
34,550,Treino,686.0,0.0,120.0,0.0,1587170.0,185.0,67.0
34,555,Treino,681.0,0.0,120.0,0.0,1587170.0,185.0,67.0
34,560,Treino,676.0,0.0,120.0,0.0,1587170.0,185.0,67.0
34,565,Treino,671.0,0.0,120.0,0.0,1587170.0,185.0,67.0
34,570,Treino,666.0,0.0,120.0,0.0,1587170.0,185.0,67.0
34,575,Treino,661.0,6.0,120.0,8.53448774283068,1587170.0,185.0,67.6
34,580,Treino,656.0,6.0,120.0,0.9888715908435736,1587170.0,185.0,68.2
34,585,Treino,651.0,6.0,120.0,-1.02135047281325,1587170.0,185.0,68.8
34,590,Treino,646.0,6.0,120.0,-1.8142903587038983,1587170.0,185.0,69.4
34,595,Treino,641.0,6.0,120.0,-2.0780056601200214,1587170.0,185.0,70.0
34,600,Treino,636.0,6.0,120.0,-1.9686965028124213,1587170.0,185.0,70.6
34,605,Treino,631.0,6.0,120.0,-1.4253656914893638,1587170.0,185.0,71.2
34,610,Treino,626.0,6.0,120.0,-0.060754847988873,1587170.0,185.0,71.8
34,615,Treino,621.0,6.0,120.0,3.973746776273374,1587170.0,185.0,72.4
34,620,Treino,616.0,6.0,120.0,49.99999999999984,1587170.0,185.0,73.0
34,625,Treino,611.0,0.0,114.0,0.0,1587170.0,185.0,73.0
34,630,Treino,606.0,0.0,114.0,0.0,1587170.0,185.0,73.0
34,635,Treino,601.0,0.0,114.0,0.0,1587170.0,185.0,73.0
34,640,Treino,596.0,0.0,114.0,0.0,1587170.0,185.0,73.0
34,645,Treino,591.0,0.0,114.0,0.0,1587170.0,185.0,73.0
34,650,Treino,586.0,0.0,114.0,0.0,1587170.0,185.0,73.0
34,655,Treino,581.0,0.0,114.0,0.0,1587170.0,185.0,73.0
34,660,Treino,576.0,0.0,114.0,0.0,1587170.0,185.0,73.0
34,665,Treino,571.0,15.0,114.0,50.00000000000004,1587170.0,185.0,74.5
34,670,Treino,566.0,15.0,114.0,3.973746776273379,1587170.0,185.0,76.0
34,675,Treino,561.0,15.0,114.0,-0.0607548479888877,1587170.0,185.0,77.5
34,680,Treino,556.0,15.0,114.0,-1.42536569148936,1587170.0,185.0,79.0
34,685,Treino,551.0,15.0,114.0,-1.9686965028124228,1587170.0,185.0,80.5
34,690,Treino,546.0,15.0,114.0,-2.078005660120022,1587170.0,185.0,82.0
34,695,Treino,541.0,15.0,114.0,-1.8142903587038977,1587170.0,185.0,83.5
34,700,Treino,536.0,15.0,114.0,-1.0213504728132403,1587170.0,185.0,85.0
34,705,Treino,531.0,15.0,114.0,0.9888715908435656,1587170.0,185.0,86.5
34,710,Treino,526.0,15.0,114.0,8.534487742830711,1587170.0,185.0,88.0
34,715,Treino,521.0,0.0,99.0,0.0,1587170.0,185.0,88.0
34,720,Treino,516.0,0.0,99.0,0.0,1587170.0,185.0,88.0
34,725,Treino,511.0,0.0,99.0,0.0,1587170.0,185.0,88.0
34,730,Treino,506.0,0.0,99.0,0.0,1587170.0,185.0,88.0
34,735,Treino,501.0,0.0,99.0,0.0,1587170.0,185.0,88.0
34,740,Treino,496.0,0.0,99.0,0.0,1587170.0,185.0,88.0
34,745,Treino,491.0,0.0,99.0,0.0,1587170.0,185.0,88.0
34,750,Treino,486.0,0.0,99.0,0.0,1587170.0,185.0,88.0
34,755,Treino,481.0,0.0,99.0,0.0,1587170.0,185.0,88.0
34,760,Treino,476.0,0.0,99.0,0.0,1587170.0,185.0,88.0
34,765,Treino,471.0,17.0,99.0,5.817302814568041,1587170.0,185.0,89.7
34,770,Treino,466.0,17.0,99.0,0.4144705955619372,1587170.0,185.0,91.4
34,775,Treino,461.0,17.0,99.0,-1.237769287229373,1587170.0,185.0,93.1
34,780,Treino,456.0,17.0,99.0,-1.8986121144715675,1587170.0,185.0,94.8
34,785,Treino,451.0,17.0,99.0,-2.084048703116516,1587170.0,185.0,96.5
34,790,Treino,446.0,17.0,99.0,-1.900080914595197,1587170.0,185.0,98.2
34,795,Treino,441.0,17.0,99.0,-1.241581089495026,1587170.0,185.0,99.9
34,800,Treino,436.0,17.0,99.0,0.4047845300138331,1587170.0,185.0,101.6
34,805,Treino,431.0,17.0,99.0,5.778809034241148,1587170.0,185.0,103.3
34,810,Treino,426.0,1.0,83.0,50.00000000000087,1587170.0,185.0,105.0
34,815,Treino,421.0,0.0,82.0,0.0,1587170.0,185.0,105.0
34,820,Treino,416.0,0.0,82.0,0.0,1587170.0,185.0,105.0
34,825,Treino,411.0,0.0,82.0,0.0,1587170.0,185.0,105.0
34,830,Treino,406.0,0.0,82.0,0.0,1587170.0,185.0,105.0
34,835,Treino,401.0,0.0,82.0,0.0,1587170.0,185.0,105.0
34,840,Treino,396.0,0.0,82.0,0.0,1587170.0,185.0,105.0
34,845,Treino,391.0,0.0,82.0,0.0,1587170.0,185.0,105.0
34,850,Treino,386.0,0.0,82.0,0.0,1587170.0,185.0,105.0
34,855,Treino,381.0,10.0,82.0,13.124339821940588,1587170.0,185.0,106.0
34,860,Treino,376.0,10.0,82.0,1.7259530141844115,1587170.0,185.0,107.0
34,865,Treino,371.0,10.0,82.0,-0.7586145884018172,1587170.0,185.0,108.0
34,870,Treino,366.0,10.0,82.0,-1.7081763445626443,1587170.0,185.0,109.0
34,875,Treino,361.0,10.0,82.0,-2.056566279507999,1587170.0,185.0,110.0
34,880,Treino,356.0,10.0,82.0,-2.0203699226305623,1587170.0,185.0,111.0
34,885,Treino,351.0,10.0,82.0,-1.5796260477111566,1587170.0,185.0,112.0
34,890,Treino,346.0,10.0,82.0,-0.4429707913400591,1587170.0,185.0,113.0
34,895,Treino,341.0,10.0,82.0,2.68431469569518,1587170.0,185.0,114.0
34,900,Treino,336.0,10.0,82.0,22.33072916666661,1587170.0,185.0,115.0
34,905,Treino,331.0,0.0,72.0,0.0,1587170.0,185.0,115.0
34,910,Treino,326.0,0.0,72.0,0.0,1587170.0,185.0,115.0
34,915,Treino,321.0,0.0,72.0,0.0,1587170.0,185.0,115.0
34,920,Treino,316.0,0.0,72.0,0.0,1587170.0,185.0,115.0
34,925,Treino,311.0,0.0,72.0,0.0,1587170.0,185.0,115.0
34,930,Treino,306.0,0.0,72.0,0.0,1587170.0,185.0,115.0
34,935,Treino,301.0,0.0,72.0,0.0,1587170.0,185.0,115.0
34,940,Treino,296.0,0.0,72.0,0.0,1587170.0,185.0,115.0
34,945,Treino,291.0,0.0,72.0,0.0,1587170.0,185.0,115.0
34,950,Treino,286.0,15.0,72.0,22.330729166666707,1587170.0,185.0,116.5
34,955,Treino,281.0,15.0,72.0,2.684314695695212,1587170.0,185.0,118.0
34,960,Treino,276.0,15.0,72.0,-0.4429707913400471,1587170.0,185.0,119.5
34,965,Treino,271.0,15.0,72.0,-1.5796260477111514,1587170.0,185.0,121.0
34,970,Treino,266.0,15.0,72.0,-2.02036992263056,1587170.0,185.0,122.5
34,975,Treino,261.0,15.0,72.0,-2.056566279508,1587170.0,185.0,124.0
34,980,Treino,256.0,15.0,72.0,-1.7081763445626463,1587170.0,185.0,125.5
34,985,Treino,251.0,15.0,72.0,-0.7586145884018216,1587170.0,185.0,127.0
34,990,Treino,246.0,15.0,72.0,1.725953014184399,1587170.0,185.0,128.5
34,995,Treino,241.0,15.0,72.0,13.124339821940552,1587170.0,185.0,130.0
34,1000,Treino,236.0,0.0,57.0,0.0,1587170.0,185.0,130.0
34,1005,Treino,231.0,0.0,57.0,0.0,1587170.0,185.0,130.0
34,1010,Treino,226.0,0.0,57.0,0.0,1587170.0,185.0,130.0
34,1015,Treino,221.0,0.0,57.0,0.0,1587170.0,185.0,130.0
34,1020,Treino,216.0,0.0,57.0,0.0,1587170.0,185.0,130.0
34,1025,Treino,211.0,0.0,57.0,0.0,1587170.0,185.0,130.0
34,1030,Treino,206.0,0.0,57.0,0.0,1587170.0,185.0,130.0
34,1035,Treino,201.0,0.0,57.0,0.0,1587170.0,185.0,130.0
34,1040,Treino,196.0,0.0,57.0,0.0,1587170.0,185.0,130.0
34,1045,Treino,191.0,15.0,57.0,22.330729166666657,1587170.0,185.0,131.5
34,1050,Treino,186.0,15.0,57.0,2.6843146956952,1587170.0,185.0,133.0
34,1055,Treino,181.0,15.0,57.0,-0.4429707913400542,1587170.0,185.0,134.5
34,1060,Treino,176.0,15.0,57.0,-1.5796260477111546,1587170.0,185.0,136.0
34,1065,Treino,171.0,15.0,57.0,-2.020369922630561,1587170.0,185.0,137.5
34,1070,Treino,166.0,15.0,57.0,-2.056566279508,1587170.0,185.0,139.0
34,1075,Treino,161.0,15.0,57.0,-1.7081763445626463,1587170.0,185.0,140.5
34,1080,Treino,156.0,15.0,57.0,-0.7586145884018216,1587170.0,185.0,142.0
34,1085,Treino,151.0,15.0,57.0,1.725953014184399,1587170.0,185.0,143.5
34,1090,Treino,146.0,15.0,57.0,13.124339821940552,1587170.0,185.0,145.0
34,1095,Treino,141.0,0.0,42.0,0.0,1587170.0,185.0,145.0
34,1100,Treino,136.0,0.0,42.0,0.0,1587170.0,185.0,145.0
34,1105,Treino,131.0,0.0,42.0,0.0,1587170.0,185.0,145.0
34,1110,Treino,126.0,0.0,42.0,0.0,1587170.0,185.0,145.0
34,1115,Treino,121.0,0.0,42.0,0.0,1587170.0,185.0,145.0
34,1120,Treino,116.0,0.0,42.0,0.0,1587170.0,185.0,145.0
34,1125,Treino,111.0,0.0,42.0,0.0,1587170.0,185.0,145.0
34,1130,Treino,106.0,0.0,42.0,0.0,1587170.0,185.0,145.0
34,1135,Treino,101.0,0.0,42.0,0.0,1587170.0,185.0,145.0
34,1140,Treino,96.0,18.0,42.0,13.124339821940552,1587170.0,185.0,146.8
34,1145,Treino,91.0,18.0,42.0,1.7259530141843928,1587170.0,185.0,148.6
34,1150,Treino,86.0,18.0,42.0,-0.7586145884018216,1587170.0,185.0,150.4
34,1155,Treino,81.0,18.0,42.0,-1.7081763445626468,1587170.0,185.0,152.2
34,1160,Treino,76.0,18.0,42.0,-2.0565662795080004,1587170.0,185.0,154.0
34,1165,Treino,71.0,18.0,42.0,-2.020369922630561,1587170.0,185.0,155.8
34,1170,Treino,66.0,18.0,42.0,-1.5796260477111546,1587170.0,185.0,157.6
34,1175,Treino,61.0,18.0,42.0,-0.4429707913400524,1587170.0,185.0,159.4
34,1180,Treino,56.0,18.0,42.0,2.684314695695204,1587170.0,185.0,161.2
34,1185,Treino,51.0,18.0,42.0,22.33072916666668,1587170.0,185.0,163.0
34,1190,Treino,46.0,0.0,24.0,0.0,1587170.0,185.0,163.0
34,1195,Treino,41.0,0.0,24.0,0.0,1587170.0,185.0,163.0
34,1200,Treino,36.0,0.0,24.0,0.0,1587170.0,185.0,163.0
34,1205,Treino,31.0,0.0,24.0,0.0,1587170.0,185.0,163.0
34,1210,Treino,26.0,0.0,24.0,0.0,1587170.0,185.0,163.0
34,1215,Treino,21.0,0.0,24.0,0.0,1587170.0,185.0,163.0
34,1220,Treino,16.0,0.0,24.0,0.0,1587170.0,185.0,163.0
34,1225,Treino,11.0,0.0,24.0,0.0,1587170.0,185.0,163.0
34,1230,Treino,6.0,0.0,24.0,0.0,1587170.0,185.0,163.0
34,1235,Treino,1.0,9.0,24.0,8.53448774283072,1587170.0,185.0,163.9
35,50,Treino,906.0,3.0,188.0,-0.5578055816544119,1682722.0,188.0,5.0
35,55,Treino,901.0,-3.0,188.0,-0.6172310474881395,1683452.0,188.0,4.0
35,60,Treino,896.0,0.0,188.0,-0.7098613347812002,1686759.0,188.0,3.3333333333333335
35,65,Treino,891.0,-3.0,188.0,-0.6021443484948761,1692611.0,188.0,3.75
35,70,Treino,886.0,-2.0,188.0,-0.4530311997669169,1697019.0,188.0,3.8
35,75,Treino,881.0,-5.0,189.0,-0.2187735089152016,1704437.0,189.0,3.5
35,80,Treino,876.0,-6.0,189.0,-0.2310638610732782,1711452.0,189.0,3.4285714285714284
35,85,Treino,871.0,20.0,189.0,3.964781408887273,1711452.0,189.0,5.625
35,90,Treino,866.0,17.0,189.0,0.1319322969004446,1711452.0,189.0,7.333333333333333
35,95,Treino,861.0,15.0,189.0,-1.2650257585221447,1711452.0,189.0,8.7
35,100,Treino,856.0,15.0,189.0,-1.8333218568379432,1711452.0,189.0,10.3
35,105,Treino,851.0,16.0,189.0,-1.9691392086086248,1711452.0,189.0,12.2
35,110,Treino,846.0,18.0,189.0,-1.7382207771127782,1711452.0,189.0,14.1
35,115,Treino,841.0,19.0,189.0,-1.0065478506993344,1711452.0,189.0,15.7
35,120,Treino,836.0,20.0,189.0,0.6233628062973522,1711452.0,189.0,17.7
35,125,Treino,831.0,22.0,189.0,6.175886537695261,1711452.0,189.0,19.7
35,130,Treino,826.0,0.0,168.0,1.8806662853583327,1711452.0,189.0,21.5
35,135,Treino,821.0,0.0,168.0,1.1694003863774576,1711452.0,189.0,21.7
35,140,Treino,816.0,0.0,168.0,0.9889223101142912,1711452.0,189.0,21.7
35,145,Treino,811.0,1.0,168.0,0.848333677950313,1711452.0,189.0,21.8
35,150,Treino,806.0,0.0,168.0,0.8483336779503139,1711452.0,189.0,21.8
35,155,Treino,801.0,0.0,168.0,0.9137898897529046,1711452.0,189.0,21.7
35,160,Treino,796.0,0.0,168.0,0.9137898897529046,1711452.0,189.0,21.7
35,165,Treino,791.0,1.0,168.0,0.9137898897529056,1711452.0,189.0,21.8
35,170,Treino,786.0,-1.0,168.0,2.099943718453821,1711452.0,189.0,21.5
35,175,Treino,781.0,-2.0,168.0,3.2836380581493083,1711452.0,189.0,21.4
35,180,Treino,776.0,20.0,168.0,5.633972807980047,1711452.0,189.0,23.5
35,185,Treino,771.0,18.0,168.0,0.3833663537137881,1711452.0,189.0,25.4
35,190,Treino,766.0,21.0,168.0,-1.2424958006267943,1711452.0,189.0,27.5
35,195,Treino,761.0,21.0,168.0,-1.8994322540678443,1711452.0,189.0,29.5
35,200,Treino,756.0,20.0,168.0,-2.0825428376820385,1711452.0,189.0,31.6
35,205,Treino,751.0,21.0,168.0,-1.897060036287479,1711452.0,189.0,33.7
35,210,Treino,746.0,21.0,168.0,-1.235232349271122,1711452.0,189.0,35.8
35,215,Treino,741.0,21.0,168.0,0.4159082314614282,1711452.0,189.0,37.8
35,220,Treino,736.0,21.0,168.0,5.817957220365937,1711452.0,189.0,39.9
35,225,Treino,731.0,0.0,147.0,0.0,1711452.0,189.0,42.0
35,230,Treino,726.0,0.0,147.0,0.0,1711452.0,189.0,42.0
35,235,Treino,721.0,0.0,147.0,0.0,1711452.0,189.0,42.0
35,240,Treino,716.0,0.0,147.0,0.0,1711452.0,189.0,42.0
35,245,Treino,711.0,0.0,147.0,0.0,1711452.0,189.0,42.0
35,250,Treino,706.0,0.0,147.0,0.0,1711452.0,189.0,42.0
35,255,Treino,701.0,0.0,147.0,0.0,1711452.0,189.0,42.0
35,260,Treino,696.0,0.0,147.0,0.0,1711452.0,189.0,42.0
35,265,Treino,691.0,0.0,147.0,0.0,1711452.0,189.0,42.0
35,270,Treino,686.0,18.0,147.0,22.330729166666675,1711452.0,189.0,43.8
35,275,Treino,681.0,18.0,147.0,2.6843146956951847,1711452.0,189.0,45.6
35,280,Treino,676.0,18.0,147.0,-0.4429707913400471,1711452.0,189.0,47.4
35,285,Treino,671.0,18.0,147.0,-1.579626047711156,1711452.0,189.0,49.2
35,290,Treino,666.0,18.0,147.0,-2.020369922630559,1711452.0,189.0,51.0
35,295,Treino,661.0,18.0,147.0,-2.0565662795080004,1711452.0,189.0,52.8
35,300,Treino,656.0,18.0,147.0,-1.7081763445626434,1711452.0,189.0,54.6
35,305,Treino,651.0,18.0,147.0,-0.7586145884018252,1711452.0,189.0,56.4
35,310,Treino,646.0,18.0,147.0,1.7259530141844035,1711452.0,189.0,58.2
35,315,Treino,641.0,18.0,147.0,13.1243398219405,1711452.0,189.0,60.0
35,320,Treino,636.0,0.0,129.0,0.0,1711452.0,189.0,60.0
35,325,Treino,631.0,0.0,129.0,0.0,1711452.0,189.0,60.0
35,330,Treino,626.0,0.0,129.0,0.0,1711452.0,189.0,60.0
35,335,Treino,621.0,0.0,129.0,0.0,1711452.0,189.0,60.0
35,340,Treino,616.0,0.0,129.0,0.0,1711452.0,189.0,60.0
35,345,Treino,611.0,0.0,129.0,0.0,1711452.0,189.0,60.0
35,350,Treino,606.0,0.0,129.0,0.0,1711452.0,189.0,60.0
35,355,Treino,601.0,20.0,129.0,13.124339821940534,1711452.0,189.0,62.0
35,360,Treino,596.0,20.0,129.0,1.7259530141843935,1711452.0,189.0,64.0
35,365,Treino,591.0,20.0,129.0,-0.7586145884018243,1711452.0,189.0,66.0
35,370,Treino,586.0,20.0,129.0,-1.708176344562649,1711452.0,189.0,68.0
35,375,Treino,581.0,20.0,129.0,-2.056566279508001,1711452.0,189.0,70.0
35,380,Treino,576.0,20.0,129.0,-2.02036992263056,1711452.0,189.0,72.0
35,385,Treino,571.0,20.0,129.0,-1.579626047711153,1711452.0,189.0,74.0
35,390,Treino,566.0,20.0,129.0,-0.4429707913400493,1711452.0,189.0,76.0
35,395,Treino,561.0,20.0,129.0,2.684314695695201,1711452.0,189.0,78.0
35,400,Treino,556.0,20.0,129.0,22.330729166666696,1711452.0,189.0,80.0
35,405,Treino,551.0,0.0,109.0,0.0,1711452.0,189.0,80.0
35,410,Treino,546.0,0.0,109.0,0.0,1711452.0,189.0,80.0
35,415,Treino,541.0,0.0,109.0,0.0,1711452.0,189.0,80.0
35,420,Treino,536.0,0.0,109.0,0.0,1711452.0,189.0,80.0
35,425,Treino,531.0,0.0,109.0,0.0,1711452.0,189.0,80.0
35,430,Treino,526.0,0.0,109.0,0.0,1711452.0,189.0,80.0
35,435,Treino,521.0,0.0,109.0,0.0,1711452.0,189.0,80.0
35,440,Treino,516.0,0.0,109.0,0.0,1711452.0,189.0,80.0
35,445,Treino,511.0,0.0,109.0,0.0,1711452.0,189.0,80.0
35,450,Treino,506.0,19.0,109.0,8.534487742830724,1711452.0,189.0,81.9
35,455,Treino,501.0,19.0,109.0,0.9888715908435676,1711452.0,189.0,83.8
35,460,Treino,496.0,19.0,109.0,-1.0213504728132352,1711452.0,189.0,85.7
35,465,Treino,491.0,19.0,109.0,-1.8142903587038977,1711452.0,189.0,87.6
35,470,Treino,486.0,19.0,109.0,-2.078005660120022,1711452.0,189.0,89.5
35,475,Treino,481.0,19.0,109.0,-1.9686965028124248,1711452.0,189.0,91.4
35,480,Treino,476.0,19.0,109.0,-1.4253656914893602,1711452.0,189.0,93.3
35,485,Treino,471.0,19.0,109.0,-0.0607548479888944,1711452.0,189.0,95.2
35,490,Treino,466.0,19.0,109.0,3.973746776273371,1711452.0,189.0,97.1
35,495,Treino,461.0,19.0,109.0,49.99999999999999,1711452.0,189.0,99.0
35,500,Treino,456.0,0.0,90.0,0.0,1711452.0,189.0,99.0
35,505,Treino,451.0,0.0,90.0,0.0,1711452.0,189.0,99.0
35,510,Treino,446.0,0.0,90.0,0.0,1711452.0,189.0,99.0
35,515,Treino,441.0,0.0,90.0,0.0,1711452.0,189.0,99.0
35,520,Treino,436.0,0.0,90.0,0.0,1711452.0,189.0,99.0
35,525,Treino,431.0,0.0,90.0,0.0,1711452.0,189.0,99.0
35,530,Treino,426.0,0.0,90.0,0.0,1711452.0,189.0,99.0
35,535,Treino,421.0,0.0,90.0,0.0,1711452.0,189.0,99.0
35,540,Treino,416.0,0.0,90.0,0.0,1711452.0,189.0,99.0
35,545,Treino,411.0,17.0,90.0,5.818016308131355,1711452.0,189.0,100.7
35,550,Treino,406.0,17.0,90.0,0.4151042239589801,1711452.0,189.0,102.4
35,555,Treino,401.0,17.0,90.0,-1.2373624093860685,1711452.0,189.0,104.1
35,560,Treino,396.0,17.0,90.0,-1.8983148446317148,1711452.0,189.0,105.8
35,565,Treino,391.0,17.0,90.0,-2.0838050788263294,1711452.0,189.0,107.5
35,570,Treino,386.0,17.0,90.0,-1.89985910607824,1711452.0,189.0,109.2
35,575,Treino,381.0,17.0,90.0,-1.2413542605195405,1711452.0,189.0,110.9
35,580,Treino,376.0,17.0,90.0,0.4050589740320132,1711452.0,189.0,112.6
35,585,Treino,371.0,17.0,90.0,5.779291803547805,1711452.0,189.0,114.3
35,590,Treino,366.0,-1.0,73.0,50.00000000000087,1711452.0,189.0,116.0
35,595,Treino,361.0,0.0,73.0,0.0,1711452.0,189.0,116.0
35,600,Treino,356.0,0.0,73.0,0.0,1711452.0,189.0,116.0
35,605,Treino,351.0,0.0,73.0,0.0,1711452.0,189.0,116.0
35,610,Treino,346.0,0.0,73.0,0.0,1711452.0,189.0,116.0
35,615,Treino,341.0,0.0,73.0,0.0,1711452.0,189.0,116.0
35,620,Treino,336.0,0.0,73.0,0.0,1711452.0,189.0,116.0
35,625,Treino,331.0,12.0,73.0,22.33072916666663,1711452.0,189.0,117.2
35,630,Treino,326.0,12.0,73.0,2.711807192949101,1711452.0,189.0,118.4
35,635,Treino,321.0,12.0,73.0,-0.4240592833954779,1711452.0,189.0,119.6
35,640,Treino,316.0,12.0,73.0,-1.5655268868116712,1711452.0,189.0,120.8
35,645,Treino,311.0,12.0,73.0,-2.0121531741428687,1711452.0,189.0,122.0
35,650,Treino,306.0,12.0,73.0,-2.0522156266641987,1711452.0,189.0,123.2
35,655,Treino,301.0,12.0,73.0,-1.707646045077686,1711452.0,189.0,124.4
35,660,Treino,296.0,12.0,73.0,-0.7644963428627665,1711452.0,189.0,125.6
35,665,Treino,291.0,12.0,73.0,1.7001210280947303,1711452.0,189.0,126.8
35,670,Treino,286.0,12.0,73.0,12.899915067613096,1711452.0,189.0,128.0
35,675,Treino,281.0,0.0,62.0,13.124339821940382,1711452.0,189.0,128.0
35,680,Treino,276.0,0.0,62.0,13.124339821940382,1711452.0,189.0,128.0
35,685,Treino,271.0,0.0,62.0,22.33072916666676,1711452.0,189.0,128.0
35,690,Treino,266.0,0.0,62.0,49.99999999999932,1711452.0,189.0,128.0
35,695,Treino,261.0,0.0,62.0,49.99999999999932,1711452.0,189.0,128.0
35,700,Treino,256.0,0.0,62.0,22.33072916666676,1711452.0,189.0,128.0
35,705,Treino,251.0,0.0,63.0,16.47727558856849,1711452.0,189.0,128.0
35,710,Treino,246.0,0.0,63.0,16.477275588568478,1711452.0,189.0,128.0
35,715,Treino,241.0,19.0,63.0,5.726452306429874,1711452.0,189.0,129.9
35,720,Treino,236.0,19.0,63.0,0.3961477997465303,1711452.0,189.0,131.8
35,725,Treino,231.0,19.0,63.0,-1.242104562675977,1711452.0,189.0,133.7
35,730,Treino,226.0,19.0,63.0,-1.8974813537590205,1711452.0,189.0,135.6
35,735,Treino,221.0,19.0,63.0,-2.0791751974072445,1711452.0,189.0,137.5
35,740,Treino,216.0,19.0,63.0,-1.890922633611155,1711452.0,189.0,139.4
35,745,Treino,211.0,19.0,63.0,-1.2253198837029544,1711452.0,189.0,141.3
35,750,Treino,206.0,20.0,63.0,0.4358285830867539,1711452.0,189.0,143.2
35,755,Treino,201.0,19.0,61.0,5.791962174940895,1711452.0,189.0,145.1
35,760,Treino,196.0,0.0,42.0,0.0,1711452.0,189.0,147.0
35,765,Treino,191.0,0.0,42.0,0.0,1711452.0,189.0,147.0
35,770,Treino,186.0,0.0,42.0,0.0,1711452.0,189.0,147.0
35,775,Treino,181.0,0.0,42.0,0.0,1711452.0,189.0,147.0
35,780,Treino,176.0,0.0,42.0,0.0,1711452.0,189.0,147.0
35,785,Treino,171.0,0.0,42.0,0.0,1711452.0,189.0,147.0
35,790,Treino,166.0,0.0,42.0,0.0,1711452.0,189.0,147.0
35,795,Treino,161.0,15.0,42.0,13.124339821940548,1711452.0,189.0,148.5
35,800,Treino,156.0,15.0,42.0,1.7259530141844,1711452.0,189.0,150.0
35,805,Treino,151.0,15.0,42.0,-0.7529746546241265,1711452.0,189.0,151.5
35,810,Treino,146.0,15.0,42.0,-1.705193473422371,1711452.0,189.0,153.0
35,815,Treino,141.0,15.0,42.0,-2.0548602776411364,1711452.0,189.0,154.5
35,820,Treino,136.0,15.0,42.0,-2.019530314299627,1711452.0,189.0,156.0
35,825,Treino,131.0,15.0,42.0,-1.5797048063814934,1711452.0,189.0,157.5
35,830,Treino,126.0,15.0,42.0,-0.4447528617099383,1711452.0,189.0,159.0
35,835,Treino,121.0,15.0,42.0,2.6763936278211418,1711452.0,189.0,160.5
35,840,Treino,116.0,15.0,42.0,22.215330208033045,1711452.0,189.0,162.0
35,845,Treino,111.0,0.0,28.0,50.00000000000013,1711452.0,189.0,162.0
35,850,Treino,106.0,0.0,28.0,50.00000000000013,1711452.0,189.0,162.0
35,855,Treino,101.0,0.0,27.0,0.0,1711452.0,189.0,162.0
35,860,Treino,96.0,0.0,27.0,0.0,1711452.0,189.0,162.0
35,865,Treino,91.0,0.0,27.0,0.0,1711452.0,189.0,162.0
35,870,Treino,86.0,0.0,28.0,50.000000000000114,1711452.0,189.0,162.0
35,875,Treino,81.0,0.0,29.0,32.438318899468086,1711452.0,189.0,162.0
35,880,Treino,76.0,12.0,29.0,5.673883646840844,1711452.0,189.0,163.2
35,885,Treino,71.0,12.0,29.0,0.3883678164796138,1711452.0,189.0,164.4
35,890,Treino,66.0,12.0,29.0,-1.241431900712315,1711452.0,189.0,165.6
35,895,Treino,61.0,12.0,29.0,-1.892727794217604,1711452.0,189.0,166.8
35,900,Treino,56.0,12.0,29.0,-2.070872219802938,1711452.0,189.0,168.0
35,905,Treino,51.0,12.0,29.0,-1.877885205715932,1711452.0,189.0,169.2
35,910,Treino,46.0,12.0,29.0,-1.203608401316279,1711452.0,189.0,170.4
35,915,Treino,41.0,12.0,29.0,0.4802058246722378,1711452.0,189.0,171.6
35,920,Treino,36.0,12.0,29.0,6.003939767459842,1711452.0,189.0,172.8
35,925,Treino,31.0,0.0,15.0,0.0,1711452.0,189.0,174.0
35,930,Treino,26.0,0.0,15.0,0.0,1711452.0,189.0,174.0
35,935,Treino,21.0,0.0,15.0,0.0,1711452.0,189.0,174.0
35,940,Treino,16.0,0.0,15.0,0.0,1711452.0,189.0,174.0
35,945,Treino,11.0,0.0,15.0,0.0,1711452.0,189.0,174.0
35,950,Treino,6.0,0.0,15.0,0.0,1711452.0,189.0,174.0
35,955,Treino,1.0,0.0,15.0,0.0,1711452.0,189.0,174.0
36,50,Treino,1291.0,9.0,188.0,47.568371016614975,1604639.0,188.0,9.0
36,55,Treino,1286.0,0.0,179.0,22.3307291666675,1604639.0,188.0,9.0
36,60,Treino,1281.0,2.0,179.0,33.000000000000284,1604639.0,188.0,10.0
36,65,Treino,1276.0,0.0,179.0,40.203025749606496,1604639.0,188.0,9.75
36,70,Treino,1271.0,0.0,179.0,40.20302574960648,1604639.0,188.0,9.6
36,75,Treino,1266.0,0.0,179.0,40.20302574960648,1604639.0,188.0,9.5
36,80,Treino,1261.0,0.0,179.0,40.20302574960648,1604639.0,188.0,9.428571428571429
36,85,Treino,1256.0,0.0,179.0,49.99999999999983,1604639.0,188.0,9.375
36,90,Treino,1251.0,0.0,179.0,49.99999999999983,1604639.0,188.0,9.333333333333334
36,95,Treino,1246.0,0.0,179.0,49.99999999999984,1604639.0,188.0,9.3
36,100,Treino,1241.0,0.0,179.0,40.20302574960648,1604639.0,188.0,9.3
36,105,Treino,1236.0,0.0,179.0,33.00000000000034,1604639.0,188.0,9.3
36,110,Treino,1231.0,0.0,179.0,22.33072916666752,1604639.0,188.0,9.0
36,115,Treino,1226.0,8.0,179.0,46.87060546875029,1604639.0,188.0,9.8
36,120,Treino,1221.0,7.0,179.0,4.02827020430767,1604639.0,188.0,10.5
36,125,Treino,1216.0,8.0,179.0,0.0841111282431668,1604639.0,188.0,11.3
36,130,Treino,1211.0,7.0,179.0,-1.289884984284977,1604639.0,188.0,12.0
36,135,Treino,1206.0,7.0,179.0,-1.8599427285529904,1604639.0,188.0,12.7
36,140,Treino,1201.0,7.0,179.0,-1.99511629413704,1604639.0,188.0,13.4
36,145,Treino,1196.0,7.0,179.0,-1.7495204305882537,1604639.0,188.0,14.1
36,150,Treino,1191.0,7.0,179.0,-1.0246117553009877,1604639.0,188.0,14.8
36,155,Treino,1186.0,8.0,179.0,0.771478508450314,1604639.0,188.0,15.6
36,160,Treino,1181.0,7.0,179.0,6.978369415390533,1604639.0,188.0,16.3
36,165,Treino,1176.0,-1.0,172.0,2.4067756872397483,1604639.0,188.0,16.2
36,170,Treino,1171.0,1.0,172.0,3.567597293541799,1604639.0,188.0,16.3
36,175,Treino,1166.0,0.0,172.0,4.774206435911969,1604639.0,188.0,16.3
36,180,Treino,1161.0,9.0,172.0,5.488349296290494,1604639.0,188.0,17.2
36,185,Treino,1156.0,9.0,172.0,0.3582618033911968,1604639.0,188.0,18.1
36,190,Treino,1151.0,9.0,172.0,-1.221459924792181,1604639.0,188.0,19.0
36,195,Treino,1146.0,9.0,172.0,-1.873386610402463,1604639.0,188.0,19.9
36,200,Treino,1141.0,10.0,172.0,-2.0530303765960456,1604639.0,188.0,20.9
36,205,Treino,1136.0,9.0,172.0,-1.869675714495804,1604639.0,188.0,21.7
36,210,Treino,1131.0,9.0,172.0,-1.205059265098403,1604639.0,188.0,22.6
36,215,Treino,1126.0,9.0,172.0,0.4237480865734842,1604639.0,188.0,23.5
36,220,Treino,1121.0,9.0,172.0,5.709499113475131,1604639.0,188.0,24.3
36,225,Treino,1116.0,-1.0,163.0,8.534487742830084,1604639.0,188.0,25.1
36,230,Treino,1111.0,0.0,163.0,13.124339821940382,1604639.0,188.0,25.1
36,235,Treino,1106.0,0.0,163.0,13.124339821940382,1604639.0,188.0,25.1
36,240,Treino,1101.0,0.0,163.0,49.99999999999781,1604639.0,188.0,25.1
36,245,Treino,1096.0,0.0,163.0,49.99999999999781,1604639.0,188.0,25.1
36,250,Treino,1091.0,0.0,163.0,32.4383188994678,1604639.0,188.0,25.0
36,255,Treino,1086.0,7.0,163.0,12.044346274033154,1604639.0,188.0,25.7
36,260,Treino,1081.0,7.0,163.0,1.5907274617056402,1604639.0,188.0,26.4
36,265,Treino,1076.0,7.0,163.0,-0.7952529145695024,1604639.0,188.0,27.1
36,270,Treino,1071.0,7.0,163.0,-1.7130003333422,1604639.0,188.0,27.8
36,275,Treino,1066.0,7.0,163.0,-2.032217823457851,1604639.0,188.0,28.5
36,280,Treino,1061.0,7.0,163.0,-1.98226973626696,1604639.0,188.0,29.2
36,285,Treino,1056.0,7.0,163.0,-1.518069954036486,1604639.0,188.0,29.9
36,290,Treino,1051.0,7.0,163.0,-0.3277608944085401,1604639.0,188.0,30.6
36,295,Treino,1046.0,6.0,163.0,2.9855057408964294,1604639.0,188.0,31.3
36,300,Treino,1041.0,7.0,163.0,21.825434254612755,1604639.0,188.0,32.0
36,305,Treino,1036.0,0.0,156.0,49.99999999999781,1604639.0,188.0,32.0
36,310,Treino,1031.0,0.0,156.0,49.99999999999781,1604639.0,188.0,32.0
36,315,Treino,1026.0,0.0,156.0,49.99999999999781,1604639.0,188.0,32.0
36,320,Treino,1021.0,4.0,156.0,20.7892033385855,1604639.0,188.0,32.4
36,325,Treino,1016.0,4.0,156.0,2.684314695695184,1604639.0,188.0,32.8
36,330,Treino,1011.0,4.0,156.0,-0.3263564995896328,1604639.0,188.0,33.2
36,335,Treino,1006.0,4.0,156.0,-1.5153612763610933,1604639.0,188.0,33.6
36,340,Treino,1001.0,4.0,156.0,-1.9799896804178208,1604639.0,188.0,34.0
36,345,Treino,996.0,4.0,156.0,-2.030600971887472,1604639.0,188.0,34.4
36,350,Treino,991.0,4.0,156.0,-1.694652592196174,1604639.0,188.0,34.8
36,355,Treino,986.0,4.0,156.0,-0.7636341381040124,1604639.0,188.0,35.2
36,360,Treino,981.0,4.0,156.0,1.6651977207373712,1604639.0,188.0,35.6
36,365,Treino,976.0,4.0,156.0,11.94592198581578,1604639.0,188.0,36.0
36,370,Treino,971.0,0.0,152.0,22.33072916666752,1604639.0,188.0,36.0
36,375,Treino,966.0,-1.0,152.0,22.33072916666752,1604639.0,188.0,36.0
36,380,Treino,961.0,6.0,152.0,12.8137919362947,1604639.0,188.0,36.6
36,385,Treino,956.0,6.0,152.0,1.6887648298287825,1604639.0,188.0,37.2
36,390,Treino,951.0,6.0,152.0,-0.7680291517784186,1604639.0,188.0,37.8
36,395,Treino,946.0,6.0,152.0,-1.7086438115501257,1604639.0,188.0,38.4
36,400,Treino,941.0,6.0,152.0,-2.0517366598878937,1604639.0,188.0,39.0
36,405,Treino,936.0,6.0,152.0,-2.0101784341925955,1604639.0,188.0,39.6
36,410,Treino,931.0,6.0,152.0,-1.5610530042056,1604639.0,188.0,40.2
36,415,Treino,926.0,6.0,152.0,-0.4429707913400471,1604639.0,188.0,40.8
36,420,Treino,921.0,6.0,152.0,2.684314695695188,1604639.0,188.0,41.4
36,425,Treino,916.0,6.0,152.0,22.33072916666648,1604639.0,188.0,42.0
36,430,Treino,911.0,0.0,146.0,0.0,1604639.0,188.0,42.0
36,435,Treino,906.0,0.0,146.0,0.0,1604639.0,188.0,42.0
36,440,Treino,901.0,15.0,146.0,5.791962174940899,1604639.0,188.0,43.5
36,445,Treino,896.0,15.0,146.0,0.4072473404255321,1604639.0,188.0,45.0
36,450,Treino,891.0,15.0,146.0,-1.2411347517730495,1604639.0,188.0,46.5
36,455,Treino,886.0,15.0,146.0,-1.900487588652482,1604639.0,188.0,48.0
36,460,Treino,881.0,15.0,146.0,-2.085106382978723,1604639.0,188.0,49.5
36,465,Treino,876.0,15.0,146.0,-1.900487588652482,1604639.0,188.0,51.0
36,470,Treino,871.0,15.0,146.0,-1.2411347517730495,1604639.0,188.0,52.5
36,475,Treino,866.0,15.0,146.0,0.4072473404255321,1604639.0,188.0,54.0
36,480,Treino,861.0,15.0,146.0,5.791962174940899,1604639.0,188.0,55.5
36,485,Treino,856.0,0.0,131.0,0.0,1604639.0,188.0,57.0
36,490,Treino,851.0,0.0,131.0,0.0,1604639.0,188.0,57.0
36,495,Treino,846.0,0.0,131.0,0.0,1604639.0,188.0,57.0
36,500,Treino,841.0,0.0,131.0,0.0,1604639.0,188.0,57.0
36,505,Treino,836.0,5.0,131.0,9.002122779769872,1604639.0,188.0,57.5
36,510,Treino,831.0,5.0,131.0,1.176348625486792,1604639.0,188.0,58.0
36,515,Treino,826.0,5.0,131.0,-0.9257297063519574,1604639.0,188.0,58.5
36,520,Treino,821.0,5.0,131.0,-1.7309873881323148,1604639.0,188.0,59.0
36,525,Treino,816.0,5.0,131.0,-2.0274915065082872,1604639.0,188.0,59.5
36,530,Treino,811.0,5.0,131.0,-1.941542324303068,1604639.0,188.0,60.0
36,535,Treino,806.0,5.0,131.0,-1.4243997014010397,1604639.0,188.0,60.5
36,540,Treino,801.0,5.0,131.0,-0.1127066842442916,1604639.0,188.0,61.0
36,545,Treino,796.0,5.0,131.0,3.3180253406378704,1604639.0,188.0,61.5
36,550,Treino,791.0,5.0,131.0,29.82972424178602,1604639.0,188.0,62.0
36,555,Treino,786.0,0.0,128.0,32.4383188994678,1604639.0,188.0,62.0
36,560,Treino,781.0,12.0,128.0,46.64239881724032,1604639.0,188.0,63.2
36,565,Treino,776.0,12.0,128.0,3.896423054293668,1604639.0,188.0,64.4
36,570,Treino,771.0,12.0,128.0,-0.0711378246808442,1604639.0,188.0,65.6
36,575,Treino,766.0,12.0,128.0,-1.4235743702366308,1604639.0,188.0,66.8
36,580,Treino,761.0,12.0,128.0,-1.960778985387758,1604639.0,188.0,68.0
36,585,Treino,756.0,12.0,128.0,-2.064439648807742,1604639.0,188.0,69.2
36,590,Treino,751.0,14.0,128.0,-1.7926160281460424,1604639.0,188.0,70.4
36,595,Treino,746.0,12.0,126.0,-1.0213504728132397,1604639.0,188.0,71.6
36,600,Treino,741.0,12.0,126.0,0.9888715908435728,1604639.0,188.0,72.8
36,605,Treino,736.0,12.0,126.0,8.53448774283074,1604639.0,188.0,74.0
36,610,Treino,731.0,0.0,114.0,0.0,1604639.0,188.0,74.0
36,615,Treino,726.0,0.0,114.0,0.0,1604639.0,188.0,74.0
36,620,Treino,721.0,0.0,114.0,0.0,1604639.0,188.0,74.0
36,625,Treino,716.0,0.0,114.0,0.0,1604639.0,188.0,74.0
36,630,Treino,711.0,0.0,114.0,0.0,1604639.0,188.0,74.0
36,635,Treino,706.0,4.0,114.0,5.791962174940842,1604639.0,188.0,74.4
36,640,Treino,701.0,4.0,114.0,0.4072473404255436,1604639.0,188.0,74.8
36,645,Treino,696.0,4.0,114.0,-1.2411347517730555,1604639.0,188.0,75.2
36,650,Treino,691.0,4.0,114.0,-1.9004875886524764,1604639.0,188.0,75.6
36,655,Treino,686.0,4.0,114.0,-2.085106382978723,1604639.0,188.0,76.0
36,660,Treino,681.0,4.0,114.0,-1.9004875886524768,1604639.0,188.0,76.4
36,665,Treino,676.0,4.0,114.0,-1.2411347517730555,1604639.0,188.0,76.8
36,670,Treino,671.0,4.0,114.0,0.4072473404255436,1604639.0,188.0,77.2
36,675,Treino,666.0,4.0,114.0,5.791962174940846,1604639.0,188.0,77.6
36,680,Treino,661.0,0.0,110.0,0.0,1604639.0,188.0,78.0
36,685,Treino,656.0,0.0,110.0,0.0,1604639.0,188.0,78.0
36,690,Treino,651.0,0.0,110.0,0.0,1604639.0,188.0,78.0
36,695,Treino,646.0,11.0,110.0,22.33072916666669,1604639.0,188.0,79.1
36,700,Treino,641.0,11.0,110.0,2.6843146956951864,1604639.0,188.0,80.2
36,705,Treino,636.0,11.0,110.0,-0.4429707913400524,1604639.0,188.0,81.3
36,710,Treino,631.0,11.0,110.0,-1.579626047711152,1604639.0,188.0,82.4
36,715,Treino,626.0,11.0,110.0,-2.020369922630562,1604639.0,188.0,83.5
36,720,Treino,621.0,11.0,110.0,-2.056566279508,1604639.0,188.0,84.6
36,725,Treino,616.0,11.0,110.0,-1.708176344562645,1604639.0,188.0,85.7
36,730,Treino,611.0,11.0,110.0,-0.7586145884018212,1604639.0,188.0,86.8
36,735,Treino,606.0,11.0,110.0,1.7259530141843875,1604639.0,188.0,87.9
36,740,Treino,601.0,11.0,110.0,13.031250777132229,1604639.0,188.0,89.0
36,745,Treino,596.0,0.0,100.0,22.330729166666007,1604639.0,188.0,89.0
36,750,Treino,591.0,-1.0,100.0,13.124339821940389,1604639.0,188.0,88.9
36,755,Treino,586.0,-1.0,100.0,8.534487742830796,1604639.0,188.0,88.8
36,760,Treino,581.0,0.0,100.0,5.791962174941123,1604639.0,188.0,88.8
36,765,Treino,576.0,0.0,100.0,5.791962174941123,1604639.0,188.0,88.8
36,770,Treino,571.0,9.0,100.0,8.163421539930365,1604639.0,188.0,89.7
36,775,Treino,566.0,9.0,100.0,0.9361135904808676,1604639.0,188.0,90.6
36,780,Treino,561.0,9.0,100.0,-1.028849559498641,1604639.0,188.0,91.5
36,785,Treino,556.0,9.0,100.0,-1.805551178284983,1604639.0,188.0,92.4
36,790,Treino,551.0,9.0,100.0,-2.0533564688139965,1604639.0,188.0,93.3
36,795,Treino,546.0,9.0,100.0,-1.9370782577427912,1604639.0,188.0,94.2
36,800,Treino,541.0,9.0,100.0,-1.3983405128280244,1604639.0,188.0,95.2
36,805,Treino,536.0,9.0,100.0,-0.0473381183127314,1604639.0,188.0,96.2
36,810,Treino,531.0,9.0,100.0,3.905009588908,1604639.0,188.0,97.1
36,815,Treino,526.0,10.0,100.0,45.36155361648409,1604639.0,188.0,98.0
36,820,Treino,521.0,0.0,91.0,3.973746776273229,1604639.0,188.0,98.0
36,825,Treino,516.0,-1.0,91.0,2.684314695695181,1604639.0,188.0,97.9
36,830,Treino,511.0,-1.0,91.0,1.725953014184472,1604639.0,188.0,97.8
36,835,Treino,506.0,0.0,91.0,0.4072473404254846,1604639.0,188.0,97.8
36,840,Treino,501.0,10.0,91.0,43.11475179283228,1604639.0,188.0,98.8
36,845,Treino,496.0,10.0,91.0,3.851275133941361,1604639.0,188.0,99.8
36,850,Treino,491.0,10.0,91.0,-0.0833485402203129,1604639.0,188.0,100.8
36,855,Treino,486.0,10.0,91.0,-1.4252481630585023,1604639.0,188.0,101.8
36,860,Treino,481.0,10.0,91.0,-1.958196675625821,1604639.0,188.0,102.8
36,865,Treino,476.0,10.0,91.0,-2.0594784596559936,1604639.0,188.0,103.8
36,870,Treino,471.0,10.0,91.0,-1.7887894395083823,1604639.0,188.0,104.8
36,875,Treino,466.0,10.0,91.0,-0.9855846170527108,1604639.0,188.0,105.9
36,880,Treino,461.0,11.0,91.0,1.046245974145231,1604639.0,188.0,107.0
36,885,Treino,456.0,10.0,91.0,8.642155960547155,1604639.0,188.0,108.0
36,890,Treino,451.0,0.0,80.0,0.0,1604639.0,188.0,108.0
36,895,Treino,446.0,0.0,80.0,0.0,1604639.0,188.0,108.0
36,900,Treino,441.0,0.0,80.0,0.0,1604639.0,188.0,108.0
36,905,Treino,436.0,0.0,80.0,0.0,1604639.0,188.0,108.0
36,910,Treino,431.0,6.0,80.0,13.124339821940556,1604639.0,188.0,108.6
36,915,Treino,426.0,6.0,80.0,1.7259530141844204,1604639.0,188.0,109.2
36,920,Treino,421.0,6.0,80.0,-0.7586145884018265,1604639.0,188.0,109.8
36,925,Treino,416.0,6.0,80.0,-1.7081763445626443,1604639.0,188.0,110.4
36,930,Treino,411.0,6.0,80.0,-2.056566279508001,1604639.0,188.0,111.0
36,935,Treino,406.0,6.0,80.0,-2.020369922630561,1604639.0,188.0,111.6
36,940,Treino,401.0,6.0,80.0,-1.579626047711162,1604639.0,188.0,112.2
36,945,Treino,396.0,6.0,80.0,-0.4429707913400471,1604639.0,188.0,112.8
36,950,Treino,391.0,6.0,80.0,2.684314695695188,1604639.0,188.0,113.4
36,955,Treino,386.0,6.0,80.0,22.330729166666742,1604639.0,188.0,114.0
36,960,Treino,381.0,0.0,74.0,0.0,1604639.0,188.0,114.0
36,965,Treino,376.0,0.0,74.0,0.0,1604639.0,188.0,114.0
36,970,Treino,371.0,0.0,74.0,0.0,1604639.0,188.0,114.0
36,975,Treino,366.0,0.0,74.0,0.0,1604639.0,188.0,114.0
36,980,Treino,361.0,6.0,74.0,22.330729166666767,1604639.0,188.0,114.6
36,985,Treino,356.0,6.0,74.0,2.6843146956951847,1604639.0,188.0,115.2
36,990,Treino,351.0,6.0,74.0,-0.4429707913400476,1604639.0,188.0,115.8
36,995,Treino,346.0,6.0,74.0,-1.579626047711161,1604639.0,188.0,116.4
36,1000,Treino,341.0,6.0,74.0,-2.020369922630561,1604639.0,188.0,117.0
36,1005,Treino,336.0,6.0,74.0,-2.056566279508001,1604639.0,188.0,117.6
36,1010,Treino,331.0,6.0,74.0,-1.7081763445626443,1604639.0,188.0,118.2
36,1015,Treino,326.0,6.0,74.0,-0.7586145884018265,1604639.0,188.0,118.8
36,1020,Treino,321.0,6.0,74.0,1.7259530141844213,1604639.0,188.0,119.4
36,1025,Treino,316.0,6.0,74.0,13.124339821940566,1604639.0,188.0,120.0
36,1030,Treino,311.0,0.0,68.0,0.0,1604639.0,188.0,120.0
36,1035,Treino,306.0,0.0,68.0,0.0,1604639.0,188.0,120.0
36,1040,Treino,301.0,0.0,68.0,0.0,1604639.0,188.0,120.0
36,1045,Treino,296.0,9.0,68.0,49.99999999999983,1604639.0,188.0,120.9
36,1050,Treino,291.0,9.0,68.0,3.97374677627338,1604639.0,188.0,121.8
36,1055,Treino,286.0,9.0,68.0,-0.0607548479888975,1604639.0,188.0,122.7
36,1060,Treino,281.0,9.0,68.0,-1.425365691489358,1604639.0,188.0,123.6
36,1065,Treino,276.0,9.0,68.0,-1.968696502812424,1604639.0,188.0,124.5
36,1070,Treino,271.0,9.0,68.0,-2.0734657330963744,1604639.0,188.0,125.4
36,1075,Treino,266.0,9.0,68.0,-1.812172422906929,1604639.0,188.0,126.3
36,1080,Treino,261.0,9.0,68.0,-1.0225961492154916,1604639.0,188.0,127.2
36,1085,Treino,256.0,9.0,68.0,0.9787492951911876,1604639.0,188.0,128.1
36,1090,Treino,251.0,9.0,68.0,8.462350808741048,1604639.0,188.0,129.0
36,1095,Treino,246.0,0.0,59.0,49.9999999999993,1604639.0,188.0,129.0
36,1100,Treino,241.0,0.0,59.0,49.9999999999993,1604639.0,188.0,129.0
36,1105,Treino,236.0,0.0,59.0,49.99999999999929,1604639.0,188.0,129.0
36,1110,Treino,231.0,0.0,59.0,49.99999999999929,1604639.0,188.0,129.0
36,1115,Treino,226.0,0.0,59.0,49.99999999999929,1604639.0,188.0,129.0
36,1120,Treino,221.0,14.0,59.0,5.886520039842706,1604639.0,188.0,130.4
36,1125,Treino,216.0,14.0,59.0,0.4531476908311607,1604639.0,188.0,131.8
36,1130,Treino,211.0,13.0,59.0,-1.2036534351953818,1604639.0,188.0,133.1
36,1135,Treino,206.0,14.0,59.0,-1.873045343342551,1604639.0,188.0,134.5
36,1140,Treino,201.0,13.0,59.0,-2.065845498823487,1604639.0,188.0,135.8
36,1145,Treino,196.0,13.0,59.0,-1.888640579450977,1604639.0,188.0,137.1
36,1150,Treino,191.0,13.0,59.0,-1.248030757751372,1604639.0,188.0,138.4
36,1155,Treino,186.0,14.0,59.0,0.3443789267324244,1604639.0,188.0,139.8
36,1160,Treino,181.0,13.0,59.0,5.375059604316112,1604639.0,188.0,141.1
36,1165,Treino,176.0,-1.0,46.0,-0.4324383829885749,1604639.0,188.0,142.5
36,1170,Treino,171.0,0.0,46.0,-0.0085506033389908,1604639.0,188.0,142.4
36,1175,Treino,166.0,-1.0,46.0,0.3304134600290669,1604639.0,188.0,142.3
36,1180,Treino,161.0,6.0,46.0,14.058456419520253,1604639.0,188.0,142.9
36,1185,Treino,156.0,6.0,46.0,2.0174793188704943,1604639.0,188.0,143.4
36,1190,Treino,151.0,6.0,46.0,-0.5396057385693913,1604639.0,188.0,144.0
36,1195,Treino,146.0,5.0,46.0,-1.5492905211134045,1604639.0,188.0,144.6
36,1200,Treino,141.0,6.0,46.0,-1.955882270726097,1604639.0,188.0,145.2
36,1205,Treino,136.0,4.0,46.0,-1.9626570327204207,1604639.0,188.0,145.7
36,1210,Treino,131.0,6.0,46.0,-1.6246613458895856,1604639.0,188.0,146.3
36,1215,Treino,126.0,6.0,46.0,-0.7121153590952205,1604639.0,188.0,146.8
36,1220,Treino,121.0,5.0,46.0,1.715696219914478,1604639.0,188.0,147.4
36,1225,Treino,116.0,6.0,46.0,12.314646846215677,1604639.0,188.0,148.0
36,1230,Treino,111.0,1.0,40.0,8.534487742830796,1604639.0,188.0,148.1
36,1235,Treino,106.0,5.0,40.0,36.82091130775147,1604639.0,188.0,148.6
36,1240,Treino,101.0,5.0,40.0,3.679443200647455,1604639.0,188.0,149.1
36,1245,Treino,96.0,5.0,40.0,-0.1281678550324785,1604639.0,188.0,149.6
36,1250,Treino,91.0,5.0,40.0,-1.4392275531410197,1604639.0,188.0,150.1
36,1255,Treino,86.0,5.0,40.0,-1.961417520145696,1604639.0,188.0,150.6
36,1260,Treino,81.0,5.0,40.0,-2.0567482867996216,1604639.0,188.0,151.1
36,1265,Treino,76.0,5.0,40.0,-1.7746076661039816,1604639.0,188.0,151.6
36,1270,Treino,71.0,5.0,40.0,-0.94636814544252,1604639.0,188.0,152.1
36,1275,Treino,66.0,5.0,40.0,1.1626714115870147,1604639.0,188.0,152.6
36,1280,Treino,61.0,5.0,40.0,8.53448774283072,1604639.0,188.0,153.0
36,1285,Treino,56.0,0.0,35.0,0.0,1604639.0,188.0,153.0
36,1290,Treino,51.0,0.0,35.0,0.0,1604639.0,188.0,153.0
36,1295,Treino,46.0,15.0,35.0,5.82443323570182,1604639.0,188.0,154.5
36,1300,Treino,41.0,15.0,35.0,0.4164688721567979,1604639.0,188.0,156.0
36,1305,Treino,36.0,15.0,35.0,-1.2368469113518998,1604639.0,188.0,157.5
36,1310,Treino,31.0,15.0,35.0,-1.8981036244385885,1604639.0,188.0,159.0
36,1315,Treino,26.0,15.0,35.0,-2.083767938076744,1604639.0,188.0,160.5
36,1320,Treino,21.0,15.0,35.0,-1.899983109147088,1604639.0,188.0,162.0
36,1325,Treino,16.0,15.0,35.0,-1.2417256745288008,1604639.0,188.0,163.5
36,1330,Treino,11.0,15.0,35.0,0.4040642521635362,1604639.0,188.0,165.0
36,1335,Treino,6.0,15.0,35.0,5.775042409079385,1604639.0,188.0,166.5
36,1340,Treino,1.0,0.0,21.0,50.00000000000013,1604639.0,188.0,168.0
37,50,Validação,1323.0,9.0,188.0,40.67224797034463,1603572.0,188.0,9.0
37,55,Validação,1318.0,0.0,179.0,17.294117647059075,1603572.0,188.0,9.0
37,60,Validação,1313.0,0.0,179.0,13.65271286082913,1603572.0,188.0,9.0
37,65,Validação,1308.0,0.0,179.0,14.341938434696132,1603572.0,188.0,9.0
37,70,Validação,1303.0,0.0,179.0,22.527534838147584,1603572.0,188.0,9.0
37,75,Validação,1298.0,0.0,179.0,19.345273416472264,1603572.0,188.0,9.0
37,80,Validação,1293.0,0.0,179.0,20.193381771182302,1603572.0,188.0,9.0
37,85,Validação,1288.0,0.0,179.0,20.193381771182302,1603572.0,188.0,9.0
37,90,Validação,1283.0,0.0,179.0,20.193381771182302,1603572.0,188.0,9.0
37,95,Validação,1278.0,2.0,179.0,16.438098608490733,1603572.0,188.0,9.2
37,100,Validação,1273.0,0.0,179.0,19.16956805671281,1603572.0,188.0,9.2
37,105,Validação,1268.0,0.0,179.0,19.1695680567128,1603572.0,188.0,9.2
37,110,Validação,1263.0,-3.0,179.0,20.193381771182302,1603572.0,188.0,9.2
37,115,Validação,1258.0,0.0,179.0,32.20464186804688,1603572.0,188.0,9.2
37,120,Validação,1253.0,-1.0,179.0,32.20464186804688,1603572.0,188.0,9.2
37,125,Validação,1248.0,9.0,179.0,6.672180984810737,1603572.0,188.0,10.1
37,130,Validação,1243.0,9.0,179.0,1.078440462797159,1603572.0,188.0,11.0
37,135,Validação,1238.0,9.0,179.0,-0.9664137359294052,1603572.0,188.0,11.9
37,140,Validação,1233.0,9.0,179.0,-1.7667231050384828,1603572.0,188.0,12.8
37,145,Validação,1228.0,9.0,179.0,-2.0454089799978243,1603572.0,188.0,13.5
37,150,Validação,1223.0,9.0,179.0,-1.950918385504799,1603572.0,188.0,14.4
37,155,Validação,1218.0,9.0,179.0,-1.4046576232906975,1603572.0,188.0,15.3
37,160,Validação,1213.0,9.0,179.0,-0.1059005371216841,1603572.0,188.0,16.2
37,165,Validação,1208.0,9.0,179.0,3.646533629343998,1603572.0,188.0,17.1
37,170,Validação,1203.0,9.0,179.0,36.237788175312375,1603572.0,188.0,18.0
37,175,Validação,1198.0,-2.0,170.0,11.125394011032572,1603572.0,188.0,18.0
37,180,Validação,1193.0,9.0,170.0,18.07430445072422,1603572.0,188.0,18.9
37,185,Validação,1188.0,9.0,170.0,2.3504737389080725,1603572.0,188.0,19.8
37,190,Validação,1183.0,9.0,170.0,-0.5255588516788006,1603572.0,188.0,20.7
37,195,Validação,1178.0,9.0,170.0,-1.5959161657068672,1603572.0,188.0,21.6
37,200,Validação,1173.0,9.0,170.0,-2.0020387239764643,1603572.0,188.0,22.5
37,205,Validação,1168.0,9.0,170.0,-2.033841925734384,1603572.0,188.0,23.4
37,210,Validação,1163.0,9.0,170.0,-1.6671063813599516,1603572.0,188.0,24.3
37,215,Validação,1158.0,9.0,170.0,-0.6807291932104276,1603572.0,188.0,25.2
37,220,Validação,1153.0,8.0,170.0,1.8918022094145688,1603572.0,188.0,26.1
37,225,Validação,1148.0,9.0,170.0,12.990919718240091,1603572.0,188.0,27.0
37,230,Validação,1143.0,0.0,161.0,32.4383188994678,1603572.0,188.0,27.0
37,235,Validação,1138.0,0.0,161.0,32.4383188994678,1603572.0,188.0,27.0
37,240,Validação,1133.0,6.0,161.0,7.72953830976067,1603572.0,188.0,27.6
37,245,Validação,1128.0,6.0,161.0,0.8493849145806776,1603572.0,188.0,28.2
37,250,Validação,1123.0,6.0,161.0,-1.060986704973399,1603572.0,188.0,28.8
37,255,Validação,1118.0,6.0,161.0,-1.795129509646894,1603572.0,188.0,29.4
37,260,Validação,1113.0,6.0,161.0,-2.0436672193545897,1603572.0,188.0,30.0
37,265,Validação,1108.0,6.0,161.0,-1.9148363651278364,1603572.0,188.0,30.6
37,270,Validação,1103.0,6.0,161.0,-1.3361081410150033,1603572.0,188.0,31.2
37,275,Validação,1098.0,4.0,161.0,0.0749822425312856,1603572.0,188.0,31.8
37,280,Validação,1093.0,6.0,161.0,3.91113768243368,1603572.0,188.0,32.4
37,285,Validação,1088.0,12.0,161.0,14.750727233146788,1603572.0,188.0,33.6
37,290,Validação,1083.0,6.0,155.0,2.633538029072227,1603572.0,188.0,34.2
37,295,Validação,1078.0,6.0,155.0,-0.4553920562684377,1603572.0,188.0,34.8
37,300,Validação,1073.0,5.0,155.0,-1.5814037291803391,1603572.0,188.0,35.4
37,305,Validação,1068.0,6.0,155.0,-2.020369922630556,1603572.0,188.0,36.0
37,310,Validação,1063.0,6.0,155.0,-2.056566279507998,1603572.0,188.0,36.6
37,315,Validação,1058.0,6.0,155.0,-1.7081763445626443,1603572.0,188.0,37.2
37,320,Validação,1053.0,6.0,155.0,-0.7586145884018265,1603572.0,188.0,37.8
37,325,Validação,1048.0,6.0,155.0,1.7259530141843695,1603572.0,188.0,38.4
37,330,Validação,1043.0,6.0,155.0,13.124339821940382,1603572.0,188.0,39.0
37,335,Validação,1038.0,8.0,149.0,50.0000000000001,1603572.0,188.0,39.8
37,340,Validação,1033.0,8.0,149.0,3.973746776273342,1603572.0,188.0,40.6
37,345,Validação,1028.0,8.0,149.0,-0.0607548479888739,1603572.0,188.0,41.4
37,350,Validação,1023.0,8.0,149.0,-1.425365691489363,1603572.0,188.0,42.2
37,355,Validação,1018.0,8.0,149.0,-1.968696502812428,1603572.0,188.0,43.0
37,360,Validação,1013.0,8.0,149.0,-2.0780056601200227,1603572.0,188.0,43.8
37,365,Validação,1008.0,8.0,149.0,-1.814290358703893,1603572.0,188.0,44.6
37,370,Validação,1003.0,8.0,149.0,-1.02135047281325,1603572.0,188.0,45.4
37,375,Validação,998.0,8.0,149.0,0.9888715908435756,1603572.0,188.0,46.2
37,380,Validação,993.0,8.0,149.0,8.534487742830796,1603572.0,188.0,47.0
37,385,Validação,988.0,0.0,141.0,0.0,1603572.0,188.0,47.0
37,390,Validação,983.0,4.0,141.0,22.33072916666676,1603572.0,188.0,47.4
37,395,Validação,978.0,4.0,141.0,2.684314695695184,1603572.0,188.0,47.8
37,400,Validação,973.0,4.0,141.0,-0.4429707913400769,1603572.0,188.0,48.2
37,405,Validação,968.0,4.0,141.0,-1.579626047711176,1603572.0,188.0,48.6
37,410,Validação,963.0,4.0,141.0,-2.020369922630556,1603572.0,188.0,49.0
37,415,Validação,958.0,4.0,141.0,-2.056566279508001,1603572.0,188.0,49.4
37,420,Validação,953.0,4.0,141.0,-1.7081763445626443,1603572.0,188.0,49.8
37,425,Validação,948.0,4.0,141.0,-0.7586145884018003,1603572.0,188.0,50.2
37,430,Validação,943.0,4.0,141.0,1.72595301418447,1603572.0,188.0,50.6
37,435,Validação,938.0,10.0,141.0,13.439474523858369,1603572.0,188.0,51.6
37,440,Validação,933.0,6.0,137.0,3.97374677627338,1603572.0,188.0,52.2
37,445,Validação,928.0,6.0,137.0,-0.0607548479888739,1603572.0,188.0,52.8
37,450,Validação,923.0,6.0,137.0,-1.4253656914893458,1603572.0,188.0,53.4
37,455,Validação,918.0,6.0,137.0,-1.968696502812428,1603572.0,188.0,54.0
37,460,Validação,913.0,6.0,137.0,-2.0780056601200214,1603572.0,188.0,54.6
37,465,Validação,908.0,6.0,137.0,-1.814290358703898,1603572.0,188.0,55.2
37,470,Validação,903.0,6.0,137.0,-1.02135047281325,1603572.0,188.0,55.8
37,475,Validação,898.0,6.0,137.0,0.988871590843532,1603572.0,188.0,56.4
37,480,Validação,893.0,6.0,137.0,8.534487742830798,1603572.0,188.0,57.0
37,485,Validação,888.0,12.0,131.0,6.224648082067512,1603572.0,188.0,58.2
37,490,Validação,883.0,12.0,131.0,0.6015486159415118,1603572.0,188.0,59.4
37,495,Validação,878.0,12.0,131.0,-1.1017602836400946,1603572.0,188.0,60.6
37,500,Validação,873.0,10.0,131.0,-1.7656587374237127,1603572.0,188.0,61.6
37,505,Validação,868.0,11.0,131.0,-1.995431219332598,1603572.0,188.0,62.7
37,510,Validação,863.0,10.0,131.0,-1.8591697463618293,1603572.0,188.0,63.7
37,515,Validação,858.0,9.0,131.0,-1.2820062041522224,1603572.0,188.0,64.6
37,520,Validação,853.0,9.0,131.0,0.1127739904660121,1603572.0,188.0,65.5
37,525,Validação,848.0,10.0,131.0,4.065968134301274,1603572.0,188.0,66.5
37,530,Validação,843.0,-2.0,122.0,-1.388276889504385,1603572.0,188.0,67.4
37,535,Validação,838.0,6.0,122.0,8.434375263720398,1603572.0,188.0,68.0
37,540,Validação,833.0,6.0,122.0,1.4808240016146632,1603572.0,188.0,68.6
37,545,Validação,828.0,9.0,122.0,-0.6383251858297103,1603572.0,188.0,69.2
37,550,Validação,823.0,6.0,122.0,-1.588892066716211,1603572.0,188.0,70.0
37,555,Validação,818.0,9.0,122.0,-1.969763204005007,1603572.0,188.0,70.7
37,560,Validação,813.0,8.0,122.0,-1.9888333581077149,1603572.0,188.0,71.5
37,565,Validação,808.0,8.0,122.0,-1.5994857945202012,1603572.0,188.0,72.4
37,570,Validação,803.0,9.0,122.0,-0.6072543733715592,1603572.0,188.0,73.3
37,575,Validação,798.0,8.0,122.0,1.8162932065870203,1603572.0,188.0,74.1
37,580,Validação,793.0,9.0,122.0,13.339170050873705,1603572.0,188.0,75.0
37,585,Validação,788.0,0.0,113.0,0.0,1603572.0,188.0,75.0
37,590,Validação,783.0,0.0,113.0,0.0,1603572.0,188.0,75.0
37,595,Validação,778.0,8.0,113.0,5.791962174940911,1603572.0,188.0,75.8
37,600,Validação,773.0,8.0,113.0,0.4072473404255436,1603572.0,188.0,76.6
37,605,Validação,768.0,8.0,113.0,-1.2411347517730555,1603572.0,188.0,77.4
37,610,Validação,763.0,8.0,113.0,-1.900487588652483,1603572.0,188.0,78.2
37,615,Validação,758.0,8.0,113.0,-2.085106382978723,1603572.0,188.0,79.0
37,620,Validação,753.0,8.0,113.0,-1.900487588652484,1603572.0,188.0,79.8
37,625,Validação,748.0,8.0,113.0,-1.2411347517730555,1603572.0,188.0,80.6
37,630,Validação,743.0,8.0,113.0,0.4072473404255436,1603572.0,188.0,81.4
37,635,Validação,738.0,8.0,113.0,5.791962174940917,1603572.0,188.0,82.2
37,640,Validação,733.0,0.0,105.0,0.0,1603572.0,188.0,83.0
37,645,Validação,728.0,10.0,105.0,8.534487742830729,1603572.0,188.0,84.0
37,650,Validação,723.0,10.0,105.0,0.9888715908435746,1603572.0,188.0,85.0
37,655,Validação,718.0,10.0,105.0,-1.021350472813236,1603572.0,188.0,86.0
37,660,Validação,713.0,10.0,105.0,-1.8142903587038963,1603572.0,188.0,87.0
37,665,Validação,708.0,10.0,105.0,-2.078005660120021,1603572.0,188.0,88.0
37,670,Validação,703.0,10.0,105.0,-1.9686965028124244,1603572.0,188.0,89.0
37,675,Validação,698.0,10.0,105.0,-1.4253656914893638,1603572.0,188.0,90.0
37,680,Validação,693.0,10.0,105.0,-0.0607548479888944,1603572.0,188.0,91.0
37,685,Validação,688.0,10.0,105.0,3.973746776273359,1603572.0,188.0,92.0
37,690,Validação,683.0,10.0,105.0,49.99999999999987,1603572.0,188.0,93.0
37,695,Validação,678.0,3.0,95.0,5.79196217494094,1603572.0,188.0,93.3
37,700,Validação,673.0,3.0,95.0,0.4072473404255627,1603572.0,188.0,93.6
37,705,Validação,668.0,3.0,95.0,-1.2411347517730658,1603572.0,188.0,93.9
37,710,Validação,663.0,3.0,95.0,-1.9004875886524863,1603572.0,188.0,94.2
37,715,Validação,658.0,3.0,95.0,-2.085106382978723,1603572.0,188.0,94.5
37,720,Validação,653.0,3.0,95.0,-1.900487588652486,1603572.0,188.0,94.8
37,725,Validação,648.0,3.0,95.0,-1.2411347517730655,1603572.0,188.0,95.1
37,730,Validação,643.0,3.0,95.0,0.4072473404255636,1603572.0,188.0,95.4
37,735,Validação,638.0,3.0,95.0,5.791962174940942,1603572.0,188.0,95.7
37,740,Validação,633.0,8.0,92.0,50.0000000000001,1603572.0,188.0,96.8
37,745,Validação,628.0,8.0,92.0,3.973746776273395,1603572.0,188.0,97.6
37,750,Validação,623.0,8.0,92.0,-0.0607548479888988,1603572.0,188.0,98.4
37,755,Validação,618.0,7.0,92.0,-1.4129182715251485,1603572.0,188.0,99.1
37,760,Validação,613.0,8.0,92.0,-1.961801562536344,1603572.0,188.0,99.9
37,765,Validação,608.0,8.0,92.0,-2.0674067317869,1603572.0,188.0,100.7
37,770,Validação,603.0,8.0,92.0,-1.811044038975356,1603572.0,188.0,101.5
37,775,Validação,598.0,8.0,92.0,-1.0392273096097293,1603572.0,188.0,102.3
37,780,Validação,593.0,8.0,92.0,0.8869493600322329,1603572.0,188.0,103.1
37,785,Validação,588.0,8.0,92.0,7.822233108957112,1603572.0,188.0,103.9
37,790,Validação,583.0,0.0,85.0,0.4072473404254846,1603572.0,188.0,103.9
37,795,Validação,578.0,4.0,85.0,19.798826407055,1603572.0,188.0,104.3
37,800,Validação,573.0,4.0,85.0,2.920565104793914,1603572.0,188.0,104.7
37,805,Validação,568.0,4.0,85.0,-0.2455255556223261,1603572.0,188.0,105.2
37,810,Validação,563.0,4.0,85.0,-1.4235801374600794,1603572.0,188.0,105.6
37,815,Validação,558.0,4.0,85.0,-1.8891500777076269,1603572.0,188.0,106.0
37,820,Validação,553.0,5.0,85.0,-1.9534710771818784,1603572.0,188.0,106.4
37,825,Validação,548.0,4.0,85.0,-1.6471434171227917,1603572.0,188.0,106.8
37,830,Validação,543.0,4.0,85.0,-0.7965229863049719,1603572.0,188.0,107.2
37,835,Validação,538.0,4.0,85.0,1.3225870529816903,1603572.0,188.0,107.6
37,840,Validação,533.0,4.0,85.0,8.95442396825429,1603572.0,188.0,108.0
37,845,Validação,528.0,9.0,80.0,13.124339821940502,1603572.0,188.0,108.9
37,850,Validação,523.0,9.0,80.0,1.7259530141844015,1603572.0,188.0,109.8
37,855,Validação,518.0,9.0,80.0,-0.7586145884018269,1603572.0,188.0,110.7
37,860,Validação,513.0,9.0,80.0,-1.7081763445626446,1603572.0,188.0,111.6
37,865,Validação,508.0,9.0,80.0,-2.0565662795080004,1603572.0,188.0,112.5
37,870,Validação,503.0,9.0,80.0,-2.02036992263056,1603572.0,188.0,113.4
37,875,Validação,498.0,9.0,80.0,-1.5796260477111557,1603572.0,188.0,114.3
37,880,Validação,493.0,9.0,80.0,-0.4429707913400471,1603572.0,188.0,115.2
37,885,Validação,488.0,9.0,80.0,2.684314695695188,1603572.0,188.0,116.1
37,890,Validação,483.0,9.0,80.0,22.33072916666668,1603572.0,188.0,117.0
37,895,Validação,478.0,0.0,71.0,0.0,1603572.0,188.0,117.0
37,900,Validação,473.0,7.0,71.0,13.12433982194053,1603572.0,188.0,117.7
37,905,Validação,468.0,7.0,71.0,1.7259530141843813,1603572.0,188.0,118.4
37,910,Validação,463.0,7.0,71.0,-0.7586145884018114,1603572.0,188.0,119.1
37,915,Validação,458.0,7.0,71.0,-1.7081763445626448,1603572.0,188.0,119.8
37,920,Validação,453.0,7.0,71.0,-2.056566279508,1603572.0,188.0,120.5
37,925,Validação,448.0,7.0,71.0,-2.020369922630561,1603572.0,188.0,121.2
37,930,Validação,443.0,7.0,71.0,-1.5796260477111488,1603572.0,188.0,121.9
37,935,Validação,438.0,7.0,71.0,-0.4429707913400644,1603572.0,188.0,122.6
37,940,Validação,433.0,7.0,71.0,2.6843146956951864,1603572.0,188.0,123.3
37,945,Validação,428.0,7.0,71.0,22.33072916666664,1603572.0,188.0,124.0
37,950,Validação,423.0,9.0,64.0,50.0,1603572.0,188.0,124.9
37,955,Validação,418.0,9.0,64.0,3.97374677627338,1603572.0,188.0,125.8
37,960,Validação,413.0,9.0,64.0,-0.060754847988885,1603572.0,188.0,126.7
37,965,Validação,408.0,9.0,64.0,-1.425365691489363,1603572.0,188.0,127.6
37,970,Validação,403.0,9.0,64.0,-1.968696502812424,1603572.0,188.0,128.5
37,975,Validação,398.0,9.0,64.0,-2.0780056601200223,1603572.0,188.0,129.4
37,980,Validação,393.0,9.0,64.0,-1.8142903587038983,1603572.0,188.0,130.3
37,985,Validação,388.0,9.0,64.0,-1.0213504728132432,1603572.0,188.0,131.2
37,990,Validação,383.0,9.0,64.0,0.98887159084357,1603572.0,188.0,132.1
37,995,Validação,378.0,9.0,64.0,8.534487742830722,1603572.0,188.0,133.0
37,1000,Validação,373.0,5.0,55.0,8.534487742830729,1603572.0,188.0,133.5
37,1005,Validação,368.0,5.0,55.0,0.9888715908435746,1603572.0,188.0,134.0
37,1010,Validação,363.0,5.0,55.0,-1.021350472813236,1603572.0,188.0,134.5
37,1015,Validação,358.0,5.0,55.0,-1.8142903587038963,1603572.0,188.0,135.0
37,1020,Validação,353.0,5.0,55.0,-2.078005660120021,1603572.0,188.0,135.5
37,1025,Validação,348.0,5.0,55.0,-1.9686965028124244,1603572.0,188.0,136.0
37,1030,Validação,343.0,5.0,55.0,-1.4253656914893638,1603572.0,188.0,136.5
37,1035,Validação,338.0,5.0,55.0,-0.0607548479888944,1603572.0,188.0,137.0
37,1040,Validação,333.0,5.0,55.0,3.973746776273359,1603572.0,188.0,137.5
37,1045,Validação,328.0,5.0,55.0,49.99999999999987,1603572.0,188.0,138.0
37,1050,Validação,323.0,0.0,50.0,49.99999999999932,1603572.0,188.0,138.0
37,1055,Validação,318.0,0.0,50.0,13.124339821940389,1603572.0,188.0,138.0
37,1060,Validação,313.0,9.0,50.0,5.656443561828429,1603572.0,188.0,138.9
37,1065,Validação,308.0,9.0,50.0,0.3812896424708043,1603572.0,188.0,139.8
37,1070,Validação,303.0,9.0,50.0,-1.24635661701967,1603572.0,188.0,140.7
37,1075,Validação,298.0,9.0,50.0,-1.8970381756577608,1603572.0,188.0,141.6
37,1080,Validação,293.0,9.0,50.0,-2.0752284602481312,1603572.0,188.0,142.5
37,1085,Validação,288.0,9.0,50.0,-1.8828355523929448,1603572.0,188.0,143.4
37,1090,Validação,283.0,9.0,50.0,-1.2099517544581218,1603572.0,188.0,144.3
37,1095,Validação,278.0,8.0,50.0,0.4705777259254646,1603572.0,188.0,145.2
37,1100,Validação,273.0,9.0,50.0,5.938123513168643,1603572.0,188.0,146.1
37,1105,Validação,268.0,3.0,41.0,22.330729166666767,1603572.0,188.0,147.3
37,1110,Validação,263.0,3.0,41.0,2.6843146956951847,1603572.0,188.0,147.6
37,1115,Validação,258.0,3.0,41.0,-0.4429707913400476,1603572.0,188.0,147.9
37,1120,Validação,253.0,3.0,41.0,-1.579626047711161,1603572.0,188.0,148.2
37,1125,Validação,248.0,3.0,41.0,-2.020369922630561,1603572.0,188.0,148.5
37,1130,Validação,243.0,3.0,41.0,-2.056566279508001,1603572.0,188.0,148.8
37,1135,Validação,238.0,3.0,41.0,-1.7081763445626443,1603572.0,188.0,149.1
37,1140,Validação,233.0,3.0,41.0,-0.7586145884018265,1603572.0,188.0,149.4
37,1145,Validação,228.0,3.0,41.0,1.7259530141844213,1603572.0,188.0,149.7
37,1150,Validação,223.0,3.0,41.0,13.124339821940566,1603572.0,188.0,150.0
37,1155,Validação,218.0,0.0,38.0,0.0,1603572.0,188.0,150.0
37,1160,Validação,213.0,0.0,38.0,0.0,1603572.0,188.0,150.0
37,1165,Validação,208.0,9.0,38.0,8.53448774283072,1603572.0,188.0,150.9
37,1170,Validação,203.0,8.0,38.0,1.1396548963707265,1603572.0,188.0,151.7
37,1175,Validação,198.0,8.0,38.0,-0.9311818451502276,1603572.0,188.0,152.5
37,1180,Validação,193.0,8.0,38.0,-1.7573513599805046,1603572.0,188.0,153.3
37,1185,Validação,188.0,8.0,38.0,-2.0415881640924645,1603572.0,188.0,154.1
37,1190,Validação,183.0,8.0,38.0,-1.94890279740034,1603572.0,188.0,154.9
37,1195,Validação,178.0,8.0,38.0,-1.4261388421763694,1603572.0,188.0,155.7
37,1200,Validação,173.0,8.0,38.0,-0.1103741301050256,1603572.0,188.0,156.5
37,1205,Validação,168.0,9.0,38.0,3.667926543431568,1603572.0,188.0,157.4
37,1210,Validação,163.0,12.0,38.0,11.940794648311329,1603572.0,188.0,158.6
37,1215,Validação,158.0,5.0,31.0,0.1592293869422314,1603572.0,188.0,158.9
37,1220,Validação,153.0,4.0,30.0,-1.2768160058703697,1603572.0,188.0,159.3
37,1225,Validação,148.0,4.0,30.0,-1.8928201376560656,1603572.0,188.0,159.7
37,1230,Validação,143.0,4.0,30.0,-2.045804643531305,1603572.0,188.0,160.1
37,1235,Validação,138.0,4.0,30.0,-1.8232312081018152,1603572.0,188.0,160.5
37,1240,Validação,133.0,4.0,30.0,-1.0964573185745246,1603572.0,188.0,160.9
37,1245,Validação,128.0,4.0,30.0,0.7230588855634981,1603572.0,188.0,161.3
37,1250,Validação,123.0,4.0,30.0,6.571613170751515,1603572.0,188.0,161.7
37,1255,Validação,118.0,0.0,26.0,0.0,1603572.0,188.0,162.0
37,1260,Validação,113.0,0.0,26.0,0.0,1603572.0,188.0,162.0
37,1265,Validação,108.0,9.0,26.0,13.124339821940552,1603572.0,188.0,162.9
37,1270,Validação,103.0,9.0,26.0,1.7259530141843928,1603572.0,188.0,163.8
37,1275,Validação,98.0,9.0,26.0,-0.7586145884018216,1603572.0,188.0,164.7
37,1280,Validação,93.0,9.0,26.0,-1.7081763445626468,1603572.0,188.0,165.6
37,1285,Validação,88.0,9.0,26.0,-2.0565662795080004,1603572.0,188.0,166.5
37,1290,Validação,83.0,9.0,26.0,-2.020369922630561,1603572.0,188.0,167.4
37,1295,Validação,78.0,9.0,26.0,-1.579626047711153,1603572.0,188.0,168.3
37,1300,Validação,73.0,9.0,26.0,-0.4429707913400524,1603572.0,188.0,169.2
37,1305,Validação,68.0,9.0,26.0,2.684314695695196,1603572.0,188.0,170.1
37,1310,Validação,63.0,9.0,26.0,22.33072916666668,1603572.0,188.0,171.0
37,1315,Validação,58.0,0.0,17.0,0.0,1603572.0,188.0,171.0
37,1320,Validação,53.0,6.0,17.0,49.99999999999997,1603572.0,188.0,171.6
37,1325,Validação,48.0,6.0,17.0,3.97374677627338,1603572.0,188.0,172.2
37,1330,Validação,43.0,6.0,17.0,-0.0607548479888908,1603572.0,188.0,172.8
37,1335,Validação,38.0,6.0,17.0,-1.425365691489361,1603572.0,188.0,173.4
37,1340,Validação,33.0,6.0,17.0,-1.968696502812424,1603572.0,188.0,174.0
37,1345,Validação,28.0,6.0,17.0,-2.0780056601200214,1603572.0,188.0,174.6
37,1350,Validação,23.0,6.0,17.0,-1.8142903587038968,1603572.0,188.0,175.2
37,1355,Validação,18.0,6.0,17.0,-1.0213504728132397,1603572.0,188.0,175.8
37,1360,Validação,13.0,6.0,17.0,0.9888715908435683,1603572.0,188.0,176.4
37,1365,Validação,8.0,6.0,17.0,8.53448774283071,1603572.0,188.0,177.0
37,1370,Validação,3.0,0.0,11.0,0.0,1603572.0,188.0,177.0
38,50,Validação,564.0,0.0,182.0,4.309361857205507,1644267.0,182.0,6.0
38,55,Validação,559.0,3.0,182.0,4.882902680500596,1644628.0,182.0,7.5
38,60,Validação,554.0,0.0,182.0,1.745471852417917,1647147.0,182.0,7.0
38,65,Validação,549.0,-1.0,182.0,1.2844220966311868,1647147.0,182.0,6.75
38,70,Validação,544.0,0.0,182.0,2.4179580337273823,1647877.0,182.0,6.6
38,75,Validação,539.0,0.0,182.0,4.41955316613848,1649325.0,182.0,6.5
38,80,Validação,534.0,15.0,182.0,18.673198499546224,1649325.0,182.0,8.571428571428571
38,85,Validação,529.0,13.0,182.0,2.457118038190572,1649325.0,182.0,10.25
38,90,Validação,524.0,15.0,182.0,-0.4803971800323889,1649325.0,182.0,11.444444444444445
38,95,Validação,519.0,15.0,182.0,-1.580880953267825,1649325.0,182.0,12.4
38,100,Validação,514.0,15.0,182.0,-2.0064122580629,1649325.0,182.0,13.9
38,105,Validação,509.0,15.0,182.0,-2.0415334697635883,1649325.0,182.0,15.1
38,110,Validação,504.0,12.0,182.0,-1.6826583674469895,1649325.0,182.0,16.6
38,115,Validação,499.0,15.0,182.0,-0.7570071392481683,1649325.0,182.0,18.1
38,120,Validação,494.0,14.0,182.0,1.7146806689154488,1649325.0,182.0,19.6
38,125,Validação,489.0,15.0,182.0,12.850006665009104,1649325.0,182.0,21.1
38,130,Validação,484.0,0.0,167.0,13.65271286082913,1649325.0,182.0,21.1
38,135,Validação,479.0,0.0,167.0,13.65271286082913,1649325.0,182.0,21.0
38,140,Validação,474.0,0.0,167.0,13.65271286082913,1649325.0,182.0,21.0
38,145,Validação,469.0,0.0,167.0,13.65271286082913,1649325.0,182.0,21.0
38,150,Validação,464.0,0.0,167.0,13.652712860829126,1649325.0,182.0,21.0
38,155,Validação,459.0,20.0,167.0,8.389018146407656,1649325.0,182.0,23.0
38,160,Validação,454.0,20.0,167.0,0.9661861464639996,1649325.0,182.0,25.0
38,165,Validação,449.0,20.0,167.0,-1.0243758143945765,1649325.0,182.0,27.0
38,170,Validação,444.0,20.0,167.0,-1.8133120876403903,1649325.0,182.0,29.0
38,175,Validação,439.0,20.0,167.0,-2.074937313820282,1649325.0,182.0,31.0
38,180,Validação,434.0,19.0,167.0,-1.967467196241945,1649325.0,182.0,33.0
38,185,Validação,429.0,20.0,167.0,-1.4253656914893638,1649325.0,182.0,35.0
38,190,Validação,424.0,20.0,167.0,-0.0607548479888944,1649325.0,182.0,37.0
38,195,Validação,419.0,20.0,167.0,3.973746776273359,1649325.0,182.0,39.0
38,200,Validação,414.0,20.0,167.0,49.99999999999987,1649325.0,182.0,41.0
38,205,Validação,409.0,0.0,147.0,0.0,1649325.0,182.0,41.0
38,210,Validação,404.0,10.0,147.0,8.534487742830652,1649325.0,182.0,42.0
38,215,Validação,399.0,10.0,147.0,0.988871590843546,1649325.0,182.0,43.0
38,220,Validação,394.0,10.0,147.0,-1.021350472813249,1649325.0,182.0,44.0
38,225,Validação,389.0,10.0,147.0,-1.8142903587039023,1649325.0,182.0,45.0
38,230,Validação,384.0,10.0,147.0,-2.0780056601200227,1649325.0,182.0,46.0
38,235,Validação,379.0,10.0,147.0,-1.9686965028124204,1649325.0,182.0,47.0
38,240,Validação,374.0,10.0,147.0,-1.4253656914893538,1649325.0,182.0,48.0
38,245,Validação,369.0,10.0,147.0,-0.0607548479888726,1649325.0,182.0,49.0
38,250,Validação,364.0,10.0,147.0,3.9737467762734138,1649325.0,182.0,50.0
38,255,Validação,359.0,27.0,147.0,7.415519148552924,1649325.0,182.0,52.7
38,260,Validação,354.0,16.0,137.0,1.092703405428093,1649325.0,182.0,54.3
38,265,Validação,349.0,16.0,137.0,-0.9657979093846693,1649325.0,182.0,55.9
38,270,Validação,344.0,16.0,137.0,-1.7680884438288562,1649325.0,182.0,57.5
38,275,Validação,339.0,15.0,137.0,-2.0432310295908347,1649325.0,182.0,59.0
38,280,Validação,334.0,18.0,137.0,-1.9513428939407071,1649325.0,182.0,60.8
38,285,Validação,329.0,18.0,137.0,-1.4333235704348044,1649325.0,182.0,62.6
38,290,Validação,324.0,15.0,137.0,-0.1366758813357251,1649325.0,182.0,64.1
38,295,Validação,319.0,36.0,137.0,2.295881797511392,1649325.0,182.0,67.7
38,300,Validação,314.0,36.0,137.0,1.1096729912402026,1649325.0,182.0,71.3
38,305,Validação,309.0,18.0,122.0,-1.0378851999289642,1649325.0,182.0,73.2
38,310,Validação,304.0,18.0,122.0,-1.8018949125219552,1649325.0,182.0,75.2
38,315,Validação,299.0,18.0,122.0,-2.0498429281505364,1649325.0,182.0,77.2
38,320,Validação,294.0,18.0,122.0,-1.9314637831317705,1649325.0,182.0,79.2
38,325,Validação,289.0,19.0,122.0,-1.3836098847161955,1649325.0,182.0,81.3
38,330,Validação,284.0,20.0,122.0,0.0078813770634957,1649325.0,182.0,83.1
38,335,Validação,279.0,34.0,122.0,3.617967957416657,1649325.0,182.0,86.4
38,340,Validação,274.0,35.0,121.0,5.232494063518063,1649325.0,182.0,90.0
38,345,Validação,269.0,15.0,101.0,-0.0607548479888877,1649325.0,182.0,91.5
38,350,Validação,264.0,15.0,101.0,-1.42536569148936,1649325.0,182.0,93.0
38,355,Validação,259.0,15.0,101.0,-1.9686965028124228,1649325.0,182.0,94.5
38,360,Validação,254.0,15.0,101.0,-2.078005660120022,1649325.0,182.0,96.0
38,365,Validação,249.0,15.0,101.0,-1.8142903587038977,1649325.0,182.0,97.5
38,370,Validação,244.0,15.0,101.0,-1.0213504728132403,1649325.0,182.0,99.0
38,375,Validação,239.0,15.0,101.0,0.9888715908435656,1649325.0,182.0,100.5
38,380,Validação,234.0,26.0,101.0,7.056209895845242,1649325.0,182.0,103.1
38,385,Validação,229.0,10.0,86.0,4.061962839623958,1649325.0,182.0,104.1
38,390,Validação,224.0,10.0,86.0,-0.0120641899061082,1649325.0,182.0,105.1
38,395,Validação,219.0,10.0,86.0,-1.3902723986263,1649325.0,182.0,106.1
38,400,Validação,214.0,10.0,86.0,-1.9421882641911563,1649325.0,182.0,107.1
38,405,Validação,209.0,10.0,86.0,-2.059421610762928,1649325.0,182.0,108.1
38,410,Validação,204.0,10.0,86.0,-1.805908715853047,1649325.0,182.0,109.1
38,415,Validação,199.0,10.0,86.0,-1.0374450643607975,1649325.0,182.0,110.1
38,420,Validação,194.0,10.0,86.0,0.8858269294563801,1649325.0,182.0,111.1
38,425,Validação,189.0,10.0,86.0,7.708165471479202,1649325.0,182.0,112.1
38,430,Validação,184.0,18.0,77.0,45.64913668885883,1649325.0,182.0,113.9
38,435,Validação,179.0,19.0,77.0,3.933404878847712,1649325.0,182.0,115.8
38,440,Validação,174.0,18.0,77.0,-0.0347443432262815,1649325.0,182.0,117.6
38,445,Validação,169.0,17.0,77.0,-1.3964308993559342,1649325.0,182.0,119.3
38,450,Validação,164.0,16.0,77.0,-1.9425435831380533,1649325.0,182.0,121.0
38,455,Validação,159.0,19.0,77.0,-2.053542988121717,1649325.0,182.0,122.9
38,460,Validação,154.0,17.0,77.0,-1.7928632645661935,1649325.0,182.0,124.6
38,465,Validação,149.0,18.0,77.0,-1.0097134709257451,1649325.0,182.0,126.4
38,470,Validação,144.0,17.0,77.0,0.9740711258084112,1649325.0,182.0,128.1
38,475,Validação,139.0,26.0,76.0,6.363307483139076,1649325.0,182.0,130.7
38,480,Validação,134.0,9.0,59.0,2.345199652064013,1649325.0,182.0,131.5
38,485,Validação,129.0,10.0,59.0,-0.461042312103523,1649325.0,182.0,132.3
38,490,Validação,124.0,10.0,59.0,-1.5459835819139327,1649325.0,182.0,133.2
38,495,Validação,119.0,10.0,59.0,-1.964839246836715,1649325.0,182.0,134.2
38,500,Validação,114.0,9.0,59.0,-1.981863639153232,1649325.0,182.0,135.1
38,505,Validação,109.0,9.0,59.0,-1.6320246180689588,1649325.0,182.0,135.8
38,510,Validação,104.0,9.0,59.0,-0.6749023742835987,1649325.0,182.0,136.8
38,515,Validação,99.0,10.0,59.0,1.7994085242567983,1649325.0,182.0,137.7
38,520,Validação,94.0,25.0,59.0,5.976099208681747,1649325.0,182.0,140.4
38,525,Validação,89.0,17.0,50.0,0.9599228870652468,1649325.0,182.0,142.2
38,530,Validação,84.0,18.0,50.0,-1.0260413070394714,1649325.0,182.0,143.9
38,535,Validação,79.0,18.0,50.0,-1.8113884584162727,1649325.0,182.0,145.6
38,540,Validação,74.0,18.0,50.0,-2.0714666196510736,1649325.0,182.0,147.3
38,545,Validação,69.0,17.0,50.0,-1.9594651765214588,1649325.0,182.0,149.0
38,550,Validação,64.0,17.0,50.0,-1.4139077190198492,1649325.0,182.0,150.8
38,555,Validação,59.0,17.0,50.0,-0.0455784782936015,1649325.0,182.0,152.6
38,560,Validação,54.0,17.0,50.0,3.9929300549942974,1649325.0,182.0,154.3
38,565,Validação,49.0,17.0,49.0,49.99999999999993,1649325.0,182.0,156.0
38,570,Validação,44.0,15.0,32.0,22.330729166666657,1649325.0,182.0,157.5
38,575,Validação,39.0,15.0,32.0,2.6843146956952,1649325.0,182.0,159.0
38,580,Validação,34.0,15.0,32.0,-0.4429707913400542,1649325.0,182.0,160.5
38,585,Validação,29.0,15.0,32.0,-1.5796260477111546,1649325.0,182.0,162.0
38,590,Validação,24.0,15.0,32.0,-2.020369922630561,1649325.0,182.0,163.5
38,595,Validação,19.0,15.0,32.0,-2.056566279508,1649325.0,182.0,165.0
38,600,Validação,14.0,15.0,32.0,-1.7081763445626463,1649325.0,182.0,166.5
38,605,Validação,9.0,15.0,32.0,-0.7586145884018216,1649325.0,182.0,168.0
38,610,Validação,4.0,15.0,32.0,1.725953014184399,1649325.0,182.0,169.5
39,50,Treino,928.0,9.0,188.0,38.7086492166266,1602501.0,188.0,9.0
39,55,Treino,923.0,2.0,179.0,3.5584906906811504,1602501.0,188.0,10.0
39,60,Treino,918.0,2.0,179.0,-0.1282440239436422,1602501.0,188.0,10.333333333333334
39,65,Treino,913.0,2.0,179.0,-1.3652109045781362,1602501.0,188.0,10.5
39,70,Treino,908.0,2.0,179.0,-1.920191461663005,1602501.0,188.0,10.6
39,75,Treino,903.0,2.0,179.0,-2.038951684397163,1602501.0,188.0,10.666666666666666
39,80,Treino,898.0,2.0,179.0,-1.850581184893236,1602501.0,188.0,10.714285714285714
39,85,Treino,893.0,1.0,179.0,-1.3066433370064257,1602501.0,188.0,10.75
39,90,Treino,888.0,3.0,179.0,-0.0701995201024585,1602501.0,188.0,10.88888888888889
39,95,Treino,883.0,2.0,179.0,3.6018293477945145,1602501.0,188.0,10.9
39,100,Treino,878.0,2.0,179.0,17.87603930461062,1602501.0,188.0,11.1
39,105,Treino,873.0,0.0,177.0,49.9999999999978,1602501.0,188.0,11.1
39,110,Treino,868.0,0.0,177.0,49.9999999999978,1602501.0,188.0,11.1
39,115,Treino,863.0,6.0,177.0,13.260153836594348,1602501.0,188.0,11.7
39,120,Treino,858.0,5.0,177.0,3.4545444006447186,1602501.0,188.0,12.2
39,125,Treino,853.0,5.0,177.0,0.0840203670083736,1602501.0,188.0,12.7
39,130,Treino,848.0,5.0,177.0,-1.020425572226185,1602501.0,188.0,13.2
39,135,Treino,843.0,5.0,177.0,-1.531996203358778,1602501.0,188.0,13.7
39,140,Treino,838.0,5.0,177.0,-1.6390886334889596,1602501.0,188.0,14.1
39,145,Treino,833.0,5.0,177.0,-1.332256116498529,1602501.0,188.0,14.6
39,150,Treino,828.0,5.0,177.0,-0.4921863882030219,1602501.0,188.0,15.1
39,155,Treino,823.0,5.0,177.0,1.6229103923613089,1602501.0,188.0,15.6
39,160,Treino,818.0,5.0,177.0,8.566296289387596,1602501.0,188.0,16.1
39,165,Treino,813.0,0.0,172.0,4.865850925912108,1602501.0,188.0,16.0
39,170,Treino,808.0,16.0,172.0,12.18778122729847,1602501.0,188.0,17.6
39,175,Treino,803.0,16.0,172.0,1.6620632422059654,1602501.0,188.0,19.2
39,180,Treino,798.0,16.0,172.0,-0.7727357206326695,1602501.0,188.0,20.8
39,185,Treino,793.0,16.0,172.0,-1.7068208453754148,1602501.0,188.0,22.4
39,190,Treino,788.0,16.0,172.0,-2.047141497951765,1602501.0,188.0,24.0
39,195,Treino,783.0,14.0,172.0,-2.002134414271841,1602501.0,188.0,25.6
39,200,Treino,778.0,16.0,172.0,-1.5591414626629454,1602501.0,188.0,27.2
39,205,Treino,773.0,16.0,172.0,-0.4107042432016508,1602501.0,188.0,28.8
39,210,Treino,768.0,15.0,172.0,2.748757193305514,1602501.0,188.0,30.4
39,215,Treino,763.0,16.0,172.0,22.23090631636748,1602501.0,188.0,32.0
39,220,Treino,758.0,0.0,156.0,49.99999999999781,1602501.0,188.0,32.0
39,225,Treino,753.0,0.0,156.0,49.99999999999781,1602501.0,188.0,32.0
39,230,Treino,748.0,13.0,156.0,8.498040528509938,1602501.0,188.0,33.3
39,235,Treino,743.0,13.0,156.0,0.98317826754199,1602501.0,188.0,34.6
39,240,Treino,738.0,13.0,156.0,-1.0225971302855197,1602501.0,188.0,35.9
39,245,Treino,733.0,13.0,156.0,-1.8142903587038968,1602501.0,188.0,37.2
39,250,Treino,728.0,13.0,156.0,-2.0780056601200227,1602501.0,188.0,38.5
39,255,Treino,723.0,13.0,156.0,-1.968696502812425,1602501.0,188.0,39.8
39,260,Treino,718.0,13.0,156.0,-1.4253656914893595,1602501.0,188.0,41.1
39,265,Treino,713.0,13.0,156.0,-0.0607548479889077,1602501.0,188.0,42.4
39,270,Treino,708.0,15.0,156.0,3.822171955196187,1602501.0,188.0,43.9
39,275,Treino,703.0,15.0,156.0,36.916409631495,1602501.0,188.0,45.4
39,280,Treino,698.0,2.0,143.0,-0.7586145884018789,1602501.0,188.0,45.6
39,285,Treino,693.0,2.0,143.0,-1.7081763445626448,1602501.0,188.0,45.8
39,290,Treino,688.0,2.0,143.0,-2.056566279507991,1602501.0,188.0,46.0
39,295,Treino,683.0,2.0,143.0,-2.020369922630556,1602501.0,188.0,46.2
39,300,Treino,678.0,2.0,143.0,-1.579626047711176,1602501.0,188.0,46.4
39,305,Treino,673.0,2.0,143.0,-0.4429707913399876,1602501.0,188.0,46.6
39,310,Treino,668.0,2.0,143.0,2.68431469569518,1602501.0,188.0,46.8
39,315,Treino,663.0,2.0,143.0,22.330729166666003,1602501.0,188.0,47.0
39,320,Treino,658.0,0.0,141.0,0.0,1602501.0,188.0,47.0
39,325,Treino,653.0,0.0,141.0,0.0,1602501.0,188.0,47.0
39,330,Treino,648.0,16.0,141.0,8.534487742830711,1602501.0,188.0,48.6
39,335,Treino,643.0,16.0,141.0,0.9888715908435736,1602501.0,188.0,50.2
39,340,Treino,638.0,16.0,141.0,-1.021350472813233,1602501.0,188.0,51.8
39,345,Treino,633.0,16.0,141.0,-1.809774054379306,1602501.0,188.0,53.4
39,350,Treino,628.0,15.0,141.0,-2.0721228647552943,1602501.0,188.0,54.9
39,355,Treino,623.0,14.0,141.0,-1.9596586174339097,1602501.0,188.0,56.3
39,360,Treino,618.0,14.0,141.0,-1.431037896043534,1602501.0,188.0,57.7
39,365,Treino,613.0,15.0,141.0,-0.1044845357916939,1602501.0,188.0,59.2
39,370,Treino,608.0,15.0,141.0,3.7553599365169896,1602501.0,188.0,60.7
39,375,Treino,603.0,15.0,141.0,40.794748590264646,1602501.0,188.0,62.2
39,380,Treino,598.0,15.0,128.0,20.19695870709283,1602501.0,188.0,63.7
39,385,Treino,593.0,15.0,128.0,2.5580293953141,1602501.0,188.0,65.2
39,390,Treino,588.0,15.0,128.0,-0.4632146790076454,1602501.0,188.0,66.7
39,395,Treino,583.0,15.0,128.0,-1.577806917700836,1602501.0,188.0,68.2
39,400,Treino,578.0,16.0,128.0,-2.0105110594585565,1602501.0,188.0,69.8
39,405,Treino,573.0,16.0,127.0,-2.047968971970606,1602501.0,188.0,71.5
39,410,Treino,568.0,16.0,127.0,-1.6994166412318792,1602501.0,188.0,73.2
39,415,Treino,563.0,16.0,127.0,-0.7419368572076204,1602501.0,188.0,74.8
39,420,Treino,558.0,16.0,127.0,1.7391412723657895,1602501.0,188.0,76.4
39,425,Treino,553.0,16.0,126.0,13.12433982194057,1602501.0,188.0,78.0
39,430,Treino,548.0,0.0,110.0,0.0,1602501.0,188.0,78.0
39,435,Treino,543.0,0.0,110.0,0.0,1602501.0,188.0,78.0
39,440,Treino,538.0,11.0,110.0,50.00000000000003,1602501.0,188.0,79.1
39,445,Treino,533.0,11.0,110.0,3.973746776273395,1602501.0,188.0,80.2
39,450,Treino,528.0,11.0,110.0,-0.060754847988893,1602501.0,188.0,81.3
39,455,Treino,523.0,11.0,110.0,-1.425365691489359,1602501.0,188.0,82.4
39,460,Treino,518.0,11.0,110.0,-1.968696502812424,1602501.0,188.0,83.5
39,465,Treino,513.0,11.0,110.0,-2.078005660120022,1602501.0,188.0,84.6
39,470,Treino,508.0,11.0,110.0,-1.8137847256626995,1602501.0,188.0,85.7
39,475,Treino,503.0,11.0,110.0,-1.023148407475721,1602501.0,188.0,86.8
39,480,Treino,498.0,11.0,110.0,0.980856838944148,1602501.0,188.0,87.9
39,485,Treino,493.0,11.0,110.0,8.483529733016887,1602501.0,188.0,89.0
39,490,Treino,488.0,0.0,100.0,50.00000000000087,1602501.0,188.0,89.0
39,495,Treino,483.0,0.0,100.0,50.00000000000087,1602501.0,188.0,89.0
39,500,Treino,478.0,13.0,100.0,5.770473817630892,1602501.0,188.0,90.3
39,505,Treino,473.0,13.0,100.0,0.4035892773935656,1602501.0,188.0,91.6
39,510,Treino,468.0,13.0,100.0,-1.2414447939968327,1602501.0,188.0,92.9
39,515,Treino,463.0,13.0,100.0,-1.899351024295612,1602501.0,188.0,94.2
39,520,Treino,458.0,13.0,99.0,-2.085106382978723,1602501.0,188.0,95.5
39,525,Treino,453.0,13.0,99.0,-1.9004875886524824,1602501.0,188.0,96.8
39,530,Treino,448.0,13.0,99.0,-1.2411347517730524,1602501.0,188.0,98.1
39,535,Treino,443.0,13.0,99.0,0.4072473404255397,1602501.0,188.0,99.4
39,540,Treino,438.0,13.0,99.0,5.79196217494091,1602501.0,188.0,100.7
39,545,Treino,433.0,0.0,86.0,0.0,1602501.0,188.0,102.0
39,550,Treino,428.0,0.0,86.0,0.0,1602501.0,188.0,102.0
39,555,Treino,423.0,12.0,86.0,8.534487742830734,1602501.0,188.0,103.2
39,560,Treino,418.0,12.0,86.0,0.9888715908435736,1602501.0,188.0,104.4
39,565,Treino,413.0,12.0,86.0,-1.021350472813238,1602501.0,188.0,105.6
39,570,Treino,408.0,12.0,86.0,-1.8142903587038983,1602501.0,188.0,106.8
39,575,Treino,403.0,12.0,86.0,-2.0780056601200223,1602501.0,188.0,108.0
39,580,Treino,398.0,12.0,86.0,-1.9686965028124248,1602501.0,188.0,109.2
39,585,Treino,393.0,12.0,86.0,-1.4253656914893638,1602501.0,188.0,110.4
39,590,Treino,388.0,12.0,86.0,-0.0607548479888908,1602501.0,188.0,111.6
39,595,Treino,383.0,12.0,86.0,3.973746776273374,1602501.0,188.0,112.8
39,600,Treino,378.0,12.0,86.0,50.00000000000007,1602501.0,188.0,114.0
39,605,Treino,373.0,0.0,74.0,0.0,1602501.0,188.0,114.0
39,610,Treino,368.0,0.0,74.0,0.0,1602501.0,188.0,114.0
39,615,Treino,363.0,12.0,74.0,22.33072916666663,1602501.0,188.0,115.2
39,620,Treino,358.0,12.0,74.0,2.6843146956951847,1602501.0,188.0,116.4
39,625,Treino,353.0,12.0,74.0,-0.4429707913400476,1602501.0,188.0,117.6
39,630,Treino,348.0,12.0,74.0,-1.579626047711153,1602501.0,188.0,118.8
39,635,Treino,343.0,12.0,74.0,-2.020369922630561,1602501.0,188.0,120.0
39,640,Treino,338.0,12.0,74.0,-2.056566279508,1602501.0,188.0,121.2
39,645,Treino,333.0,12.0,74.0,-1.7081763445626443,1602501.0,188.0,122.4
39,650,Treino,328.0,12.0,74.0,-0.7586145884018265,1602501.0,188.0,123.6
39,655,Treino,323.0,12.0,74.0,1.7259530141843935,1602501.0,188.0,124.8
39,660,Treino,318.0,12.0,74.0,13.124339821940566,1602501.0,188.0,126.0
39,665,Treino,313.0,12.0,62.0,8.770635429740308,1602501.0,188.0,127.2
39,670,Treino,308.0,11.0,62.0,1.0804303523421357,1602501.0,188.0,128.3
39,675,Treino,303.0,11.0,62.0,-0.9675392160799056,1602501.0,188.0,129.4
39,680,Treino,298.0,11.0,62.0,-1.7641155257325285,1602501.0,188.0,130.5
39,685,Treino,293.0,10.0,62.0,-2.0424283245720254,1602501.0,188.0,131.5
39,690,Treino,288.0,10.0,62.0,-1.946862838764825,1602501.0,188.0,132.5
39,695,Treino,283.0,10.0,62.0,-1.4263101955001392,1602501.0,188.0,133.5
39,700,Treino,278.0,11.0,62.0,-0.1262583406994299,1602501.0,188.0,134.6
39,705,Treino,273.0,10.0,62.0,3.608686745242218,1602501.0,188.0,135.6
39,710,Treino,268.0,10.0,62.0,34.83680514980489,1602501.0,188.0,136.6
39,715,Treino,263.0,-1.0,52.0,-0.2596863683695196,1602501.0,188.0,136.4
39,720,Treino,258.0,14.0,52.0,19.91575907025676,1602501.0,188.0,137.7
39,725,Treino,253.0,14.0,52.0,2.523568895407574,1602501.0,188.0,139.0
39,730,Treino,248.0,13.0,52.0,-0.4715675106274468,1602501.0,188.0,140.3
39,735,Treino,243.0,14.0,52.0,-1.5800905226484088,1602501.0,188.0,141.7
39,740,Treino,238.0,14.0,52.0,-2.007862482338121,1602501.0,188.0,143.1
39,745,Treino,233.0,14.0,52.0,-2.0388434183742428,1602501.0,188.0,144.5
39,750,Treino,228.0,14.0,52.0,-1.6829691182300053,1602501.0,188.0,145.8
39,755,Treino,223.0,13.0,52.0,-0.7184588605945441,1602501.0,188.0,147.2
39,760,Treino,218.0,16.0,52.0,1.622143401531475,1602501.0,188.0,148.9
39,765,Treino,213.0,17.0,52.0,10.367651528470368,1602501.0,188.0,150.6
39,770,Treino,208.0,3.0,38.0,-0.7586145884018265,1602501.0,188.0,150.9
39,775,Treino,203.0,3.0,38.0,-1.7081763445626443,1602501.0,188.0,151.2
39,780,Treino,198.0,3.0,38.0,-2.056566279508001,1602501.0,188.0,151.5
39,785,Treino,193.0,3.0,38.0,-2.020369922630561,1602501.0,188.0,151.8
39,790,Treino,188.0,3.0,38.0,-1.579626047711162,1602501.0,188.0,152.1
39,795,Treino,183.0,3.0,38.0,-0.4429707913400471,1602501.0,188.0,152.4
39,800,Treino,178.0,3.0,38.0,2.684314695695188,1602501.0,188.0,152.7
39,805,Treino,173.0,3.0,38.0,22.330729166666742,1602501.0,188.0,153.0
39,810,Treino,168.0,5.0,35.0,49.99999999999994,1602501.0,188.0,153.5
39,815,Treino,163.0,5.0,35.0,3.973746776273365,1602501.0,188.0,154.0
39,820,Treino,158.0,5.0,35.0,-0.0607548479888939,1602501.0,188.0,154.5
39,825,Treino,153.0,5.0,35.0,-1.4253656914893642,1602501.0,188.0,155.0
39,830,Treino,148.0,5.0,35.0,-1.968696502812424,1602501.0,188.0,155.5
39,835,Treino,143.0,5.0,35.0,-2.0780056601200214,1602501.0,188.0,156.0
39,840,Treino,138.0,5.0,35.0,-1.8142903587038963,1602501.0,188.0,156.5
39,845,Treino,133.0,5.0,35.0,-1.0213504728132363,1602501.0,188.0,157.0
39,850,Treino,128.0,5.0,35.0,0.988871590843572,1602501.0,188.0,157.5
39,855,Treino,123.0,5.0,35.0,8.53448774283072,1602501.0,188.0,158.0
39,860,Treino,118.0,0.0,30.0,0.0,1602501.0,188.0,158.0
39,865,Treino,113.0,0.0,30.0,0.0,1602501.0,188.0,158.0
39,870,Treino,108.0,0.0,30.0,0.0,1602501.0,188.0,158.0
39,875,Treino,103.0,13.0,30.0,13.124339821940543,1602501.0,188.0,159.3
39,880,Treino,98.0,13.0,30.0,1.8076511129680768,1602501.0,188.0,160.6
39,885,Treino,93.0,13.0,30.0,-0.7010764581308235,1602501.0,188.0,161.9
39,890,Treino,88.0,13.0,30.0,-1.6651072472157438,1602501.0,188.0,163.2
39,895,Treino,83.0,11.0,30.0,-2.0184432620611266,1602501.0,188.0,164.3
39,900,Treino,78.0,11.0,30.0,-1.992108819530132,1602501.0,188.0,165.4
39,905,Treino,73.0,13.0,30.0,-1.5811630381207131,1602501.0,188.0,166.7
39,910,Treino,68.0,13.0,30.0,-0.5227671021741731,1602501.0,188.0,168.0
39,915,Treino,63.0,13.0,30.0,2.2545735474009776,1602501.0,188.0,169.3
39,920,Treino,58.0,13.0,30.0,16.209497687559175,1602501.0,188.0,170.6
39,925,Treino,53.0,0.0,19.0,-1.806267296959497,1602501.0,188.0,170.6
39,930,Treino,48.0,0.0,19.0,-1.7070013780085669,1602501.0,188.0,170.6
39,935,Treino,43.0,0.0,19.0,-1.5964774009418154,1602501.0,188.0,170.6
39,940,Treino,38.0,0.0,19.0,-1.4625039426981226,1602501.0,188.0,170.6
39,945,Treino,33.0,0.0,19.0,-1.10933724288325,1602501.0,188.0,170.8
39,950,Treino,28.0,2.0,19.0,-0.2746737989222594,1602501.0,188.0,171.0
39,955,Treino,23.0,0.0,19.0,1.113047287636797,1602501.0,188.0,171.0
39,960,Treino,18.0,2.0,19.0,3.382790293797763,1602501.0,188.0,171.0
39,965,Treino,13.0,1.0,19.0,17.29411764705877,1602501.0,188.0,171.0
39,970,Treino,8.0,0.0,17.0,0.0,1602501.0,188.0,171.0
39,975,Treino,3.0,0.0,17.0,0.0,1602501.0,188.0,171.0
40,50,Validação,863.0,-3.0,184.0,-0.7501543607942107,1664017.0,184.0,3.0
40,55,Validação,858.0,0.0,184.0,-0.3238634572137222,1666925.0,184.0,3.0
40,60,Validação,853.0,-1.0,184.0,-0.2854991816693943,1666925.0,184.0,3.0
40,65,Validação,848.0,1.0,184.0,0.1165177341762171,1667661.0,184.0,3.25
40,70,Validação,843.0,-3.0,184.0,0.4690917166235948,1668377.0,184.0,3.2
40,75,Validação,838.0,-1.0,184.0,0.7551449433352806,1668377.0,184.0,3.3333333333333335
40,80,Validação,833.0,-5.0,184.0,0.9559754235618412,1668377.0,184.0,3.2857142857142856
40,85,Validação,828.0,2.0,184.0,0.6665325501139434,1668377.0,184.0,3.875
40,90,Validação,823.0,5.0,184.0,0.4627641262574746,1668377.0,184.0,4.333333333333333
40,95,Validação,818.0,0.0,184.0,-0.0399364330321865,1668377.0,184.0,4.7
40,100,Validação,813.0,6.0,184.0,-0.8807747503236456,1668377.0,184.0,5.4
40,105,Validação,808.0,5.0,184.0,-1.3712600464233198,1668377.0,184.0,5.9
40,110,Validação,803.0,5.0,184.0,-1.378834607338671,1668377.0,184.0,6.4
40,115,Validação,798.0,2.0,184.0,-1.1860897882391277,1668377.0,184.0,6.8
40,120,Validação,793.0,4.0,184.0,-0.7488006657907893,1668377.0,184.0,7.3
40,125,Validação,788.0,3.0,184.0,0.2233754846870828,1668377.0,184.0,7.7
40,130,Validação,783.0,5.0,184.0,1.7967907738298106,1668377.0,184.0,8.2
40,135,Validação,778.0,4.0,184.0,3.5169952236213504,1668377.0,184.0,8.2
40,140,Validação,773.0,0.0,179.0,2.6918731227433046,1668377.0,184.0,8.5
40,145,Validação,768.0,1.0,179.0,3.520680742521307,1668377.0,184.0,8.6
40,150,Validação,763.0,0.0,179.0,4.635812727801367,1668377.0,184.0,8.4
40,155,Validação,758.0,-3.0,179.0,6.095064911315818,1668377.0,184.0,8.4
40,160,Validação,753.0,0.0,179.0,7.886861737675355,1668377.0,184.0,8.4
40,165,Validação,748.0,0.0,179.0,11.732575891861394,1668377.0,184.0,8.4
40,170,Validação,743.0,0.0,179.0,11.732575891861396,1668377.0,184.0,8.4
40,175,Validação,738.0,0.0,179.0,11.732575891861398,1668377.0,184.0,8.4
40,180,Validação,733.0,5.0,179.0,9.771150165594362,1668377.0,184.0,9.3
40,185,Validação,728.0,9.0,179.0,1.5844763348682849,1668377.0,184.0,10.2
40,190,Validação,723.0,8.0,179.0,-0.7394878377256093,1668377.0,184.0,10.8
40,195,Validação,718.0,10.0,179.0,-1.6825352322542972,1668377.0,184.0,11.7
40,200,Validação,713.0,9.0,179.0,-2.035668828970606,1668377.0,184.0,12.6
40,205,Validação,708.0,9.0,179.0,-2.0014037125237314,1668377.0,184.0,13.5
40,210,Validação,703.0,9.0,179.0,-1.5713819205615889,1668377.0,184.0,14.4
40,215,Validação,698.0,12.0,179.0,-0.5060508901113572,1668377.0,184.0,15.6
40,220,Validação,693.0,12.0,179.0,1.8166298333505848,1668377.0,184.0,16.8
40,225,Validação,688.0,12.0,179.0,9.43419560314818,1668377.0,184.0,18.0
40,230,Validação,683.0,3.0,170.0,-1.6647982106886392,1668377.0,184.0,18.3
40,235,Validação,678.0,3.0,170.0,-1.91580618596956,1668377.0,184.0,18.6
40,240,Validação,673.0,5.0,170.0,-1.4995622419693957,1668377.0,184.0,19.1
40,245,Validação,668.0,3.0,170.0,-1.1681478269953174,1668377.0,184.0,19.3
40,250,Validação,663.0,9.0,170.0,1.6047245276770026,1668377.0,184.0,20.2
40,255,Validação,658.0,9.0,170.0,-0.1220315392914455,1668377.0,184.0,21.1
40,260,Validação,653.0,9.0,170.0,-1.044321115681241,1668377.0,184.0,22.0
40,265,Validação,648.0,6.0,167.0,-1.7974766609875912,1668377.0,184.0,22.6
40,270,Validação,643.0,6.0,167.0,-1.9695265969162488,1668377.0,184.0,23.2
40,275,Validação,638.0,6.0,167.0,-1.7554174217826812,1668377.0,184.0,23.8
40,280,Validação,633.0,5.0,167.0,-1.051075732462841,1668377.0,184.0,24.4
40,285,Validação,628.0,4.0,167.0,0.7116682298221595,1668377.0,184.0,25.0
40,290,Validação,623.0,15.0,167.0,3.6316196657443625,1668377.0,184.0,26.3
40,295,Validação,618.0,9.0,161.0,0.9385070864864272,1668377.0,184.0,27.8
40,300,Validação,613.0,9.0,161.0,-1.034799579556848,1668377.0,184.0,28.7
40,305,Validação,608.0,9.0,161.0,-1.8141764976302364,1668377.0,184.0,29.6
40,310,Validação,603.0,9.0,161.0,-2.0780056601200214,1668377.0,184.0,30.5
40,315,Validação,598.0,9.0,161.0,-1.968696502812424,1668377.0,184.0,31.4
40,320,Validação,593.0,9.0,161.0,-1.425365691489357,1668377.0,184.0,32.3
40,325,Validação,588.0,15.0,161.0,-0.0307591225415242,1668377.0,184.0,33.8
40,330,Validação,583.0,15.0,161.0,1.3022949969797102,1668377.0,184.0,35.3
40,335,Validação,578.0,15.0,161.0,1.5577583820480276,1668377.0,184.0,36.8
40,340,Validação,573.0,6.0,152.0,-1.7081763445626443,1668377.0,184.0,37.4
40,345,Validação,568.0,6.0,152.0,-2.056566279507998,1668377.0,184.0,38.0
40,350,Validação,563.0,6.0,152.0,-2.020369922630556,1668377.0,184.0,38.6
40,355,Validação,558.0,6.0,152.0,-1.579626047711145,1668377.0,184.0,39.2
40,360,Validação,553.0,17.0,152.0,3.734177089692048,1668377.0,184.0,40.9
40,365,Validação,548.0,16.0,152.0,1.7682147838926872,1668377.0,184.0,42.5
40,370,Validação,543.0,16.0,152.0,-0.0350870324768894,1668377.0,184.0,44.1
40,375,Validação,538.0,10.0,146.0,-1.4153134110913197,1668377.0,184.0,45.1
40,380,Validação,533.0,10.0,146.0,-1.962728037748825,1668377.0,184.0,46.1
40,385,Validação,528.0,10.0,146.0,-2.074396880239031,1668377.0,184.0,47.1
40,390,Validação,523.0,10.0,146.0,-1.8126409224301927,1668377.0,184.0,48.1
40,395,Validação,518.0,10.0,146.0,-1.022432780157347,1668377.0,184.0,49.1
40,400,Validação,513.0,18.0,146.0,0.8443276297506417,1668377.0,184.0,50.9
40,405,Validação,508.0,18.0,146.0,1.8570548531472904,1668377.0,184.0,52.7
40,410,Validação,503.0,8.0,136.0,-0.7586145884018394,1668377.0,184.0,53.4
40,415,Validação,498.0,8.0,136.0,-1.7081763445626448,1668377.0,184.0,54.2
40,420,Validação,493.0,8.0,136.0,-2.056566279508001,1668377.0,184.0,55.0
40,425,Validação,488.0,8.0,136.0,-2.020369922630564,1668377.0,184.0,55.8
40,430,Validação,483.0,16.0,136.0,-0.3480455748601314,1668377.0,184.0,57.4
40,435,Validação,478.0,16.0,136.0,-0.2276718125166303,1668377.0,184.0,59.0
40,440,Validação,473.0,16.0,136.0,-0.2633142294134538,1668377.0,184.0,60.6
40,445,Validação,468.0,16.0,136.0,-0.5594951106730832,1668377.0,184.0,62.2
40,450,Validação,463.0,8.0,128.0,-2.011639908245291,1668377.0,184.0,63.0
40,455,Validação,458.0,8.0,128.0,-2.05130384676216,1668377.0,184.0,63.8
40,460,Validação,453.0,8.0,128.0,-1.7060395601428862,1668377.0,184.0,64.6
40,465,Validação,448.0,8.0,128.0,-0.761351601316858,1668377.0,184.0,65.4
40,470,Validação,443.0,18.0,128.0,2.8074417941148395,1668377.0,184.0,67.2
40,475,Validação,438.0,18.0,128.0,2.6306884212806523,1668377.0,184.0,69.0
40,480,Validação,433.0,10.0,120.0,-0.0607548479888939,1668377.0,184.0,70.0
40,485,Validação,428.0,10.0,120.0,-1.4253656914893642,1668377.0,184.0,71.0
40,490,Validação,423.0,10.0,120.0,-1.968696502812424,1668377.0,184.0,72.0
40,495,Validação,418.0,10.0,120.0,-2.0780056601200214,1668377.0,184.0,73.0
40,500,Validação,413.0,10.0,120.0,-1.8142903587038963,1668377.0,184.0,74.0
40,505,Validação,408.0,22.0,120.0,0.4906218702109406,1668377.0,184.0,76.2
40,510,Validação,403.0,22.0,120.0,0.1472301932336432,1668377.0,184.0,78.4
40,515,Validação,398.0,22.0,120.0,-0.3314055677410423,1668377.0,184.0,80.6
40,520,Validação,393.0,12.0,110.0,-1.7081763445626443,1668377.0,184.0,81.8
40,525,Validação,388.0,12.0,110.0,-2.056566279508,1668377.0,184.0,83.0
40,530,Validação,383.0,12.0,110.0,-2.020369922630561,1668377.0,184.0,84.2
40,535,Validação,378.0,12.0,110.0,-1.579626047711153,1668377.0,184.0,85.4
40,540,Validação,373.0,12.0,110.0,-0.4429707913400471,1668377.0,184.0,86.6
40,545,Validação,368.0,12.0,110.0,2.684314695695188,1668377.0,184.0,87.8
40,550,Validação,363.0,21.0,110.0,5.644263060579945,1668377.0,184.0,89.9
40,555,Validação,358.0,9.0,98.0,0.4072473404255374,1668377.0,184.0,90.8
40,560,Validação,353.0,9.0,98.0,-1.2411347517730524,1668377.0,184.0,91.7
40,565,Validação,348.0,9.0,98.0,-1.90048758865248,1668377.0,184.0,92.6
40,570,Validação,343.0,9.0,98.0,-2.085106382978723,1668377.0,184.0,93.5
40,575,Validação,338.0,9.0,98.0,-1.90048758865248,1668377.0,184.0,94.4
40,580,Validação,333.0,9.0,98.0,-1.2411347517730515,1668377.0,184.0,95.3
40,585,Validação,328.0,9.0,98.0,0.4072473404255357,1668377.0,184.0,96.2
40,590,Validação,323.0,9.0,98.0,5.791962174940869,1668377.0,184.0,97.1
40,595,Validação,318.0,6.0,89.0,5.79196217494094,1668377.0,184.0,98.6
40,600,Validação,313.0,6.0,89.0,0.4072473404255241,1668377.0,184.0,99.2
40,605,Validação,308.0,6.0,89.0,-1.2411347517730456,1668377.0,184.0,99.8
40,610,Validação,303.0,6.0,89.0,-1.9004875886524863,1668377.0,184.0,100.4
40,615,Validação,298.0,6.0,89.0,-2.085106382978723,1668377.0,184.0,101.0
40,620,Validação,293.0,6.0,89.0,-1.900487588652486,1668377.0,184.0,101.6
40,625,Validação,288.0,6.0,89.0,-1.2411347517730456,1668377.0,184.0,102.2
40,630,Validação,283.0,6.0,89.0,0.407247340425525,1668377.0,184.0,102.8
40,635,Validação,278.0,12.0,89.0,4.462955383025754,1668377.0,184.0,104.0
40,640,Validação,273.0,6.0,83.0,2.6843146956951847,1668377.0,184.0,105.2
40,645,Validação,268.0,6.0,83.0,-0.4429707913400476,1668377.0,184.0,105.8
40,650,Validação,263.0,6.0,83.0,-1.579626047711161,1668377.0,184.0,106.4
40,655,Validação,258.0,6.0,83.0,-2.020369922630561,1668377.0,184.0,107.0
40,660,Validação,253.0,6.0,83.0,-2.056566279508001,1668377.0,184.0,107.6
40,665,Validação,248.0,6.0,83.0,-1.7081763445626443,1668377.0,184.0,108.2
40,670,Validação,243.0,6.0,83.0,-0.7586145884018265,1668377.0,184.0,108.8
40,675,Validação,238.0,6.0,83.0,1.7259530141844213,1668377.0,184.0,109.4
40,680,Validação,233.0,15.0,83.0,13.439474523858376,1668377.0,184.0,110.9
40,685,Validação,228.0,9.0,77.0,3.97374677627338,1668377.0,184.0,111.8
40,690,Validação,223.0,9.0,77.0,-0.0607548479888975,1668377.0,184.0,112.7
40,695,Validação,218.0,9.0,77.0,-1.425365691489358,1668377.0,184.0,113.6
40,700,Validação,213.0,9.0,77.0,-1.968696502812424,1668377.0,184.0,114.5
40,705,Validação,208.0,9.0,77.0,-2.078005660120021,1668377.0,184.0,115.4
40,710,Validação,203.0,9.0,77.0,-1.8142903587038983,1668377.0,184.0,116.3
40,715,Validação,198.0,9.0,77.0,-1.0213504728132343,1668377.0,184.0,117.2
40,720,Validação,193.0,9.0,77.0,0.9888715908435596,1668377.0,184.0,118.1
40,725,Validação,188.0,20.0,77.0,4.061222038302275,1668377.0,184.0,120.1
40,730,Validação,183.0,12.0,68.0,1.0061724117310646,1668377.0,184.0,121.3
40,735,Validação,178.0,11.0,68.0,-1.001222740546893,1668377.0,184.0,122.4
40,740,Validação,173.0,9.0,68.0,-1.7625456338881944,1668377.0,184.0,123.3
40,745,Validação,168.0,12.0,68.0,-2.0478825182119604,1668377.0,184.0,124.5
40,750,Validação,163.0,12.0,68.0,-1.952156610139199,1668377.0,184.0,125.7
40,755,Validação,158.0,12.0,68.0,-1.449725386857966,1668377.0,184.0,126.9
40,760,Validação,153.0,25.0,68.0,0.3825859414665955,1668377.0,184.0,129.4
40,765,Validação,148.0,25.0,68.0,0.06516566554152,1668377.0,184.0,131.9
40,770,Validação,143.0,25.0,68.0,-0.8394074610713465,1668377.0,184.0,134.4
40,775,Validação,138.0,13.0,59.0,-1.8559423658139889,1668377.0,184.0,135.8
40,780,Validação,133.0,13.0,59.0,-2.018049245546517,1668377.0,184.0,137.1
40,785,Validação,128.0,13.0,59.0,-1.8036080096684324,1668377.0,184.0,138.5
40,790,Validação,123.0,14.0,59.0,-1.1269429746732809,1668377.0,184.0,140.1
40,795,Validação,118.0,21.0,59.0,0.4057974506943247,1668377.0,184.0,142.2
40,800,Validação,113.0,22.0,59.0,2.415623863624435,1668377.0,184.0,144.3
40,805,Validação,108.0,9.0,44.0,-0.7666822308853956,1668377.0,184.0,146.4
40,810,Validação,103.0,8.0,43.0,-1.708176344562649,1668377.0,184.0,147.2
40,815,Validação,98.0,8.0,43.0,-2.0565662795080004,1668377.0,184.0,148.0
40,820,Validação,93.0,8.0,43.0,-2.020369922630562,1668377.0,184.0,148.8
40,825,Validação,88.0,8.0,43.0,-1.5796260477111534,1668377.0,184.0,149.6
40,830,Validação,83.0,22.0,43.0,3.225117992439752,1668377.0,184.0,151.8
40,835,Validação,78.0,22.0,43.0,1.803779885725028,1668377.0,184.0,154.0
40,840,Validação,73.0,22.0,43.0,-0.055283696336394,1668377.0,184.0,156.2
40,845,Validação,68.0,14.0,35.0,-1.4085176750496302,1668377.0,184.0,157.6
40,850,Validação,63.0,15.0,35.0,-1.954864934430352,1668377.0,184.0,159.1
40,855,Validação,58.0,15.0,35.0,-2.0689113736022424,1668377.0,184.0,160.6
40,860,Validação,53.0,15.0,35.0,-1.8110006404585284,1668377.0,184.0,162.1
40,865,Validação,48.0,15.0,35.0,-1.0280402409205447,1668377.0,184.0,163.6
40,870,Validação,43.0,15.0,35.0,0.9536408681467696,1668377.0,184.0,165.1
40,875,Validação,38.0,24.0,35.0,5.998059936913533,1668377.0,184.0,167.5
40,880,Validação,33.0,10.0,21.0,2.533157974038698,1668377.0,184.0,168.5
40,885,Validação,28.0,10.0,21.0,-0.4593317048725995,1668377.0,184.0,169.5
40,890,Validação,23.0,9.0,21.0,-1.5778076066125206,1668377.0,184.0,170.5
40,895,Validação,18.0,9.0,20.0,-2.0203699226305614,1668377.0,184.0,171.5
40,900,Validação,13.0,9.0,20.0,-2.0565662795080004,1668377.0,184.0,172.4
40,905,Validação,8.0,9.0,20.0,-1.7081763445626486,1668377.0,184.0,173.3
40,910,Validação,3.0,9.0,20.0,-0.7586145884018229,1668377.0,184.0,174.2
41,50,Treino,725.0,3.0,185.0,-0.0841949292298718,1628794.0,185.0,4.0
41,55,Treino,720.0,-2.0,182.0,-0.5128093790707897,1630916.0,185.0,4.0
41,60,Treino,715.0,-4.0,182.0,-0.5627257784972142,1630916.0,185.0,4.0
41,65,Treino,710.0,-1.0,182.0,-0.3753313112211796,1631995.0,185.0,4.0
41,70,Treino,705.0,-2.0,182.0,-0.0426859339706808,1634883.0,185.0,4.0
41,75,Treino,700.0,1.0,182.0,0.162228570177779,1634883.0,185.0,4.166666666666667
41,80,Treino,695.0,-3.0,182.0,-0.0934651302832323,1634883.0,185.0,4.142857142857143
41,85,Treino,690.0,-1.0,182.0,0.6996803849915447,1636341.0,185.0,4.125
41,90,Treino,685.0,0.0,182.0,1.427083521485379,1638509.0,185.0,4.222222222222222
41,95,Treino,680.0,-1.0,182.0,2.6223395134693206,1641038.0,185.0,4.2
41,100,Treino,675.0,1.0,182.0,2.358768358303182,1641038.0,185.0,4.4
41,105,Treino,670.0,-1.0,182.0,0.6573168986626321,1641038.0,185.0,4.5
41,110,Treino,665.0,2.0,182.0,0.6545795296488706,1641038.0,185.0,4.7
41,115,Treino,660.0,15.0,182.0,17.999798894879568,1641038.0,185.0,6.2
41,120,Treino,655.0,16.0,182.0,2.763817221407776,1641038.0,185.0,7.8
41,125,Treino,650.0,13.0,182.0,-0.2746155596977555,1641038.0,185.0,9.2
41,130,Treino,645.0,15.0,182.0,-1.4477348407440174,1641038.0,185.0,10.7
41,135,Treino,640.0,18.0,182.0,-1.8961397512978304,1641038.0,185.0,12.5
41,140,Treino,635.0,10.0,182.0,-1.9677223891666729,1641038.0,185.0,13.9
41,145,Treino,630.0,15.0,182.0,-1.6949352317044384,1641038.0,185.0,15.4
41,150,Treino,625.0,10.0,182.0,-0.8746106847443267,1641038.0,185.0,16.7
41,155,Treino,620.0,15.0,182.0,0.9644566166599882,1641038.0,185.0,18.1
41,160,Treino,615.0,14.0,182.0,7.937149671357396,1641038.0,185.0,19.4
41,165,Treino,610.0,2.0,167.0,4.710040640800079,1641038.0,185.0,19.6
41,170,Treino,605.0,0.0,167.0,3.797212457161928,1641038.0,185.0,19.5
41,175,Treino,600.0,0.0,167.0,2.82148472909501,1641038.0,185.0,19.5
41,180,Treino,595.0,0.0,167.0,3.3011933616091067,1641038.0,185.0,19.5
41,185,Treino,590.0,0.0,167.0,6.628322337774296,1641038.0,185.0,19.2
41,190,Treino,585.0,-1.0,167.0,4.876324238253737,1641038.0,185.0,19.2
41,195,Treino,580.0,0.0,167.0,6.909085873884658,1641038.0,185.0,19.2
41,200,Treino,575.0,1.0,167.0,6.189672006763708,1641038.0,185.0,19.3
41,205,Treino,570.0,1.0,167.0,4.407017403864289,1641038.0,185.0,19.4
41,210,Treino,565.0,0.0,167.0,3.553070063835268,1641038.0,185.0,19.5
41,215,Treino,560.0,0.0,167.0,4.40701740386429,1641038.0,185.0,19.3
41,220,Treino,555.0,0.0,167.0,2.780908633416632,1641038.0,185.0,19.3
41,225,Treino,550.0,1.0,167.0,3.1926572226752974,1641038.0,185.0,19.4
41,230,Treino,545.0,0.0,167.0,3.1926572226752974,1641038.0,185.0,19.4
41,235,Treino,540.0,20.0,167.0,8.133935564846393,1641038.0,185.0,21.4
41,240,Treino,535.0,20.0,167.0,0.9335902067059036,1641038.0,185.0,23.4
41,245,Treino,530.0,20.0,167.0,-1.0327905042666576,1641038.0,185.0,25.4
41,250,Treino,525.0,20.0,167.0,-1.8104269150426529,1641038.0,185.0,27.3
41,255,Treino,520.0,20.0,167.0,-2.066546032903739,1641038.0,185.0,29.2
41,260,Treino,515.0,20.0,167.0,-1.94917131449476,1641038.0,185.0,31.1
41,265,Treino,510.0,20.0,167.0,-1.3978846851643372,1641038.0,185.0,33.2
41,270,Treino,505.0,21.0,167.0,-0.0590094982380478,1641038.0,185.0,35.3
41,275,Treino,500.0,21.0,167.0,3.923382145562004,1641038.0,185.0,37.3
41,280,Treino,495.0,21.0,167.0,47.2845001173874,1641038.0,185.0,39.4
41,285,Treino,490.0,1.0,147.0,-1.9686965028123875,1641038.0,185.0,39.5
41,290,Treino,485.0,1.0,147.0,-2.0780056601200148,1641038.0,185.0,39.6
41,295,Treino,480.0,1.0,147.0,-1.8142903587038768,1641038.0,185.0,39.7
41,300,Treino,475.0,1.0,147.0,-1.02135047281325,1641038.0,185.0,39.8
41,305,Treino,470.0,1.0,147.0,0.9888715908434378,1641038.0,185.0,39.9
41,310,Treino,465.0,10.0,147.0,5.630814768561573,1641038.0,185.0,40.9
41,315,Treino,460.0,9.0,146.0,0.4072473404255121,1641038.0,185.0,41.8
41,320,Treino,455.0,9.0,146.0,-1.2411347517730391,1641038.0,185.0,42.7
41,325,Treino,450.0,9.0,146.0,-1.90048758865248,1641038.0,185.0,43.6
41,330,Treino,445.0,9.0,146.0,-2.085106382978723,1641038.0,185.0,44.5
41,335,Treino,440.0,9.0,146.0,-1.90048758865248,1641038.0,185.0,45.4
41,340,Treino,435.0,9.0,146.0,-1.2411347517730391,1641038.0,185.0,46.3
41,345,Treino,430.0,9.0,146.0,0.407247340425513,1641038.0,185.0,47.2
41,350,Treino,425.0,27.0,146.0,12.408131101140208,1641038.0,185.0,49.9
41,355,Treino,420.0,17.0,137.0,3.9929300549942974,1641038.0,185.0,52.5
41,360,Treino,415.0,17.0,137.0,-0.054129006084274,1641038.0,185.0,54.2
41,365,Treino,410.0,17.0,137.0,-1.422019471752458,1641038.0,185.0,55.9
41,370,Treino,405.0,17.0,137.0,-1.9667326655550308,1641038.0,185.0,57.6
41,375,Treino,400.0,17.0,137.0,-2.076843765748665,1641038.0,185.0,59.3
41,380,Treino,395.0,17.0,137.0,-1.813802627368392,1641038.0,185.0,61.0
41,385,Treino,390.0,17.0,137.0,-1.0218159587096367,1641038.0,185.0,62.7
41,390,Treino,385.0,17.0,137.0,0.9858728960756123,1641038.0,185.0,64.4
41,395,Treino,380.0,26.0,137.0,5.7804554633831735,1641038.0,185.0,67.0
41,400,Treino,375.0,9.0,120.0,1.7259530141844015,1641038.0,185.0,67.8
41,405,Treino,370.0,9.0,120.0,-0.7586145884018269,1641038.0,185.0,68.7
41,410,Treino,365.0,9.0,120.0,-1.7081763445626446,1641038.0,185.0,69.6
41,415,Treino,360.0,9.0,120.0,-2.0565662795080004,1641038.0,185.0,70.5
41,420,Treino,355.0,9.0,120.0,-2.02036992263056,1641038.0,185.0,71.4
41,425,Treino,350.0,9.0,120.0,-1.5796260477111557,1641038.0,185.0,72.3
41,430,Treino,345.0,22.0,120.0,1.3322177694555544,1641038.0,185.0,74.5
41,435,Treino,340.0,22.0,120.0,0.2222000752803556,1641038.0,185.0,76.7
41,440,Treino,335.0,22.0,120.0,-0.754123581795338,1641038.0,185.0,78.9
41,445,Treino,330.0,13.0,111.0,-1.8142903587038968,1641038.0,185.0,80.2
41,450,Treino,325.0,13.0,111.0,-2.078005660120022,1641038.0,185.0,81.5
41,455,Treino,320.0,13.0,111.0,-1.968696502812422,1641038.0,185.0,82.8
41,460,Treino,315.0,13.0,111.0,-1.4253656914893595,1641038.0,185.0,84.1
41,465,Treino,310.0,25.0,111.0,0.1180476133991486,1641038.0,185.0,86.6
41,470,Treino,305.0,25.0,111.0,0.3599854153256281,1641038.0,185.0,89.1
41,475,Treino,300.0,25.0,111.0,-0.370186650155194,1641038.0,185.0,91.6
41,480,Treino,295.0,12.0,98.0,-1.9004875886524817,1641038.0,185.0,92.8
41,485,Treino,290.0,12.0,98.0,-2.085106382978723,1641038.0,185.0,94.0
41,490,Treino,285.0,12.0,98.0,-1.900487588652481,1641038.0,185.0,95.2
41,495,Treino,280.0,12.0,98.0,-1.2411347517730456,1641038.0,185.0,96.4
41,500,Treino,275.0,24.0,98.0,0.6695432396080077,1641038.0,185.0,98.8
41,505,Treino,270.0,24.0,98.0,0.7290090895398276,1641038.0,185.0,101.2
41,510,Treino,265.0,12.0,86.0,-1.021350472813238,1641038.0,185.0,103.6
41,515,Treino,260.0,12.0,86.0,-1.8142903587038983,1641038.0,185.0,104.8
41,520,Treino,255.0,12.0,86.0,-2.0780056601200223,1641038.0,185.0,106.0
41,525,Treino,250.0,12.0,86.0,-1.9686965028124248,1641038.0,185.0,107.2
41,530,Treino,245.0,12.0,86.0,-1.4253656914893638,1641038.0,185.0,108.4
41,535,Treino,240.0,12.0,86.0,-0.0607548479888908,1641038.0,185.0,109.6
41,540,Treino,235.0,12.0,86.0,3.973746776273374,1641038.0,185.0,110.8
41,545,Treino,230.0,12.0,86.0,50.00000000000007,1641038.0,185.0,112.0
41,550,Treino,225.0,0.0,74.0,0.0,1641038.0,185.0,112.0
41,555,Treino,220.0,18.0,74.0,5.791962174940904,1641038.0,185.0,113.8
41,560,Treino,215.0,18.0,74.0,0.4072473404255374,1641038.0,185.0,115.6
41,565,Treino,210.0,18.0,74.0,-1.2411347517730524,1641038.0,185.0,117.4
41,570,Treino,205.0,18.0,74.0,-1.9004875886524824,1641038.0,185.0,119.2
41,575,Treino,200.0,18.0,74.0,-2.085106382978723,1641038.0,185.0,121.0
41,580,Treino,195.0,18.0,74.0,-1.900487588652483,1641038.0,185.0,122.8
41,585,Treino,190.0,18.0,74.0,-1.2411347517730478,1641038.0,185.0,124.6
41,590,Treino,185.0,18.0,74.0,0.4072473404255303,1641038.0,185.0,126.4
41,595,Treino,180.0,18.0,74.0,5.791962174940899,1641038.0,185.0,128.2
41,600,Treino,175.0,0.0,56.0,0.0,1641038.0,185.0,130.0
41,605,Treino,170.0,0.0,56.0,0.0,1641038.0,185.0,130.0
41,610,Treino,165.0,12.0,56.0,13.124339821940556,1641038.0,185.0,131.2
41,615,Treino,160.0,13.0,56.0,1.7735035553530158,1641038.0,185.0,132.5
41,620,Treino,155.0,13.0,56.0,-0.7345059618065002,1641038.0,185.0,133.8
41,625,Treino,150.0,13.0,56.0,-1.694455141318869,1641038.0,185.0,135.1
41,630,Treino,145.0,13.0,56.0,-2.048419976586415,1641038.0,185.0,136.4
41,635,Treino,140.0,13.0,56.0,-2.0162544326241125,1641038.0,185.0,137.7
41,640,Treino,135.0,13.0,56.0,-1.5799652322532551,1641038.0,185.0,139.0
41,645,Treino,130.0,15.0,56.0,-0.4835799720028824,1641038.0,185.0,140.5
41,650,Treino,125.0,15.0,56.0,2.3398186760300046,1641038.0,185.0,142.0
41,655,Treino,120.0,15.0,56.0,16.467910329268236,1641038.0,185.0,143.5
41,660,Treino,115.0,3.0,44.0,-1.7839007793784831,1641038.0,185.0,143.8
41,665,Treino,110.0,2.0,43.0,-2.085106382978723,1641038.0,185.0,144.0
41,670,Treino,105.0,2.0,43.0,-1.9004875886524768,1641038.0,185.0,144.2
41,675,Treino,100.0,2.0,43.0,-1.2411347517730555,1641038.0,185.0,144.4
41,680,Treino,95.0,2.0,43.0,0.4072473404255436,1641038.0,185.0,144.6
41,685,Treino,90.0,2.0,43.0,5.791962174940846,1641038.0,185.0,144.8
41,690,Treino,85.0,0.0,41.0,0.0,1641038.0,185.0,145.0
41,695,Treino,80.0,0.0,41.0,0.0,1641038.0,185.0,145.0
41,700,Treino,75.0,0.0,41.0,0.0,1641038.0,185.0,145.0
41,705,Treino,70.0,12.0,41.0,5.791962174940888,1641038.0,185.0,146.2
41,710,Treino,65.0,12.0,41.0,0.4072473404255339,1641038.0,185.0,147.4
41,715,Treino,60.0,12.0,41.0,-1.24113475177305,1641038.0,185.0,148.6
41,720,Treino,55.0,12.0,41.0,-1.9004875886524817,1641038.0,185.0,149.8
41,725,Treino,50.0,12.0,41.0,-2.085106382978723,1641038.0,185.0,151.0
41,730,Treino,45.0,25.0,41.0,-0.4885572351765708,1641038.0,185.0,153.5
41,735,Treino,40.0,26.0,41.0,-0.395537715871419,1641038.0,185.0,156.1
41,740,Treino,35.0,26.0,41.0,-0.7003290073770434,1641038.0,185.0,158.7
41,745,Treino,30.0,26.0,41.0,-0.7995076667327328,1641038.0,185.0,161.3
41,750,Treino,25.0,14.0,29.0,-2.014256389487434,1641038.0,185.0,163.9
41,755,Treino,20.0,14.0,29.0,-2.053296045714439,1641038.0,185.0,165.3
41,760,Treino,15.0,14.0,29.0,-1.707711955797433,1641038.0,185.0,166.7
41,765,Treino,10.0,14.0,29.0,-0.7628533803029796,1641038.0,185.0,168.1
41,770,Treino,5.0,14.0,29.0,1.7070750748298282,1641038.0,185.0,169.5
41,775,Treino,0.0,14.0,29.0,12.959349484330833,1641038.0,185.0,170.9
42,50,Treino,1682.0,8.0,188.0,9.836466584386253,1619418.0,188.0,8.0
42,55,Treino,1677.0,2.0,182.0,-0.3596428278579471,1619418.0,188.0,9.5
42,60,Treino,1672.0,-1.0,182.0,-0.5285169434338863,1619418.0,188.0,8.333333333333334
42,65,Treino,1667.0,5.0,182.0,-0.2666060991251955,1619418.0,188.0,9.25
42,70,Treino,1662.0,3.0,182.0,-0.5920237936494792,1619418.0,188.0,9.4
42,75,Treino,1657.0,-1.0,182.0,-0.6495674238579587,1619418.0,188.0,9.0
42,80,Treino,1652.0,0.0,182.0,-0.6295564768460573,1620136.0,188.0,8.571428571428571
42,85,Treino,1647.0,0.0,182.0,-0.6243356873996841,1621941.0,188.0,8.375
42,90,Treino,1642.0,3.0,182.0,-0.4536922792072242,1622312.0,188.0,8.777777777777779
42,95,Treino,1637.0,0.0,182.0,-0.5096953268936453,1623038.0,188.0,8.8
42,100,Treino,1632.0,-2.0,182.0,-0.4967730900485039,1623399.0,188.0,8.7
42,105,Treino,1627.0,-1.0,182.0,-0.2603621242596263,1624470.0,188.0,8.4
42,110,Treino,1622.0,0.0,182.0,0.066431514584512,1627711.0,188.0,8.4
42,115,Treino,1617.0,2.0,182.0,-0.1297770916300451,1628413.0,188.0,8.1
42,120,Treino,1612.0,-2.0,182.0,0.2605959043834351,1628413.0,188.0,7.9
42,125,Treino,1607.0,1.0,182.0,0.1728113922288758,1628413.0,188.0,8.1
42,130,Treino,1602.0,6.0,182.0,0.0951970840439275,1628413.0,188.0,8.7
42,135,Treino,1597.0,13.0,182.0,3.076622523775889,1628413.0,188.0,9.9
42,140,Treino,1592.0,12.0,182.0,0.025756763226421,1628413.0,188.0,10.5
42,145,Treino,1587.0,9.0,182.0,-1.2397558063719245,1628413.0,188.0,11.4
42,150,Treino,1582.0,8.0,182.0,-1.7282769655851518,1628413.0,188.0,12.5
42,155,Treino,1577.0,12.0,182.0,-1.84874838462606,1628413.0,188.0,13.5
42,160,Treino,1572.0,11.0,182.0,-1.579668708669204,1628413.0,188.0,14.7
42,165,Treino,1567.0,9.0,182.0,-0.8179908078720071,1628413.0,188.0,15.6
42,170,Treino,1562.0,11.0,182.0,0.7937396425298986,1628413.0,188.0,16.6
42,175,Treino,1557.0,10.0,182.0,6.198403081434387,1628413.0,188.0,17.5
42,180,Treino,1552.0,0.0,170.0,2.221797826864932,1628413.0,188.0,18.1
42,185,Treino,1547.0,0.0,170.0,2.3317328284967216,1628413.0,188.0,18.0
42,190,Treino,1542.0,3.0,170.0,2.632868140115213,1628413.0,188.0,18.3
42,195,Treino,1537.0,0.0,170.0,1.1168096949244417,1628413.0,188.0,18.3
42,200,Treino,1532.0,0.0,170.0,1.707556256019613,1628413.0,188.0,18.3
42,205,Treino,1527.0,0.0,170.0,2.4179580337273823,1628413.0,188.0,18.3
42,210,Treino,1522.0,0.0,170.0,2.868023197664772,1628413.0,188.0,18.3
42,215,Treino,1517.0,0.0,170.0,3.125132610361232,1628413.0,188.0,18.3
42,220,Treino,1512.0,0.0,170.0,3.4061513774578804,1628413.0,188.0,18.3
42,225,Treino,1507.0,-3.0,170.0,3.4061513774578787,1628413.0,188.0,18.3
42,230,Treino,1502.0,0.0,170.0,2.448310677698921,1628413.0,188.0,18.3
42,235,Treino,1497.0,0.0,170.0,2.8286921151438724,1628413.0,188.0,18.3
42,240,Treino,1492.0,2.0,170.0,2.418455035520669,1628413.0,188.0,18.2
42,245,Treino,1487.0,-1.0,170.0,3.000550776465195,1628413.0,188.0,18.3
42,250,Treino,1482.0,0.0,170.0,6.188829787234289,1628413.0,188.0,18.3
42,255,Treino,1477.0,0.0,170.0,4.3383989101527325,1628413.0,188.0,18.3
42,260,Treino,1472.0,0.0,170.0,3.0005507764651966,1628413.0,188.0,18.3
42,265,Treino,1467.0,1.0,170.0,2.082024453046244,1628413.0,188.0,18.4
42,270,Treino,1462.0,0.0,170.0,0.7071163288429552,1628413.0,188.0,18.4
42,275,Treino,1457.0,9.0,170.0,4.6045580594535895,1628413.0,188.0,19.3
42,280,Treino,1452.0,10.0,170.0,0.2526845632842902,1628413.0,188.0,20.3
42,285,Treino,1447.0,9.0,170.0,-1.2534824304583545,1628413.0,188.0,21.2
42,290,Treino,1442.0,9.0,170.0,-1.8691037597056768,1628413.0,188.0,21.9
42,295,Treino,1437.0,9.0,170.0,-2.026351909306653,1628413.0,188.0,22.7
42,300,Treino,1432.0,9.0,170.0,-1.80557216026292,1628413.0,188.0,23.6
42,305,Treino,1427.0,10.0,170.0,-1.1169661059441216,1628413.0,188.0,24.6
42,310,Treino,1422.0,9.0,170.0,0.5749216251268532,1628413.0,188.0,25.5
42,315,Treino,1417.0,7.0,170.0,6.236247510687166,1628413.0,188.0,26.3
42,320,Treino,1412.0,1.0,161.0,8.534487742830084,1628413.0,188.0,27.3
42,325,Treino,1407.0,0.0,161.0,8.534487742830086,1628413.0,188.0,27.3
42,330,Treino,1402.0,0.0,161.0,8.534487742830084,1628413.0,188.0,27.2
42,335,Treino,1397.0,0.0,161.0,12.378430693692382,1628413.0,188.0,27.2
42,340,Treino,1392.0,2.0,161.0,6.18882978723429,1628413.0,188.0,27.4
42,345,Treino,1387.0,0.0,161.0,5.161652619551836,1628413.0,188.0,27.4
42,350,Treino,1382.0,0.0,161.0,5.161652619551839,1628413.0,188.0,27.4
42,355,Treino,1377.0,0.0,161.0,6.18882978723429,1628413.0,188.0,27.3
42,360,Treino,1372.0,0.0,161.0,6.18882978723429,1628413.0,188.0,27.3
42,365,Treino,1367.0,1.0,161.0,4.298824533753451,1628413.0,188.0,27.4
42,370,Treino,1362.0,0.0,161.0,5.161652619551834,1628413.0,188.0,27.3
42,375,Treino,1357.0,0.0,161.0,5.161652619551839,1628413.0,188.0,27.3
42,380,Treino,1352.0,-1.0,161.0,3.649052358543768,1628413.0,188.0,27.3
42,385,Treino,1347.0,2.0,161.0,4.3383989101527325,1628413.0,188.0,27.5
42,390,Treino,1342.0,-1.0,161.0,6.188829787234287,1628413.0,188.0,27.3
42,395,Treino,1337.0,1.0,161.0,3.6490523585437664,1628413.0,188.0,27.4
42,400,Treino,1332.0,14.0,161.0,7.976431598977545,1628413.0,188.0,28.8
42,405,Treino,1327.0,14.0,161.0,0.9014156693560516,1628413.0,188.0,30.2
42,410,Treino,1322.0,14.0,161.0,-1.0402444594825089,1628413.0,188.0,31.6
42,415,Treino,1317.0,14.0,161.0,-1.8092062269225475,1628413.0,188.0,32.9
42,420,Treino,1312.0,14.0,161.0,-2.0577230971835747,1628413.0,188.0,34.3
42,425,Treino,1307.0,14.0,161.0,-1.932624237857824,1628413.0,188.0,35.7
42,430,Treino,1302.0,14.0,161.0,-1.3769310867489333,1628413.0,188.0,37.1
42,435,Treino,1297.0,14.0,161.0,0.0087175229795488,1628413.0,188.0,38.3
42,440,Treino,1292.0,14.0,161.0,4.0906540595924366,1628413.0,188.0,39.7
42,445,Treino,1287.0,14.0,161.0,50.00000000000003,1628413.0,188.0,41.0
42,450,Treino,1282.0,0.0,147.0,0.0,1628413.0,188.0,41.0
42,455,Treino,1277.0,0.0,147.0,0.0,1628413.0,188.0,41.0
42,460,Treino,1272.0,0.0,147.0,0.0,1628413.0,188.0,41.0
42,465,Treino,1267.0,0.0,147.0,0.0,1628413.0,188.0,41.0
42,470,Treino,1262.0,0.0,147.0,0.0,1628413.0,188.0,41.0
42,475,Treino,1257.0,0.0,147.0,0.0,1628413.0,188.0,41.0
42,480,Treino,1252.0,0.0,147.0,0.0,1628413.0,188.0,41.0
42,485,Treino,1247.0,0.0,147.0,0.0,1628413.0,188.0,41.0
42,490,Treino,1242.0,0.0,147.0,0.0,1628413.0,188.0,41.0
42,495,Treino,1237.0,11.0,147.0,13.124339821940566,1628413.0,188.0,42.1
42,500,Treino,1232.0,11.0,147.0,1.725953014184416,1628413.0,188.0,43.2
42,505,Treino,1227.0,11.0,147.0,-0.7586145884018372,1628413.0,188.0,44.3
42,510,Treino,1222.0,11.0,147.0,-1.708176344562652,1628413.0,188.0,45.4
42,515,Treino,1217.0,11.0,147.0,-2.056566279508001,1628413.0,188.0,46.5
42,520,Treino,1212.0,11.0,147.0,-2.020369922630562,1628413.0,188.0,47.6
42,525,Treino,1207.0,11.0,147.0,-1.5796260477111603,1628413.0,188.0,48.7
42,530,Treino,1202.0,11.0,147.0,-0.442970791340036,1628413.0,188.0,49.8
42,535,Treino,1197.0,11.0,147.0,2.684314695695223,1628413.0,188.0,50.9
42,540,Treino,1192.0,11.0,147.0,22.33072916666667,1628413.0,188.0,52.0
42,545,Treino,1187.0,0.0,136.0,0.0,1628413.0,188.0,52.0
42,550,Treino,1182.0,0.0,136.0,0.0,1628413.0,188.0,52.0
42,555,Treino,1177.0,0.0,136.0,0.0,1628413.0,188.0,52.0
42,560,Treino,1172.0,0.0,136.0,0.0,1628413.0,188.0,52.0
42,565,Treino,1167.0,0.0,136.0,0.0,1628413.0,188.0,52.0
42,570,Treino,1162.0,0.0,136.0,0.0,1628413.0,188.0,52.0
42,575,Treino,1157.0,8.0,136.0,50.0000000000001,1628413.0,188.0,52.8
42,580,Treino,1152.0,8.0,136.0,3.973746776273342,1628413.0,188.0,53.6
42,585,Treino,1147.0,8.0,136.0,-0.0607548479888739,1628413.0,188.0,54.4
42,590,Treino,1142.0,8.0,136.0,-1.425365691489363,1628413.0,188.0,55.2
42,595,Treino,1137.0,8.0,136.0,-1.968696502812428,1628413.0,188.0,56.0
42,600,Treino,1132.0,8.0,136.0,-2.0780056601200227,1628413.0,188.0,56.8
42,605,Treino,1127.0,8.0,136.0,-1.814290358703893,1628413.0,188.0,57.6
42,610,Treino,1122.0,8.0,136.0,-1.02135047281325,1628413.0,188.0,58.4
42,615,Treino,1117.0,8.0,136.0,0.9888715908435756,1628413.0,188.0,59.2
42,620,Treino,1112.0,8.0,136.0,8.534487742830796,1628413.0,188.0,60.0
42,625,Treino,1107.0,0.0,128.0,0.0,1628413.0,188.0,60.0
42,630,Treino,1102.0,0.0,128.0,0.0,1628413.0,188.0,60.0
42,635,Treino,1097.0,0.0,128.0,0.0,1628413.0,188.0,60.0
42,640,Treino,1092.0,0.0,128.0,0.0,1628413.0,188.0,60.0
42,645,Treino,1087.0,0.0,128.0,0.0,1628413.0,188.0,60.0
42,650,Treino,1082.0,0.0,128.0,0.0,1628413.0,188.0,60.0
42,655,Treino,1077.0,0.0,128.0,0.0,1628413.0,188.0,60.0
42,660,Treino,1072.0,0.0,128.0,0.0,1628413.0,188.0,60.0
42,665,Treino,1067.0,0.0,128.0,0.0,1628413.0,188.0,60.0
42,670,Treino,1062.0,8.0,128.0,5.791962174940911,1628413.0,188.0,60.8
42,675,Treino,1057.0,8.0,128.0,0.4072473404255436,1628413.0,188.0,61.6
42,680,Treino,1052.0,8.0,128.0,-1.2411347517730555,1628413.0,188.0,62.4
42,685,Treino,1047.0,8.0,128.0,-1.900487588652483,1628413.0,188.0,63.2
42,690,Treino,1042.0,8.0,128.0,-2.085106382978723,1628413.0,188.0,64.0
42,695,Treino,1037.0,8.0,128.0,-1.900487588652484,1628413.0,188.0,64.8
42,700,Treino,1032.0,8.0,128.0,-1.2411347517730555,1628413.0,188.0,65.6
42,705,Treino,1027.0,8.0,128.0,0.4072473404255436,1628413.0,188.0,66.4
42,710,Treino,1022.0,8.0,128.0,5.791962174940917,1628413.0,188.0,67.2
42,715,Treino,1017.0,0.0,120.0,0.0,1628413.0,188.0,68.0
42,720,Treino,1012.0,0.0,120.0,0.0,1628413.0,188.0,68.0
42,725,Treino,1007.0,0.0,120.0,0.0,1628413.0,188.0,68.0
42,730,Treino,1002.0,0.0,120.0,0.0,1628413.0,188.0,68.0
42,735,Treino,997.0,0.0,120.0,0.0,1628413.0,188.0,68.0
42,740,Treino,992.0,0.0,120.0,0.0,1628413.0,188.0,68.0
42,745,Treino,987.0,0.0,120.0,0.0,1628413.0,188.0,68.0
42,750,Treino,982.0,6.0,120.0,22.330729166666767,1628413.0,188.0,68.6
42,755,Treino,977.0,6.0,120.0,2.6843146956951847,1628413.0,188.0,69.2
42,760,Treino,972.0,6.0,120.0,-0.4429707913400476,1628413.0,188.0,69.8
42,765,Treino,967.0,6.0,120.0,-1.579626047711161,1628413.0,188.0,70.4
42,770,Treino,962.0,6.0,120.0,-2.020369922630561,1628413.0,188.0,71.0
42,775,Treino,957.0,6.0,120.0,-2.056566279508001,1628413.0,188.0,71.6
42,780,Treino,952.0,6.0,120.0,-1.7081763445626443,1628413.0,188.0,72.2
42,785,Treino,947.0,6.0,120.0,-0.7586145884018265,1628413.0,188.0,72.8
42,790,Treino,942.0,6.0,120.0,1.7259530141844213,1628413.0,188.0,73.4
42,795,Treino,937.0,6.0,120.0,13.124339821940566,1628413.0,188.0,74.0
42,800,Treino,932.0,0.0,114.0,0.0,1628413.0,188.0,74.0
42,805,Treino,927.0,0.0,115.0,13.124339821940383,1628413.0,188.0,74.0
42,810,Treino,922.0,0.0,115.0,13.124339821940383,1628413.0,188.0,74.0
42,815,Treino,917.0,0.0,115.0,13.124339821940389,1628413.0,188.0,74.0
42,820,Treino,912.0,0.0,115.0,13.124339821940383,1628413.0,188.0,74.0
42,825,Treino,907.0,10.0,115.0,8.368296590777177,1628413.0,188.0,75.0
42,830,Treino,902.0,10.0,115.0,0.96527193641373,1628413.0,188.0,76.0
42,835,Treino,897.0,10.0,115.0,-1.0245901529800556,1628413.0,188.0,77.0
42,840,Treino,892.0,10.0,115.0,-1.809981707145237,1628413.0,188.0,78.0
42,845,Treino,887.0,10.0,115.0,-2.0685243727053098,1628413.0,188.0,79.0
42,850,Treino,882.0,11.0,115.0,-1.9533718548423944,1628413.0,188.0,80.0
42,855,Treino,877.0,10.0,114.0,-1.4253656914893638,1628413.0,188.0,81.0
42,860,Treino,872.0,10.0,114.0,-0.0607548479888944,1628413.0,188.0,82.0
42,865,Treino,867.0,10.0,114.0,3.973746776273359,1628413.0,188.0,83.0
42,870,Treino,862.0,10.0,114.0,49.99999999999987,1628413.0,188.0,84.0
42,875,Treino,857.0,0.0,104.0,0.0,1628413.0,188.0,84.0
42,880,Treino,852.0,0.0,104.0,0.0,1628413.0,188.0,84.0
42,885,Treino,847.0,0.0,104.0,0.0,1628413.0,188.0,84.0
42,890,Treino,842.0,0.0,104.0,0.0,1628413.0,188.0,84.0
42,895,Treino,837.0,0.0,104.0,0.0,1628413.0,188.0,84.0
42,900,Treino,832.0,0.0,104.0,0.0,1628413.0,188.0,84.0
42,905,Treino,827.0,0.0,104.0,0.0,1628413.0,188.0,84.0
42,910,Treino,822.0,0.0,104.0,0.0,1628413.0,188.0,84.0
42,915,Treino,817.0,0.0,104.0,0.0,1628413.0,188.0,84.0
42,920,Treino,812.0,9.0,104.0,22.330729166666675,1628413.0,188.0,84.9
42,925,Treino,807.0,9.0,104.0,2.6843146956951847,1628413.0,188.0,85.8
42,930,Treino,802.0,9.0,104.0,-0.4429707913400471,1628413.0,188.0,86.7
42,935,Treino,797.0,9.0,104.0,-1.579626047711156,1628413.0,188.0,87.6
42,940,Treino,792.0,9.0,104.0,-2.020369922630559,1628413.0,188.0,88.5
42,945,Treino,787.0,9.0,104.0,-2.0565662795080004,1628413.0,188.0,89.4
42,950,Treino,782.0,9.0,104.0,-1.7081763445626434,1628413.0,188.0,90.3
42,955,Treino,777.0,9.0,104.0,-0.7586145884018252,1628413.0,188.0,91.2
42,960,Treino,772.0,9.0,104.0,1.7259530141844035,1628413.0,188.0,92.1
42,965,Treino,767.0,9.0,104.0,13.1243398219405,1628413.0,188.0,93.0
42,970,Treino,762.0,0.0,95.0,0.0,1628413.0,188.0,93.0
42,975,Treino,757.0,0.0,95.0,0.0,1628413.0,188.0,93.0
42,980,Treino,752.0,0.0,95.0,0.0,1628413.0,188.0,93.0
42,985,Treino,747.0,0.0,95.0,0.0,1628413.0,188.0,93.0
42,990,Treino,742.0,0.0,95.0,0.0,1628413.0,188.0,93.0
42,995,Treino,737.0,0.0,95.0,0.0,1628413.0,188.0,93.0
42,1000,Treino,732.0,0.0,95.0,0.0,1628413.0,188.0,93.0
42,1005,Treino,727.0,0.0,95.0,0.0,1628413.0,188.0,93.0
42,1010,Treino,722.0,0.0,95.0,0.0,1628413.0,188.0,93.0
42,1015,Treino,717.0,0.0,95.0,0.0,1628413.0,188.0,93.0
42,1020,Treino,712.0,9.0,95.0,13.124339821940502,1628413.0,188.0,93.9
42,1025,Treino,707.0,9.0,95.0,1.7259530141844015,1628413.0,188.0,94.8
42,1030,Treino,702.0,9.0,95.0,-0.7586145884018269,1628413.0,188.0,95.7
42,1035,Treino,697.0,9.0,95.0,-1.7081763445626446,1628413.0,188.0,96.6
42,1040,Treino,692.0,9.0,95.0,-2.0565662795080004,1628413.0,188.0,97.5
42,1045,Treino,687.0,9.0,95.0,-2.02036992263056,1628413.0,188.0,98.4
42,1050,Treino,682.0,9.0,95.0,-1.5796260477111557,1628413.0,188.0,99.3
42,1055,Treino,677.0,9.0,95.0,-0.4429707913400471,1628413.0,188.0,100.2
42,1060,Treino,672.0,9.0,95.0,2.684314695695188,1628413.0,188.0,101.1
42,1065,Treino,667.0,9.0,95.0,22.33072916666668,1628413.0,188.0,102.0
42,1070,Treino,662.0,0.0,86.0,0.0,1628413.0,188.0,102.0
42,1075,Treino,657.0,0.0,86.0,0.0,1628413.0,188.0,102.0
42,1080,Treino,652.0,0.0,86.0,0.0,1628413.0,188.0,102.0
42,1085,Treino,647.0,0.0,86.0,0.0,1628413.0,188.0,102.0
42,1090,Treino,642.0,12.0,86.0,5.791962174940888,1628413.0,188.0,103.2
42,1095,Treino,637.0,12.0,86.0,0.4072473404255241,1628413.0,188.0,104.4
42,1100,Treino,632.0,12.0,86.0,-1.2411347517730456,1628413.0,188.0,105.6
42,1105,Treino,627.0,12.0,86.0,-1.9004875886524817,1628413.0,188.0,106.8
42,1110,Treino,622.0,12.0,86.0,-2.085106382978723,1628413.0,188.0,108.0
42,1115,Treino,617.0,12.0,86.0,-1.900487588652481,1628413.0,188.0,109.2
42,1120,Treino,612.0,12.0,86.0,-1.2411347517730456,1628413.0,188.0,110.4
42,1125,Treino,607.0,12.0,86.0,0.407247340425525,1628413.0,188.0,111.6
42,1130,Treino,602.0,12.0,86.0,5.791962174940883,1628413.0,188.0,112.8
42,1135,Treino,597.0,0.0,74.0,0.0,1628413.0,188.0,114.0
42,1140,Treino,592.0,0.0,74.0,0.0,1628413.0,188.0,114.0
42,1145,Treino,587.0,0.0,74.0,0.0,1628413.0,188.0,114.0
42,1150,Treino,582.0,0.0,74.0,0.0,1628413.0,188.0,114.0
42,1155,Treino,577.0,0.0,74.0,0.0,1628413.0,188.0,114.0
42,1160,Treino,572.0,0.0,74.0,0.0,1628413.0,188.0,114.0
42,1165,Treino,567.0,0.0,75.0,50.00000000000087,1628413.0,188.0,114.0
42,1170,Treino,562.0,0.0,75.0,50.00000000000087,1628413.0,188.0,114.0
42,1175,Treino,557.0,0.0,75.0,50.00000000000087,1628413.0,188.0,114.0
42,1180,Treino,552.0,12.0,75.0,22.15443569347352,1628413.0,188.0,115.2
42,1185,Treino,547.0,12.0,75.0,2.67287972700132,1628413.0,188.0,116.4
42,1190,Treino,542.0,12.0,75.0,-0.4451119324514523,1628413.0,188.0,117.6
42,1195,Treino,537.0,12.0,75.0,-1.5791776321831077,1628413.0,188.0,118.8
42,1200,Treino,532.0,12.0,75.0,-2.018472850071236,1628413.0,188.0,120.0
42,1205,Treino,527.0,12.0,75.0,-2.0532320442636265,1628413.0,188.0,121.2
42,1210,Treino,522.0,12.0,75.0,-1.702665270771298,1628413.0,188.0,122.4
42,1215,Treino,517.0,12.0,74.0,-0.7586145884018265,1628413.0,188.0,123.6
42,1220,Treino,512.0,12.0,74.0,1.7259530141843935,1628413.0,188.0,124.8
42,1225,Treino,507.0,12.0,74.0,13.124339821940566,1628413.0,188.0,126.0
42,1230,Treino,502.0,0.0,62.0,0.0,1628413.0,188.0,126.0
42,1235,Treino,497.0,0.0,62.0,0.0,1628413.0,188.0,126.0
42,1240,Treino,492.0,0.0,62.0,0.0,1628413.0,188.0,126.0
42,1245,Treino,487.0,0.0,62.0,0.0,1628413.0,188.0,126.0
42,1250,Treino,482.0,0.0,62.0,0.0,1628413.0,188.0,126.0
42,1255,Treino,477.0,0.0,62.0,0.0,1628413.0,188.0,126.0
42,1260,Treino,472.0,12.0,62.0,22.33072916666669,1628413.0,188.0,127.2
42,1265,Treino,467.0,13.0,62.0,2.7141612943312152,1628413.0,188.0,128.5
42,1270,Treino,462.0,12.0,62.0,-0.4313869754481332,1628413.0,188.0,129.7
42,1275,Treino,457.0,13.0,62.0,-1.5683828771218469,1628413.0,188.0,131.0
42,1280,Treino,452.0,12.0,62.0,-2.013501615050997,1628413.0,188.0,132.2
42,1285,Treino,447.0,12.0,62.0,-2.0524925768160074,1628413.0,188.0,133.4
42,1290,Treino,442.0,12.0,62.0,-1.706728740954842,1628413.0,188.0,134.6
42,1295,Treino,437.0,12.0,62.0,-0.7613951755231092,1628413.0,188.0,135.8
42,1300,Treino,432.0,12.0,62.0,1.7101264948551336,1628413.0,188.0,137.0
42,1305,Treino,427.0,12.0,62.0,12.97678348996769,1628413.0,188.0,138.2
42,1310,Treino,422.0,0.0,50.0,22.33072916666676,1628413.0,188.0,138.2
42,1315,Treino,417.0,0.0,50.0,49.99999999999929,1628413.0,188.0,138.1
42,1320,Treino,412.0,0.0,50.0,49.99999999999929,1628413.0,188.0,138.1
42,1325,Treino,407.0,0.0,50.0,0.0,1628413.0,188.0,138.0
42,1330,Treino,402.0,0.0,50.0,0.0,1628413.0,188.0,138.0
42,1335,Treino,397.0,0.0,50.0,49.99999999999932,1628413.0,188.0,138.0
42,1340,Treino,392.0,12.0,50.0,13.046114400285967,1628413.0,188.0,139.2
42,1345,Treino,387.0,12.0,50.0,1.756235980973365,1628413.0,188.0,140.4
42,1350,Treino,382.0,13.0,50.0,-0.7306335272792412,1628413.0,188.0,141.7
42,1355,Treino,377.0,12.0,50.0,-1.6861002895299022,1628413.0,188.0,142.9
42,1360,Treino,372.0,13.0,50.0,-2.038596373798633,1628413.0,188.0,144.2
42,1365,Treino,367.0,12.0,50.0,-2.00696955819757,1628413.0,188.0,145.4
42,1370,Treino,362.0,13.0,50.0,-1.573733779294174,1628413.0,188.0,146.7
42,1375,Treino,357.0,12.0,50.0,-0.4560169495687733,1628413.0,188.0,147.9
42,1380,Treino,352.0,13.0,50.0,2.587047056694505,1628413.0,188.0,149.2
42,1385,Treino,347.0,12.0,50.0,20.418797728272807,1628413.0,188.0,150.4
42,1390,Treino,342.0,1.0,38.0,-2.085106382978723,1628413.0,188.0,150.5
42,1395,Treino,337.0,-1.0,38.0,-2.085106382978723,1628413.0,188.0,150.5
42,1400,Treino,332.0,1.0,38.0,-2.085106382978723,1628413.0,188.0,150.5
42,1405,Treino,327.0,-1.0,38.0,-2.085106382978723,1628413.0,188.0,150.5
42,1410,Treino,322.0,1.0,38.0,-2.085106382978723,1628413.0,188.0,150.5
42,1415,Treino,317.0,-1.0,38.0,-2.085106382978723,1628413.0,188.0,150.5
42,1420,Treino,312.0,1.0,38.0,-2.085106382978723,1628413.0,188.0,150.5
42,1425,Treino,307.0,-1.0,38.0,-2.085106382978723,1628413.0,188.0,150.5
42,1430,Treino,302.0,1.0,38.0,-2.085106382978723,1628413.0,188.0,150.5
42,1435,Treino,297.0,5.0,38.0,6.50078074018243,1628413.0,188.0,151.1
42,1440,Treino,292.0,6.0,38.0,0.6940142832242735,1628413.0,188.0,151.6
42,1445,Treino,287.0,5.0,38.0,-1.0708347709545962,1628413.0,188.0,152.2
42,1450,Treino,282.0,6.0,38.0,-1.787724678297521,1628413.0,188.0,152.7
42,1455,Treino,277.0,5.0,38.0,-2.012730085520979,1628413.0,188.0,153.3
42,1460,Treino,272.0,6.0,38.0,-1.8774286660776247,1628413.0,188.0,153.8
42,1465,Treino,267.0,5.0,38.0,-1.2995055676150211,1628413.0,188.0,154.4
42,1470,Treino,262.0,6.0,38.0,0.1112966947927107,1628413.0,188.0,154.9
42,1475,Treino,257.0,5.0,38.0,4.291064597201803,1628413.0,188.0,155.5
42,1480,Treino,252.0,6.0,38.0,50.00000000000007,1628413.0,188.0,156.0
42,1485,Treino,247.0,0.0,32.0,0.0,1628413.0,188.0,156.0
42,1490,Treino,242.0,0.0,32.0,0.0,1628413.0,188.0,156.0
42,1495,Treino,237.0,0.0,32.0,0.0,1628413.0,188.0,156.0
42,1500,Treino,232.0,8.0,32.0,50.0,1628413.0,188.0,156.8
42,1505,Treino,227.0,8.0,32.0,4.053956978685148,1628413.0,188.0,157.6
42,1510,Treino,222.0,8.0,32.0,-0.034945942697341,1628413.0,188.0,158.4
42,1515,Treino,217.0,8.0,32.0,-1.4129182715251418,1628413.0,188.0,159.2
42,1520,Treino,212.0,8.0,32.0,-1.9618015625363407,1628413.0,188.0,160.0
42,1525,Treino,207.0,8.0,32.0,-2.07439421926472,1628413.0,188.0,160.8
42,1530,Treino,202.0,8.0,32.0,-1.813589852043252,1628413.0,188.0,161.6
42,1535,Treino,197.0,8.0,32.0,-1.0249984779161232,1628413.0,188.0,162.4
42,1540,Treino,192.0,8.0,32.0,0.9734570749412236,1628413.0,188.0,163.2
42,1545,Treino,187.0,8.0,32.0,8.43806372114873,1628413.0,188.0,164.0
42,1550,Treino,182.0,1.0,25.0,50.00000000000013,1628413.0,188.0,164.0
42,1555,Treino,177.0,0.0,24.0,0.0,1628413.0,188.0,164.0
42,1560,Treino,172.0,0.0,24.0,0.0,1628413.0,188.0,164.0
42,1565,Treino,167.0,0.0,24.0,0.0,1628413.0,188.0,164.0
42,1570,Treino,162.0,7.0,24.0,13.12433982194053,1628413.0,188.0,164.7
42,1575,Treino,157.0,7.0,24.0,1.7259530141843946,1628413.0,188.0,165.4
42,1580,Treino,152.0,7.0,24.0,-0.7586145884018234,1628413.0,188.0,166.1
42,1585,Treino,147.0,7.0,24.0,-1.708176344562647,1628413.0,188.0,166.8
42,1590,Treino,142.0,7.0,24.0,-2.056566279508,1628413.0,188.0,167.5
42,1595,Treino,137.0,7.0,24.0,-2.020369922630561,1628413.0,188.0,168.2
42,1600,Treino,132.0,7.0,24.0,-1.579626047711153,1628413.0,188.0,168.9
42,1605,Treino,127.0,7.0,24.0,-0.4429707913400533,1628413.0,188.0,169.6
42,1610,Treino,122.0,7.0,24.0,2.6843146956952,1628413.0,188.0,170.3
42,1615,Treino,117.0,7.0,24.0,22.33072916666664,1628413.0,188.0,171.0
42,1620,Treino,112.0,0.0,17.0,0.0,1628413.0,188.0,171.0
42,1625,Treino,107.0,0.0,17.0,0.0,1628413.0,188.0,171.0
42,1630,Treino,102.0,0.0,17.0,0.0,1628413.0,188.0,171.0
42,1635,Treino,97.0,0.0,17.0,0.0,1628413.0,188.0,171.0
42,1640,Treino,92.0,0.0,17.0,0.0,1628413.0,188.0,171.0
42,1645,Treino,87.0,6.0,17.0,5.791962174940888,1628413.0,188.0,171.6
42,1650,Treino,82.0,6.0,17.0,0.4072473404255339,1628413.0,188.0,172.2
42,1655,Treino,77.0,6.0,17.0,-1.24113475177305,1628413.0,188.0,172.8
42,1660,Treino,72.0,6.0,17.0,-1.900487588652482,1628413.0,188.0,173.4
42,1665,Treino,67.0,6.0,17.0,-2.085106382978723,1628413.0,188.0,174.0
42,1670,Treino,62.0,6.0,17.0,-1.9004875886524828,1628413.0,188.0,174.6
42,1675,Treino,57.0,6.0,17.0,-1.2411347517730509,1628413.0,188.0,175.2
42,1680,Treino,52.0,6.0,17.0,0.4072473404255325,1628413.0,188.0,175.8
42,1685,Treino,47.0,6.0,17.0,5.791962174940899,1628413.0,188.0,176.4
42,1690,Treino,42.0,0.0,11.0,0.0,1628413.0,188.0,177.0
42,1695,Treino,37.0,0.0,11.0,0.0,1628413.0,188.0,177.0
42,1700,Treino,32.0,0.0,11.0,0.0,1628413.0,188.0,177.0
42,1705,Treino,27.0,0.0,11.0,0.0,1628413.0,188.0,177.0
42,1710,Treino,22.0,0.0,11.0,0.0,1628413.0,188.0,177.0
42,1715,Treino,17.0,0.0,11.0,0.0,1628413.0,188.0,177.0
42,1720,Treino,12.0,0.0,11.0,0.0,1628413.0,188.0,177.0
42,1725,Treino,7.0,0.0,11.0,0.0,1628413.0,188.0,177.0
42,1730,Treino,2.0,0.0,11.0,0.0,1628413.0,188.0,177.0
43,50,Treino,1130.0,0.0,182.0,37.00836202956943,1653681.0,182.0,6.0
43,55,Treino,1125.0,0.0,182.0,50.000000000000256,1654405.0,182.0,6.0
43,60,Treino,1120.0,0.0,182.0,50.000000000000256,1654405.0,182.0,6.0
43,65,Treino,1115.0,0.0,182.0,50.00000000000024,1654405.0,182.0,6.0
43,70,Treino,1110.0,0.0,182.0,50.00000000000024,1654405.0,182.0,6.0
43,75,Treino,1105.0,0.0,182.0,50.00000000000024,1654405.0,182.0,6.0
43,80,Treino,1100.0,0.0,182.0,50.00000000000024,1654405.0,182.0,6.0
43,85,Treino,1095.0,-5.0,182.0,50.00000000000024,1654405.0,182.0,6.0
43,90,Treino,1090.0,0.0,182.0,0.0,1656200.0,182.0,6.0
43,95,Treino,1085.0,0.0,182.0,0.0,1656200.0,182.0,6.0
43,100,Treino,1080.0,6.0,182.0,22.330729166666515,1656200.0,182.0,6.6
43,105,Treino,1075.0,6.0,182.0,2.6843146956951847,1656200.0,182.0,7.2
43,110,Treino,1070.0,6.0,182.0,-0.4429707913400476,1656200.0,182.0,7.8
43,115,Treino,1065.0,6.0,182.0,-1.5796260477111457,1656200.0,182.0,8.4
43,120,Treino,1060.0,6.0,182.0,-2.020369922630556,1656200.0,182.0,9.0
43,125,Treino,1055.0,6.0,182.0,-2.056566279507998,1656200.0,182.0,9.6
43,130,Treino,1050.0,6.0,182.0,-1.7081763445626443,1656200.0,182.0,10.2
43,135,Treino,1045.0,6.0,182.0,-0.7586145884018265,1656200.0,182.0,10.8
43,140,Treino,1040.0,6.0,182.0,1.7259530141843695,1656200.0,182.0,11.4
43,145,Treino,1035.0,6.0,182.0,12.832164831972722,1656200.0,182.0,12.0
43,150,Treino,1030.0,0.0,176.0,49.9999999999978,1656200.0,182.0,12.0
43,155,Treino,1025.0,0.0,176.0,49.9999999999978,1656200.0,182.0,12.0
43,160,Treino,1020.0,0.0,176.0,49.9999999999978,1656200.0,182.0,12.0
43,165,Treino,1015.0,0.0,176.0,49.9999999999978,1656200.0,182.0,12.0
43,170,Treino,1010.0,0.0,176.0,49.99999999999781,1656200.0,182.0,12.0
43,175,Treino,1005.0,0.0,176.0,49.99999999999781,1656200.0,182.0,12.0
43,180,Treino,1000.0,0.0,176.0,49.99999999999781,1656200.0,182.0,12.0
43,185,Treino,995.0,0.0,176.0,49.99999999999781,1656200.0,182.0,12.0
43,190,Treino,990.0,11.0,176.0,5.760378577193276,1656200.0,182.0,13.1
43,195,Treino,985.0,11.0,176.0,0.4072473404255499,1656200.0,182.0,14.2
43,200,Treino,980.0,11.0,176.0,-1.2411347517730569,1656200.0,182.0,15.3
43,205,Treino,975.0,11.0,176.0,-1.900487588652484,1656200.0,182.0,16.4
43,210,Treino,970.0,11.0,176.0,-2.085106382978723,1656200.0,182.0,17.5
43,215,Treino,965.0,11.0,176.0,-1.900487588652484,1656200.0,182.0,18.6
43,220,Treino,960.0,11.0,176.0,-1.2411347517730584,1656200.0,182.0,19.7
43,225,Treino,955.0,11.0,176.0,0.4072473404255508,1656200.0,182.0,20.8
43,230,Treino,950.0,11.0,176.0,5.79196217494091,1656200.0,182.0,21.9
43,235,Treino,945.0,0.0,165.0,0.0,1656200.0,182.0,23.0
43,240,Treino,940.0,0.0,165.0,0.0,1656200.0,182.0,23.0
43,245,Treino,935.0,0.0,165.0,0.0,1656200.0,182.0,23.0
43,250,Treino,930.0,0.0,165.0,0.0,1656200.0,182.0,23.0
43,255,Treino,925.0,0.0,165.0,0.0,1656200.0,182.0,23.0
43,260,Treino,920.0,0.0,165.0,0.0,1656200.0,182.0,23.0
43,265,Treino,915.0,0.0,165.0,0.0,1656200.0,182.0,23.0
43,270,Treino,910.0,0.0,165.0,0.0,1656200.0,182.0,23.0
43,275,Treino,905.0,0.0,165.0,0.0,1656200.0,182.0,23.0
43,280,Treino,900.0,0.0,165.0,0.0,1656200.0,182.0,23.0
43,285,Treino,895.0,10.0,165.0,8.534487742830652,1656200.0,182.0,24.0
43,290,Treino,890.0,10.0,165.0,0.988871590843546,1656200.0,182.0,25.0
43,295,Treino,885.0,10.0,165.0,-1.021350472813249,1656200.0,182.0,26.0
43,300,Treino,880.0,10.0,165.0,-1.8142903587039023,1656200.0,182.0,27.0
43,305,Treino,875.0,10.0,165.0,-2.0780056601200227,1656200.0,182.0,28.0
43,310,Treino,870.0,10.0,165.0,-1.9686965028124204,1656200.0,182.0,29.0
43,315,Treino,865.0,10.0,165.0,-1.4253656914893538,1656200.0,182.0,30.0
43,320,Treino,860.0,10.0,165.0,-0.0607548479888726,1656200.0,182.0,31.0
43,325,Treino,855.0,10.0,165.0,3.9737467762734138,1656200.0,182.0,32.0
43,330,Treino,850.0,10.0,165.0,50.00000000000024,1656200.0,182.0,33.0
43,335,Treino,845.0,0.0,155.0,0.0,1656200.0,182.0,33.0
43,340,Treino,840.0,0.0,155.0,0.0,1656200.0,182.0,33.0
43,345,Treino,835.0,8.0,155.0,50.0000000000001,1656200.0,182.0,33.8
43,350,Treino,830.0,8.0,155.0,3.973746776273342,1656200.0,182.0,34.6
43,355,Treino,825.0,8.0,155.0,-0.0607548479888739,1656200.0,182.0,35.4
43,360,Treino,820.0,8.0,155.0,-1.425365691489363,1656200.0,182.0,36.2
43,365,Treino,815.0,8.0,155.0,-1.968696502812428,1656200.0,182.0,37.0
43,370,Treino,810.0,8.0,155.0,-2.0780056601200227,1656200.0,182.0,37.8
43,375,Treino,805.0,8.0,155.0,-1.814290358703893,1656200.0,182.0,38.6
43,380,Treino,800.0,8.0,155.0,-1.02135047281325,1656200.0,182.0,39.4
43,385,Treino,795.0,8.0,155.0,0.9888715908435756,1656200.0,182.0,40.2
43,390,Treino,790.0,8.0,155.0,8.534487742830796,1656200.0,182.0,41.0
43,395,Treino,785.0,0.0,147.0,0.0,1656200.0,182.0,41.0
43,400,Treino,780.0,0.0,147.0,0.0,1656200.0,182.0,41.0
43,405,Treino,775.0,0.0,147.0,0.0,1656200.0,182.0,41.0
43,410,Treino,770.0,6.0,147.0,49.99999999999984,1656200.0,182.0,41.6
43,415,Treino,765.0,6.0,147.0,3.97374677627338,1656200.0,182.0,42.2
43,420,Treino,760.0,6.0,147.0,-0.0607548479888739,1656200.0,182.0,42.8
43,425,Treino,755.0,6.0,147.0,-1.4253656914893458,1656200.0,182.0,43.4
43,430,Treino,750.0,6.0,147.0,-1.968696502812428,1656200.0,182.0,44.0
43,435,Treino,745.0,6.0,147.0,-2.0780056601200214,1656200.0,182.0,44.6
43,440,Treino,740.0,6.0,147.0,-1.814290358703898,1656200.0,182.0,45.2
43,445,Treino,735.0,6.0,147.0,-1.02135047281325,1656200.0,182.0,45.8
43,450,Treino,730.0,6.0,147.0,0.988871590843532,1656200.0,182.0,46.4
43,455,Treino,725.0,6.0,147.0,8.534487742830798,1656200.0,182.0,47.0
43,460,Treino,720.0,0.0,141.0,0.0,1656200.0,182.0,47.0
43,465,Treino,715.0,7.0,141.0,5.791962174940965,1656200.0,182.0,47.7
43,470,Treino,710.0,7.0,141.0,0.4072473404255183,1656200.0,182.0,48.4
43,475,Treino,705.0,7.0,141.0,-1.241134751773043,1656200.0,182.0,49.1
43,480,Treino,700.0,7.0,141.0,-1.900487588652488,1656200.0,182.0,49.8
43,485,Treino,695.0,7.0,141.0,-2.085106382978723,1656200.0,182.0,50.5
43,490,Treino,690.0,7.0,141.0,-1.900487588652488,1656200.0,182.0,51.2
43,495,Treino,685.0,7.0,141.0,-1.2411347517730429,1656200.0,182.0,51.9
43,500,Treino,680.0,7.0,141.0,0.407247340425517,1656200.0,182.0,52.6
43,505,Treino,675.0,7.0,141.0,5.791962174940972,1656200.0,182.0,53.3
43,510,Treino,670.0,12.0,134.0,5.79196217494094,1656200.0,182.0,55.2
43,515,Treino,665.0,12.0,134.0,0.4072473404255241,1656200.0,182.0,56.4
43,520,Treino,660.0,12.0,134.0,-1.2411347517730456,1656200.0,182.0,57.6
43,525,Treino,655.0,12.0,134.0,-1.9004875886524863,1656200.0,182.0,58.8
43,530,Treino,650.0,12.0,134.0,-2.085106382978723,1656200.0,182.0,60.0
43,535,Treino,645.0,12.0,134.0,-1.900487588652481,1656200.0,182.0,61.2
43,540,Treino,640.0,12.0,134.0,-1.2411347517730456,1656200.0,182.0,62.4
43,545,Treino,635.0,12.0,134.0,0.407247340425525,1656200.0,182.0,63.6
43,550,Treino,630.0,12.0,134.0,5.791962174940883,1656200.0,182.0,64.8
43,555,Treino,625.0,0.0,122.0,0.0,1656200.0,182.0,66.0
43,560,Treino,620.0,0.0,122.0,0.0,1656200.0,182.0,66.0
43,565,Treino,615.0,12.0,122.0,8.534487742830734,1656200.0,182.0,67.2
43,570,Treino,610.0,12.0,122.0,0.9888715908435736,1656200.0,182.0,68.4
43,575,Treino,605.0,12.0,122.0,-1.021350472813238,1656200.0,182.0,69.6
43,580,Treino,600.0,12.0,122.0,-1.8142903587038983,1656200.0,182.0,70.8
43,585,Treino,595.0,12.0,122.0,-2.0780056601200223,1656200.0,182.0,72.0
43,590,Treino,590.0,12.0,122.0,-1.9686965028124248,1656200.0,182.0,73.2
43,595,Treino,585.0,12.0,122.0,-1.4253656914893638,1656200.0,182.0,74.4
43,600,Treino,580.0,12.0,122.0,-0.0607548479888908,1656200.0,182.0,75.6
43,605,Treino,575.0,12.0,122.0,3.973746776273374,1656200.0,182.0,76.8
43,610,Treino,570.0,12.0,122.0,50.00000000000007,1656200.0,182.0,78.0
43,615,Treino,565.0,0.0,110.0,0.0,1656200.0,182.0,78.0
43,620,Treino,560.0,0.0,110.0,0.0,1656200.0,182.0,78.0
43,625,Treino,555.0,0.0,110.0,0.0,1656200.0,182.0,78.0
43,630,Treino,550.0,9.0,110.0,8.53448774283072,1656200.0,182.0,78.9
43,635,Treino,545.0,9.0,110.0,0.9888715908435586,1656200.0,182.0,79.8
43,640,Treino,540.0,9.0,110.0,-1.0213504728132343,1656200.0,182.0,80.7
43,645,Treino,535.0,9.0,110.0,-1.8142903587038983,1656200.0,182.0,81.6
43,650,Treino,530.0,9.0,110.0,-2.0780056601200214,1656200.0,182.0,82.5
43,655,Treino,525.0,9.0,110.0,-1.968696502812424,1656200.0,182.0,83.4
43,660,Treino,520.0,9.0,110.0,-1.425365691489357,1656200.0,182.0,84.3
43,665,Treino,515.0,9.0,110.0,-0.0607548479888953,1656200.0,182.0,85.2
43,670,Treino,510.0,9.0,110.0,3.973746776273379,1656200.0,182.0,86.1
43,675,Treino,505.0,9.0,110.0,49.99999999999986,1656200.0,182.0,87.0
43,680,Treino,500.0,0.0,101.0,0.0,1656200.0,182.0,87.0
43,685,Treino,495.0,0.0,101.0,0.0,1656200.0,182.0,87.0
43,690,Treino,490.0,11.0,101.0,13.124339821940566,1656200.0,182.0,88.1
43,695,Treino,485.0,10.0,101.0,1.7923108678527455,1656200.0,182.0,89.1
43,700,Treino,480.0,10.0,101.0,-0.7244737560934236,1656200.0,182.0,90.1
43,705,Treino,475.0,10.0,101.0,-1.687942996166598,1656200.0,182.0,91.1
43,710,Treino,470.0,10.0,101.0,-2.040791926911906,1656200.0,182.0,92.1
43,715,Treino,465.0,11.0,101.0,-2.008220794163188,1656200.0,182.0,93.2
43,720,Treino,460.0,10.0,101.0,-1.5768620669203226,1656200.0,182.0,94.2
43,725,Treino,455.0,10.0,101.0,-0.4648928330109947,1656200.0,182.0,95.2
43,730,Treino,450.0,11.0,101.0,2.54536076229563,1656200.0,182.0,96.3
43,735,Treino,445.0,10.0,101.0,20.222471213715032,1656200.0,182.0,97.3
43,740,Treino,440.0,1.0,91.0,-0.060754847988873,1656200.0,182.0,97.3
43,745,Treino,435.0,1.0,91.0,-1.0213504728132503,1656200.0,182.0,97.4
43,750,Treino,430.0,1.0,91.0,-1.579626047711176,1656200.0,182.0,97.5
43,755,Treino,425.0,0.0,91.0,-1.9686965028124284,1656200.0,182.0,97.5
43,760,Treino,420.0,5.0,91.0,4.056269657141905,1656200.0,182.0,98.0
43,765,Treino,415.0,5.0,91.0,0.0991227334137283,1656200.0,182.0,98.4
43,770,Treino,410.0,5.0,91.0,-1.2829935627796127,1656200.0,182.0,98.9
43,775,Treino,405.0,4.0,91.0,-1.846370960461544,1656200.0,182.0,99.4
43,780,Treino,400.0,5.0,91.0,-1.983132717446188,1656200.0,182.0,99.8
43,785,Treino,395.0,5.0,91.0,-1.743244327819212,1656200.0,182.0,100.3
43,790,Treino,390.0,4.0,91.0,-1.0318489339340626,1656200.0,182.0,100.7
43,795,Treino,385.0,5.0,91.0,0.7044534476444855,1656200.0,182.0,101.1
43,800,Treino,380.0,4.0,91.0,6.270541179121773,1656200.0,182.0,101.5
43,805,Treino,375.0,0.0,86.0,0.0,1656200.0,182.0,102.0
43,810,Treino,370.0,0.0,86.0,0.0,1656200.0,182.0,102.0
43,815,Treino,365.0,0.0,86.0,0.0,1656200.0,182.0,102.0
43,820,Treino,360.0,12.0,86.0,5.791962174940888,1656200.0,182.0,103.2
43,825,Treino,355.0,12.0,86.0,0.4072473404255241,1656200.0,182.0,104.4
43,830,Treino,350.0,12.0,86.0,-1.2411347517730456,1656200.0,182.0,105.6
43,835,Treino,345.0,12.0,86.0,-1.9004875886524817,1656200.0,182.0,106.8
43,840,Treino,340.0,12.0,86.0,-2.085106382978723,1656200.0,182.0,108.0
43,845,Treino,335.0,12.0,86.0,-1.900487588652481,1656200.0,182.0,109.2
43,850,Treino,330.0,12.0,86.0,-1.2411347517730456,1656200.0,182.0,110.4
43,855,Treino,325.0,12.0,86.0,0.407247340425525,1656200.0,182.0,111.6
43,860,Treino,320.0,12.0,86.0,5.791962174940883,1656200.0,182.0,112.8
43,865,Treino,315.0,15.0,74.0,13.12433982194052,1656200.0,182.0,115.5
43,870,Treino,310.0,13.0,74.0,1.8569938389908405,1656200.0,182.0,116.8
43,875,Treino,305.0,15.0,74.0,-0.6992803508900809,1656200.0,182.0,118.3
43,880,Treino,300.0,15.0,74.0,-1.6741053122627398,1656200.0,182.0,119.8
43,885,Treino,295.0,15.0,74.0,-2.0356800701905886,1656200.0,182.0,121.3
43,890,Treino,290.0,15.0,74.0,-2.010094524745681,1656200.0,182.0,122.8
43,895,Treino,285.0,15.0,74.0,-1.581383350155065,1656200.0,182.0,124.3
43,900,Treino,280.0,15.0,74.0,-0.4678059003098127,1656200.0,182.0,125.8
43,905,Treino,275.0,15.0,74.0,2.56680727849544,1656200.0,182.0,127.3
43,910,Treino,270.0,15.0,74.0,20.659067379505704,1656200.0,182.0,128.8
43,915,Treino,265.0,6.0,61.0,15.085968192770096,1656200.0,182.0,129.4
43,920,Treino,260.0,7.0,60.0,2.4961330611839205,1656200.0,182.0,130.2
43,925,Treino,255.0,6.0,60.0,-0.4693542938805946,1656200.0,182.0,130.8
43,930,Treino,250.0,7.0,60.0,-1.5719384470235076,1656200.0,182.0,131.4
43,935,Treino,245.0,6.0,60.0,-2.003792287970767,1656200.0,182.0,132.0
43,940,Treino,240.0,6.0,60.0,-2.0293066057089257,1656200.0,182.0,132.6
43,945,Treino,235.0,6.0,60.0,-1.6651556069958866,1656200.0,182.0,133.2
43,950,Treino,230.0,7.0,60.0,-0.6847621607094889,1656200.0,182.0,133.8
43,955,Treino,225.0,6.0,59.0,1.7259530141843935,1656200.0,182.0,134.4
43,960,Treino,220.0,12.0,59.0,7.821545088325616,1656200.0,182.0,135.6
43,965,Treino,215.0,6.0,53.0,2.6843146956951847,1656200.0,182.0,136.2
43,970,Treino,210.0,6.0,53.0,-0.4429707913400476,1656200.0,182.0,136.8
43,975,Treino,205.0,6.0,53.0,-1.579626047711153,1656200.0,182.0,137.4
43,980,Treino,200.0,6.0,53.0,-2.020369922630561,1656200.0,182.0,138.0
43,985,Treino,195.0,6.0,53.0,-2.056566279508,1656200.0,182.0,138.6
43,990,Treino,190.0,6.0,53.0,-1.7081763445626443,1656200.0,182.0,139.2
43,995,Treino,185.0,6.0,53.0,-0.7586145884018265,1656200.0,182.0,139.8
43,1000,Treino,180.0,6.0,53.0,1.7259530141843935,1656200.0,182.0,140.4
43,1005,Treino,175.0,6.0,53.0,13.124339821940566,1656200.0,182.0,141.0
43,1010,Treino,170.0,0.0,47.0,0.0,1656200.0,182.0,141.0
43,1015,Treino,165.0,0.0,47.0,0.0,1656200.0,182.0,141.0
43,1020,Treino,160.0,10.0,47.0,49.99999999999994,1656200.0,182.0,142.0
43,1025,Treino,155.0,9.0,47.0,4.261129533934726,1656200.0,182.0,142.9
43,1030,Treino,150.0,9.0,47.0,0.1894322867913018,1656200.0,182.0,143.8
43,1035,Treino,145.0,9.0,47.0,-1.2466724865113277,1656200.0,182.0,144.7
43,1040,Treino,140.0,9.0,47.0,-1.8512947960264363,1656200.0,182.0,145.6
43,1045,Treino,135.0,9.0,47.0,-1.995356267149709,1656200.0,182.0,146.5
43,1050,Treino,130.0,9.0,47.0,-1.7682189560756536,1656200.0,182.0,147.4
43,1055,Treino,125.0,9.0,47.0,-1.033970450802968,1656200.0,182.0,148.3
43,1060,Treino,120.0,9.0,47.0,0.808134999994345,1656200.0,182.0,149.2
43,1065,Treino,115.0,9.0,47.0,7.206104264324761,1656200.0,182.0,150.1
43,1070,Treino,110.0,-2.0,38.0,6.189672006763709,1656200.0,182.0,150.0
43,1075,Treino,105.0,8.0,38.0,5.576573581560284,1656200.0,182.0,150.9
43,1080,Treino,100.0,9.0,38.0,0.4247883972667257,1656200.0,182.0,151.8
43,1085,Treino,95.0,9.0,38.0,-1.22180953641486,1656200.0,182.0,152.7
43,1090,Treino,90.0,9.0,38.0,-1.8829270942786047,1656200.0,182.0,153.6
43,1095,Treino,85.0,9.0,38.0,-2.068979311113801,1656200.0,182.0,154.5
43,1100,Treino,80.0,9.0,38.0,-1.8835801094142188,1656200.0,182.0,155.4
43,1105,Treino,75.0,9.0,38.0,-1.2205572374607945,1656200.0,182.0,156.3
43,1110,Treino,70.0,9.0,38.0,0.4170747026559334,1656200.0,182.0,157.2
43,1115,Treino,65.0,9.0,38.0,5.789869052656879,1656200.0,182.0,158.1
43,1120,Treino,60.0,0.0,29.0,22.33072916666676,1656200.0,182.0,159.0
43,1125,Treino,55.0,0.0,29.0,22.33072916666676,1656200.0,182.0,159.0
43,1130,Treino,50.0,0.0,29.0,0.0,1656200.0,182.0,159.0
43,1135,Treino,45.0,13.0,29.0,22.485274961296952,1656200.0,182.0,160.3
43,1140,Treino,40.0,14.0,29.0,2.704651535859665,1656200.0,182.0,161.7
43,1145,Treino,35.0,14.0,29.0,-0.4354720816096149,1656200.0,182.0,163.1
43,1150,Treino,30.0,14.0,29.0,-1.57580069332737,1656200.0,182.0,164.5
43,1155,Treino,25.0,14.0,29.0,-2.018192224212257,1656200.0,182.0,165.9
43,1160,Treino,20.0,14.0,29.0,-2.0554278366822745,1656200.0,182.0,167.3
43,1165,Treino,15.0,14.0,29.0,-1.7080358143610976,1656200.0,182.0,168.7
43,1170,Treino,10.0,14.0,29.0,-0.7601218596662038,1656200.0,182.0,170.1
43,1175,Treino,5.0,14.0,29.0,1.71934746110838,1656200.0,182.0,171.5
43,1180,Treino,0.0,14.0,29.0,13.0668771403347,1656200.0,182.0,172.9
44,50,Treino,1106.0,9.0,185.0,16.263252044994264,1518176.0,185.0,12.0
44,55,Treino,1101.0,-1.0,176.0,-0.7432420050977147,1518176.0,185.0,13.0
44,60,Treino,1096.0,-3.0,176.0,-0.8305251744744586,1518176.0,185.0,13.0
44,65,Treino,1091.0,2.0,176.0,-0.9973953032459124,1518176.0,185.0,13.75
44,70,Treino,1086.0,1.0,176.0,-0.8924733123727391,1518176.0,185.0,14.0
44,75,Treino,1081.0,-1.0,176.0,-0.9681882477750928,1518176.0,185.0,13.833333333333334
44,80,Treino,1076.0,1.0,176.0,-0.8778510223662348,1518176.0,185.0,13.857142857142858
44,85,Treino,1071.0,7.0,176.0,1.2614256946752862,1518176.0,185.0,14.5
44,90,Treino,1066.0,5.0,176.0,0.2920277499886992,1518176.0,185.0,15.0
44,95,Treino,1061.0,5.0,176.0,-0.6558044887511145,1518176.0,185.0,15.2
44,100,Treino,1056.0,5.0,176.0,-1.0227050365856258,1518176.0,185.0,15.8
44,105,Treino,1051.0,4.0,176.0,-1.121386145137107,1518176.0,185.0,16.2
44,110,Treino,1046.0,3.0,176.0,-1.0043869597219053,1518176.0,185.0,16.7
44,115,Treino,1041.0,2.0,175.0,-0.784075574969211,1518176.0,185.0,16.8
44,120,Treino,1036.0,2.0,175.0,0.149383171830562,1518176.0,185.0,17.0
44,125,Treino,1031.0,3.0,175.0,2.20701661656022,1518176.0,185.0,17.4
44,130,Treino,1026.0,4.0,175.0,8.026388915587066,1518176.0,185.0,17.7
44,135,Treino,1021.0,-2.0,171.0,0.8728637342692922,1518176.0,185.0,17.5
44,140,Treino,1016.0,0.0,171.0,1.6496126039241448,1518176.0,185.0,17.4
44,145,Treino,1011.0,0.0,171.0,0.7859042553191871,1518176.0,185.0,17.4
44,150,Treino,1006.0,2.0,171.0,0.7859042553191866,1518176.0,185.0,17.5
44,155,Treino,1001.0,0.0,171.0,0.945097945588982,1518176.0,185.0,17.5
44,160,Treino,996.0,6.0,171.0,2.8501225735777416,1518176.0,185.0,18.0
44,165,Treino,991.0,5.0,171.0,-0.1702883593448203,1518176.0,185.0,18.6
44,170,Treino,986.0,4.0,171.0,-1.0583733973126348,1518176.0,185.0,19.0
44,175,Treino,981.0,5.0,171.0,-1.4879496235269007,1518176.0,185.0,19.6
44,180,Treino,976.0,4.0,171.0,-1.589426408310484,1518176.0,185.0,20.0
44,185,Treino,971.0,4.0,171.0,-1.447253673434291,1518176.0,185.0,20.5
44,190,Treino,966.0,4.0,171.0,-0.8830030416800958,1518176.0,185.0,20.8
44,195,Treino,961.0,5.0,171.0,0.2366883293418151,1518176.0,185.0,21.4
44,200,Treino,956.0,6.0,171.0,3.045198273700267,1518176.0,185.0,21.8
44,205,Treino,951.0,-2.0,167.0,-1.228573795448139,1518176.0,185.0,22.1
44,210,Treino,946.0,-1.0,167.0,-1.2466690434129435,1518176.0,185.0,22.0
44,215,Treino,941.0,-2.0,167.0,-1.129010874690818,1518176.0,185.0,21.8
44,220,Treino,936.0,1.0,167.0,-0.7607970834767208,1518176.0,185.0,21.9
44,225,Treino,931.0,0.0,167.0,-0.3392552413335479,1518176.0,185.0,21.7
44,230,Treino,926.0,1.0,167.0,-0.5654886412750435,1518176.0,185.0,21.9
44,235,Treino,921.0,-2.0,167.0,-0.8608965931337336,1518176.0,185.0,21.8
44,240,Treino,916.0,-2.0,167.0,-0.9198951448191468,1518176.0,185.0,21.8
44,245,Treino,911.0,10.0,167.0,10.546967367359397,1518176.0,185.0,22.8
44,250,Treino,906.0,11.0,167.0,1.4465999276695245,1518176.0,185.0,23.8
44,255,Treino,901.0,10.0,167.0,-0.815464654765456,1518176.0,185.0,25.0
44,260,Treino,896.0,12.0,167.0,-1.7034601786883572,1518176.0,185.0,26.1
44,265,Treino,891.0,11.0,167.0,-2.025419444580088,1518176.0,185.0,27.3
44,270,Treino,886.0,11.0,167.0,-1.981064489979925,1518176.0,185.0,28.4
44,275,Treino,881.0,12.0,167.0,-1.5194058576771956,1518176.0,185.0,29.6
44,280,Treino,876.0,12.0,167.0,-0.3859450040125831,1518176.0,185.0,30.6
44,285,Treino,871.0,15.0,167.0,2.6390763157906862,1518176.0,185.0,32.1
44,290,Treino,866.0,15.0,167.0,16.021527559970025,1518176.0,185.0,33.6
44,295,Treino,861.0,3.0,155.0,-0.0607548479888739,1518176.0,185.0,33.9
44,300,Treino,856.0,3.0,155.0,-1.4253656914893809,1518176.0,185.0,34.2
44,305,Treino,851.0,3.0,155.0,-1.9686965028124144,1518176.0,185.0,34.5
44,310,Treino,846.0,3.0,155.0,-2.0780056601200214,1518176.0,185.0,34.8
44,315,Treino,841.0,3.0,155.0,-1.8142903587038777,1518176.0,185.0,35.1
44,320,Treino,836.0,3.0,155.0,-1.02135047281325,1518176.0,185.0,35.4
44,325,Treino,831.0,3.0,155.0,0.9888715908436172,1518176.0,185.0,35.7
44,330,Treino,826.0,3.0,155.0,8.534487742830555,1518176.0,185.0,36.0
44,335,Treino,821.0,0.0,152.0,0.0,1518176.0,185.0,36.0
44,340,Treino,816.0,12.0,152.0,5.79196217494094,1518176.0,185.0,37.2
44,345,Treino,811.0,12.0,152.0,0.4072473404255241,1518176.0,185.0,38.4
44,350,Treino,806.0,12.0,152.0,-1.2411347517730456,1518176.0,185.0,39.6
44,355,Treino,801.0,12.0,152.0,-1.9004875886524863,1518176.0,185.0,40.8
44,360,Treino,796.0,12.0,152.0,-2.085106382978723,1518176.0,185.0,42.0
44,365,Treino,791.0,12.0,152.0,-1.900487588652486,1518176.0,185.0,43.2
44,370,Treino,786.0,21.0,152.0,-0.8458339501139669,1518176.0,185.0,45.3
44,375,Treino,781.0,21.0,152.0,-0.0625045914707995,1518176.0,185.0,47.4
44,380,Treino,776.0,21.0,152.0,0.7167290597879088,1518176.0,185.0,49.5
44,385,Treino,771.0,9.0,140.0,-1.579626047711156,1518176.0,185.0,51.6
44,390,Treino,766.0,9.0,140.0,-2.0203699226305627,1518176.0,185.0,52.5
44,395,Treino,761.0,9.0,140.0,-2.0565662795079978,1518176.0,185.0,53.4
44,400,Treino,756.0,9.0,140.0,-1.7081763445626534,1518176.0,185.0,54.3
44,405,Treino,751.0,9.0,140.0,-0.7586145884018252,1518176.0,185.0,55.2
44,410,Treino,746.0,9.0,140.0,1.7259530141844035,1518176.0,185.0,56.1
44,415,Treino,741.0,9.0,140.0,13.124339821940609,1518176.0,185.0,57.0
44,420,Treino,736.0,0.0,131.0,0.0,1518176.0,185.0,57.0
44,425,Treino,731.0,0.0,131.0,0.0,1518176.0,185.0,57.0
44,430,Treino,726.0,0.0,131.0,0.0,1518176.0,185.0,57.0
44,435,Treino,721.0,0.0,131.0,0.0,1518176.0,185.0,57.0
44,440,Treino,716.0,0.0,131.0,0.0,1518176.0,185.0,57.0
44,445,Treino,711.0,0.0,131.0,0.0,1518176.0,185.0,57.0
44,450,Treino,706.0,0.0,131.0,0.0,1518176.0,185.0,57.0
44,455,Treino,701.0,0.0,131.0,0.0,1518176.0,185.0,57.0
44,460,Treino,696.0,0.0,131.0,0.0,1518176.0,185.0,57.0
44,465,Treino,691.0,0.0,131.0,0.0,1518176.0,185.0,57.0
44,470,Treino,686.0,0.0,131.0,0.0,1518176.0,185.0,57.0
44,475,Treino,681.0,0.0,131.0,0.0,1518176.0,185.0,57.0
44,480,Treino,676.0,11.0,131.0,22.33072916666669,1518176.0,185.0,58.1
44,485,Treino,671.0,11.0,131.0,2.684314695695217,1518176.0,185.0,59.2
44,490,Treino,666.0,11.0,131.0,-0.442970791340036,1518176.0,185.0,60.3
44,495,Treino,661.0,11.0,131.0,-1.579626047711152,1518176.0,185.0,61.4
44,500,Treino,656.0,11.0,131.0,-2.020369922630562,1518176.0,185.0,62.5
44,505,Treino,651.0,11.0,131.0,-2.056566279508,1518176.0,185.0,63.6
44,510,Treino,646.0,11.0,131.0,-1.708176344562645,1518176.0,185.0,64.7
44,515,Treino,641.0,11.0,131.0,-0.7586145884018212,1518176.0,185.0,65.8
44,520,Treino,636.0,11.0,131.0,1.7259530141843875,1518176.0,185.0,66.9
44,525,Treino,631.0,17.0,131.0,9.306043048063874,1518176.0,185.0,68.6
44,530,Treino,626.0,6.0,120.0,2.6843146956951847,1518176.0,185.0,69.2
44,535,Treino,621.0,6.0,120.0,-0.4429707913400476,1518176.0,185.0,69.8
44,540,Treino,616.0,6.0,120.0,-1.579626047711161,1518176.0,185.0,70.4
44,545,Treino,611.0,6.0,120.0,-2.020369922630561,1518176.0,185.0,71.0
44,550,Treino,606.0,6.0,120.0,-2.056566279508001,1518176.0,185.0,71.6
44,555,Treino,601.0,6.0,120.0,-1.7081763445626443,1518176.0,185.0,72.2
44,560,Treino,596.0,6.0,120.0,-0.7586145884018265,1518176.0,185.0,72.8
44,565,Treino,591.0,6.0,120.0,1.7259530141844213,1518176.0,185.0,73.4
44,570,Treino,586.0,6.0,120.0,13.124339821940566,1518176.0,185.0,74.0
44,575,Treino,581.0,0.0,114.0,0.0,1518176.0,185.0,74.0
44,580,Treino,576.0,13.0,114.0,13.124339821940543,1518176.0,185.0,75.3
44,585,Treino,571.0,13.0,114.0,1.7259530141844008,1518176.0,185.0,76.6
44,590,Treino,566.0,13.0,114.0,-0.7586145884018181,1518176.0,185.0,77.9
44,595,Treino,561.0,13.0,114.0,-1.7081763445626503,1518176.0,185.0,79.2
44,600,Treino,556.0,13.0,114.0,-2.0565662795080004,1518176.0,185.0,80.5
44,605,Treino,551.0,13.0,114.0,-2.020369922630561,1518176.0,185.0,81.8
44,610,Treino,546.0,13.0,114.0,-1.5796260477111548,1518176.0,185.0,83.1
44,615,Treino,541.0,13.0,114.0,-0.442970791340056,1518176.0,185.0,84.4
44,620,Treino,536.0,13.0,114.0,2.6843146956952166,1518176.0,185.0,85.7
44,625,Treino,531.0,16.0,114.0,19.98419355756821,1518176.0,185.0,87.3
44,630,Treino,526.0,3.0,101.0,2.6843146956951847,1518176.0,185.0,87.6
44,635,Treino,521.0,3.0,101.0,-0.4429707913400476,1518176.0,185.0,87.9
44,640,Treino,516.0,3.0,101.0,-1.5796260477111457,1518176.0,185.0,88.2
44,645,Treino,511.0,3.0,101.0,-2.020369922630556,1518176.0,185.0,88.5
44,650,Treino,506.0,3.0,101.0,-2.056566279507998,1518176.0,185.0,88.8
44,655,Treino,501.0,3.0,101.0,-1.7081763445626443,1518176.0,185.0,89.1
44,660,Treino,496.0,3.0,101.0,-0.7586145884018265,1518176.0,185.0,89.4
44,665,Treino,491.0,3.0,101.0,1.7259530141843695,1518176.0,185.0,89.7
44,670,Treino,486.0,11.0,101.0,6.778105129535277,1518176.0,185.0,90.8
44,675,Treino,481.0,8.0,98.0,0.9888715908435736,1518176.0,185.0,91.6
44,680,Treino,476.0,8.0,98.0,-1.021350472813233,1518176.0,185.0,92.4
44,685,Treino,471.0,8.0,98.0,-1.8142903587039008,1518176.0,185.0,93.2
44,690,Treino,466.0,8.0,98.0,-2.078005660120022,1518176.0,185.0,94.0
44,695,Treino,461.0,8.0,98.0,-1.968696502812423,1518176.0,185.0,94.8
44,700,Treino,456.0,21.0,98.0,0.9548351870693884,1518176.0,185.0,96.9
44,705,Treino,451.0,21.0,98.0,-0.347352308070231,1518176.0,185.0,99.0
44,710,Treino,446.0,21.0,98.0,-1.0277865069367724,1518176.0,185.0,101.1
44,715,Treino,441.0,21.0,98.0,-1.6936574925095145,1518176.0,185.0,103.2
44,720,Treino,436.0,13.0,90.0,-2.085106382978723,1518176.0,185.0,104.5
44,725,Treino,431.0,15.0,90.0,-1.8861117799979108,1518176.0,185.0,106.0
44,730,Treino,426.0,15.0,90.0,-1.2476470582056045,1518176.0,185.0,107.5
44,735,Treino,421.0,15.0,90.0,0.2883785832469026,1518176.0,185.0,109.0
44,740,Treino,416.0,15.0,90.0,4.993853904074289,1518176.0,185.0,110.5
44,745,Treino,411.0,2.0,77.0,-2.056566279508001,1518176.0,185.0,112.0
44,750,Treino,406.0,2.0,77.0,-2.020369922630556,1518176.0,185.0,112.2
44,755,Treino,401.0,2.0,77.0,-1.579626047711176,1518176.0,185.0,112.4
44,760,Treino,396.0,2.0,77.0,-0.4429707913400782,1518176.0,185.0,112.6
44,765,Treino,391.0,9.0,77.0,4.436898082671512,1518176.0,185.0,113.5
44,770,Treino,386.0,9.0,77.0,0.3395083964476204,1518176.0,185.0,114.4
44,775,Treino,381.0,7.0,75.0,-1.241134751773043,1518176.0,185.0,115.1
44,780,Treino,376.0,7.0,75.0,-1.9004875886524808,1518176.0,185.0,115.8
44,785,Treino,371.0,7.0,75.0,-2.085106382978723,1518176.0,185.0,116.5
44,790,Treino,366.0,7.0,75.0,-1.9004875886524808,1518176.0,185.0,117.2
44,795,Treino,361.0,7.0,75.0,-1.2411347517730429,1518176.0,185.0,117.9
44,800,Treino,356.0,7.0,75.0,0.407247340425517,1518176.0,185.0,118.6
44,805,Treino,351.0,7.0,75.0,5.791962174940887,1518176.0,185.0,119.3
44,810,Treino,346.0,0.0,68.0,0.0,1518176.0,185.0,120.0
44,815,Treino,341.0,9.0,68.0,13.124339821940502,1518176.0,185.0,120.9
44,820,Treino,336.0,9.0,68.0,1.7259530141844015,1518176.0,185.0,121.8
44,825,Treino,331.0,9.0,68.0,-0.7586145884018269,1518176.0,185.0,122.7
44,830,Treino,326.0,9.0,68.0,-1.7081763445626446,1518176.0,185.0,123.6
44,835,Treino,321.0,9.0,68.0,-2.0565662795080004,1518176.0,185.0,124.5
44,840,Treino,316.0,9.0,68.0,-2.020369922630561,1518176.0,185.0,125.4
44,845,Treino,311.0,12.0,68.0,-1.5359192322612578,1518176.0,185.0,126.6
44,850,Treino,306.0,12.0,68.0,-0.5572098028176944,1518176.0,185.0,127.8
44,855,Treino,301.0,12.0,68.0,1.6002245760859992,1518176.0,185.0,129.0
44,860,Treino,296.0,12.0,68.0,8.35816272731402,1518176.0,185.0,130.2
44,865,Treino,291.0,3.0,59.0,-2.020369922630561,1518176.0,185.0,130.5
44,870,Treino,286.0,3.0,59.0,-2.056566279508001,1518176.0,185.0,130.8
44,875,Treino,281.0,3.0,59.0,-1.7081763445626443,1518176.0,185.0,131.1
44,880,Treino,276.0,3.0,59.0,-0.7586145884018265,1518176.0,185.0,131.4
44,885,Treino,271.0,3.0,59.0,1.7259530141844213,1518176.0,185.0,131.7
44,890,Treino,266.0,6.0,59.0,10.20815240990014,1518176.0,185.0,132.3
44,895,Treino,261.0,3.0,56.0,3.97374677627338,1518176.0,185.0,132.6
44,900,Treino,256.0,3.0,56.0,-0.0607548479888739,1518176.0,185.0,132.9
44,905,Treino,251.0,3.0,56.0,-1.425365691489363,1518176.0,185.0,133.2
44,910,Treino,246.0,3.0,56.0,-1.9686965028124213,1518176.0,185.0,133.5
44,915,Treino,241.0,3.0,56.0,-2.0780056601200214,1518176.0,185.0,133.8
44,920,Treino,236.0,3.0,56.0,-1.814290358703898,1518176.0,185.0,134.1
44,925,Treino,231.0,6.0,56.0,-0.1322766495373817,1518176.0,185.0,134.7
44,930,Treino,226.0,7.0,56.0,0.409640633810111,1518176.0,185.0,135.4
44,935,Treino,221.0,6.0,56.0,0.2203752194446164,1518176.0,185.0,136.0
44,940,Treino,216.0,3.0,53.0,-1.457564923756646,1518176.0,185.0,136.3
44,945,Treino,211.0,3.0,53.0,-1.9420572603973272,1518176.0,185.0,136.6
44,950,Treino,206.0,3.0,53.0,-2.004380904610008,1518176.0,185.0,136.9
44,955,Treino,201.0,15.0,53.0,16.65492272654143,1518176.0,185.0,138.4
44,960,Treino,196.0,16.0,53.0,2.9690414774435965,1518176.0,185.0,140.0
44,965,Treino,191.0,15.0,53.0,-0.1714530682762003,1518176.0,185.0,141.5
44,970,Treino,186.0,15.0,53.0,-1.3881105668238876,1518176.0,185.0,143.0
44,975,Treino,181.0,13.0,50.0,-1.94837113542897,1518176.0,185.0,144.3
44,980,Treino,176.0,12.0,50.0,-2.0627793506134697,1518176.0,185.0,145.4
44,985,Treino,171.0,12.0,50.0,-1.804592446644684,1518176.0,185.0,146.6
44,990,Treino,166.0,13.0,50.0,-1.0238326156208797,1518176.0,185.0,147.9
44,995,Treino,161.0,24.0,50.0,1.2119042828885878,1518176.0,185.0,150.3
44,1000,Treino,156.0,24.0,50.0,1.8054764632327984,1518176.0,185.0,152.7
44,1005,Treino,151.0,11.0,38.0,-0.4690068907156708,1518176.0,185.0,153.9
44,1010,Treino,146.0,12.0,38.0,-1.579230119624072,1518176.0,185.0,155.0
44,1015,Treino,141.0,12.0,38.0,-2.009449712613983,1518176.0,185.0,156.2
44,1020,Treino,136.0,12.0,38.0,-2.038230127301559,1518176.0,185.0,157.4
44,1025,Treino,131.0,12.0,38.0,-1.683089750266782,1518176.0,185.0,158.5
44,1030,Treino,126.0,11.0,38.0,-0.7236294484203456,1518176.0,185.0,159.7
44,1035,Treino,121.0,11.0,38.0,1.7820955724044882,1518176.0,185.0,160.9
44,1040,Treino,116.0,12.0,38.0,13.244461504901407,1518176.0,185.0,162.0
44,1045,Treino,111.0,0.0,26.0,0.0,1518176.0,185.0,162.0
44,1050,Treino,106.0,6.0,26.0,13.74725937535771,1518176.0,185.0,162.6
44,1055,Treino,101.0,6.0,26.0,1.8773130453069005,1518176.0,185.0,163.2
44,1060,Treino,96.0,6.0,26.0,-0.6968690604657031,1518176.0,185.0,163.8
44,1065,Treino,91.0,6.0,26.0,-1.6759270860072573,1518176.0,185.0,164.4
44,1070,Treino,86.0,6.0,26.0,-2.038734058291845,1518176.0,185.0,165.0
44,1075,Treino,81.0,6.0,26.0,-2.01258550722842,1518176.0,185.0,165.6
44,1080,Treino,76.0,6.0,26.0,-1.5828586254570975,1518176.0,185.0,166.2
44,1085,Treino,71.0,6.0,26.0,-0.4670513816111152,1518176.0,185.0,166.8
44,1090,Treino,66.0,6.0,26.0,2.585238882029911,1518176.0,185.0,167.4
44,1095,Treino,61.0,6.0,26.0,20.96120172939712,1518176.0,185.0,168.0
44,1100,Treino,56.0,0.0,20.0,0.0,1518176.0,185.0,168.0
44,1105,Treino,51.0,9.0,20.0,22.330729166666675,1518176.0,185.0,168.9
44,1110,Treino,46.0,9.0,20.0,2.684314695695196,1518176.0,185.0,169.8
44,1115,Treino,41.0,9.0,20.0,-0.4429707913400524,1518176.0,185.0,170.7
44,1120,Treino,36.0,9.0,20.0,-1.579626047711153,1518176.0,185.0,171.6
44,1125,Treino,31.0,9.0,20.0,-2.0203699226305614,1518176.0,185.0,172.5
44,1130,Treino,26.0,9.0,20.0,-2.0565662795080004,1518176.0,185.0,173.4
44,1135,Treino,21.0,9.0,20.0,-1.7081763445626486,1518176.0,185.0,174.3
44,1140,Treino,16.0,9.0,20.0,-0.7586145884018229,1518176.0,185.0,175.2
44,1145,Treino,11.0,9.0,20.0,1.7259530141844008,1518176.0,185.0,176.1
44,1150,Treino,6.0,9.0,20.0,13.124339821940543,1518176.0,185.0,177.0
44,1155,Treino,1.0,0.0,11.0,0.0,1518176.0,185.0,177.0
45,50,Treino,829.0,17.0,184.0,0.6537984778244681,1518357.0,184.0,21.0
45,55,Treino,824.0,7.0,176.0,-1.26211463696396,1518357.0,184.0,21.0
45,60,Treino,819.0,9.0,176.0,-1.899359606705445,1518357.0,184.0,21.0
45,65,Treino,814.0,8.0,176.0,-2.0816989534422268,1518357.0,184.0,21.0
45,70,Treino,809.0,9.0,176.0,-1.90048758865248,1518357.0,184.0,21.0
45,75,Treino,804.0,9.0,176.0,-1.2411347517730391,1518357.0,184.0,21.0
45,80,Treino,799.0,9.0,176.0,0.407247340425513,1518357.0,184.0,21.0
45,85,Treino,794.0,18.0,176.0,5.295104082692141,1518357.0,184.0,22.125
45,90,Treino,789.0,9.0,167.0,3.973746776273328,1518357.0,184.0,23.0
45,95,Treino,784.0,9.0,167.0,-0.0607548479888717,1518357.0,184.0,23.7
45,100,Treino,779.0,9.0,167.0,-1.425365691489358,1518357.0,184.0,24.6
45,105,Treino,774.0,9.0,167.0,-1.968696502812424,1518357.0,184.0,25.5
45,110,Treino,769.0,9.0,167.0,-2.078005660120021,1518357.0,184.0,26.4
45,115,Treino,764.0,9.0,167.0,-1.8142903587038912,1518357.0,184.0,27.3
45,120,Treino,759.0,9.0,167.0,-1.0213504728132494,1518357.0,184.0,28.2
45,125,Treino,754.0,9.0,167.0,0.9888715908435596,1518357.0,184.0,29.1
45,130,Treino,749.0,9.0,167.0,8.534487742830722,1518357.0,184.0,30.0
45,135,Treino,744.0,0.0,158.0,0.0,1518357.0,184.0,30.0
45,140,Treino,739.0,6.0,158.0,22.330729166666515,1518357.0,184.0,30.6
45,145,Treino,734.0,6.0,158.0,2.788693250991309,1518357.0,184.0,31.2
45,150,Treino,729.0,5.0,158.0,-0.3400357463232328,1518357.0,184.0,31.7
45,155,Treino,724.0,6.0,158.0,-1.5107545856847702,1518357.0,184.0,32.3
45,160,Treino,719.0,6.0,158.0,-1.9722011231094536,1518357.0,184.0,32.9
45,165,Treino,714.0,6.0,158.0,-2.027380877737807,1518357.0,184.0,33.5
45,170,Treino,709.0,6.0,158.0,-1.706179017305162,1518357.0,184.0,34.1
45,175,Treino,704.0,6.0,158.0,-0.8113460990342913,1518357.0,184.0,34.7
45,180,Treino,699.0,6.0,158.0,1.503794144551951,1518357.0,184.0,35.3
45,185,Treino,694.0,6.0,158.0,11.294429607503131,1518357.0,184.0,35.9
45,190,Treino,689.0,7.0,153.0,5.248092560964231,1518357.0,184.0,36.5
45,195,Treino,684.0,6.0,153.0,0.3280932584516529,1518357.0,184.0,37.1
45,200,Treino,679.0,6.0,153.0,-1.2426924043293206,1518357.0,184.0,37.8
45,205,Treino,674.0,6.0,153.0,-1.8831775910008848,1518357.0,184.0,38.4
45,210,Treino,669.0,6.0,153.0,-2.0624142872820816,1518357.0,184.0,39.0
45,215,Treino,664.0,6.0,153.0,-1.880808615254717,1518357.0,184.0,39.6
45,220,Treino,659.0,6.0,152.0,-1.2411347517730655,1518357.0,184.0,40.2
45,225,Treino,654.0,6.0,152.0,0.4072473404255636,1518357.0,184.0,40.8
45,230,Treino,649.0,6.0,152.0,5.791962174940942,1518357.0,184.0,41.4
45,235,Treino,644.0,6.0,146.0,8.534487742830798,1518357.0,184.0,42.6
45,240,Treino,639.0,6.0,146.0,0.9888715908435266,1518357.0,184.0,43.2
45,245,Treino,634.0,6.0,146.0,-1.02135047281325,1518357.0,184.0,43.8
45,250,Treino,629.0,6.0,146.0,-1.8142903587038983,1518357.0,184.0,44.4
45,255,Treino,624.0,6.0,146.0,-2.0780056601200214,1518357.0,184.0,45.0
45,260,Treino,619.0,6.0,146.0,-1.968696502812428,1518357.0,184.0,45.6
45,265,Treino,614.0,6.0,146.0,-1.425365691489345,1518357.0,184.0,46.2
45,270,Treino,609.0,6.0,146.0,-0.060754847988873,1518357.0,184.0,46.8
45,275,Treino,604.0,6.0,146.0,3.973746776273374,1518357.0,184.0,47.4
45,280,Treino,599.0,18.0,146.0,17.876039304610646,1518357.0,184.0,49.2
45,285,Treino,594.0,12.0,140.0,2.6843146956951847,1518357.0,184.0,50.4
45,290,Treino,589.0,12.0,140.0,-0.4429707913400476,1518357.0,184.0,51.6
45,295,Treino,584.0,12.0,140.0,-1.579626047711161,1518357.0,184.0,52.8
45,300,Treino,579.0,12.0,140.0,-2.020369922630561,1518357.0,184.0,54.0
45,305,Treino,574.0,12.0,140.0,-2.056566279508001,1518357.0,184.0,55.2
45,310,Treino,569.0,12.0,140.0,-1.7081763445626443,1518357.0,184.0,56.4
45,315,Treino,564.0,12.0,140.0,-0.7586145884018265,1518357.0,184.0,57.6
45,320,Treino,559.0,12.0,140.0,1.7259530141844213,1518357.0,184.0,58.8
45,325,Treino,554.0,18.0,140.0,11.186178723404286,1518357.0,184.0,60.6
45,330,Treino,549.0,6.0,128.0,3.97374677627338,1518357.0,184.0,61.2
45,335,Treino,544.0,6.0,128.0,-0.0607548479888739,1518357.0,184.0,61.8
45,340,Treino,539.0,6.0,128.0,-1.425365691489363,1518357.0,184.0,62.4
45,345,Treino,534.0,6.0,128.0,-1.9686965028124213,1518357.0,184.0,63.0
45,350,Treino,529.0,6.0,128.0,-2.0780056601200214,1518357.0,184.0,63.6
45,355,Treino,524.0,6.0,128.0,-1.814290358703898,1518357.0,184.0,64.2
45,360,Treino,519.0,6.0,128.0,-1.02135047281325,1518357.0,184.0,64.8
45,365,Treino,514.0,6.0,128.0,0.9888715908435728,1518357.0,184.0,65.4
45,370,Treino,509.0,6.0,128.0,8.53448774283068,1518357.0,184.0,66.0
45,375,Treino,504.0,0.0,122.0,0.0,1518357.0,184.0,66.0
45,380,Treino,499.0,9.0,122.0,22.330729166666675,1518357.0,184.0,66.9
45,385,Treino,494.0,9.0,122.0,2.6843146956951847,1518357.0,184.0,67.8
45,390,Treino,489.0,9.0,122.0,-0.4429707913400471,1518357.0,184.0,68.7
45,395,Treino,484.0,9.0,122.0,-1.579626047711156,1518357.0,184.0,69.6
45,400,Treino,479.0,9.0,122.0,-2.020369922630559,1518357.0,184.0,70.5
45,405,Treino,474.0,9.0,122.0,-2.0565662795080004,1518357.0,184.0,71.4
45,410,Treino,469.0,9.0,122.0,-1.7081763445626434,1518357.0,184.0,72.3
45,415,Treino,464.0,9.0,122.0,-0.7586145884018252,1518357.0,184.0,73.2
45,420,Treino,459.0,9.0,122.0,1.7259530141844035,1518357.0,184.0,74.1
45,425,Treino,454.0,9.0,122.0,13.1243398219405,1518357.0,184.0,75.0
45,430,Treino,449.0,0.0,113.0,0.0,1518357.0,184.0,75.0
45,435,Treino,444.0,8.0,113.0,13.12433982194051,1518357.0,184.0,75.8
45,440,Treino,439.0,7.0,113.0,1.969304712254428,1518357.0,184.0,76.5
45,445,Treino,434.0,7.0,113.0,-0.5927722905117299,1518357.0,184.0,77.2
45,450,Treino,429.0,8.0,113.0,-1.5406117515184137,1518357.0,184.0,78.0
45,455,Treino,424.0,8.0,113.0,-1.938614492591712,1518357.0,184.0,78.8
45,460,Treino,419.0,8.0,113.0,-1.949210033317836,1518357.0,184.0,79.6
45,465,Treino,414.0,7.0,113.0,-1.5742778187796087,1518357.0,184.0,80.3
45,470,Treino,409.0,6.0,113.0,-0.6153725283955054,1518357.0,184.0,80.9
45,475,Treino,404.0,8.0,113.0,1.755713387460105,1518357.0,184.0,81.7
45,480,Treino,399.0,8.0,113.0,11.117393484098038,1518357.0,184.0,82.5
45,485,Treino,394.0,11.0,107.0,4.919687277793164,1518357.0,184.0,83.5
45,490,Treino,389.0,12.0,107.0,0.2546400354043672,1518357.0,184.0,84.6
45,495,Treino,384.0,10.0,107.0,-1.2617949353571454,1518357.0,184.0,85.7
45,500,Treino,379.0,11.0,107.0,-1.8736538922183623,1518357.0,184.0,86.7
45,505,Treino,374.0,11.0,107.0,-2.033336234106219,1518357.0,184.0,87.7
45,510,Treino,369.0,11.0,107.0,-1.834022285444613,1518357.0,184.0,88.7
45,515,Treino,364.0,10.0,107.0,-1.140292298237394,1518357.0,184.0,89.8
45,520,Treino,359.0,12.0,107.0,0.5685846942192336,1518357.0,184.0,91.0
45,525,Treino,354.0,19.0,106.0,5.1219836825521785,1518357.0,184.0,92.9
45,530,Treino,349.0,9.0,95.0,3.97374677627338,1518357.0,184.0,94.8
45,535,Treino,344.0,9.0,95.0,-0.0607548479888975,1518357.0,184.0,95.7
45,540,Treino,339.0,9.0,95.0,-1.425365691489358,1518357.0,184.0,96.6
45,545,Treino,334.0,9.0,95.0,-1.968696502812424,1518357.0,184.0,97.5
45,550,Treino,329.0,9.0,95.0,-2.078005660120021,1518357.0,184.0,98.4
45,555,Treino,324.0,9.0,95.0,-1.8142903587038983,1518357.0,184.0,99.3
45,560,Treino,319.0,9.0,95.0,-1.0213504728132343,1518357.0,184.0,100.2
45,565,Treino,314.0,9.0,95.0,0.9888715908435596,1518357.0,184.0,101.1
45,570,Treino,309.0,9.0,95.0,8.534487742830722,1518357.0,184.0,102.0
45,575,Treino,304.0,9.0,86.0,13.88503150980272,1518357.0,184.0,102.9
45,580,Treino,299.0,9.0,86.0,1.9983521195188123,1518357.0,184.0,103.8
45,585,Treino,294.0,9.0,86.0,-0.6252527188360952,1518357.0,184.0,104.7
45,590,Treino,289.0,9.0,86.0,-1.6268637103702548,1518357.0,184.0,105.6
45,595,Treino,284.0,9.0,86.0,-2.003446445498988,1518357.0,184.0,106.5
45,600,Treino,279.0,9.0,86.0,-1.9763717185413503,1518357.0,184.0,107.4
45,605,Treino,274.0,10.0,86.0,-1.5655712905733066,1518357.0,184.0,108.4
45,610,Treino,269.0,10.0,86.0,-0.4907735825533481,1518357.0,184.0,109.4
45,615,Treino,264.0,22.0,86.0,2.3596340668755023,1518357.0,184.0,111.6
45,620,Treino,259.0,22.0,86.0,0.8395335695316843,1518357.0,184.0,113.8
45,625,Treino,254.0,13.0,77.0,-1.036825999489691,1518357.0,184.0,115.1
45,630,Treino,249.0,13.0,77.0,-1.8104381259922209,1518357.0,184.0,116.4
45,635,Treino,244.0,13.0,77.0,-2.0654367973730805,1518357.0,184.0,117.7
45,640,Treino,239.0,13.0,77.0,-1.946736948005624,1518357.0,184.0,119.0
45,645,Treino,234.0,12.0,77.0,-1.3901059073608713,1518357.0,184.0,120.3
45,650,Treino,229.0,12.0,77.0,-0.0295240515019403,1518357.0,184.0,121.6
45,655,Treino,224.0,21.0,77.0,3.1343515225532963,1518357.0,184.0,123.7
45,660,Treino,219.0,22.0,77.0,4.863425540970045,1518357.0,184.0,125.8
45,665,Treino,214.0,9.0,64.0,-0.4254721344071308,1518357.0,184.0,126.7
45,670,Treino,209.0,9.0,64.0,-1.570789816041274,1518357.0,184.0,127.6
45,675,Treino,204.0,9.0,64.0,-2.015413562692112,1518357.0,184.0,128.5
45,680,Treino,199.0,9.0,64.0,-2.0540714566873803,1518357.0,184.0,129.4
45,685,Treino,194.0,9.0,64.0,-1.708073736562698,1518357.0,184.0,130.3
45,690,Treino,189.0,9.0,64.0,-0.7625010580095033,1518357.0,184.0,131.2
45,695,Treino,184.0,9.0,64.0,1.709704145369078,1518357.0,184.0,132.1
45,700,Treino,179.0,9.0,64.0,12.985388602545523,1518357.0,184.0,133.0
45,705,Treino,174.0,0.0,55.0,0.0,1518357.0,184.0,133.0
45,710,Treino,169.0,8.0,55.0,8.534487742830711,1518357.0,184.0,133.8
45,715,Treino,164.0,8.0,55.0,0.9888715908435736,1518357.0,184.0,134.6
45,720,Treino,159.0,8.0,55.0,-1.0213504728132414,1518357.0,184.0,135.4
45,725,Treino,154.0,8.0,55.0,-1.814290358703897,1518357.0,184.0,136.2
45,730,Treino,149.0,8.0,55.0,-2.078005660120022,1518357.0,184.0,137.0
45,735,Treino,144.0,8.0,55.0,-1.968696502812423,1518357.0,184.0,137.8
45,740,Treino,139.0,8.0,55.0,-1.4253656914893644,1518357.0,184.0,138.6
45,745,Treino,134.0,8.0,55.0,-0.0607548479888859,1518357.0,184.0,139.4
45,750,Treino,129.0,17.0,55.0,2.478863995850385,1518357.0,184.0,141.1
45,755,Treino,124.0,17.0,55.0,1.189324694544588,1518357.0,184.0,142.8
45,760,Treino,119.0,9.0,47.0,-1.021350472813242,1518357.0,184.0,143.7
45,765,Treino,114.0,9.0,47.0,-1.8142903587038983,1518357.0,184.0,144.6
45,770,Treino,109.0,9.0,47.0,-2.078005660120022,1518357.0,184.0,145.5
45,775,Treino,104.0,9.0,47.0,-1.968696502812424,1518357.0,184.0,146.4
45,780,Treino,99.0,9.0,47.0,-1.4253656914893629,1518357.0,184.0,147.3
45,785,Treino,94.0,9.0,47.0,-0.0607548479888837,1518357.0,184.0,148.2
45,790,Treino,89.0,21.0,47.0,4.587544326241137,1518357.0,184.0,150.3
45,795,Treino,84.0,21.0,47.0,2.4675980251068257,1518357.0,184.0,152.4
45,800,Treino,79.0,12.0,38.0,-0.4429707913400542,1518357.0,184.0,153.6
45,805,Treino,74.0,12.0,38.0,-1.579626047711153,1518357.0,184.0,154.8
45,810,Treino,69.0,12.0,38.0,-2.020369922630561,1518357.0,184.0,156.0
45,815,Treino,64.0,12.0,38.0,-2.0565662795079995,1518357.0,184.0,157.2
45,820,Treino,59.0,12.0,38.0,-1.708176344562647,1518357.0,184.0,158.4
45,825,Treino,54.0,12.0,38.0,-0.7586145884018225,1518357.0,184.0,159.6
45,830,Treino,49.0,12.0,38.0,1.7259530141843935,1518357.0,184.0,160.8
45,835,Treino,44.0,12.0,38.0,13.124339821940566,1518357.0,184.0,162.0
45,840,Treino,39.0,10.0,26.0,22.33072916666669,1518357.0,184.0,163.0
45,845,Treino,34.0,11.0,26.0,2.741598713127689,1518357.0,184.0,164.1
45,850,Treino,29.0,11.0,26.0,-0.420560672394223,1518357.0,184.0,165.2
45,855,Treino,24.0,11.0,26.0,-1.5679881941791032,1518357.0,184.0,166.3
45,860,Treino,19.0,11.0,26.0,-2.013707765588591,1518357.0,184.0,167.4
45,865,Treino,14.0,11.0,26.0,-2.0531055945319387,1518357.0,184.0,168.5
45,870,Treino,9.0,11.0,26.0,-1.7078418902251002,1518357.0,184.0,169.6
45,875,Treino,4.0,11.0,26.0,-0.7634971867443308,1518357.0,184.0,170.7
46,50,Validação,958.0,0.0,184.0,50.00000000000024,1690985.0,184.0,4.0
46,55,Validação,953.0,0.0,184.0,0.0,1692800.0,184.0,4.0
46,60,Validação,948.0,0.0,184.0,0.0,1692800.0,184.0,4.0
46,65,Validação,943.0,2.0,184.0,13.124339821940389,1692800.0,184.0,4.5
46,70,Validação,938.0,2.0,184.0,1.7259530141844728,1692800.0,184.0,4.8
46,75,Validação,933.0,2.0,184.0,-0.7586145884018789,1692800.0,184.0,5.0
46,80,Validação,928.0,2.0,184.0,-1.7081763445626448,1692800.0,184.0,5.142857142857143
46,85,Validação,923.0,2.0,184.0,-2.056566279507991,1692800.0,184.0,5.25
46,90,Validação,918.0,2.0,184.0,-2.020369922630556,1692800.0,184.0,5.333333333333333
46,95,Validação,913.0,8.0,184.0,4.636691620106447,1692800.0,184.0,6.0
46,100,Validação,908.0,8.0,184.0,0.5212505094167912,1692800.0,184.0,6.8
46,105,Validação,903.0,8.0,184.0,-0.9387851976019576,1692800.0,184.0,7.6
46,110,Validação,898.0,8.0,184.0,-1.5790767655618805,1692800.0,184.0,8.4
46,115,Validação,893.0,6.0,182.0,-1.885846527154536,1692800.0,184.0,9.0
46,120,Validação,888.0,6.0,182.0,-1.7638936653194053,1692800.0,184.0,9.6
46,125,Validação,883.0,17.0,182.0,1.7125454226073238,1692800.0,184.0,11.3
46,130,Validação,878.0,17.0,182.0,0.0018006598519102,1692800.0,184.0,13.0
46,135,Validação,873.0,17.0,182.0,-0.9285282727666946,1692800.0,184.0,14.7
46,140,Validação,868.0,8.0,176.0,-1.814389730013016,1692800.0,184.0,16.4
46,145,Validação,863.0,20.0,176.0,-0.9804501216581144,1692800.0,184.0,18.4
46,150,Validação,858.0,19.0,176.0,-1.2293192649280766,1692800.0,184.0,20.3
46,155,Validação,853.0,20.0,176.0,-1.3104735004661483,1692800.0,184.0,22.3
46,160,Validação,848.0,20.0,176.0,-0.9881810470884752,1692800.0,184.0,24.3
46,165,Validação,843.0,20.0,176.0,-0.1546668924055292,1692800.0,184.0,26.3
46,170,Validação,838.0,20.0,176.0,0.0030971077776724,1692800.0,184.0,28.3
46,175,Validação,833.0,9.0,165.0,-1.5806693928123947,1692800.0,184.0,29.2
46,180,Validação,828.0,19.0,165.0,0.5690043870908861,1692800.0,184.0,31.1
46,185,Validação,823.0,19.0,165.0,0.1793869535082159,1692800.0,184.0,33.0
46,190,Validação,818.0,19.0,165.0,-0.50286330810586,1692800.0,184.0,34.9
46,195,Validação,813.0,10.0,157.0,-1.8060918288961216,1692800.0,184.0,35.9
46,200,Validação,808.0,11.0,157.0,-2.0614168579830574,1692800.0,184.0,37.0
46,205,Validação,803.0,13.0,157.0,-1.9219469024851432,1692800.0,184.0,38.3
46,210,Validação,798.0,13.0,156.0,-1.3923793707600198,1692800.0,184.0,39.6
46,215,Validação,793.0,13.0,156.0,-0.2900788260659577,1692800.0,184.0,40.9
46,220,Validação,788.0,13.0,156.0,2.47496364934958,1692800.0,184.0,42.2
46,225,Validação,783.0,14.0,156.0,10.949607254384135,1692800.0,184.0,43.6
46,230,Validação,778.0,4.0,146.0,-1.754921610895198,1692800.0,184.0,44.0
46,235,Validação,773.0,4.0,146.0,-1.6572470280161762,1692800.0,184.0,44.4
46,240,Validação,768.0,4.0,146.0,-1.1097169036377714,1692800.0,184.0,44.8
46,245,Validação,763.0,4.0,146.0,0.286476953409827,1692800.0,184.0,45.2
46,250,Validação,758.0,10.0,146.0,6.103760866312005,1692800.0,184.0,46.2
46,255,Validação,753.0,7.0,143.0,1.4670809600826376,1692800.0,184.0,46.9
46,260,Validação,748.0,7.0,143.0,-0.7814580948300867,1692800.0,184.0,47.6
46,265,Validação,743.0,7.0,143.0,-1.6694967168715684,1692800.0,184.0,48.3
46,270,Validação,738.0,7.0,143.0,-2.010825110931539,1692800.0,184.0,49.0
46,275,Validação,733.0,11.0,142.0,-1.0754294313784087,1692800.0,184.0,50.1
46,280,Validação,728.0,11.0,142.0,-1.2028639955259717,1692800.0,184.0,51.2
46,285,Validação,723.0,11.0,142.0,-1.0542927089257574,1692800.0,184.0,52.3
46,290,Validação,718.0,11.0,142.0,-0.4763655074234525,1692800.0,184.0,53.4
46,295,Validação,713.0,11.0,142.0,0.0873961591729903,1692800.0,184.0,54.5
46,300,Validação,708.0,14.0,136.0,1.6923248928649297,1692800.0,184.0,55.9
46,305,Validação,703.0,14.0,136.0,-0.1774316291669473,1692800.0,184.0,57.3
46,310,Validação,698.0,14.0,136.0,-1.057432957171021,1692800.0,184.0,58.7
46,315,Validação,693.0,14.0,136.0,-1.4744337481317806,1692800.0,184.0,60.1
46,320,Validação,688.0,9.0,131.0,-2.0780056601200214,1692800.0,184.0,61.5
46,325,Validação,683.0,9.0,131.0,-1.968696502812424,1692800.0,184.0,62.4
46,330,Validação,678.0,9.0,131.0,-1.425365691489357,1692800.0,184.0,63.3
46,335,Validação,673.0,9.0,131.0,-0.0607548479888953,1692800.0,184.0,64.2
46,340,Validação,668.0,15.0,131.0,2.699101140294778,1692800.0,184.0,65.7
46,345,Validação,663.0,15.0,131.0,4.104358107851518,1692800.0,184.0,67.2
46,350,Validação,658.0,6.0,122.0,-0.7586145884018265,1692800.0,184.0,67.8
46,355,Validação,653.0,6.0,122.0,-1.7081763445626443,1692800.0,184.0,68.4
46,360,Validação,648.0,6.0,122.0,-2.056566279508001,1692800.0,184.0,69.0
46,365,Validação,643.0,6.0,122.0,-2.020369922630561,1692800.0,184.0,69.6
46,370,Validação,638.0,6.0,122.0,-1.579626047711162,1692800.0,184.0,70.2
46,375,Validação,633.0,6.0,122.0,-0.4429707913400471,1692800.0,184.0,70.8
46,380,Validação,628.0,9.0,122.0,2.450248827338026,1692800.0,184.0,71.7
46,385,Validação,623.0,9.0,122.0,8.164639307730607,1692800.0,184.0,72.6
46,390,Validação,618.0,3.0,116.0,-0.0607548479888739,1692800.0,184.0,72.9
46,395,Validação,613.0,3.0,116.0,-1.4253656914893458,1692800.0,184.0,73.2
46,400,Validação,608.0,3.0,116.0,-1.968696502812428,1692800.0,184.0,73.5
46,405,Validação,603.0,3.0,116.0,-2.0780056601200214,1692800.0,184.0,73.8
46,410,Validação,598.0,3.0,116.0,-1.814290358703898,1692800.0,184.0,74.1
46,415,Validação,593.0,6.0,116.0,-0.0909270086905809,1692800.0,184.0,74.7
46,420,Validação,588.0,6.0,116.0,0.0653041222136825,1692800.0,184.0,75.3
46,425,Validação,583.0,6.0,116.0,0.0073163359516121,1692800.0,184.0,75.9
46,430,Validação,578.0,3.0,113.0,-1.7081763445626443,1692800.0,184.0,76.2
46,435,Validação,573.0,3.0,113.0,-2.056566279507998,1692800.0,184.0,76.5
46,440,Validação,568.0,3.0,113.0,-2.020369922630556,1692800.0,184.0,76.8
46,445,Validação,563.0,9.0,113.0,3.3832717894613555,1692800.0,184.0,77.7
46,450,Validação,558.0,9.0,113.0,1.422650709219858,1692800.0,184.0,78.6
46,455,Validação,553.0,9.0,113.0,-0.3207577803853914,1692800.0,184.0,79.5
46,460,Validação,548.0,9.0,113.0,-1.300476507092196,1692800.0,184.0,80.4
46,465,Validação,543.0,6.0,110.0,-1.9686965028124213,1692800.0,184.0,81.0
46,470,Validação,538.0,6.0,110.0,-2.0780056601200214,1692800.0,184.0,81.6
46,475,Validação,533.0,6.0,110.0,-1.814290358703898,1692800.0,184.0,82.2
46,480,Validação,528.0,9.0,110.0,-0.943997691025202,1692800.0,184.0,83.1
46,485,Validação,523.0,9.0,110.0,0.370181455025683,1692800.0,184.0,84.0
46,490,Validação,518.0,9.0,110.0,2.8409750816293453,1692800.0,184.0,84.9
46,495,Validação,513.0,3.0,104.0,-1.5796260477111457,1692800.0,184.0,85.2
46,500,Validação,508.0,3.0,104.0,-2.020369922630556,1692800.0,184.0,85.5
46,505,Validação,503.0,3.0,104.0,-2.056566279507998,1692800.0,184.0,85.8
46,510,Validação,498.0,5.0,104.0,-1.3284650147974266,1692800.0,184.0,86.3
46,515,Validação,493.0,5.0,104.0,-0.7293575432696975,1692800.0,184.0,86.8
46,520,Validação,488.0,3.0,104.0,0.5139878736527228,1692800.0,184.0,87.1
46,525,Validação,483.0,5.0,104.0,2.833385823230027,1692800.0,184.0,87.6
46,530,Validação,478.0,0.0,101.0,-0.5582882905925319,1692800.0,184.0,87.6
46,535,Validação,473.0,2.0,101.0,-0.890853557180824,1692800.0,184.0,87.8
46,540,Validação,468.0,1.0,101.0,-1.3405099151335986,1692800.0,184.0,87.9
46,545,Validação,463.0,6.0,101.0,6.710572298277885,1692800.0,184.0,88.5
46,550,Validação,458.0,6.0,101.0,1.1927050562796166,1692800.0,184.0,89.1
46,555,Validação,453.0,4.0,101.0,-0.7230523838209555,1692800.0,184.0,89.7
46,560,Validação,448.0,4.0,101.0,-1.5622379641629396,1692800.0,184.0,90.1
46,565,Validação,443.0,4.0,101.0,-1.8797211399079667,1692800.0,184.0,90.5
46,570,Validação,438.0,9.0,101.0,-0.6659832627420408,1692800.0,184.0,91.6
46,575,Validação,433.0,10.0,101.0,-0.7251794314683044,1692800.0,184.0,92.5
46,580,Validação,428.0,11.0,101.0,-0.8578094636411007,1692800.0,184.0,93.6
46,585,Validação,423.0,9.0,100.0,-0.7600773852116749,1692800.0,184.0,94.4
46,590,Validação,418.0,10.0,100.0,-0.5037354769288069,1692800.0,184.0,95.4
46,595,Validação,413.0,4.0,95.0,-1.9775439439618203,1692800.0,184.0,95.8
46,600,Validação,408.0,9.0,95.0,-0.6557952391904505,1692800.0,184.0,96.7
46,605,Validação,403.0,9.0,95.0,-0.6314490149423344,1692800.0,184.0,97.6
46,610,Validação,398.0,9.0,95.0,-0.5903207972516054,1692800.0,184.0,98.5
46,615,Validação,393.0,9.0,95.0,-0.5326347507420195,1692800.0,184.0,99.4
46,620,Validação,388.0,5.0,91.0,-1.9673573000047349,1692800.0,184.0,99.8
46,625,Validação,383.0,10.0,91.0,0.1168047545475121,1692800.0,184.0,100.8
46,630,Validação,378.0,10.0,91.0,-0.8022648861649326,1692800.0,184.0,101.8
46,635,Validação,373.0,10.0,91.0,-1.1711201218722262,1692800.0,184.0,102.9
46,640,Validação,368.0,11.0,91.0,-1.1954001446316622,1692800.0,184.0,103.9
46,645,Validação,363.0,10.0,91.0,-1.3331235181775856,1692800.0,184.0,105.0
46,650,Validação,358.0,6.0,86.0,-1.900487588652486,1692800.0,184.0,105.6
46,655,Validação,353.0,6.0,86.0,-1.2411347517730456,1692800.0,184.0,106.2
46,660,Validação,348.0,6.0,86.0,0.407247340425525,1692800.0,184.0,106.8
46,665,Validação,343.0,11.0,86.0,5.017408123791103,1692800.0,184.0,107.9
46,670,Validação,338.0,5.0,80.0,3.973746776273411,1692800.0,184.0,109.0
46,675,Validação,333.0,5.0,80.0,-0.0607548479888735,1692800.0,184.0,109.5
46,680,Validação,328.0,5.0,80.0,-1.425365691489353,1692800.0,184.0,110.0
46,685,Validação,323.0,9.0,80.0,-0.92816753983863,1692800.0,184.0,110.9
46,690,Validação,318.0,7.0,80.0,-1.328443978968844,1692800.0,184.0,111.6
46,695,Validação,313.0,9.0,80.0,-1.421599968451915,1692800.0,184.0,112.5
46,700,Validação,308.0,7.0,80.0,-1.166790639831711,1692800.0,184.0,113.2
46,705,Validação,303.0,12.0,80.0,-0.202785132689693,1692800.0,184.0,114.4
46,710,Validação,298.0,12.0,80.0,0.0868541873909221,1692800.0,184.0,115.6
46,715,Validação,293.0,7.0,75.0,-1.3399312021695964,1692800.0,184.0,116.3
46,720,Validação,288.0,7.0,75.0,-1.5856654291699976,1692800.0,184.0,117.0
46,725,Validação,283.0,7.0,75.0,-1.456461018762093,1692800.0,184.0,117.7
46,730,Validação,278.0,10.0,75.0,-0.8929382445430001,1692800.0,184.0,118.7
46,735,Validação,273.0,7.0,73.0,-0.9609431275952812,1692800.0,184.0,119.3
46,740,Validação,268.0,6.0,73.0,-0.4839917897426109,1692800.0,184.0,120.1
46,745,Validação,263.0,6.0,73.0,0.6270634070942336,1692800.0,184.0,120.5
46,750,Validação,258.0,6.0,73.0,3.0515385694065227,1692800.0,184.0,121.1
46,755,Validação,253.0,3.0,68.0,-1.664009663059167,1692800.0,184.0,121.4
46,760,Validação,248.0,1.0,68.0,-1.7297941755946835,1692800.0,184.0,121.5
46,765,Validação,243.0,3.0,68.0,-1.6246765182437453,1692800.0,184.0,121.8
46,770,Validação,238.0,4.0,68.0,-1.0901011932509173,1692800.0,184.0,122.2
46,775,Validação,233.0,4.0,68.0,-0.6106887115187591,1692800.0,184.0,122.6
46,780,Validação,228.0,1.0,67.0,-0.9237034574468136,1692800.0,184.0,122.7
46,785,Validação,223.0,2.0,67.0,-0.9535507380132192,1692800.0,184.0,122.8
46,790,Validação,218.0,1.0,67.0,-0.6530689685682578,1692800.0,184.0,122.9
46,795,Validação,213.0,1.0,67.0,0.2349004826921477,1692800.0,184.0,123.2
46,800,Validação,208.0,1.0,67.0,1.984556799276711,1692800.0,184.0,123.5
46,805,Validação,203.0,10.0,67.0,10.299046617873156,1692800.0,184.0,124.5
46,810,Validação,198.0,11.0,66.0,1.663295170556812,1692800.0,184.0,125.7
46,815,Validação,193.0,9.0,64.0,-0.7436037150219046,1692800.0,184.0,126.7
46,820,Validação,188.0,9.0,64.0,-1.7003302734042591,1692800.0,184.0,127.6
46,825,Validação,183.0,9.0,64.0,-2.052163036536172,1692800.0,184.0,128.5
46,830,Validação,178.0,9.0,64.0,-2.018322059094301,1692800.0,184.0,129.4
46,835,Validação,173.0,21.0,64.0,0.0556175661824984,1692800.0,184.0,131.5
46,840,Validação,168.0,21.0,64.0,-0.537002859035574,1692800.0,184.0,133.6
46,845,Validação,163.0,21.0,64.0,-0.8962434308187852,1692800.0,184.0,135.7
46,850,Validação,158.0,29.0,64.0,-0.9991885073942756,1692800.0,184.0,138.6
46,855,Validação,153.0,20.0,55.0,-1.2977350430072427,1692800.0,184.0,140.6
46,860,Validação,148.0,20.0,55.0,-1.499469030135274,1692800.0,184.0,142.6
46,865,Validação,143.0,20.0,55.0,-1.3731712541728307,1692800.0,184.0,144.6
46,870,Validação,138.0,20.0,55.0,-0.780317293201577,1692800.0,184.0,146.6
46,875,Validação,133.0,20.0,55.0,0.5754885357000457,1692800.0,184.0,148.6
46,880,Validação,128.0,9.0,44.0,-1.7790264907879303,1692800.0,184.0,150.6
46,885,Validação,123.0,8.0,43.0,-1.0213504728132423,1692800.0,184.0,151.4
46,890,Validação,118.0,11.0,43.0,0.7779735641212495,1692800.0,184.0,152.5
46,895,Validação,113.0,11.0,43.0,5.062056067342221,1692800.0,184.0,153.6
46,900,Validação,108.0,3.0,35.0,-0.7586145884018265,1692800.0,184.0,153.9
46,905,Validação,103.0,3.0,35.0,-1.7081763445626443,1692800.0,184.0,154.2
46,910,Validação,98.0,4.0,35.0,-1.9843453525438293,1692800.0,184.0,154.6
46,915,Validação,93.0,5.0,35.0,-1.4288277133328655,1692800.0,184.0,155.1
46,920,Validação,88.0,5.0,35.0,-1.3504456435730623,1692800.0,184.0,155.6
46,925,Validação,83.0,5.0,35.0,-0.9652308101008248,1692800.0,184.0,156.1
46,930,Validação,78.0,5.0,35.0,0.0028746871088833,1692800.0,184.0,156.6
46,935,Validação,73.0,5.0,35.0,1.4244857371970507,1692800.0,184.0,157.1
46,940,Validação,68.0,2.0,32.0,-1.8348332346543008,1692800.0,184.0,157.3
46,945,Validação,63.0,2.0,32.0,-1.1030668168643194,1692800.0,184.0,157.5
46,950,Validação,58.0,2.0,32.0,0.7397397585388932,1692800.0,184.0,157.7
46,955,Validação,53.0,7.0,32.0,6.515346100306161,1692800.0,184.0,158.4
46,960,Validação,48.0,6.0,30.0,1.1590706707497969,1692800.0,184.0,159.1
46,965,Validação,43.0,6.0,30.0,-0.9438432624774508,1692800.0,184.0,159.7
46,970,Validação,38.0,6.0,30.0,-1.772122788469367,1692800.0,184.0,160.3
46,975,Validação,33.0,6.0,30.0,-2.054696765012684,1692800.0,184.0,160.9
46,980,Validação,28.0,16.0,30.0,1.0290547656643811,1692800.0,184.0,162.5
46,985,Validação,23.0,16.0,30.0,-0.503407864960157,1692800.0,184.0,164.1
46,990,Validação,18.0,16.0,30.0,-1.209550594608976,1692800.0,184.0,165.7
46,995,Validação,13.0,16.0,30.0,-1.4947463176485871,1692800.0,184.0,167.3
46,1000,Validação,8.0,16.0,30.0,-1.8351467194049824,1692800.0,184.0,168.9
46,1005,Validação,3.0,11.0,24.0,-1.8926388355844344,1692800.0,184.0,170.1
47,50,Validação,401.0,9.0,189.0,49.99999999999986,1623321.0,189.0,9.0
47,55,Validação,396.0,0.0,180.0,0.0,1623321.0,189.0,9.0
47,60,Validação,391.0,0.0,180.0,0.0,1623321.0,189.0,9.0
47,65,Validação,386.0,18.0,180.0,5.791962174940872,1623321.0,189.0,13.5
47,70,Validação,381.0,18.0,180.0,0.4072473404255374,1623321.0,189.0,16.2
47,75,Validação,376.0,18.0,180.0,-1.2411347517730524,1623321.0,189.0,18.0
47,80,Validação,371.0,18.0,180.0,-1.90048758865248,1623321.0,189.0,19.285714285714285
47,85,Validação,366.0,26.0,180.0,-1.7854050377690414,1623321.0,189.0,21.25
47,90,Validação,361.0,26.0,180.0,-1.6644162155050737,1623321.0,189.0,22.77777777777778
47,95,Validação,356.0,26.0,180.0,-1.2791245671123848,1623321.0,189.0,24.0
47,100,Validação,351.0,26.0,180.0,-0.3059776684915416,1623321.0,189.0,26.6
47,105,Validação,346.0,26.0,180.0,2.086109170841796,1623321.0,189.0,29.2
47,110,Validação,341.0,8.0,162.0,-2.0157115436290534,1623321.0,189.0,31.8
47,115,Validação,336.0,8.0,162.0,-1.5782219898376346,1623321.0,189.0,32.6
47,120,Validação,331.0,17.0,162.0,0.6520906214392985,1623321.0,189.0,34.3
47,125,Validação,326.0,17.0,162.0,0.7760060517051475,1623321.0,189.0,36.0
47,130,Validação,321.0,17.0,162.0,0.0554954208373734,1623321.0,189.0,37.7
47,135,Validação,316.0,9.0,154.0,-1.579626047711156,1623321.0,189.0,38.6
47,140,Validação,311.0,9.0,154.0,-2.0203699226305627,1623321.0,189.0,39.5
47,145,Validação,306.0,22.0,154.0,0.289114916688979,1623321.0,189.0,41.7
47,150,Validação,301.0,22.0,154.0,0.1767445036889339,1623321.0,189.0,43.9
47,155,Validação,296.0,22.0,154.0,-0.7296780324265226,1623321.0,189.0,46.1
47,160,Validação,291.0,22.0,154.0,-1.1310012548614243,1623321.0,189.0,48.3
47,165,Validação,286.0,22.0,154.0,-1.3864312502016636,1623321.0,189.0,50.5
47,170,Validação,281.0,13.0,145.0,-2.0780056601200227,1623321.0,189.0,51.8
47,175,Validação,276.0,13.0,145.0,-1.8142903587038968,1623321.0,189.0,53.1
47,180,Validação,271.0,13.0,145.0,-1.021350472813228,1623321.0,189.0,54.4
47,185,Validação,266.0,22.0,145.0,0.6179040723157323,1623321.0,189.0,56.6
47,190,Validação,261.0,22.0,145.0,2.0173513953588644,1623321.0,189.0,58.8
47,195,Validação,256.0,9.0,132.0,-1.02135047281325,1623321.0,189.0,59.7
47,200,Validação,251.0,9.0,132.0,-1.8142903587038908,1623321.0,189.0,60.6
47,205,Validação,246.0,9.0,132.0,-2.0780056601200214,1623321.0,189.0,61.5
47,210,Validação,241.0,9.0,132.0,-1.968696502812424,1623321.0,189.0,62.4
47,215,Validação,236.0,27.0,132.0,3.56014070643922,1623321.0,189.0,65.1
47,220,Validação,231.0,27.0,132.0,1.520298689920648,1623321.0,189.0,67.8
47,225,Validação,226.0,27.0,132.0,-0.2729500891265584,1623321.0,189.0,70.5
47,230,Validação,221.0,27.0,132.0,-1.3484489509145354,1623321.0,189.0,73.2
47,235,Validação,216.0,18.0,123.0,-1.968696502812424,1623321.0,189.0,75.0
47,240,Validação,211.0,18.0,123.0,-2.0780056601200223,1623321.0,189.0,76.8
47,245,Validação,206.0,18.0,123.0,-1.8142903587038983,1623321.0,189.0,78.6
47,250,Validação,201.0,18.0,123.0,-1.0213504728132432,1623321.0,189.0,80.4
47,255,Validação,196.0,18.0,123.0,0.98887159084357,1623321.0,189.0,82.2
47,260,Validação,191.0,33.0,123.0,7.026123413488953,1623321.0,189.0,85.5
47,265,Validação,186.0,15.0,105.0,3.973746776273379,1623321.0,189.0,87.0
47,270,Validação,181.0,15.0,105.0,-0.0607548479888877,1623321.0,189.0,88.5
47,275,Validação,176.0,15.0,105.0,-1.42536569148936,1623321.0,189.0,90.0
47,280,Validação,171.0,15.0,105.0,-1.9686965028124228,1623321.0,189.0,91.5
47,285,Validação,166.0,15.0,105.0,-2.078005660120022,1623321.0,189.0,93.0
47,290,Validação,161.0,29.0,105.0,-0.738707815740486,1623321.0,189.0,95.9
47,295,Validação,156.0,29.0,105.0,-0.8015988402327303,1623321.0,189.0,98.8
47,300,Validação,151.0,29.0,105.0,-0.6829876198307869,1623321.0,189.0,101.7
47,305,Validação,146.0,28.0,105.0,-0.3586184118722362,1623321.0,189.0,104.5
47,310,Validação,141.0,14.0,90.0,-2.074647127134026,1623321.0,189.0,105.9
47,315,Validação,136.0,14.0,90.0,-1.9671944534267047,1623321.0,189.0,107.3
47,320,Validação,131.0,31.0,90.0,-0.1372254357174549,1623321.0,189.0,110.4
47,325,Validação,126.0,30.0,90.0,0.2935241853475174,1623321.0,189.0,113.4
47,330,Validação,121.0,30.0,90.0,-0.0960147129549815,1623321.0,189.0,116.4
47,335,Validação,116.0,30.0,90.0,-0.9771242761279084,1623321.0,189.0,119.4
47,340,Validação,111.0,16.0,77.0,-1.9648549596045068,1623321.0,189.0,121.0
47,345,Validação,106.0,16.0,77.0,-2.075058685376847,1623321.0,189.0,122.6
47,350,Validação,101.0,16.0,77.0,-1.8110196568786123,1623321.0,189.0,124.2
47,355,Validação,96.0,16.0,76.0,-1.0218670150619409,1623321.0,189.0,125.9
47,360,Validação,91.0,27.0,76.0,0.9573127562703244,1623321.0,189.0,128.6
47,365,Validação,86.0,27.0,76.0,3.16797347689705,1623321.0,189.0,131.3
47,370,Validação,81.0,11.0,60.0,-0.060754847988893,1623321.0,189.0,132.3
47,375,Validação,76.0,11.0,60.0,-1.4253656914893642,1623321.0,189.0,133.4
47,380,Validação,71.0,12.0,60.0,-1.963817530206703,1623321.0,189.0,134.6
47,385,Validação,66.0,11.0,60.0,-2.075069339904617,1623321.0,189.0,135.7
47,390,Validação,61.0,27.0,60.0,0.5201687613596615,1623321.0,189.0,138.4
47,395,Validação,56.0,27.0,60.0,-0.5740877421239445,1623321.0,189.0,141.1
47,400,Validação,51.0,28.0,60.0,-1.083430456201857,1623321.0,189.0,143.9
47,405,Validação,46.0,27.0,60.0,-1.3269249926664777,1623321.0,189.0,146.6
47,410,Validação,41.0,16.0,49.0,-2.077416638279064,1623321.0,189.0,148.2
47,415,Validação,36.0,16.0,49.0,-1.8948826768770377,1623321.0,189.0,149.8
47,420,Validação,31.0,34.0,49.0,-0.0312377217149983,1623321.0,189.0,153.2
47,425,Validação,26.0,34.0,49.0,-0.2526982211899216,1623321.0,189.0,156.6
47,430,Validação,21.0,34.0,49.0,-0.4199983899704351,1623321.0,189.0,159.9
47,435,Validação,16.0,18.0,33.0,-1.8126916715199803,1623321.0,189.0,163.3
47,440,Validação,11.0,18.0,33.0,-2.0743219806926327,1623321.0,189.0,165.1
47,445,Validação,6.0,18.0,33.0,-1.963366292214874,1623321.0,189.0,166.9
47,450,Validação,1.0,18.0,33.0,-1.4203280227267217,1623321.0,189.0,168.6
48,50,Validação,757.0,2.0,182.0,-1.725417487114483,1568557.0,182.0,6.0
48,55,Validação,752.0,-5.0,180.0,-1.7656016926859557,1572777.0,182.0,6.0
48,60,Validação,747.0,-3.0,180.0,-1.4690747345685846,1581628.0,182.0,7.0
48,65,Validação,742.0,-3.0,180.0,-0.7858561696532425,1587996.0,182.0,7.0
48,70,Validação,737.0,3.0,180.0,0.2331336746238759,1587996.0,182.0,8.4
48,75,Validação,732.0,3.0,180.0,-0.3508069745887416,1587996.0,182.0,9.333333333333334
48,80,Validação,727.0,8.0,180.0,-1.2455595525382974,1587996.0,182.0,10.0
48,85,Validação,722.0,7.0,180.0,-1.7837869658757926,1587996.0,182.0,10.5
48,90,Validação,717.0,5.0,180.0,-1.892662181614592,1587996.0,182.0,10.88888888888889
48,95,Validação,712.0,7.0,180.0,-1.6683427335910437,1587996.0,182.0,11.1
48,100,Validação,707.0,7.0,180.0,-0.8866134382541482,1587996.0,182.0,11.9
48,105,Validação,702.0,8.0,180.0,0.8301904245206311,1587996.0,182.0,12.7
48,110,Validação,697.0,5.0,180.0,5.927316802611856,1587996.0,182.0,13.2
48,115,Validação,692.0,0.0,174.0,8.52274181786493,1587996.0,182.0,13.9
48,120,Validação,687.0,0.0,173.0,7.821545088325552,1587996.0,182.0,13.9
48,125,Validação,682.0,0.0,173.0,7.82154508832555,1587996.0,182.0,13.9
48,130,Validação,677.0,8.0,173.0,12.285386363901566,1587996.0,182.0,14.7
48,135,Validação,672.0,7.0,173.0,1.7091270540637824,1587996.0,182.0,15.4
48,140,Validação,667.0,7.0,173.0,-0.7004651066403929,1587996.0,182.0,16.1
48,145,Validação,662.0,7.0,173.0,-1.6093763368873912,1587996.0,182.0,16.9
48,150,Validação,657.0,7.0,173.0,-1.968234659266112,1587996.0,182.0,17.6
48,155,Validação,652.0,7.0,173.0,-1.94890328038514,1587996.0,182.0,18.3
48,160,Validação,647.0,7.0,173.0,-1.534003083837339,1587996.0,182.0,19.0
48,165,Validação,642.0,6.0,173.0,-0.4302557084573135,1587996.0,182.0,19.7
48,170,Validação,637.0,10.0,173.0,2.409668671883323,1587996.0,182.0,20.6
48,175,Validação,632.0,7.0,172.0,16.130897516609924,1587996.0,182.0,21.3
48,180,Validação,627.0,-1.0,165.0,5.161652619551834,1587996.0,182.0,21.2
48,185,Validação,622.0,9.0,165.0,36.10551519218372,1587996.0,182.0,22.1
48,190,Validação,617.0,9.0,165.0,3.5885412261038336,1587996.0,182.0,23.0
48,195,Validação,612.0,9.0,165.0,-0.1239330300816434,1587996.0,182.0,23.9
48,200,Validação,607.0,9.0,165.0,-1.4388126925427631,1587996.0,182.0,24.8
48,205,Validação,602.0,9.0,165.0,-1.958807646170789,1587996.0,182.0,25.7
48,210,Validação,597.0,9.0,165.0,-2.0528136838491786,1587996.0,182.0,26.6
48,215,Validação,592.0,9.0,165.0,-1.76662410471401,1587996.0,182.0,27.5
48,220,Validação,587.0,9.0,165.0,-0.9752883118493224,1587996.0,182.0,28.2
48,225,Validação,582.0,9.0,165.0,0.9888715908435596,1587996.0,182.0,29.1
48,230,Validação,577.0,9.0,165.0,8.534487742830722,1587996.0,182.0,30.0
48,235,Validação,572.0,0.0,156.0,0.0,1587996.0,182.0,30.0
48,240,Validação,567.0,0.0,156.0,0.0,1587996.0,182.0,30.0
48,245,Validação,562.0,0.0,156.0,0.0,1587996.0,182.0,30.0
48,250,Validação,557.0,3.0,156.0,5.79196217494075,1587996.0,182.0,30.3
48,255,Validação,552.0,3.0,156.0,0.4072473404255627,1587996.0,182.0,30.6
48,260,Validação,547.0,3.0,156.0,-1.2411347517730658,1587996.0,182.0,30.9
48,265,Validação,542.0,3.0,156.0,-1.900487588652468,1587996.0,182.0,31.2
48,270,Validação,537.0,3.0,156.0,-2.085106382978723,1587996.0,182.0,31.5
48,275,Validação,532.0,3.0,156.0,-1.900487588652468,1587996.0,182.0,31.8
48,280,Validação,527.0,3.0,156.0,-1.2411347517730655,1587996.0,182.0,32.1
48,285,Validação,522.0,3.0,156.0,0.4072473404255636,1587996.0,182.0,32.4
48,290,Validação,517.0,3.0,156.0,5.791962174940748,1587996.0,182.0,32.7
48,295,Validação,512.0,0.0,153.0,0.0,1587996.0,182.0,33.0
48,300,Validação,507.0,0.0,153.0,0.0,1587996.0,182.0,33.0
48,305,Validação,502.0,0.0,153.0,0.0,1587996.0,182.0,33.0
48,310,Validação,497.0,3.0,153.0,5.79196217494075,1587996.0,182.0,33.3
48,315,Validação,492.0,3.0,153.0,0.4072473404255627,1587996.0,182.0,33.6
48,320,Validação,487.0,3.0,153.0,-1.2411347517730658,1587996.0,182.0,33.9
48,325,Validação,482.0,3.0,153.0,-1.900487588652468,1587996.0,182.0,34.2
48,330,Validação,477.0,3.0,153.0,-2.085106382978723,1587996.0,182.0,34.5
48,335,Validação,472.0,3.0,153.0,-1.900487588652468,1587996.0,182.0,34.8
48,340,Validação,467.0,3.0,153.0,-1.2411347517730655,1587996.0,182.0,35.1
48,345,Validação,462.0,3.0,153.0,0.4072473404255636,1587996.0,182.0,35.4
48,350,Validação,457.0,3.0,153.0,5.791962174940748,1587996.0,182.0,35.7
48,355,Validação,452.0,0.0,150.0,0.0,1587996.0,182.0,36.0
48,360,Validação,447.0,5.0,150.0,13.124339821940389,1587996.0,182.0,36.5
48,365,Validação,442.0,5.0,150.0,1.7259530141843469,1587996.0,182.0,37.0
48,370,Validação,437.0,5.0,150.0,-0.7586145884018474,1587996.0,182.0,37.5
48,375,Validação,432.0,5.0,150.0,-1.7081763445626603,1587996.0,182.0,38.0
48,380,Validação,427.0,5.0,150.0,-2.0565662795080035,1587996.0,182.0,38.5
48,385,Validação,422.0,17.0,150.0,4.268857634489538,1587996.0,182.0,40.2
48,390,Validação,417.0,17.0,150.0,0.5305786917093229,1587996.0,182.0,41.9
48,395,Validação,412.0,17.0,150.0,-0.9208658847856516,1587996.0,182.0,43.6
48,400,Validação,407.0,17.0,150.0,-1.5570935958777443,1587996.0,182.0,45.3
48,405,Validação,402.0,17.0,150.0,-1.899515741626924,1587996.0,182.0,47.0
48,410,Validação,397.0,12.0,145.0,-2.020369922630561,1587996.0,182.0,48.2
48,415,Validação,392.0,25.0,145.0,-0.3036774733832392,1587996.0,182.0,50.7
48,420,Validação,387.0,25.0,145.0,-0.1654272657050404,1587996.0,182.0,53.2
48,425,Validação,382.0,25.0,145.0,-0.3404248626779753,1587996.0,182.0,55.7
48,430,Validação,377.0,25.0,145.0,-0.7472377639559444,1587996.0,182.0,58.2
48,435,Validação,372.0,13.0,133.0,-2.0203699226305605,1587996.0,182.0,59.5
48,440,Validação,367.0,22.0,133.0,-1.5172231336618245,1587996.0,182.0,61.7
48,445,Validação,362.0,22.0,133.0,-1.245241064234062,1587996.0,182.0,63.9
48,450,Validação,357.0,22.0,133.0,-0.987522432476024,1587996.0,182.0,66.1
48,455,Validação,352.0,22.0,133.0,-0.2960323484522957,1587996.0,182.0,68.3
48,460,Validação,347.0,22.0,133.0,0.8717755047124749,1587996.0,182.0,70.5
48,465,Validação,342.0,9.0,120.0,-2.0565662795080004,1587996.0,182.0,71.4
48,470,Validação,337.0,21.0,120.0,0.531119840845188,1587996.0,182.0,73.5
48,475,Validação,332.0,21.0,120.0,-0.1978617954441257,1587996.0,182.0,75.6
48,480,Validação,327.0,21.0,120.0,-0.7287441045844618,1587996.0,182.0,77.7
48,485,Validação,322.0,21.0,120.0,-1.1220694830889388,1587996.0,182.0,79.8
48,490,Validação,317.0,12.0,111.0,-2.056566279508,1587996.0,182.0,81.0
48,495,Validação,312.0,12.0,111.0,-2.020369922630561,1587996.0,182.0,82.2
48,500,Validação,307.0,18.0,111.0,-1.4918929902909956,1587996.0,182.0,84.0
48,505,Validação,302.0,18.0,111.0,-0.5470685117888516,1587996.0,182.0,85.8
48,510,Validação,297.0,18.0,111.0,0.9616927179070522,1587996.0,182.0,87.6
48,515,Validação,292.0,18.0,111.0,3.7353444075669664,1587996.0,182.0,89.4
48,520,Validação,287.0,6.0,99.0,-1.9686965028124213,1587996.0,182.0,90.0
48,525,Validação,282.0,21.0,99.0,5.957656839964287,1587996.0,182.0,92.1
48,530,Validação,277.0,21.0,99.0,1.0840400610459318,1587996.0,182.0,94.2
48,535,Validação,272.0,21.0,99.0,-0.7227800336213956,1587996.0,182.0,96.3
48,540,Validação,267.0,21.0,99.0,-1.4855144439109034,1587996.0,182.0,98.4
48,545,Validação,262.0,21.0,99.0,-1.822268900036894,1587996.0,182.0,100.5
48,550,Validação,257.0,28.0,93.0,-1.129714334432938,1587996.0,182.0,103.3
48,555,Validação,252.0,27.0,93.0,-1.0566590618869949,1587996.0,182.0,106.0
48,560,Validação,247.0,27.0,93.0,-0.9881601704642656,1587996.0,182.0,108.7
48,565,Validação,242.0,28.0,93.0,-0.5522621686566689,1587996.0,182.0,111.5
48,570,Validação,237.0,27.0,93.0,0.0711542732415688,1587996.0,182.0,114.2
48,575,Validação,232.0,13.0,78.0,-2.044661457044536,1587996.0,182.0,115.5
48,580,Validação,227.0,12.0,78.0,-1.7043956800698734,1587996.0,182.0,116.7
48,585,Validação,222.0,21.0,78.0,-0.562923190773692,1587996.0,182.0,118.8
48,590,Validação,217.0,21.0,78.0,0.2629909075543644,1587996.0,182.0,120.9
48,595,Validação,212.0,21.0,78.0,1.256812790274326,1587996.0,182.0,123.0
48,600,Validação,207.0,9.0,66.0,-1.805683370647648,1587996.0,182.0,123.8
48,605,Validação,202.0,9.0,66.0,-2.052363576656963,1587996.0,182.0,124.7
48,610,Validação,197.0,11.0,66.0,-1.9062154679519527,1587996.0,182.0,125.8
48,615,Validação,192.0,11.0,66.0,-1.3703175255417774,1587996.0,182.0,126.8
48,620,Validação,187.0,10.0,66.0,-0.1626314479270867,1587996.0,182.0,127.9
48,625,Validação,182.0,8.0,66.0,3.0570173460173136,1587996.0,182.0,128.7
48,630,Validação,177.0,10.0,66.0,21.60887653448485,1587996.0,182.0,129.7
48,635,Validação,172.0,2.0,59.0,-0.7262361759063443,1587996.0,182.0,129.9
48,640,Validação,167.0,9.0,59.0,10.174068288195915,1587996.0,182.0,130.8
48,645,Validação,162.0,9.0,59.0,1.6556615161815804,1587996.0,182.0,131.7
48,650,Validação,157.0,9.0,59.0,-0.6215726691859835,1587996.0,182.0,132.6
48,655,Validação,152.0,9.0,59.0,-1.514224119293717,1587996.0,182.0,133.5
48,660,Validação,147.0,9.0,57.0,-1.925155683310204,1587996.0,182.0,134.2
48,665,Validação,142.0,13.0,57.0,-1.244201850403568,1587996.0,182.0,135.5
48,670,Validação,137.0,12.0,57.0,-1.1332434273380283,1587996.0,182.0,136.7
48,675,Validação,132.0,13.0,57.0,-0.9262342081660382,1587996.0,182.0,138.0
48,680,Validação,127.0,13.0,56.0,-0.3970976922830727,1587996.0,182.0,139.4
48,685,Validação,122.0,12.0,55.0,0.3876566835032062,1587996.0,182.0,140.6
48,690,Validação,117.0,5.0,48.0,-1.9169479257801243,1587996.0,182.0,141.1
48,695,Validação,112.0,16.0,48.0,2.540426856034633,1587996.0,182.0,142.7
48,700,Validação,107.0,15.0,48.0,0.3217073644594088,1587996.0,182.0,144.2
48,705,Validação,102.0,16.0,48.0,-0.8211516028182979,1587996.0,182.0,145.8
48,710,Validação,97.0,15.0,48.0,-1.5053815486785491,1587996.0,182.0,147.3
48,715,Validação,92.0,10.0,44.0,-1.9945408455153744,1587996.0,182.0,148.2
48,720,Validação,87.0,16.0,44.0,-1.6602089483084022,1587996.0,182.0,149.8
48,725,Validação,82.0,16.0,44.0,-1.2782912886733468,1587996.0,182.0,151.5
48,730,Validação,77.0,15.0,44.0,-0.7440548449990616,1587996.0,182.0,153.0
48,735,Validação,72.0,15.0,44.0,0.4949420328915144,1587996.0,182.0,154.6
48,740,Validação,67.0,17.0,44.0,2.3160901132444778,1587996.0,182.0,156.2
48,745,Validação,62.0,17.0,33.0,2.972925726816173,1587996.0,182.0,157.9
48,750,Validação,57.0,17.0,33.0,0.2238557794055298,1587996.0,182.0,159.7
48,755,Validação,52.0,18.0,33.0,-0.9784363495816252,1587996.0,182.0,161.4
48,760,Validação,47.0,18.0,33.0,-1.484847266117002,1587996.0,182.0,163.2
48,765,Validação,42.0,17.0,33.0,-1.7575698815641212,1587996.0,182.0,165.0
48,770,Validação,37.0,12.0,27.0,-2.0121531741428687,1587996.0,182.0,166.2
48,775,Validação,32.0,15.0,27.0,-1.546158156650446,1587996.0,182.0,167.7
48,780,Validação,27.0,14.0,27.0,-0.4772153087648787,1587996.0,182.0,169.1
48,785,Validação,22.0,12.0,27.0,2.313631687380968,1587996.0,182.0,170.4
48,790,Validação,17.0,13.0,27.0,15.606753995567946,1587996.0,182.0,171.7
48,795,Validação,12.0,1.0,15.0,-0.9302882812929588,1587996.0,182.0,171.8
48,800,Validação,7.0,2.0,15.0,-1.281086071593436,1587996.0,182.0,172.0
48,805,Validação,2.0,2.0,15.0,-1.3133769784867948,1587996.0,182.0,172.2
