ID_Trem,Ciclo,Grupo,RUL_Alvo,Distancia_Ref_Atual,Inclinacao_Mecanica,Vibracao_Max,Vibracao_Media,Vibracao_Tendencia,Vibracao_Std,Vibracao_Kurtosis,Vibracao_Energia
1,50,Validação,955.0,8.0,2.0,184.0,182.04,-2.0,0.28284271247461906,50.00000000000087,1656932.0
1,55,Validação,950.0,8.0,0.0,182.0,182.0,0.0,0.0,0.0,1656200.0
1,60,Validação,945.0,8.0,0.0,182.0,182.0,0.0,0.0,0.0,1656200.0
1,65,Validação,940.0,8.0,0.0,182.0,182.0,0.0,0.0,0.0,1656200.0
1,70,Validação,935.0,8.0,0.0,182.0,182.0,0.0,0.0,0.0,1656200.0
1,75,Validação,930.0,8.0,0.0,182.0,182.0,0.0,0.0,0.0,1656200.0
1,80,Validação,925.0,8.0,0.0,182.0,182.0,0.0,0.0,0.0,1656200.0
1,85,Validação,920.0,8.0,0.0,182.0,182.0,0.0,0.0,0.0,1656200.0
1,90,Validação,915.0,8.0,0.0,182.0,182.0,0.0,0.0,0.0,1656200.0
1,95,Validação,910.0,8.0,0.0,182.0,182.0,0.0,0.0,0.0,1656200.0
1,100,Validação,905.0,8.0,0.0,182.0,182.0,0.0,0.0,0.0,1656200.0
1,105,Validação,900.0,8.0,0.0,182.0,182.0,0.0,0.0,0.0,1656200.0
1,110,Validação,895.0,8.0,0.0,182.0,182.0,0.0,0.0,0.0,1656200.0
1,115,Validação,890.0,8.0,0.0,182.0,182.0,0.0,0.0,0.0,1656200.0
1,120,Validação,885.0,8.0,0.0,182.0,182.0,0.0,0.0,0.0,1656200.0
1,125,Validação,880.0,8.0,0.0,182.0,182.0,0.0,0.0,0.0,1656200.0
1,130,Validação,875.0,8.0,0.0,182.0,182.0,0.0,0.0,0.0,1656200.0
1,135,Validação,870.0,24.0,16.0,182.0,181.68,-16.0,2.262741699796952,50.0000000000001,1650632.0
1,140,Validação,865.0,24.0,16.0,182.0,180.08,-16.0,5.252171562549055,3.973746776273395,1622792.0
1,145,Validação,860.0,24.0,16.0,182.0,178.5,-16.0,6.658583535097953,-0.05394442165876567,1595285.0
1,150,Validação,855.0,24.0,16.0,182.0,176.94,-16.0,7.454378250534433,-1.4163763210605425,1568111.0
1,155,Validação,850.0,23.0,15.0,182.0,175.42,-15.0,7.81701440997228,-1.958566354635371,1541603.0
1,160,Validação,845.0,23.0,15.0,182.0,173.92,-15.0,7.850230725843645,-2.0697519250162815,1515428.0
1,165,Validação,840.0,23.0,15.0,182.0,172.36,-15.0,7.633866541101368,-1.8108762223234534,1488254.0
1,170,Validação,835.0,23.0,15.0,182.0,170.86,-15.0,7.030574627428172,-1.0277666334539948,1462079.0
1,175,Validação,830.0,23.0,15.0,182.0,169.34,-15.0,6.008870993143795,0.9498430659588184,1435571.0
1,180,Validação,825.0,24.0,16.0,182.0,167.8,-16.0,4.257046978786093,8.245791840215686,1408730.0
1,185,Validação,820.0,23.0,-1.0,167.0,166.6,1.0,0.4948716593053932,-1.900487588652503,1387790.0
1,190,Validação,815.0,23.0,-1.0,167.0,166.66,1.0,0.4785181206984065,-1.579626047711176,1388789.0
1,195,Validação,810.0,23.0,0.0,167.0,166.68,0.0,0.4712120714991614,-1.4253656914893118,1389122.0
1,200,Validação,805.0,23.0,-1.0,167.0,166.7,1.0,0.4629100498862758,-1.2411347517731455,1389455.0
1,205,Validação,800.0,24.0,1.0,167.0,166.66,-1.0,0.4785181206984065,-1.5796260477111759,1388789.0
1,210,Validação,795.0,24.0,0.0,167.0,166.58,0.0,0.4985693819032902,-1.9686965028123873,1387457.0
1,215,Validação,790.0,23.0,0.0,167.0,166.64,0.0,0.4848732213850613,-1.708176344562721,1388456.0
1,220,Validação,785.0,23.0,0.0,167.0,166.6,0.0,0.49487165930539323,-1.900487588652503,1387790.0
1,225,Validação,780.0,23.0,-1.0,167.0,166.62,1.0,0.490314351478015,-1.8142903587038774,1388123.0
1,230,Validação,775.0,23.0,0.0,167.0,166.66,0.0,0.4785181206984065,-1.5796260477111759,1388789.0
1,235,Validação,770.0,23.0,-1.0,167.0,166.66,1.0,0.4785181206984065,-1.5796260477111759,1388789.0
1,240,Validação,765.0,23.0,0.0,167.0,166.7,0.0,0.4629100498862758,-1.241134751773146,1389455.0
1,245,Validação,760.0,38.0,14.0,167.0,165.26,-14.0,4.484940788633783,5.637601203042811,1366529.0
1,250,Validação,755.0,38.0,15.0,167.0,163.8,-15.0,5.972727131533392,0.3827765455248917,1343270.0
1,255,Validação,750.0,38.0,14.0,167.0,162.36,-14.0,6.8594043889705585,-1.2442939461741112,1320344.0
1,260,Validação,745.0,38.0,15.0,167.0,160.94,-15.0,7.377323224529594,-1.8990073218055974,1297751.0
1,265,Validação,740.0,38.0,15.0,167.0,159.44,-15.0,7.519118489367143,-2.081306890326338,1273826.0
1,270,Validação,735.0,38.0,15.0,167.0,157.98,-15.0,7.399641469527491,-1.8981036244385852,1250567.0
1,275,Validação,730.0,38.0,15.0,167.0,156.48,-15.0,6.914167649523281,-1.2368469113518932,1226642.0
1,280,Validação,725.0,38.0,14.0,167.0,154.98,-14.0,6.022034370475126,0.41646887215680284,1202717.0
1,285,Validação,720.0,38.0,15.0,167.0,153.5,-15.0,4.545686450484948,5.791962174940899,1179125.0
1,290,Validação,715.0,38.0,0.0,152.0,152.0,0.0,0.0,0.0,1155200.0
1,295,Validação,710.0,38.0,0.0,152.0,152.0,0.0,0.0,0.0,1155200.0
1,300,Validação,705.0,38.0,0.0,152.0,152.0,0.0,0.0,0.0,1155200.0
1,305,Validação,700.0,38.0,0.0,152.0,152.0,0.0,0.0,0.0,1155200.0
1,310,Validação,695.0,38.0,0.0,152.0,152.0,0.0,0.0,0.0,1155200.0
1,315,Validação,690.0,38.0,0.0,152.0,152.0,0.0,0.0,0.0,1155200.0
1,320,Validação,685.0,38.0,0.0,152.0,152.0,0.0,0.0,0.0,1155200.0
1,325,Validação,680.0,44.0,6.0,152.0,151.76,-6.0,1.1876919823329444,22.330729166666515,1151624.0
1,330,Validação,675.0,44.0,6.0,152.0,151.16,-6.0,2.1030589965231936,2.6843146956951847,1142684.0
1,335,Validação,670.0,44.0,6.0,152.0,150.56,-6.0,2.5885146635214,-0.4429707913400476,1133744.0
1,340,Validação,665.0,44.0,6.0,152.0,149.96,-6.0,2.8711087241904387,-1.5796260477111457,1124804.0
1,345,Validação,660.0,44.0,6.0,152.0,149.36,-6.0,3.0085592185344403,-2.0203699226305556,1115864.0
1,350,Validação,655.0,44.0,6.0,152.0,148.76,-6.0,3.020744603435329,-2.056566279507998,1106924.0
1,355,Validação,650.0,44.0,6.0,152.0,148.16,-6.0,2.909239328310367,-1.7081763445626443,1097984.0
1,360,Validação,645.0,44.0,6.0,152.0,147.56,-6.0,2.6585249861607134,-0.7586145884018265,1089044.0
1,365,Validação,640.0,44.0,6.0,152.0,146.96,-6.0,2.2219682394541227,1.7259530141843697,1080104.0
1,370,Validação,635.0,44.0,6.0,152.0,146.36,-6.0,1.4393876248925717,13.124339821940382,1071164.0
1,375,Validação,630.0,56.0,12.0,146.0,145.04,-12.0,3.2885701874144364,8.53448774283068,1052360.0
1,380,Validação,625.0,56.0,12.0,146.0,143.84,-12.0,4.657055213899243,0.9888715908435737,1035560.0
1,385,Validação,620.0,56.0,12.0,146.0,142.64,-12.0,5.44268841133287,-1.0213504728132499,1018760.0
1,390,Validação,615.0,56.0,12.0,146.0,141.44,-12.0,5.883772217736174,-1.8142903587038983,1001960.0
1,395,Validação,610.0,56.0,12.0,146.0,140.24,-12.0,6.056064594053383,-2.0780056601200214,985160.0
1,400,Validação,605.0,56.0,12.0,146.0,139.04,-12.0,5.982832582839479,-1.9686965028124213,968360.0
1,405,Validação,600.0,56.0,12.0,146.0,137.84,-12.0,5.65454485798993,-1.4253656914893638,951560.0
1,410,Validação,595.0,56.0,12.0,146.0,136.64,-12.0,5.021423491157761,-0.060754847988873095,934760.0
1,415,Validação,590.0,56.0,12.0,146.0,135.44,-12.0,3.939128671911785,3.973746776273374,917960.0
1,420,Validação,585.0,65.0,21.0,146.0,133.28,-21.0,3.4406928585589793,6.3274911548605814,888758.0
1,425,Validação,580.0,65.0,9.0,134.0,132.14,-9.0,3.7634656195304546,0.4686567712266396,873743.0
1,430,Validação,575.0,65.0,9.0,134.0,131.24,-9.0,4.264519017307765,-1.2073048208854373,862088.0
1,435,Validação,570.0,65.0,9.0,134.0,130.34,-9.0,4.533818501449043,-1.879621082692233,850433.0
1,440,Validação,565.0,65.0,9.0,134.0,129.44,-9.0,4.612140146905106,-2.0719617735253415,838778.0
1,445,Validação,560.0,65.0,9.0,134.0,128.54,-9.0,4.509445868487204,-1.893643670260925,827123.0
1,450,Validação,555.0,65.0,9.0,134.0,127.64,-9.0,4.212517788977156,-1.24250267193092,815468.0
1,455,Validação,550.0,65.0,9.0,134.0,126.74,-9.0,3.6745678629727143,0.3864960513552722,803813.0
1,460,Validação,545.0,79.0,23.0,134.0,124.48,-23.0,5.191201347334876,2.7992645923332447,776084.0
1,465,Validação,540.0,78.0,12.0,125.0,122.26,-12.0,5.39391191198797,0.4289245590198427,748801.0
1,470,Validação,535.0,78.0,13.0,125.0,120.98,-13.0,6.208913934408977,-1.2186330757793244,733697.0
1,475,Validação,530.0,78.0,13.0,125.0,119.66,-13.0,6.613560589687632,-1.884304305052799,718069.0
1,480,Validação,525.0,79.0,14.0,125.0,118.32,-14.0,6.756523680480812,-2.0732368988604,702218.0
1,485,Validação,520.0,78.0,13.0,125.0,116.98,-13.0,6.625522697901515,-1.8940400976796512,686367.0
1,490,Validação,515.0,89.0,24.0,125.0,114.86,-24.0,7.233736156061415,-0.7751442146417218,662205.0
1,495,Validação,510.0,87.0,22.0,125.0,112.6,-22.0,7.253429871306342,-0.23477409739937327,636516.0
1,500,Validação,505.0,86.0,21.0,125.0,110.42,-21.0,6.414556150837319,0.7500912356963991,611645.0
1,505,Validação,500.0,89.0,10.0,112.0,108.16,-10.0,4.581952172850096,-1.571770598783419,585958.0
1,510,Validação,495.0,89.0,10.0,112.0,107.18,-10.0,4.843215325987228,-1.899816459560771,575527.0
1,515,Validação,490.0,89.0,10.0,112.0,106.16,-10.0,4.850247205986895,-1.8618350844262328,564650.0
1,520,Validação,485.0,95.0,17.0,112.0,104.5,-17.0,5.5115833496744076,-1.0228934964947074,547501.0
1,525,Validação,480.0,95.0,17.0,112.0,102.82,-17.0,5.59040723572304,-0.7082949078428431,530129.0
1,530,Validação,475.0,95.0,17.0,112.0,101.16,-17.0,5.175925432387206,-0.10263716710023107,512980.0
1,535,Validação,470.0,95.0,17.0,112.0,99.5,-17.0,4.087062714548562,-0.16287057229123025,495831.0
1,540,Validação,465.0,95.0,8.0,104.0,98.62,-8.0,3.7736465339596026,-1.7964183567028642,486993.0
1,545,Validação,460.0,95.0,7.0,104.0,97.88,-7.0,3.662496082048474,-1.4775805892544907,479682.0
1,550,Validação,455.0,95.0,9.0,104.0,97.06,-9.0,3.2602115869735724,-0.5558693315476964,471553.0
1,555,Validação,450.0,107.0,18.0,104.0,95.6,-18.0,4.1991252733425934,3.661153590425526,457832.0
1,560,Validação,445.0,107.0,21.0,104.0,93.74,-21.0,5.146070424734442,1.0413990738094823,440657.0
1,565,Validação,440.0,107.0,12.0,95.0,91.88,-12.0,5.317049972321426,-0.7586145884018265,423482.0
1,570,Validação,435.0,107.0,12.0,95.0,90.68,-12.0,5.818478656620734,-1.7081763445626443,412802.0
1,575,Validação,430.0,107.0,12.0,95.0,89.48,-12.0,6.041489206870663,-2.056566279508,402122.0
1,580,Validação,425.0,107.0,12.0,95.0,88.28,-12.0,6.017118437068886,-2.020369922630561,391442.0
1,585,Validação,420.0,107.0,12.0,95.0,87.08,-12.0,5.742217448380883,-1.579626047711153,380762.0
1,590,Validação,415.0,107.0,12.0,95.0,85.88,-12.0,5.177029327042802,-0.44297079134004713,370082.0
1,595,Validação,410.0,107.0,12.0,95.0,84.66,-12.0,4.2166337284616,2.6728797270013223,359237.0
1,600,Validação,405.0,110.0,15.0,95.0,83.28,-15.0,2.5236837345112644,18.465137311224794,347090.0
1,605,Validação,400.0,108.0,1.0,83.0,82.62,-1.0,0.9233921492109892,4.328477785547264,341345.0
1,610,Validação,395.0,110.0,3.0,83.0,82.4,-3.0,1.1248582677159729,0.7573698718090984,339550.0
1,615,Validação,390.0,110.0,3.0,83.0,82.16,-3.0,1.2834901397266398,-0.8173483855431343,337594.0
1,620,Validação,385.0,108.0,1.0,83.0,81.96,-1.0,1.354659381843394,-1.4382596309159754,335962.0
1,625,Validação,380.0,107.0,0.0,83.0,81.82,0.0,1.3804761083460604,-1.684987596475784,334819.0
1,630,Validação,375.0,110.0,3.0,83.0,81.58,-3.0,1.41551173410458,-1.9251717713453895,332863.0
1,635,Validação,370.0,107.0,0.0,83.0,81.34,0.0,1.4085743262792558,-1.9128168922713509,330907.0
1,640,Validação,365.0,110.0,3.0,83.0,81.1,-3.0,1.3590212564600326,-1.6452807470221047,328951.0
1,645,Validação,360.0,116.0,9.0,83.0,80.52,-9.0,2.0921622444597494,3.867076013183474,324388.0
1,650,Validação,355.0,117.0,7.0,83.0,79.78,-7.0,2.8592135353653334,0.6098616071371903,318643.0
1,655,Validação,350.0,116.0,7.0,83.0,79.06,-7.0,3.2789371100142457,-0.8844928769579834,313051.0
1,660,Validação,345.0,116.0,6.0,83.0,78.38,-6.0,3.52767484271416,-1.5194571037876947,307781.0
1,665,Validação,340.0,116.0,6.0,83.0,77.72,-6.0,3.6479795917796483,-1.7199781260575333,302672.0
1,670,Validação,335.0,116.0,8.0,83.0,77.02,-8.0,3.599829927955498,-1.5474733975751083,297239.0
1,675,Validação,330.0,116.0,9.0,83.0,76.26,-9.0,3.312376297266646,-0.9420405136425005,291317.0
1,680,Validação,325.0,131.0,21.0,83.0,75.3,-21.0,3.8025233297731904,6.258523827231567,284213.0
1,685,Validação,320.0,131.0,21.0,83.0,73.14,-21.0,5.81346080494332,2.2571015081518917,269129.0
1,690,Validação,315.0,131.0,21.0,83.0,70.98,-21.0,6.6039258577526345,-0.07484825642548154,254045.0
1,695,Validação,310.0,131.0,15.0,74.0,69.18,-15.0,7.0557257108055484,-1.4256826105280755,241733.0
1,700,Validação,305.0,131.0,15.0,74.0,67.68,-15.0,7.503577378116901,-1.9661493547567201,231788.0
1,705,Validação,300.0,131.0,15.0,74.0,66.18,-15.0,7.590783885739337,-2.076492208799907,221813.0
1,710,Validação,295.0,131.0,15.0,74.0,64.68,-15.0,7.371871526004667,-1.8136438654626492,211838.0
1,715,Validação,290.0,131.0,15.0,74.0,63.18,-15.0,6.817414675457474,-1.0219265841599023,201863.0
1,720,Validação,285.0,131.0,15.0,74.0,61.68,-15.0,5.832491678834476,0.985049587813279,191888.0
1,725,Validação,280.0,133.0,17.0,74.0,60.14,-17.0,4.140442646157835,8.408218191361437,181681.0
1,730,Validação,275.0,133.0,2.0,59.0,58.74,-2.0,0.6642473107178668,3.382790293797819,172541.0
1,735,Validação,270.0,133.0,2.0,59.0,58.52,-2.0,0.886174995386904,0.3904600777251046,171268.0
1,740,Validação,265.0,131.0,0.0,59.0,58.34,0.0,1.002242383816593,-0.7158717060960416,170227.0
1,745,Validação,260.0,133.0,2.0,59.0,58.14,-2.0,1.0499757042864544,-1.5186178338695535,169067.0
1,750,Validação,255.0,131.0,0.0,59.0,58.0,0.0,1.0690449676496976,-1.7799202127659575,168256.0
1,755,Validação,250.0,131.0,0.0,59.0,57.86,0.0,1.0499757042864541,-1.7737042159352578,167443.0
1,760,Validação,245.0,133.0,2.0,59.0,57.68,-2.0,1.0388376550113059,-1.5183061782871605,166402.0
1,765,Validação,240.0,133.0,2.0,59.0,57.48,-2.0,0.9527618286018891,-0.7961884692077841,165242.0
1,770,Validação,235.0,133.0,2.0,59.0,57.3,-2.0,0.8630747123996125,0.42922906776651537,164201.0
1,775,Validação,230.0,138.0,5.0,59.0,56.62,-5.0,1.7715437750557494,3.7988829489438984,160445.0
1,780,Validação,225.0,139.0,6.0,59.0,56.02,-6.0,2.445236936059446,0.22201183741634445,157205.0
1,785,Validação,220.0,139.0,5.0,59.0,55.46,-5.0,2.822721222870019,-1.1410631055751166,154181.0
1,790,Validação,215.0,139.0,6.0,59.0,54.86,-6.0,3.010254582765589,-1.7130593182587794,150925.0
1,795,Validação,210.0,139.0,6.0,59.0,54.26,-6.0,3.1220741404994703,-1.8452798911531176,147685.0
1,800,Validação,205.0,139.0,6.0,59.0,53.64,-6.0,3.0422870022536723,-1.6170413334938778,144316.0
1,805,Validação,200.0,144.0,10.0,59.0,52.78,-10.0,3.1055578880320973,-0.41849897686273696,139759.0
1,810,Validação,195.0,145.0,12.0,59.0,51.6,-12.0,3.4226138716316985,0.13655910235801905,133702.0
1,815,Validação,190.0,144.0,13.0,59.0,50.46,-13.0,3.339375476257284,0.39919069371687854,127857.0
1,820,Validação,185.0,146.0,8.0,52.0,49.26,-8.0,2.805315653962553,-1.2710170879624794,121713.0
1,825,Validação,180.0,146.0,7.0,52.0,48.56,-7.0,2.970329467055321,-1.7287092358398304,118336.0
1,830,Validação,175.0,144.0,6.0,52.0,48.02,-6.0,2.979453449400218,-1.8197425626091357,115731.0
1,835,Validação,170.0,144.0,5.0,52.0,47.48,-5.0,2.8373600837570767,-1.566337004378322,113112.0
1,840,Validação,165.0,144.0,5.0,52.0,46.96,-5.0,2.5631613133720927,-0.8089632353871798,110584.0
1,845,Validação,160.0,144.0,5.0,52.0,46.46,-5.0,2.177903878990634,1.1049811319011908,108159.0
1,850,Validação,155.0,144.0,5.0,51.0,45.94,-5.0,1.4764823060233419,6.849487077726916,105631.0
1,855,Validação,150.0,152.0,8.0,46.0,45.0,-8.0,2.0,5.428747828918802,101446.0
1,860,Validação,145.0,149.0,5.0,46.0,44.42,-5.0,2.6036865543819574,0.9760215389783644,98989.0
1,865,Validação,140.0,149.0,5.0,46.0,43.88,-5.0,2.8688332265282783,-0.568661350048743,96676.0
1,870,Validação,135.0,152.0,6.0,46.0,43.26,-6.0,3.1867711251487196,-1.357874639536896,94069.0
1,875,Validação,130.0,149.0,3.0,46.0,42.76,-3.0,3.3169939673734463,-1.6619827469920323,91960.0
1,880,Validação,125.0,149.0,5.0,46.0,42.18,-5.0,3.299288729779341,-1.6567920690654654,89491.0
1,885,Validação,120.0,152.0,8.0,46.0,41.58,-8.0,3.156399395332782,-1.321632609540927,86933.0
1,890,Validação,115.0,152.0,8.0,46.0,40.86,-8.0,2.8856435634898174,-0.4911972894524732,83885.0
1,895,Validação,110.0,165.0,21.0,46.0,39.66,-21.0,3.8205139092289997,7.70522065911579,79361.0
1,900,Validação,105.0,164.0,12.0,41.0,37.62,-12.0,5.14242061639442,2.046343520371056,72059.0
1,905,Validação,100.0,166.0,14.0,41.0,36.1,-14.0,6.430951940198501,-0.5254923307951134,67187.0
1,910,Validação,95.0,165.0,13.0,41.0,34.66,-13.0,7.067054924515759,-1.5508738099248913,62513.0
1,915,Validação,90.0,165.0,15.0,41.0,33.14,-15.0,7.340160705575421,-1.9397844452912005,57553.0
1,920,Validação,85.0,165.0,16.0,41.0,31.76,-16.0,7.397076090853569,-1.9509965144956143,53116.0
1,925,Validação,80.0,165.0,13.0,41.0,30.3,-13.0,7.080441586597865,-1.5778340818529246,48361.0
1,930,Validação,75.0,165.0,16.0,41.0,28.82,-16.0,6.429174574880177,-0.6000129020528822,43555.0
1,935,Validação,70.0,165.0,13.0,41.0,27.32,-13.0,5.30859910803179,1.8985043999857094,38700.0
1,940,Validação,65.0,174.0,22.0,41.0,25.34,-22.0,4.452057538546711,7.243921732631156,33077.0
1,945,Validação,60.0,173.0,8.0,26.0,23.64,-8.0,3.268651347674306,1.9574474235971548,28466.0
1,950,Validação,55.0,174.0,8.0,26.0,22.74,-8.0,3.8108866609828667,-0.5738992316250191,26567.0
1,955,Validação,50.0,176.0,11.0,26.0,21.86,-11.0,4.328406408924228,-1.509581352692897,24811.0
1,960,Validação,45.0,174.0,10.0,26.0,20.9,-10.0,4.550173802466568,-1.8959360685597362,22855.0
1,965,Validação,40.0,174.0,10.0,26.0,20.0,-10.0,4.535573676110727,-1.9153230274822695,21008.0
1,970,Validação,35.0,177.0,12.0,26.0,18.9,-12.0,4.496029994816061,-1.4882700973889944,18851.0
1,975,Validação,30.0,177.0,12.0,25.0,17.68,-12.0,4.263944709983458,-0.6471956861233172,16520.0
1,980,Validação,25.0,177.0,12.0,25.0,16.5,-12.0,3.654742515847438,1.253871057830553,14267.0
1,985,Validação,20.0,177.0,11.0,25.0,15.32,-11.0,2.4779846979481746,6.006591053363229,12036.0
1,990,Validação,15.0,177.0,4.0,17.0,14.72,-4.0,1.6786778081792433,-1.807647588672576,10972.0
1,995,Validação,10.0,177.0,4.0,17.0,14.32,-4.0,1.5576015051930305,-1.5936446104672406,10372.0
1,1000,Validação,5.0,177.0,3.0,17.0,13.96,-3.0,1.3844618788097953,-1.064899868278245,9838.0
1,1005,Validação,0.0,177.0,1.0,16.0,13.7,-1.0,1.249489691752564,-0.19533676354702356,9461.0
2,50,Treino,1177.0,10.0,10.0,189.0,179.2,-10.0,1.4142135623730938,50.00000000000024,1605730.0
2,55,Treino,1172.0,10.0,0.0,179.0,179.0,0.0,0.0,0.0,1602050.0
2,60,Treino,1167.0,10.0,0.0,179.0,179.0,0.0,0.0,0.0,1602050.0
2,65,Treino,1162.0,10.0,0.0,179.0,179.0,0.0,0.0,0.0,1602050.0
2,70,Treino,1157.0,10.0,0.0,179.0,179.0,0.0,0.0,0.0,1602050.0
2,75,Treino,1152.0,10.0,0.0,179.0,179.0,0.0,0.0,0.0,1602050.0
2,80,Treino,1147.0,10.0,0.0,179.0,179.0,0.0,0.0,0.0,1602050.0
2,85,Treino,1142.0,10.0,0.0,179.0,179.0,0.0,0.0,0.0,1602050.0
2,90,Treino,1137.0,10.0,0.0,179.0,179.0,0.0,0.0,0.0,1602050.0
2,95,Treino,1132.0,10.0,0.0,179.0,179.0,0.0,0.0,0.0,1602050.0
2,100,Treino,1127.0,10.0,0.0,179.0,179.0,0.0,0.0,0.0,1602050.0
2,105,Treino,1122.0,10.0,0.0,179.0,179.0,0.0,0.0,0.0,1602050.0
2,110,Treino,1117.0,10.0,0.0,179.0,179.0,0.0,0.0,0.0,1602050.0
2,115,Treino,1112.0,10.0,0.0,179.0,179.0,0.0,0.0,0.0,1602050.0
2,120,Treino,1107.0,10.0,0.0,179.0,179.0,0.0,0.0,0.0,1602050.0
2,125,Treino,1102.0,10.0,0.0,179.0,179.0,0.0,0.0,0.0,1602050.0
2,130,Treino,1097.0,10.0,0.0,179.0,179.0,0.0,0.0,0.0,1602050.0
2,135,Treino,1092.0,10.0,0.0,179.0,179.0,0.0,0.0,0.0,1602050.0
2,140,Treino,1087.0,25.0,15.0,179.0,177.8,-15.0,4.110712734268045,8.534487742830752,1581470.0
2,145,Treino,1082.0,25.0,15.0,179.0,176.3,-15.0,5.821319017374053,0.9888715908435843,1555745.0
2,150,Treino,1077.0,25.0,15.0,179.0,174.8,-15.0,6.8033605141660916,-1.0213504728132317,1530020.0
2,155,Treino,1072.0,25.0,15.0,179.0,173.3,-15.0,7.354715272170222,-1.8142903587038945,1504295.0
2,160,Treino,1067.0,25.0,15.0,179.0,171.8,-15.0,7.570080742566725,-2.07800566012002,1478570.0
2,165,Treino,1062.0,25.0,15.0,179.0,170.3,-15.0,7.478540728549346,-1.968696502812426,1452845.0
2,170,Treino,1057.0,25.0,15.0,179.0,168.8,-15.0,7.068181072487416,-1.4253656914893678,1427120.0
2,175,Treino,1052.0,25.0,15.0,179.0,167.3,-15.0,6.276779363947205,-0.06075484798890152,1401395.0
2,180,Treino,1047.0,25.0,15.0,179.0,165.8,-15.0,4.923910839889736,3.973746776273349,1375670.0
2,185,Treino,1042.0,25.0,15.0,179.0,164.3,-15.0,2.121320343559642,49.99999999999983,1349945.0
2,190,Treino,1037.0,25.0,0.0,164.0,164.0,0.0,0.0,0.0,1344800.0
2,195,Treino,1032.0,25.0,0.0,164.0,164.0,0.0,0.0,0.0,1344800.0
2,200,Treino,1027.0,25.0,0.0,164.0,164.0,0.0,0.0,0.0,1344800.0
2,205,Treino,1022.0,25.0,0.0,164.0,164.0,0.0,0.0,0.0,1344800.0
2,210,Treino,1017.0,25.0,0.0,164.0,164.0,0.0,0.0,0.0,1344800.0
2,215,Treino,1012.0,25.0,0.0,164.0,164.0,0.0,0.0,0.0,1344800.0
2,220,Treino,1007.0,25.0,0.0,164.0,164.0,0.0,0.0,0.0,1344800.0
2,225,Treino,1002.0,25.0,0.0,164.0,164.0,0.0,0.0,0.0,1344800.0
2,230,Treino,997.0,25.0,0.0,164.0,164.0,0.0,0.0,0.0,1344800.0
2,235,Treino,992.0,25.0,0.0,164.0,164.0,0.0,0.0,0.0,1344800.0
2,240,Treino,987.0,25.0,0.0,164.0,164.0,0.0,0.0,0.0,1344800.0
2,245,Treino,982.0,25.0,0.0,164.0,164.0,0.0,0.0,0.0,1344800.0
2,250,Treino,977.0,25.0,0.0,164.0,164.0,0.0,0.0,0.0,1344800.0
2,255,Treino,972.0,25.0,0.0,164.0,164.0,0.0,0.0,0.0,1344800.0
2,260,Treino,967.0,25.0,0.0,164.0,164.0,0.0,0.0,0.0,1344800.0
2,265,Treino,962.0,25.0,0.0,164.0,164.0,0.0,0.0,0.0,1344800.0
2,270,Treino,957.0,25.0,0.0,164.0,164.0,0.0,0.0,0.0,1344800.0
2,275,Treino,952.0,25.0,0.0,164.0,164.0,0.0,0.0,0.0,1344800.0
2,280,Treino,947.0,35.0,10.0,164.0,163.2,-10.0,2.740475156178697,8.534487742830652,1332080.0
2,285,Treino,942.0,34.0,9.0,164.0,162.22,-9.0,3.840121171557598,1.0134775454437515,1316489.0
2,290,Treino,937.0,34.0,9.0,164.0,161.3,-9.0,4.381081778627331,-0.9794927906020447,1301825.0
2,295,Treino,932.0,34.0,9.0,164.0,160.4,-9.0,4.655477353371521,-1.778062504796382,1287470.0
2,300,Treino,927.0,34.0,9.0,164.0,159.5,-9.0,4.743416490252569,-2.05147874752738,1273115.0
2,305,Treino,922.0,34.0,9.0,164.0,158.6,-9.0,4.655477353371521,-1.9530817582513094,1258760.0
2,310,Treino,917.0,34.0,9.0,164.0,157.7,-9.0,4.381081778627332,-1.4258137237503514,1244405.0
2,315,Treino,912.0,34.0,9.0,164.0,156.8,-9.0,3.880879344916032,-0.09841339656262704,1230050.0
2,320,Treino,907.0,34.0,9.0,164.0,155.9,-9.0,3.045572229332548,3.7698003000215525,1215695.0
2,325,Treino,902.0,34.0,9.0,164.0,155.0,-9.0,1.355261854357877,41.73108747044917,1201340.0
2,330,Treino,897.0,34.0,-1.0,155.0,154.9,1.0,0.3030457633656633,5.791962174941121,1199705.0
2,335,Treino,892.0,34.0,-1.0,155.0,154.98,1.0,0.14142135623730948,49.99999999999781,1200941.0
2,340,Treino,887.0,34.0,0.0,155.0,155.0,0.0,0.0,0.0,1201250.0
2,345,Treino,882.0,34.0,0.0,155.0,155.0,0.0,0.0,0.0,1201250.0
2,350,Treino,877.0,34.0,0.0,155.0,155.0,0.0,0.0,0.0,1201250.0
2,355,Treino,872.0,34.0,0.0,155.0,155.0,0.0,0.0,0.0,1201250.0
2,360,Treino,867.0,34.0,0.0,155.0,155.0,0.0,0.0,0.0,1201250.0
2,365,Treino,862.0,34.0,0.0,155.0,155.0,0.0,0.0,0.0,1201250.0
2,370,Treino,857.0,34.0,0.0,155.0,155.0,0.0,0.0,0.0,1201250.0
2,375,Treino,852.0,34.0,0.0,155.0,155.0,0.0,0.0,0.0,1201250.0
2,380,Treino,847.0,34.0,0.0,155.0,155.0,0.0,0.0,0.0,1201250.0
2,385,Treino,842.0,34.0,0.0,155.0,155.0,0.0,0.0,0.0,1201250.0
2,390,Treino,837.0,34.0,0.0,155.0,155.0,0.0,0.0,0.0,1201250.0
2,395,Treino,832.0,34.0,0.0,155.0,155.0,0.0,0.0,0.0,1201250.0
2,400,Treino,827.0,34.0,0.0,155.0,155.0,0.0,0.0,0.0,1201250.0
2,405,Treino,822.0,34.0,0.0,155.0,155.0,0.0,0.0,0.0,1201250.0
2,410,Treino,817.0,34.0,0.0,155.0,155.0,0.0,0.0,0.0,1201250.0
2,415,Treino,812.0,52.0,18.0,155.0,154.28,-18.0,3.563075946998833,22.330729166666675,1190738.0
2,420,Treino,807.0,52.0,18.0,155.0,152.48,-18.0,6.309176989569582,2.6843146956951847,1164458.0
2,425,Treino,802.0,52.0,18.0,155.0,150.68,-18.0,7.765543990564199,-0.44297079134004713,1138178.0
2,430,Treino,797.0,52.0,18.0,155.0,148.88,-18.0,8.613326172571318,-1.5796260477111561,1111898.0
2,435,Treino,792.0,52.0,18.0,155.0,147.08,-18.0,9.025677655603323,-2.020369922630559,1085618.0
2,440,Treino,787.0,52.0,18.0,155.0,145.28,-18.0,9.062233810305989,-2.0565662795080004,1059338.0
2,445,Treino,782.0,52.0,18.0,155.0,143.48,-18.0,8.727717984931093,-1.7081763445626434,1033058.0
2,450,Treino,777.0,52.0,18.0,155.0,141.68,-18.0,7.975574958482133,-0.7586145884018252,1006778.0
2,455,Treino,772.0,52.0,18.0,155.0,139.88,-18.0,6.665904718362367,1.7259530141844035,980498.0
2,460,Treino,767.0,52.0,18.0,155.0,138.08,-18.0,4.318162874677719,13.124339821940499,954218.0
2,465,Treino,762.0,52.0,0.0,137.0,137.0,0.0,0.0,0.0,938450.0
2,470,Treino,757.0,52.0,0.0,137.0,137.0,0.0,0.0,0.0,938450.0
2,475,Treino,752.0,52.0,0.0,137.0,137.0,0.0,0.0,0.0,938450.0
2,480,Treino,747.0,52.0,0.0,137.0,137.0,0.0,0.0,0.0,938450.0
2,485,Treino,742.0,52.0,0.0,137.0,137.0,0.0,0.0,0.0,938450.0
2,490,Treino,737.0,52.0,0.0,137.0,137.0,0.0,0.0,0.0,938450.0
2,495,Treino,732.0,52.0,0.0,137.0,137.0,0.0,0.0,0.0,938450.0
2,500,Treino,727.0,52.0,0.0,137.0,137.0,0.0,0.0,0.0,938450.0
2,505,Treino,722.0,52.0,0.0,137.0,137.0,0.0,0.0,0.0,938450.0
2,510,Treino,717.0,52.0,0.0,137.0,137.0,0.0,0.0,0.0,938450.0
2,515,Treino,712.0,52.0,0.0,137.0,137.0,0.0,0.0,0.0,938450.0
2,520,Treino,707.0,52.0,0.0,137.0,137.0,0.0,0.0,0.0,938450.0
2,525,Treino,702.0,52.0,0.0,137.0,137.0,0.0,0.0,0.0,938450.0
2,530,Treino,697.0,59.0,7.0,137.0,136.3,-7.0,2.1213203435596424,5.791962174940965,929105.0
2,535,Treino,692.0,59.0,7.0,137.0,135.6,-7.0,2.8284271247461903,0.40724734042551836,919760.0
2,540,Treino,687.0,59.0,7.0,137.0,134.9,-7.0,3.24037034920393,-1.241134751773043,910415.0
2,545,Treino,682.0,59.0,7.0,137.0,134.2,-7.0,3.464101615137755,-1.9004875886524877,901070.0
2,550,Treino,677.0,59.0,7.0,137.0,133.5,-7.0,3.5355339059327378,-2.085106382978723,891725.0
2,555,Treino,672.0,59.0,7.0,137.0,132.8,-7.0,3.4641016151377557,-1.9004875886524877,882380.0
2,560,Treino,667.0,59.0,7.0,137.0,132.1,-7.0,3.240370349203929,-1.2411347517730429,873035.0
2,565,Treino,662.0,59.0,7.0,137.0,131.44,-7.0,2.815119528400824,0.3773005692394231,864212.0
2,570,Treino,657.0,59.0,7.0,137.0,130.74,-7.0,2.1170830915026775,5.638995428583472,854867.0
2,575,Treino,652.0,59.0,0.0,131.0,130.04,0.0,0.19794866372215741,22.330729166667513,845522.0
2,580,Treino,647.0,59.0,0.0,131.0,130.04,0.0,0.19794866372215741,22.330729166667513,845522.0
2,585,Treino,642.0,59.0,0.0,131.0,130.04,0.0,0.19794866372215741,22.3307291666675,845522.0
2,590,Treino,637.0,59.0,0.0,131.0,130.06,0.0,0.23989793748209526,13.124339821940385,845783.0
2,595,Treino,632.0,59.0,0.0,131.0,130.06,0.0,0.2398979374820953,13.124339821940385,845783.0
2,600,Treino,627.0,59.0,0.0,131.0,130.06,0.0,0.23989793748209534,13.124339821940385,845783.0
2,605,Treino,622.0,59.0,0.0,131.0,130.06,0.0,0.23989793748209537,13.124339821940385,845783.0
2,610,Treino,617.0,69.0,10.0,131.0,129.06,-10.0,3.0600120047783728,5.690284612848462,833283.0
2,615,Treino,612.0,69.0,10.0,131.0,128.02,-10.0,4.05316706604923,0.40125399648047555,820261.0
2,620,Treino,607.0,69.0,10.0,131.0,127.02,-10.0,4.644461261348108,-1.241514498951032,807761.0
2,625,Treino,602.0,69.0,10.0,131.0,126.02,-10.0,4.967198528797675,-1.8984315160082432,795261.0
2,630,Treino,597.0,69.0,10.0,131.0,125.02,-10.0,5.072897171664896,-2.0810890066075354,782761.0
2,635,Treino,592.0,69.0,11.0,131.0,124.02,-11.0,4.975408915611965,-1.893902237706365,770261.0
2,640,Treino,587.0,69.0,10.0,130.0,123.0,-10.0,4.6291004988627575,-1.2411347517730495,757500.0
2,645,Treino,582.0,69.0,10.0,130.0,122.0,-10.0,4.040610178208843,0.4072473404255321,745000.0
2,650,Treino,577.0,69.0,10.0,130.0,121.0,-10.0,3.0304576336566322,5.791962174940899,732500.0
2,655,Treino,572.0,69.0,0.0,120.0,120.0,0.0,0.0,0.0,720000.0
2,660,Treino,567.0,69.0,0.0,120.0,120.0,0.0,0.0,0.0,720000.0
2,665,Treino,562.0,69.0,0.0,120.0,120.0,0.0,0.0,0.0,720000.0
2,670,Treino,557.0,69.0,0.0,120.0,120.0,0.0,0.0,0.0,720000.0
2,675,Treino,552.0,69.0,0.0,120.0,120.0,0.0,0.0,0.0,720000.0
2,680,Treino,547.0,69.0,0.0,120.0,120.0,0.0,0.0,0.0,720000.0
2,685,Treino,542.0,78.0,9.0,120.0,119.46,-9.0,2.1590814373388567,13.124339821940502,713763.0
2,690,Treino,537.0,78.0,9.0,120.0,118.56,-9.0,3.3329523591811854,1.7259530141844017,703368.0
2,695,Treino,532.0,78.0,9.0,120.0,117.66,-9.0,3.9877874792410695,-0.7586145884018269,692973.0
2,700,Treino,527.0,78.0,9.0,120.0,116.76,-9.0,4.363858992465552,-1.7081763445626446,682578.0
2,705,Treino,522.0,78.0,9.0,120.0,115.86,-9.0,4.531116905152996,-2.0565662795080004,672183.0
2,710,Treino,517.0,78.0,9.0,120.0,114.96,-9.0,4.512838827801667,-2.0203699226305596,661788.0
2,715,Treino,512.0,78.0,9.0,120.0,114.06,-9.0,4.306663086285659,-1.5796260477111557,651393.0
2,720,Treino,507.0,78.0,9.0,120.0,113.16,-9.0,3.882771995282105,-0.44297079134004713,640998.0
2,725,Treino,502.0,78.0,9.0,120.0,112.26,-9.0,3.1545884947847904,2.6843146956951873,630603.0
2,730,Treino,497.0,78.0,9.0,120.0,111.36,-9.0,1.7815379734994197,22.33072916666668,620208.0
2,735,Treino,492.0,78.0,0.0,111.0,111.0,0.0,0.0,0.0,616050.0
2,740,Treino,487.0,78.0,0.0,111.0,111.0,0.0,0.0,0.0,616050.0
2,745,Treino,482.0,78.0,0.0,111.0,111.0,0.0,0.0,0.0,616050.0
2,750,Treino,477.0,78.0,0.0,111.0,111.0,0.0,0.0,0.0,616050.0
2,755,Treino,472.0,94.0,16.0,111.0,110.68,-16.0,2.262741699796952,50.0000000000001,612754.0
2,760,Treino,467.0,94.0,16.0,111.0,109.08,-16.0,5.252171562549056,3.9737467762733685,596274.0
2,765,Treino,462.0,94.0,16.0,111.0,107.48,-16.0,6.695231321543686,-0.060754847988887306,579794.0
2,770,Treino,457.0,94.0,16.0,111.0,105.88,-16.0,7.539393143986579,-1.4253656914893633,563314.0
2,775,Treino,452.0,94.0,16.0,111.0,104.28,-16.0,7.977110110452637,-1.9686965028124228,546834.0
2,780,Treino,447.0,94.0,16.0,111.0,102.68,-16.0,8.07475279207118,-2.0780056601200227,530354.0
2,785,Treino,442.0,94.0,16.0,111.0,101.08,-16.0,7.845029623648229,-1.8142903587038968,513874.0
2,790,Treino,437.0,94.0,16.0,111.0,99.48,-16.0,7.256917881777164,-1.0213504728132423,497394.0
2,795,Treino,432.0,94.0,16.0,111.0,97.88,-16.0,6.209406951865659,0.9888715908435755,480914.0
2,800,Treino,427.0,94.0,16.0,111.0,96.28,-16.0,4.384760249885919,8.534487742830713,464434.0
2,805,Treino,422.0,94.0,0.0,95.0,95.0,0.0,0.0,0.0,451250.0
2,810,Treino,417.0,94.0,0.0,95.0,95.0,0.0,0.0,0.0,451250.0
2,815,Treino,412.0,100.0,6.0,95.0,94.5,-6.0,1.7172593257387583,8.831463204438073,446657.0
2,820,Treino,407.0,100.0,6.0,95.0,93.9,-6.0,2.3754698783308412,1.0695435469629624,441137.0
2,825,Treino,402.0,100.0,6.0,95.0,93.3,-6.0,2.7571798665169687,-0.9838140700965208,435617.0
2,830,Treino,397.0,100.0,6.0,95.0,92.7,-6.0,2.9709477632979167,-1.7926160281460424,430097.0
2,835,Treino,392.0,100.0,6.0,95.0,92.1,-6.0,3.0522658027459273,-2.0644396488077437,424577.0
2,840,Treino,387.0,100.0,6.0,95.0,91.5,-6.0,3.011881234615431,-1.960778985387758,419057.0
2,845,Treino,382.0,100.0,6.0,95.0,90.9,-6.0,2.8446153931056957,-1.4235743702366392,413537.0
2,850,Treino,377.0,100.0,6.0,95.0,90.3,-6.0,2.5253813613805276,-0.07113782468084429,408017.0
2,855,Treino,372.0,100.0,6.0,95.0,89.7,-6.0,1.9820624179302309,3.911137682433602,402497.0
2,860,Treino,367.0,100.0,6.0,95.0,89.1,-6.0,0.8630747123996118,47.2437605554515,396977.0
2,865,Treino,362.0,100.0,0.0,89.0,89.0,0.0,0.0,0.0,396050.0
2,870,Treino,357.0,100.0,0.0,89.0,89.0,0.0,0.0,0.0,396050.0
2,875,Treino,352.0,100.0,0.0,89.0,89.0,0.0,0.0,0.0,396050.0
2,880,Treino,347.0,100.0,0.0,89.0,89.0,0.0,0.0,0.0,396050.0
2,885,Treino,342.0,100.0,0.0,89.0,89.0,0.0,0.0,0.0,396050.0
2,890,Treino,337.0,114.0,14.0,89.0,87.92,-14.0,3.7079066100121008,8.751574178224171,387170.0
2,895,Treino,332.0,114.0,14.0,89.0,86.52,-14.0,5.353770367027068,1.0374447091510106,375690.0
2,900,Treino,327.0,114.0,14.0,89.0,85.12,-14.0,6.291036707661375,-1.0005571042718895,364210.0
2,905,Treino,322.0,114.0,14.0,89.0,83.72,-14.0,6.818462331891888,-1.8032206953639014,352730.0
2,910,Treino,317.0,114.0,14.0,89.0,82.32,-14.0,7.0289198519910805,-2.0719453449581153,341250.0
2,915,Treino,312.0,114.0,14.0,89.0,80.92,-14.0,6.951258878793107,-1.9663745384440965,329770.0
2,920,Treino,307.0,114.0,14.0,89.0,79.52,-14.0,6.57527837542151,-1.4275507139358101,318290.0
2,925,Treino,302.0,114.0,14.0,89.0,78.12,-14.0,5.843677902534623,-0.07248260180201349,306810.0
2,930,Treino,297.0,122.0,22.0,89.0,76.26,-22.0,5.106258664719253,2.830706428066261,292057.0
2,935,Treino,292.0,121.0,21.0,89.0,74.16,-21.0,3.460329110217756,6.859705326172472,275572.0
2,940,Treino,287.0,121.0,7.0,75.0,73.12,-7.0,3.211204872737627,-0.688795802133833,267832.0
2,945,Treino,282.0,121.0,7.0,75.0,72.42,-7.0,3.482258239846607,-1.6661127862674845,262827.0
2,950,Treino,277.0,121.0,7.0,75.0,71.72,-7.0,3.597277882408488,-2.029601332453198,257822.0
2,955,Treino,272.0,121.0,7.0,75.0,71.02,-7.0,3.57137142811428,-2.0041094999685547,252817.0
2,960,Treino,267.0,121.0,7.0,75.0,70.32,-7.0,3.401320271870429,-1.5746556904896538,247812.0
2,965,Treino,262.0,121.0,7.0,75.0,69.62,-7.0,3.0632115999588514,-0.45867667478525176,242807.0
2,970,Treino,257.0,121.0,7.0,75.0,68.92,-7.0,2.4894881040905124,2.5937046044128538,237802.0
2,975,Treino,252.0,121.0,7.0,75.0,68.22,-7.0,1.4183923063433046,20.931860171128353,232797.0
2,980,Treino,247.0,121.0,0.0,68.0,67.98,0.0,0.14142135623730953,50.00000000000087,231065.0
2,985,Treino,242.0,121.0,-1.0,68.0,67.98,1.0,0.14142135623730953,50.00000000000087,231065.0
2,990,Treino,237.0,121.0,0.0,68.0,68.0,0.0,0.0,0.0,231200.0
2,995,Treino,232.0,121.0,0.0,68.0,68.0,0.0,0.0,0.0,231200.0
2,1000,Treino,227.0,135.0,14.0,68.0,66.88,-14.0,3.8366652186501757,8.534487742830697,224368.0
2,1005,Treino,222.0,135.0,14.0,68.0,65.48,-14.0,5.43323108288245,0.9888715908435737,215828.0
2,1010,Treino,217.0,135.0,14.0,68.0,64.08,-14.0,6.349803146555017,-1.0213504728132392,207288.0
2,1015,Treino,212.0,135.0,14.0,68.0,62.68,-14.0,6.864400920692206,-1.814290358703898,198748.0
2,1020,Treino,207.0,135.0,14.0,68.0,61.28,-14.0,7.065408693062276,-2.078005660120022,190208.0
2,1025,Treino,202.0,135.0,14.0,68.0,59.88,-14.0,6.979971346646056,-1.9686965028124237,181668.0
2,1030,Treino,197.0,135.0,14.0,68.0,58.48,-14.0,6.596969000988261,-1.425365691489361,173128.0
2,1035,Treino,192.0,135.0,14.0,68.0,57.08,-14.0,5.858327406350725,-0.06075484798888997,164588.0
2,1040,Treino,187.0,145.0,24.0,68.0,55.08,-24.0,5.378870225052767,2.6619794280963625,153108.0
2,1045,Treino,182.0,145.0,24.0,68.0,52.68,-24.0,4.306805246185554,3.553624488075161,139668.0
2,1050,Treino,177.0,145.0,10.0,54.0,51.4,-10.0,4.430874976934521,-0.7586145884018243,133060.0
2,1055,Treino,172.0,146.0,11.0,54.0,50.38,-11.0,4.877645802170202,-1.70010323110186,128073.0
2,1060,Treino,167.0,145.0,10.0,54.0,49.38,-10.0,5.058393711325316,-2.051654496909241,123173.0
2,1065,Treino,162.0,145.0,10.0,54.0,48.38,-10.0,5.03412842303331,-2.0175390256942762,118273.0
2,1070,Treino,157.0,145.0,10.0,54.0,47.38,-10.0,4.801742880858736,-1.578880343114444,113373.0
2,1075,Treino,152.0,145.0,10.0,54.0,46.38,-10.0,4.327840579507596,-0.4459351772326512,108473.0
2,1080,Treino,147.0,145.0,10.0,54.0,45.38,-10.0,3.5160854857152075,2.668045734247227,103573.0
2,1085,Treino,142.0,145.0,10.0,54.0,44.38,-10.0,1.9886412138822351,22.07840802194185,98673.0
2,1090,Treino,137.0,145.0,0.0,44.0,43.98,0.0,0.14142135623730964,49.99999999999929,96713.0
2,1095,Treino,132.0,145.0,0.0,44.0,43.98,0.0,0.14142135623730967,49.99999999999929,96713.0
2,1100,Treino,127.0,145.0,0.0,44.0,43.98,0.0,0.14142135623730967,49.99999999999929,96713.0
2,1105,Treino,122.0,160.0,15.0,44.0,43.7,-15.0,2.1213203435596424,50.00000000000004,95705.0
2,1110,Treino,117.0,160.0,15.0,44.0,42.2,-15.0,4.923910839889738,3.973746776273379,90230.0
2,1115,Treino,112.0,160.0,15.0,44.0,40.7,-15.0,6.276779363947205,-0.06075484798888775,84755.0
2,1120,Treino,107.0,160.0,15.0,44.0,39.2,-15.0,7.068181072487416,-1.42536569148936,79280.0
2,1125,Treino,102.0,160.0,15.0,44.0,37.7,-15.0,7.4785407285493495,-1.9686965028124228,73805.0
2,1130,Treino,97.0,160.0,15.0,44.0,36.2,-15.0,7.570080742566729,-2.078005660120022,68330.0
2,1135,Treino,92.0,160.0,15.0,44.0,34.7,-15.0,7.3547152721702265,-1.8142903587038979,62855.0
2,1140,Treino,87.0,160.0,15.0,44.0,33.2,-15.0,6.80336051416609,-1.0213504728132405,57380.0
2,1145,Treino,82.0,160.0,15.0,44.0,31.72,-15.0,5.813566119036421,0.984621296748335,51964.0
2,1150,Treino,77.0,160.0,15.0,44.0,30.24,-15.0,4.103557441229426,8.48096415599392,46548.0
2,1155,Treino,72.0,160.0,0.0,30.0,29.04,0.0,0.1979486637221574,22.330729166666764,42168.0
2,1160,Treino,67.0,160.0,0.0,30.0,29.06,0.0,0.23989793748209523,13.12433982194063,42227.0
2,1165,Treino,62.0,159.0,-1.0,30.0,29.08,1.0,0.27404751561786966,8.534487742830796,42286.0
2,1170,Treino,57.0,175.0,15.0,30.0,27.88,-15.0,4.143546740636183,8.436742958567475,39706.0
2,1175,Treino,52.0,175.0,15.0,30.0,26.38,-15.0,5.865464471752238,0.9747669010647888,36481.0
2,1180,Treino,47.0,175.0,15.0,30.0,24.9,-15.0,6.828063340332442,-1.0187558284217464,33285.0
2,1185,Treino,42.0,175.0,15.0,30.0,23.44,-15.0,7.34891356679645,-1.8048777648038914,30118.0
2,1190,Treino,37.0,174.0,14.0,30.0,22.0,-14.0,7.532243615122325,-2.065240823566464,26980.0
2,1195,Treino,32.0,175.0,15.0,30.0,20.52,-15.0,7.4237346891368565,-1.957244441579956,23754.0
2,1200,Treino,27.0,174.0,14.0,30.0,19.06,-14.0,6.988065628232878,-1.4188732833859,20557.0
2,1205,Treino,22.0,175.0,15.0,30.0,17.6,-15.0,6.23027499638758,-0.06571786834718729,17390.0
2,1210,Treino,17.0,175.0,15.0,30.0,16.14,-15.0,4.882329654697938,3.8820056755463224,14193.0
2,1215,Treino,12.0,174.0,14.0,29.0,14.7,-14.0,2.121320343559644,44.450073173477435,11025.0
2,1220,Treino,7.0,174.0,-1.0,15.0,14.48,1.0,0.5046720495044484,-2.0780056601200223,10496.0
2,1225,Treino,2.0,175.0,1.0,15.0,14.56,-1.0,0.5014265364224073,-2.02036992263056,10612.0
3,50,Teste,370.0,16.0,16.0,189.0,173.32,-16.0,2.2627416997969507,50.00000000000013,1502242.0
3,55,Teste,365.0,31.0,15.0,173.0,172.1,-15.0,3.598469062231428,13.12433982194052,1481555.0
3,60,Teste,360.0,31.0,15.0,173.0,170.6,-15.0,5.554920598635308,1.7259530141843902,1456730.0
3,65,Teste,355.0,31.0,15.0,173.0,169.1,-15.0,6.64631246540178,-0.7586145884018265,1431905.0
3,70,Teste,350.0,31.0,15.0,173.0,167.6,-15.0,7.273098320775918,-1.7081763445626494,1407080.0
3,75,Teste,345.0,31.0,15.0,173.0,166.1,-15.0,7.551861508588331,-2.056566279508001,1382255.0
3,80,Teste,340.0,31.0,15.0,173.0,164.6,-15.0,7.521398046336106,-2.02036992263056,1357430.0
3,85,Teste,335.0,31.0,15.0,173.0,163.1,-15.0,7.177771810476094,-1.579626047711151,1332605.0
3,90,Teste,330.0,31.0,15.0,173.0,161.6,-15.0,6.471286658803503,-0.4429707913400467,1307780.0
3,95,Teste,325.0,31.0,15.0,173.0,160.1,-15.0,5.257647491307993,2.684314695695212,1282955.0
3,100,Teste,320.0,49.0,33.0,173.0,156.72,-33.0,6.602535072815224,4.249719331540506,1230194.0
3,105,Teste,315.0,49.0,18.0,158.0,154.32,-18.0,7.438015974213355,0.42460932369203697,1193444.0
3,110,Teste,310.0,49.0,18.0,158.0,152.5,-18.0,8.490691181210979,-1.229938406144251,1166345.0
3,115,Teste,305.0,49.0,18.0,158.0,150.7,-18.0,9.035643703846294,-1.8932829827834616,1139525.0
3,120,Teste,300.0,49.0,18.0,158.0,148.9,-18.0,9.19682731451783,-2.0805467818017718,1112705.0
3,125,Teste,295.0,49.0,18.0,158.0,147.1,-18.0,8.994896512206582,-1.8982576373964801,1085885.0
3,130,Teste,290.0,49.0,18.0,158.0,145.3,-18.0,8.403716379054677,-1.2421218764649395,1059065.0
3,135,Teste,285.0,49.0,18.0,158.0,143.5,-18.0,7.329699161351601,0.3984517948268933,1032245.0
3,140,Teste,280.0,49.0,18.0,158.0,141.7,-18.0,5.4967522878774195,5.7410207757433565,1005425.0
3,145,Teste,275.0,71.0,21.0,140.0,137.7,-21.0,6.6401684266812,5.7562283501982865,950225.0
3,150,Teste,270.0,71.0,22.0,140.0,135.58,-22.0,8.880361272298025,0.4057929406579075,922961.0
3,155,Teste,265.0,71.0,22.0,140.0,133.38,-22.0,10.17176965720241,-1.2413870464871135,894581.0
3,160,Teste,260.0,71.0,22.0,140.0,131.2,-22.0,10.887176504718658,-1.9004875886524841,866480.0
3,165,Teste,255.0,71.0,22.0,140.0,129.0,-22.0,11.111677990074318,-2.085106382978723,838100.0
3,170,Teste,250.0,71.0,22.0,140.0,126.8,-22.0,10.887176504718651,-1.9004875886524812,809720.0
3,175,Teste,245.0,71.0,22.0,140.0,124.6,-22.0,10.184021097498057,-1.241134751773047,781340.0
3,180,Teste,240.0,71.0,22.0,140.0,122.4,-22.0,8.889342392059458,0.4072473404255281,752960.0
3,185,Teste,235.0,71.0,22.0,140.0,120.2,-22.0,6.667006794044594,5.791962174940883,724580.0
3,190,Teste,230.0,71.0,0.0,118.0,118.0,0.0,0.0,0.0,696200.0
3,195,Teste,225.0,71.0,0.0,118.0,118.0,0.0,0.0,0.0,696200.0
3,200,Teste,220.0,86.0,15.0,118.0,117.7,-15.0,2.1213203435596424,50.00000000000004,692885.0
3,205,Teste,215.0,85.0,14.0,118.0,116.28,-14.0,4.707961125496224,4.016996910403386,677138.0
3,210,Teste,210.0,85.0,14.0,118.0,114.88,-14.0,5.9372226036167755,-0.04351166546827612,661598.0
3,215,Teste,205.0,85.0,14.0,118.0,113.48,-14.0,6.658552885621036,-1.4162388463035396,646058.0
3,220,Teste,200.0,85.0,14.0,118.0,112.08,-14.0,7.030081138673048,-1.9632071373849869,630518.0
3,225,Teste,195.0,85.0,14.0,118.0,110.68,-14.0,7.106880827904805,-2.074700275875088,614978.0
3,230,Teste,190.0,85.0,14.0,118.0,109.28,-14.0,6.898802025551619,-1.8128655520865868,599438.0
3,235,Teste,185.0,85.0,14.0,118.0,107.88,-14.0,6.378023492702845,-1.0226263966831657,583898.0
3,240,Teste,180.0,85.0,14.0,118.0,106.48,-14.0,5.455721580064698,0.9803648822734994,568358.0
3,245,Teste,175.0,85.0,14.0,118.0,105.08,-14.0,3.853649211448536,8.475419033509143,552818.0
3,250,Teste,170.0,99.0,13.0,104.0,103.16,-13.0,3.278625894349955,13.152057936639668,532626.0
3,255,Teste,165.0,99.0,14.0,104.0,101.78,-14.0,5.140038910358558,1.7418825018889121,519253.0
3,260,Teste,160.0,99.0,14.0,104.0,100.38,-14.0,6.170667942544215,-0.7521691336549852,505673.0
3,265,Teste,155.0,99.0,14.0,104.0,98.98,-14.0,6.762712896041477,-1.7047716994231408,492093.0
3,270,Teste,150.0,99.0,14.0,104.0,97.58,-14.0,7.02790356873432,-2.054622890543806,478513.0
3,275,Teste,145.0,99.0,14.0,104.0,96.18,-14.0,7.003468528420144,-2.019418912068911,464933.0
3,280,Teste,140.0,99.0,14.0,104.0,94.78,-14.0,6.686233191096037,-1.5797285418117197,451353.0
3,285,Teste,135.0,99.0,14.0,104.0,93.38,-14.0,6.0301622816353015,-0.4450292590283267,437773.0
3,290,Teste,130.0,99.0,14.0,104.0,91.98,-14.0,4.901020301937135,2.6752062795061446,424193.0
3,295,Teste,125.0,99.0,14.0,104.0,90.58,-14.0,2.7707657528457514,22.198287831983766,410613.0
3,300,Teste,120.0,99.0,0.0,90.0,90.0,0.0,0.0,0.0,405000.0
3,305,Teste,115.0,118.0,19.0,90.0,88.48,-19.0,5.206902796739524,8.534487742830724,392764.0
3,310,Teste,110.0,118.0,19.0,90.0,86.58,-19.0,7.373670755340468,0.9888715908435675,377469.0
3,315,Teste,105.0,118.0,19.0,90.0,84.68,-19.0,8.61758998461038,-1.0213504728132352,362174.0
3,320,Teste,100.0,118.0,19.0,90.0,82.78,-19.0,9.315972678082277,-1.8142903587038977,346879.0
3,325,Teste,95.0,118.0,19.0,90.0,80.88,-19.0,9.588768940584519,-2.078005660120022,331584.0
3,330,Teste,90.0,118.0,19.0,90.0,78.98,-19.0,9.472818256162514,-1.9686965028124248,316289.0
3,335,Teste,85.0,118.0,19.0,90.0,77.08,-19.0,8.953029358484057,-1.4253656914893602,300994.0
3,340,Teste,80.0,118.0,19.0,90.0,75.18,-19.0,7.950587194333128,-0.06075484798889441,285699.0
3,345,Teste,75.0,118.0,19.0,90.0,73.28,-19.0,6.236953730527001,3.973746776273371,270404.0
3,350,Teste,70.0,118.0,19.0,90.0,71.38,-19.0,2.687005768508885,49.999999999999986,255109.0
3,355,Teste,65.0,118.0,0.0,71.0,71.0,0.0,0.0,0.0,252050.0
3,360,Teste,60.0,118.0,0.0,71.0,71.0,0.0,0.0,0.0,252050.0
3,365,Teste,55.0,137.0,19.0,71.0,69.54,-19.0,5.002897119853329,8.567800703837056,243017.0
3,370,Teste,50.0,136.0,18.0,71.0,67.74,-18.0,7.029994048826117,0.9973057430047385,231857.0
3,375,Teste,45.0,136.0,18.0,71.0,65.94,-18.0,8.197585508139902,-1.0175414833402265,220697.0
3,380,Teste,40.0,136.0,18.0,71.0,64.12,-18.0,8.87932705668576,-1.8103063844113545,209432.0
3,385,Teste,35.0,160.0,42.0,71.0,61.36,-42.0,11.142417573747409,0.5944715436148531,194336.0
3,390,Teste,30.0,160.0,42.0,71.0,57.16,-42.0,14.266215264013914,-0.3083068173170518,173336.0
3,395,Teste,25.0,160.0,42.0,71.0,52.98,-42.0,15.682422241061449,-1.055840401572159,152395.0
3,400,Teste,20.0,160.0,42.0,71.0,48.78,-42.0,15.921093696407794,-1.3038233695859274,131395.0
3,405,Teste,15.0,181.0,63.0,71.0,43.74,-63.0,16.40160519770014,-0.7494232244617658,108841.0
3,410,Teste,10.0,180.0,62.0,71.0,37.56,-62.0,16.61467264013275,-0.9637684115902299,84064.0
3,415,Teste,5.0,180.0,44.0,53.0,32.74,-44.0,17.281357184042264,-1.3508233560033973,68229.0
3,420,Teste,0.0,181.0,45.0,53.0,28.26,-45.0,17.25535705045756,-1.2560778789077747,54521.0
4,50,Treino,859.0,19.0,12.0,182.0,174.58,-12.0,3.540379317853628,-1.428752519966684,1524523.0
4,55,Treino,854.0,19.0,7.0,177.0,173.78,-7.0,3.5242020373412197,-2.056566279508,1510583.0
4,60,Treino,849.0,19.0,7.0,177.0,173.08,-7.0,3.509985754956849,-2.020369922630565,1498438.0
4,65,Treino,844.0,19.0,7.0,177.0,172.38,-7.0,3.3496268448888475,-1.5796260477111488,1486293.0
4,70,Treino,839.0,27.0,15.0,177.0,171.04,-15.0,4.015073638992267,0.5258858395036556,1463524.0
4,75,Treino,834.0,27.0,15.0,177.0,169.54,-15.0,4.305715233671336,0.2146534802633071,1438099.0
4,80,Treino,829.0,27.0,15.0,177.0,168.04,-15.0,4.045456004669223,-0.43465142753433916,1412674.0
4,85,Treino,824.0,27.0,8.0,170.0,166.96,-8.0,3.9225148118241173,-1.814290358703893,1394536.0
4,90,Treino,819.0,27.0,8.0,170.0,166.16,-8.0,4.037376396035585,-2.078005660120022,1381256.0
4,95,Treino,814.0,31.0,12.0,170.0,165.28,-12.0,4.095991071418842,-1.8428347858257554,1366696.0
4,100,Treino,809.0,31.0,12.0,170.0,164.08,-12.0,4.2944672521270695,-1.2683694543340136,1347016.0
4,105,Treino,804.0,31.0,12.0,170.0,162.88,-12.0,4.143546740636185,-0.491094153958759,1327336.0
4,110,Treino,799.0,31.0,12.0,170.0,161.68,-12.0,3.5995464566911126,1.1609833454872938,1307656.0
4,115,Treino,794.0,31.0,12.0,170.0,160.48,-12.0,2.409504987692346,3.0744806170463654,1287976.0
4,120,Treino,789.0,31.0,4.0,162.0,159.92,-4.0,2.0186881980177946,-2.07800566012002,1278920.0
4,125,Treino,784.0,31.0,4.0,162.0,159.52,-4.0,1.9612574059120604,-1.8142903587039092,1272520.0
4,130,Treino,779.0,37.0,10.0,162.0,159.0,-10.0,2.0701966780270626,1.290780141843972,1264260.0
4,135,Treino,774.0,37.0,10.0,162.0,158.0,-10.0,2.710523708715754,1.1149527186761228,1248560.0
4,140,Treino,769.0,37.0,10.0,162.0,157.0,-10.0,2.8926366759023696,-0.09240953333248925,1232860.0
4,145,Treino,764.0,37.0,6.0,158.0,156.08,-6.0,2.827272428994967,-1.4253656914893458,1218440.0
4,150,Treino,759.0,37.0,6.0,158.0,155.48,-6.0,2.991416291419739,-1.968696502812428,1209140.0
4,155,Treino,754.0,37.0,6.0,158.0,154.88,-6.0,3.0280322970266917,-2.0780056601200214,1199840.0
4,160,Treino,749.0,42.0,11.0,158.0,154.08,-11.0,3.2503688958614623,-1.1148650390820078,1187550.0
4,165,Treino,744.0,42.0,11.0,158.0,152.98,-11.0,3.588473611041729,-0.7069862993204765,1170775.0
4,170,Treino,739.0,42.0,11.0,158.0,151.88,-11.0,3.566510900025404,-0.4225243285016127,1154000.0
4,175,Treino,734.0,42.0,11.0,158.0,150.78,-11.0,3.1770220943133367,0.06869872350033646,1137225.0
4,180,Treino,729.0,42.0,5.0,152.0,149.8,-5.0,2.507132682112035,-2.0203699226305565,1122310.0
4,185,Treino,724.0,42.0,5.0,152.0,149.3,-5.0,2.517287169529443,-2.0565662795080035,1114835.0
4,190,Treino,719.0,42.0,5.0,152.0,148.8,-5.0,2.4243661069253064,-1.70817634456266,1107360.0
4,195,Treino,714.0,49.0,12.0,152.0,147.86,-12.0,3.0305249764113578,1.629591334394001,1093579.0
4,200,Treino,709.0,49.0,12.0,152.0,146.66,-12.0,3.5028268467578227,0.441734351730958,1076059.0
4,205,Treino,704.0,49.0,12.0,152.0,145.46,-12.0,3.523738738027772,-0.4868233730992828,1058539.0
4,210,Treino,699.0,49.0,7.0,147.0,144.46,-7.0,3.423865818465605,-1.690980575106349,1044009.0
4,215,Treino,694.0,49.0,7.0,147.0,143.76,-7.0,3.5488428697655388,-2.0459573720848776,1033964.0
4,220,Treino,689.0,49.0,7.0,147.0,143.06,-7.0,3.5306818443063217,-2.014063601427666,1023919.0
4,225,Treino,684.0,55.0,13.0,147.0,141.88,-13.0,4.043841374389518,-0.8185167414500327,1007298.0
4,230,Treino,679.0,55.0,13.0,147.0,140.58,-13.0,4.276609376024663,-0.6228928601210355,989033.0
4,235,Treino,674.0,55.0,13.0,147.0,139.28,-13.0,4.09599107141884,-0.26279209478715604,970768.0
4,240,Treino,669.0,55.0,13.0,147.0,137.98,-13.0,3.437429034517942,-0.14053407126579476,952503.0
4,245,Treino,664.0,55.0,6.0,140.0,137.12,-6.0,3.0280322970266913,-2.0780056601200214,940544.0
4,250,Treino,659.0,55.0,6.0,140.0,136.52,-6.0,2.991416291419738,-1.9686965028124281,932324.0
4,255,Treino,654.0,55.0,6.0,140.0,135.92,-6.0,2.827272428994965,-1.425365691489345,924104.0
4,260,Treino,649.0,59.0,10.0,140.0,135.0,-10.0,2.8926366759023696,-0.09240953333248925,911660.0
4,265,Treino,644.0,59.0,10.0,140.0,134.0,-10.0,2.710523708715754,1.1149527186761228,898160.0
4,270,Treino,639.0,59.0,10.0,140.0,133.0,-10.0,2.0701966780270626,1.290780141843972,884660.0
4,275,Treino,634.0,59.0,4.0,134.0,132.48,-4.0,1.961257405912059,-1.814290358703909,877736.0
4,280,Treino,629.0,59.0,4.0,134.0,132.08,-4.0,2.018688198017794,-2.0780056601200196,872456.0
4,285,Treino,624.0,59.0,4.0,134.0,131.68,-4.0,1.9942775276131584,-1.9686965028124281,867176.0
4,290,Treino,619.0,59.0,4.0,134.0,131.28,-4.0,1.884848285996643,-1.4253656914893644,861896.0
4,295,Treino,614.0,69.0,14.0,134.0,130.28,-14.0,3.1039145790897185,5.657198485903047,849116.0
4,300,Treino,609.0,69.0,14.0,134.0,128.88,-14.0,4.123798526324277,1.1084529588342447,831336.0
4,305,Treino,604.0,69.0,14.0,134.0,127.48,-14.0,4.5141048788373155,-0.7509400709287863,813556.0
4,310,Treino,599.0,69.0,10.0,130.0,126.4,-10.0,4.848732213850611,-1.7081763445626443,800000.0
4,315,Treino,594.0,69.0,10.0,130.0,125.4,-10.0,5.034574339058886,-2.056566279507999,787500.0
4,320,Treino,589.0,69.0,10.0,130.0,124.4,-10.0,5.0142653642240695,-2.0203699226305623,775000.0
4,325,Treino,584.0,73.0,14.0,130.0,123.08,-14.0,5.130302135352264,-1.4731438112223332,758724.0
4,330,Treino,579.0,73.0,14.0,130.0,121.68,-14.0,4.954651494158941,-0.6243586453172512,741504.0
4,335,Treino,574.0,73.0,14.0,130.0,120.28,-14.0,4.333260072640788,1.2025367777378468,724284.0
4,340,Treino,569.0,73.0,14.0,130.0,118.88,-14.0,3.000952229828776,5.889913394732423,707064.0
4,345,Treino,564.0,73.0,4.0,120.0,118.08,-4.0,2.0186881980177924,-2.078005660120022,697344.0
4,350,Treino,559.0,73.0,4.0,120.0,117.68,-4.0,1.9942775276131584,-1.9686965028124281,692624.0
4,355,Treino,554.0,76.0,7.0,120.0,117.1,-7.0,2.130919127168041,-0.9275919921995621,685843.0
4,360,Treino,549.0,76.0,7.0,120.0,116.4,-7.0,2.213133340689951,-0.3875365691489394,677688.0
4,365,Treino,544.0,76.0,7.0,120.0,115.7,-7.0,2.06278986831338,0.3011304717132437,669533.0
4,370,Treino,539.0,76.0,7.0,120.0,115.0,-7.0,1.616244071283537,-0.0016544423204787329,661378.0
4,375,Treino,534.0,76.0,3.0,116.0,114.62,-3.0,1.5103723017176647,-2.056566279507998,656999.0
4,380,Treino,529.0,76.0,3.0,116.0,114.32,-3.0,1.5042796092672197,-2.0203699226305556,653564.0
4,385,Treino,524.0,79.0,6.0,116.0,113.9,-6.0,1.6319513798279817,-0.5466896045740883,648791.0
4,390,Treino,519.0,79.0,6.0,116.0,113.3,-6.0,1.8433554143662783,-0.2596863683695201,642011.0
4,395,Treino,514.0,79.0,6.0,116.0,112.7,-6.0,1.8433554143662785,-0.2596863683695201,635231.0
4,400,Treino,509.0,79.0,6.0,116.0,112.1,-6.0,1.6319513798279808,-0.5466896045740892,628451.0
4,405,Treino,504.0,79.0,3.0,113.0,111.68,-3.0,1.5042796092672202,-2.0203699226305556,623732.0
4,410,Treino,499.0,79.0,3.0,113.0,111.38,-3.0,1.5103723017176645,-2.056566279507998,620387.0
4,415,Treino,494.0,85.0,9.0,113.0,110.84,-9.0,2.0138297356235535,3.5176726796176467,614474.0
4,420,Treino,489.0,85.0,9.0,113.0,109.94,-9.0,2.7435267039907245,0.8194981648712467,604709.0
4,425,Treino,484.0,85.0,9.0,113.0,109.04,-9.0,3.057009342878916,-0.6213336959595344,594944.0
4,430,Treino,479.0,85.0,9.0,113.0,108.14,-9.0,3.083928054429604,-1.4008025183380906,585179.0
4,435,Treino,474.0,85.0,6.0,110.0,107.36,-6.0,3.008559218534443,-2.020369922630561,576752.0
4,440,Treino,469.0,85.0,6.0,110.0,106.76,-6.0,3.020744603435332,-2.056566279508001,570332.0
4,445,Treino,464.0,94.0,15.0,110.0,105.44,-15.0,4.209609996962976,0.8783220653112087,556748.0
4,450,Treino,459.0,94.0,15.0,110.0,103.94,-15.0,4.9421551937574435,-0.291944930822424,541373.0
4,455,Treino,454.0,94.0,15.0,110.0,102.44,-15.0,5.151421440451445,-0.9262572206943376,525998.0
4,460,Treino,449.0,94.0,15.0,110.0,100.94,-15.0,4.904849744936961,-1.3465805327243565,510623.0
4,465,Treino,444.0,94.0,9.0,104.0,99.68,-9.0,4.542048445540035,-2.0780056601200214,497816.0
4,470,Treino,439.0,94.0,9.0,104.0,98.78,-9.0,4.487124437129611,-1.9686965028124241,488861.0
4,475,Treino,434.0,97.0,12.0,104.0,97.58,-12.0,4.535978619969048,-1.3775781101665188,477101.0
4,480,Treino,429.0,97.0,12.0,104.0,96.38,-12.0,4.251722340080885,-0.30766335700077674,465341.0
4,485,Treino,424.0,97.0,12.0,104.0,95.18,-12.0,3.555335168906767,2.2707761546928236,453581.0
4,490,Treino,419.0,97.0,12.0,104.0,93.98,-12.0,2.065162937684017,10.020582998053387,441821.0
4,495,Treino,414.0,97.0,3.0,95.0,93.5,-3.0,1.5152288168283161,-2.085106382978723,437225.0
4,500,Treino,409.0,97.0,3.0,95.0,93.2,-3.0,1.4846149779161815,-1.900487588652486,434420.0
4,505,Treino,404.0,107.0,13.0,95.0,92.7,-13.0,2.0726597326495595,13.726372926296907,429875.0
4,510,Treino,399.0,107.0,13.0,95.0,91.4,-13.0,3.7032803990902052,2.7591353612588794,418370.0
4,515,Treino,394.0,107.0,13.0,95.0,90.1,-13.0,4.436628615219866,-0.1756294725280183,406865.0
4,520,Treino,389.0,107.0,10.0,92.0,88.8,-10.0,4.712120714991613,-1.4253656914893642,395360.0
4,525,Treino,384.0,107.0,10.0,92.0,87.8,-10.0,4.9856938190329,-1.9686965028124237,386660.0
4,530,Treino,379.0,107.0,10.0,92.0,86.8,-10.0,5.046720495044484,-2.0780056601200214,377960.0
4,535,Treino,374.0,106.0,9.0,92.0,85.82,-9.0,4.889347020381589,-1.8137228408425885,369425.0
4,540,Treino,369.0,111.0,14.0,92.0,84.74,-14.0,4.610591179058083,-1.0037549174442346,360085.0
4,545,Treino,364.0,111.0,14.0,92.0,83.34,-14.0,4.302870423049135,0.549196128312234,348185.0
4,550,Treino,359.0,111.0,14.0,92.0,81.94,-14.0,3.431011036807355,4.06840069917926,336285.0
4,555,Treino,354.0,111.0,4.0,83.0,80.74,-4.0,1.9039164790461984,-1.4178024295462424,326125.0
4,560,Treino,349.0,111.0,4.0,83.0,80.34,-4.0,2.016361645567155,-1.9476054547875212,322925.0
4,565,Treino,344.0,111.0,4.0,83.0,79.94,-4.0,2.044504830026088,-2.044018697392435,319725.0
4,570,Treino,339.0,111.0,4.0,83.0,79.54,-4.0,1.991922463862693,-1.761445995544194,316525.0
4,575,Treino,334.0,118.0,11.0,83.0,78.58,-11.0,2.900316661106831,1.8174493630684125,309153.0
4,580,Treino,329.0,118.0,11.0,83.0,77.48,-11.0,3.4418789363144215,0.11738591509650176,300738.0
4,585,Treino,324.0,118.0,11.0,82.0,76.36,-11.0,3.544239361705306,-0.8780216389998801,292158.0
4,590,Treino,319.0,118.0,7.0,78.0,75.34,-7.0,3.432200460346101,-1.8142903587038945,284383.0
4,595,Treino,314.0,118.0,7.0,78.0,74.64,-7.0,3.532704346531138,-2.078005660120022,279168.0
4,600,Treino,309.0,118.0,7.0,78.0,73.94,-7.0,3.48998567332303,-1.9686965028124233,273953.0
4,605,Treino,304.0,126.0,15.0,78.0,72.62,-15.0,4.270879085535591,-0.08495380870556035,264577.0
4,610,Treino,299.0,126.0,15.0,78.0,71.12,-15.0,4.736484531198823,-0.3514020023638542,254002.0
4,615,Treino,294.0,126.0,15.0,78.0,69.62,-15.0,4.694286583775245,-0.5486405218242534,243427.0
4,620,Treino,289.0,126.0,15.0,78.0,68.12,-15.0,4.1287444353271505,-1.2677475843489854,232852.0
4,625,Treino,284.0,126.0,8.0,71.0,67.18,-8.0,4.018782433137924,-2.0732068763206133,226449.0
4,630,Treino,279.0,126.0,8.0,71.0,66.38,-8.0,3.973843048162394,-1.9667839806537868,221089.0
4,635,Treino,274.0,130.0,12.0,71.0,65.18,-12.0,4.207330822868729,-1.257791093871285,213289.0
4,640,Treino,269.0,130.0,12.0,71.0,63.98,-12.0,4.083265999722505,-0.46355485571317834,205489.0
4,645,Treino,264.0,130.0,12.0,71.0,62.78,-12.0,3.56450757969657,1.1593157805482672,197689.0
4,650,Treino,259.0,130.0,12.0,71.0,61.58,-12.0,2.4082341739819846,2.9167696704525907,189889.0
4,655,Treino,254.0,130.0,4.0,63.0,61.0,-4.0,2.0203050891044216,-2.085106382978723,186250.0
4,660,Treino,249.0,130.0,4.0,63.0,60.6,-4.0,1.9794866372215736,-1.9004875886524837,183810.0
4,665,Treino,244.0,130.0,4.0,63.0,60.2,-4.0,1.8516401995451017,-1.2411347517730555,181370.0
4,670,Treino,239.0,135.0,9.0,63.0,59.3,-9.0,2.3925906034920335,0.9038501984229583,176105.0
4,675,Treino,234.0,135.0,9.0,63.0,58.4,-9.0,2.523360247522242,0.21607403269125536,170840.0
4,680,Treino,229.0,135.0,5.0,59.0,57.5,-5.0,2.3145502494313788,-1.2411347517730495,165575.0
4,685,Treino,224.0,135.0,5.0,59.0,57.0,-5.0,2.4743582965269675,-1.9004875886524821,162750.0
4,690,Treino,219.0,135.0,5.0,59.0,56.5,-5.0,2.5253813613805267,-2.085106382978723,159925.0
4,695,Treino,214.0,135.0,5.0,59.0,56.0,-5.0,2.4743582965269675,-1.9004875886524821,157100.0
4,700,Treino,209.0,135.0,5.0,59.0,55.5,-5.0,2.3145502494313788,-1.2411347517730495,154275.0
4,705,Treino,204.0,139.0,9.0,59.0,54.68,-9.0,2.4364577834660395,0.34812685601559945,149786.0
4,710,Treino,199.0,139.0,9.0,59.0,53.78,-9.0,2.3324682555750456,1.1325792703278763,144881.0
4,715,Treino,194.0,139.0,4.0,54.0,52.88,-4.0,1.8142294704442907,-1.021350472813233,139976.0
4,720,Treino,189.0,139.0,4.0,54.0,52.48,-4.0,1.9612574059120593,-1.8142903587039012,137896.0
4,725,Treino,184.0,139.0,4.0,54.0,52.08,-4.0,2.0186881980177924,-2.078005660120022,135816.0
4,730,Treino,179.0,139.0,4.0,54.0,51.68,-4.0,1.9942775276131586,-1.968696502812423,133736.0
4,735,Treino,174.0,145.0,10.0,54.0,50.8,-10.0,2.7404751561786957,0.9961778043679326,129400.0
4,740,Treino,169.0,145.0,10.0,54.0,49.8,-10.0,3.187987657774485,-0.15385819103123932,124500.0
4,745,Treino,164.0,145.0,10.0,54.0,48.8,-10.0,3.282607226593158,-0.832444976847782,119600.0
4,750,Treino,159.0,145.0,10.0,54.0,47.8,-10.0,3.0572763655761,-1.5710563482284259,114700.0
4,755,Treino,154.0,145.0,6.0,50.0,47.12,-6.0,3.0280322970266913,-2.0780056601200223,111464.0
4,760,Treino,149.0,145.0,6.0,50.0,46.52,-6.0,2.9914162914197413,-1.9686965028124248,108644.0
4,765,Treino,144.0,151.0,12.0,50.0,45.32,-12.0,3.694673496386107,-0.45463065325635954,103364.0
4,770,Treino,139.0,151.0,12.0,50.0,44.12,-12.0,3.9260511396338718,-0.5541045800963049,98084.0
4,775,Treino,134.0,151.0,12.0,50.0,42.92,-12.0,3.7733761205237397,-0.4728324995348534,92804.0
4,780,Treino,129.0,151.0,12.0,50.0,41.72,-12.0,3.1818362045606703,-1.096641893175598,87524.0
4,785,Treino,124.0,151.0,6.0,44.0,41.0,-6.0,3.0304576336566322,-2.085106382978723,84500.0
4,790,Treino,119.0,154.0,9.0,44.0,40.22,-9.0,3.1962350300544147,-1.6530395078416327,81383.0
4,795,Treino,114.0,154.0,9.0,44.0,39.32,-9.0,3.2728942443491604,-1.1695817537760744,77828.0
4,800,Treino,109.0,154.0,9.0,44.0,38.42,-9.0,3.091066786329766,-0.2935474417993684,74273.0
4,805,Treino,104.0,154.0,9.0,44.0,37.52,-9.0,2.5970155555788215,1.6467343438557371,70718.0
4,810,Treino,99.0,154.0,3.0,38.0,36.62,-3.0,1.5103723017176658,-2.056566279508001,67163.0
4,815,Treino,94.0,154.0,3.0,38.0,36.32,-3.0,1.5042796092672215,-2.020369922630561,66068.0
4,820,Treino,89.0,154.0,3.0,38.0,36.02,-3.0,1.4355543620952191,-1.5796260477111619,64973.0
4,825,Treino,84.0,160.0,9.0,38.0,35.36,-9.0,2.067829385453968,3.7362819022680105,62726.0
4,830,Treino,79.0,160.0,9.0,38.0,34.46,-9.0,2.620250805879904,0.825908506071932,59711.0
4,835,Treino,74.0,160.0,9.0,38.0,33.56,-9.0,2.7932864120229133,-0.7114468524279802,56696.0
4,840,Treino,69.0,160.0,6.0,35.0,32.84,-6.0,2.909239328310367,-1.7081763445626443,54338.0
4,845,Treino,64.0,160.0,6.0,35.0,32.24,-6.0,3.0207446034353316,-2.056566279508,52418.0
4,850,Treino,59.0,160.0,6.0,35.0,31.64,-6.0,3.008559218534443,-2.020369922630561,50498.0
4,855,Treino,54.0,160.0,6.0,35.0,31.04,-6.0,2.8711087241904414,-1.579626047711153,48578.0
4,860,Treino,49.0,169.0,15.0,35.0,29.54,-15.0,4.096838004199467,1.0720626887846185,44453.0
4,865,Treino,44.0,169.0,15.0,35.0,28.04,-15.0,4.5533571378148885,-0.06748914623465208,40328.0
4,870,Treino,39.0,169.0,15.0,35.0,26.54,-15.0,4.482209731999682,-0.9698868255849482,36203.0
4,875,Treino,34.0,169.0,9.0,29.0,25.4,-9.0,4.453844933748542,-1.9004875886524824,33230.0
4,880,Treino,29.0,169.0,9.0,29.0,24.5,-9.0,4.545686450484948,-2.085106382978723,31025.0
4,885,Treino,24.0,175.0,15.0,29.0,23.36,-15.0,4.7969377987313875,-1.4869172063300795,28412.0
4,890,Treino,19.0,175.0,15.0,29.0,21.86,-15.0,5.138927069785233,-1.008602835016832,25187.0
4,895,Treino,14.0,175.0,15.0,29.0,20.3,-15.0,5.104020024271386,-0.47402946133611845,21881.0
4,900,Treino,9.0,176.0,16.0,29.0,18.7,-16.0,4.599245723430075,0.37427001848248587,18521.0
4,905,Treino,4.0,176.0,7.0,20.0,17.1,-7.0,3.3212365535893347,-1.963346809142439,15161.0
5,50,Treino,1089.0,9.0,4.0,185.0,181.08,-4.0,0.5656854249492388,49.99999999999929,1639514.0
5,55,Treino,1084.0,9.0,0.0,181.0,181.0,0.0,0.0,0.0,1638050.0
5,60,Treino,1079.0,9.0,0.0,181.0,181.0,0.0,0.0,0.0,1638050.0
5,65,Treino,1074.0,9.0,0.0,181.0,181.0,0.0,0.0,0.0,1638050.0
5,70,Treino,1069.0,9.0,0.0,181.0,181.0,0.0,0.0,0.0,1638050.0
5,75,Treino,1064.0,9.0,0.0,181.0,181.0,0.0,0.0,0.0,1638050.0
5,80,Treino,1059.0,9.0,0.0,181.0,181.0,0.0,0.0,0.0,1638050.0
5,85,Treino,1054.0,9.0,0.0,181.0,181.0,0.0,0.0,0.0,1638050.0
5,90,Treino,1049.0,9.0,0.0,181.0,181.0,0.0,0.0,0.0,1638050.0
5,95,Treino,1044.0,9.0,0.0,181.0,181.0,0.0,0.0,0.0,1638050.0
5,100,Treino,1039.0,9.0,0.0,181.0,181.0,0.0,0.0,0.0,1638050.0
5,105,Treino,1034.0,9.0,0.0,181.0,181.0,0.0,0.0,0.0,1638050.0
5,110,Treino,1029.0,9.0,0.0,181.0,181.0,0.0,0.0,0.0,1638050.0
5,115,Treino,1024.0,12.0,3.0,181.0,180.76,-3.0,0.8221425468536091,8.534487742830558,1633742.0
5,120,Treino,1019.0,12.0,3.0,181.0,180.46,-3.0,1.1642638034748107,0.9888715908436208,1628357.0
5,125,Treino,1014.0,12.0,3.0,181.0,180.16,-3.0,1.3606721028332176,-1.0213504728132499,1622972.0
5,130,Treino,1009.0,12.0,3.0,181.0,179.86,-3.0,1.4709430544340443,-1.8142903587038772,1617587.0
5,135,Treino,1004.0,12.0,3.0,181.0,179.56,-3.0,1.5140161485133456,-2.0780056601200214,1612202.0
5,140,Treino,999.0,12.0,3.0,181.0,179.26,-3.0,1.4957081457098707,-1.968696502812415,1606817.0
5,145,Treino,994.0,12.0,3.0,181.0,178.96,-3.0,1.4136362144974826,-1.4253656914893813,1601432.0
5,150,Treino,989.0,12.0,3.0,181.0,178.66,-3.0,1.2553558727894403,-0.060754847988873095,1596047.0
5,155,Treino,984.0,12.0,3.0,181.0,178.36,-3.0,0.984782167977948,3.973746776273231,1590662.0
5,160,Treino,979.0,12.0,3.0,181.0,178.06,-3.0,0.4242640687119288,49.999999999999844,1585277.0
5,165,Treino,974.0,12.0,0.0,178.0,178.0,0.0,0.0,0.0,1584200.0
5,170,Treino,969.0,12.0,0.0,178.0,178.0,0.0,0.0,0.0,1584200.0
5,175,Treino,964.0,12.0,0.0,178.0,178.0,0.0,0.0,0.0,1584200.0
5,180,Treino,959.0,12.0,0.0,178.0,178.0,0.0,0.0,0.0,1584200.0
5,185,Treino,954.0,12.0,0.0,178.0,178.0,0.0,0.0,0.0,1584200.0
5,190,Treino,949.0,12.0,0.0,178.0,178.0,0.0,0.0,0.0,1584200.0
5,195,Treino,944.0,12.0,0.0,178.0,178.0,0.0,0.0,0.0,1584200.0
5,200,Treino,939.0,12.0,0.0,178.0,178.0,0.0,0.0,0.0,1584200.0
5,205,Treino,934.0,12.0,0.0,178.0,178.0,0.0,0.0,0.0,1584200.0
5,210,Treino,929.0,12.0,0.0,178.0,178.0,0.0,0.0,0.0,1584200.0
5,215,Treino,924.0,12.0,0.0,178.0,178.0,0.0,0.0,0.0,1584200.0
5,220,Treino,919.0,17.0,5.0,178.0,177.5,-5.0,1.5152288168283161,5.791962174940899,1575425.0
5,225,Treino,914.0,17.0,5.0,178.0,177.0,-5.0,2.0203050891044216,0.4072473404255321,1566650.0
5,230,Treino,909.0,17.0,5.0,178.0,176.5,-5.0,2.3145502494313788,-1.2411347517730495,1557875.0
5,235,Treino,904.0,17.0,5.0,178.0,176.0,-5.0,2.4743582965269675,-1.9004875886524821,1549100.0
5,240,Treino,899.0,17.0,5.0,178.0,175.5,-5.0,2.5253813613805267,-2.085106382978723,1540325.0
5,245,Treino,894.0,17.0,5.0,178.0,175.0,-5.0,2.4743582965269675,-1.9004875886524821,1531550.0
5,250,Treino,889.0,17.0,5.0,178.0,174.5,-5.0,2.3145502494313788,-1.2411347517730495,1522775.0
5,255,Treino,884.0,17.0,5.0,178.0,174.0,-5.0,2.0203050891044216,0.4072473404255321,1514000.0
5,260,Treino,879.0,24.0,12.0,178.0,173.36,-12.0,1.84899310712725,7.17402763545943,1502852.0
5,265,Treino,874.0,24.0,7.0,173.0,172.16,-7.0,2.2978250586152114,3.973746776273356,1482212.0
5,270,Treino,869.0,24.0,7.0,173.0,171.46,-7.0,2.9291637031753623,-0.06075484798887576,1470347.0
5,275,Treino,864.0,24.0,7.0,173.0,170.76,-7.0,3.2984845004941277,-1.4253656914893709,1458482.0
5,280,Treino,859.0,24.0,7.0,173.0,170.06,-7.0,3.48998567332303,-1.968696502812423,1446617.0
5,285,Treino,854.0,24.0,7.0,173.0,169.36,-7.0,3.532704346531136,-2.078005660120023,1434752.0
5,290,Treino,849.0,24.0,7.0,173.0,168.66,-7.0,3.432200460346105,-1.8142903587038963,1422887.0
5,295,Treino,844.0,24.0,7.0,173.0,167.96,-7.0,3.1749015732775083,-1.021350472813249,1411022.0
5,300,Treino,839.0,24.0,7.0,173.0,167.26,-7.0,2.716615541441221,0.9888715908435923,1399157.0
5,305,Treino,834.0,24.0,7.0,173.0,166.56,-7.0,1.9183326093250892,8.534487742830704,1387292.0
5,310,Treino,829.0,32.0,8.0,166.0,165.2,-8.0,2.424366106925306,5.791962174940842,1364840.0
5,315,Treino,824.0,32.0,8.0,166.0,164.4,-8.0,3.2324881425670746,0.40724734042554367,1351880.0
5,320,Treino,819.0,32.0,8.0,166.0,163.6,-8.0,3.7032803990902057,-1.2411347517730555,1338920.0
5,325,Treino,814.0,32.0,8.0,166.0,162.8,-8.0,3.9589732744431476,-1.9004875886524766,1325960.0
5,330,Treino,809.0,32.0,8.0,166.0,162.0,-8.0,4.040610178208843,-2.085106382978723,1313000.0
5,335,Treino,804.0,32.0,8.0,166.0,161.2,-8.0,3.9589732744431467,-1.9004875886524768,1300040.0
5,340,Treino,799.0,32.0,8.0,166.0,160.4,-8.0,3.7032803990902035,-1.2411347517730555,1287080.0
5,345,Treino,794.0,32.0,8.0,166.0,159.6,-8.0,3.232488142567077,0.40724734042554367,1274120.0
5,350,Treino,789.0,32.0,8.0,166.0,158.8,-8.0,2.4243661069253104,5.791962174940846,1261160.0
5,355,Treino,784.0,36.0,4.0,158.0,157.6,-4.0,1.212183053462653,5.791962174940842,1241960.0
5,360,Treino,779.0,36.0,4.0,158.0,157.2,-4.0,1.616244071283537,0.4072473404254846,1235720.0
5,365,Treino,774.0,36.0,4.0,158.0,156.8,-4.0,1.8516401995451026,-1.2411347517730256,1229480.0
5,370,Treino,769.0,36.0,4.0,158.0,156.4,-4.0,1.9794866372215738,-1.9004875886524764,1223240.0
5,375,Treino,764.0,36.0,4.0,158.0,156.0,-4.0,2.0203050891044216,-2.085106382978723,1217000.0
5,380,Treino,759.0,36.0,4.0,158.0,155.6,-4.0,1.9794866372215734,-1.9004875886524766,1210760.0
5,385,Treino,754.0,36.0,4.0,158.0,155.2,-4.0,1.8516401995451022,-1.2411347517730256,1204520.0
5,390,Treino,749.0,36.0,4.0,158.0,154.8,-4.0,1.6162440712835362,0.4072473404254846,1198280.0
5,395,Treino,744.0,36.0,4.0,158.0,154.4,-4.0,1.2121830534626552,5.791962174940846,1192040.0
5,400,Treino,739.0,39.0,3.0,154.0,153.8,-3.0,0.8081220356417685,14.738281250000245,1182754.0
5,405,Treino,734.0,39.0,3.0,154.0,153.5,-3.0,1.164964745021435,2.1441032592679905,1178179.0
5,410,Treino,729.0,39.0,3.0,154.0,153.2,-3.0,1.370237578089348,-0.5680215078631319,1173604.0
5,415,Treino,724.0,39.0,3.0,154.0,152.9,-3.0,1.4880476182856903,-1.5973166249695472,1169029.0
5,420,Treino,719.0,39.0,3.0,154.0,152.6,-3.0,1.5386185163241448,-1.984345352543834,1164454.0
5,425,Treino,714.0,39.0,3.0,154.0,152.3,-3.0,1.528638182788049,-1.9725628842464165,1159879.0
5,430,Treino,709.0,39.0,3.0,154.0,152.0,-3.0,1.4568627181693672,-1.5541907969281128,1155304.0
5,435,Treino,704.0,39.0,3.0,154.0,151.7,-3.0,1.3131983079178728,-0.4543124197778545,1150729.0
5,440,Treino,699.0,39.0,3.0,154.0,151.4,-3.0,1.0690449676496971,2.543550531914849,1146154.0
5,445,Treino,694.0,42.0,6.0,154.0,150.98,-6.0,0.8687311883149005,9.970288700255853,1139785.0
5,450,Treino,689.0,42.0,3.0,151.0,150.58,-3.0,1.0515294982615968,2.6843146956953117,1133771.0
5,455,Treino,684.0,42.0,3.0,151.0,150.28,-3.0,1.2942573317607,-0.4429707913400476,1129286.0
5,460,Treino,679.0,42.0,3.0,151.0,149.98,-3.0,1.4355543620952191,-1.5796260477111754,1124801.0
5,465,Treino,674.0,42.0,3.0,151.0,149.68,-3.0,1.5042796092672202,-2.0203699226305556,1120316.0
5,470,Treino,669.0,42.0,3.0,151.0,149.38,-3.0,1.5103723017176645,-2.056566279507998,1115831.0
5,475,Treino,664.0,42.0,3.0,151.0,149.08,-3.0,1.4546196641551827,-1.7081763445626708,1111346.0
5,480,Treino,659.0,42.0,3.0,151.0,148.78,-3.0,1.3292624930803567,-0.7586145884018265,1106861.0
5,485,Treino,654.0,42.0,3.0,151.0,148.48,-3.0,1.1109841197270611,1.725953014184471,1102376.0
5,490,Treino,649.0,42.0,3.0,151.0,148.18,-3.0,0.7196938124462858,13.124339821940382,1097891.0
5,495,Treino,644.0,48.0,6.0,148.0,147.42,-6.0,1.7623036871419993,5.987569575492062,1086785.0
5,500,Treino,639.0,48.0,6.0,148.0,146.84,-6.0,2.350510148708929,0.508176645834391,1078370.0
5,505,Treino,634.0,48.0,6.0,148.0,146.28,-6.0,2.6652717440043054,-1.153794607097606,1070240.0
5,510,Treino,629.0,47.0,5.0,148.0,145.78,-5.0,2.7648670485067393,-1.8065143720592307,1062965.0
5,515,Treino,624.0,47.0,5.0,148.0,145.28,-5.0,2.77039745177769,-2.010238709324524,1055690.0
5,520,Treino,619.0,47.0,5.0,148.0,144.76,-5.0,2.6996598425183334,-1.8582631635713582,1048130.0
5,525,Treino,614.0,47.0,5.0,148.0,144.26,-5.0,2.5055855969560206,-1.2579717201758118,1040855.0
5,530,Treino,609.0,47.0,5.0,148.0,143.76,-5.0,2.1811811067419793,0.22788020687385968,1033580.0
5,535,Treino,604.0,54.0,12.0,148.0,143.14,-12.0,1.948416416121627,5.465005844983947,1024639.0
5,540,Treino,599.0,54.0,6.0,144.0,141.94,-6.0,2.262471107042934,3.433612651043565,1007599.0
5,545,Treino,594.0,54.0,7.0,144.0,141.32,-7.0,2.881609527570964,-0.14719901143822867,998974.0
5,550,Treino,589.0,54.0,7.0,144.0,140.7,-7.0,3.2717092830282257,-1.431383302106495,990349.0
5,555,Treino,584.0,54.0,7.0,144.0,140.06,-7.0,3.495828417776052,-1.9605301720701926,981439.0
5,560,Treino,579.0,54.0,7.0,144.0,139.36,-7.0,3.538476554469536,-2.061572801202569,971674.0
5,565,Treino,574.0,54.0,6.0,144.0,138.66,-6.0,3.4381414058369715,-1.7861497378182012,961909.0
5,570,Treino,569.0,54.0,7.0,144.0,137.98,-7.0,3.2102514365255406,-0.9942783255834078,952429.0
5,575,Treino,564.0,54.0,7.0,144.0,137.28,-7.0,2.763021120854074,1.0474264833500238,942664.0
5,580,Treino,559.0,54.0,8.0,144.0,136.58,-8.0,1.9906926289252074,8.75332098250431,932899.0
5,585,Treino,554.0,60.0,6.0,136.0,135.64,-6.0,1.4393876248925712,13.124339821940389,920012.0
5,590,Treino,549.0,60.0,6.0,136.0,135.04,-6.0,2.2219682394541236,1.725953014184367,912032.0
5,595,Treino,544.0,60.0,6.0,136.0,134.44,-6.0,2.658524986160713,-0.7586145884018265,904052.0
5,600,Treino,539.0,60.0,6.0,136.0,133.84,-6.0,2.909239328310367,-1.7081763445626443,896072.0
5,605,Treino,534.0,60.0,6.0,136.0,133.24,-6.0,3.0207446034353294,-2.056566279507998,888092.0
5,610,Treino,529.0,60.0,6.0,136.0,132.64,-6.0,3.0085592185344394,-2.0203699226305556,880112.0
5,615,Treino,524.0,60.0,6.0,136.0,132.04,-6.0,2.8711087241904387,-1.579626047711145,872132.0
5,620,Treino,519.0,60.0,6.0,136.0,131.44,-6.0,2.588514663521401,-0.44297079134004713,864152.0
5,625,Treino,514.0,60.0,6.0,136.0,130.84,-6.0,2.103058996523193,2.684314695695188,856172.0
5,630,Treino,509.0,64.0,10.0,136.0,130.08,-10.0,1.4546196641551825,12.319464813841888,846144.0
5,635,Treino,504.0,64.0,4.0,130.0,129.44,-4.0,1.4020393310154626,2.6843146956951838,837832.0
5,640,Treino,499.0,64.0,4.0,130.0,129.04,-4.0,1.7256764423475999,-0.4429707913400769,832712.0
5,645,Treino,494.0,64.0,4.0,130.0,128.64,-4.0,1.914072482793626,-1.5796260477111759,827592.0
5,650,Treino,489.0,64.0,4.0,130.0,128.24,-4.0,2.0057061456896284,-2.0203699226305556,822472.0
5,655,Treino,484.0,64.0,4.0,130.0,127.84,-4.0,2.0138297356235535,-2.056566279508001,817352.0
5,660,Treino,479.0,64.0,4.0,130.0,127.44,-4.0,1.9394928855402458,-1.7081763445626443,812232.0
5,665,Treino,474.0,64.0,4.0,130.0,127.04,-4.0,1.7723499907738072,-0.7586145884018398,807112.0
5,670,Treino,469.0,64.0,4.0,130.0,126.64,-4.0,1.4813121596360814,1.7259530141843928,801992.0
5,675,Treino,464.0,72.0,12.0,130.0,125.92,-12.0,1.8934904600892446,12.420575698721024,792968.0
5,680,Treino,459.0,72.0,8.0,126.0,124.88,-8.0,2.8040786620309253,2.6843146956951838,780136.0
5,685,Treino,454.0,72.0,8.0,126.0,124.08,-8.0,3.4513528846951997,-0.4429707913400551,770376.0
5,690,Treino,449.0,72.0,8.0,126.0,123.28,-8.0,3.828144965587252,-1.5796260477111537,760616.0
5,695,Treino,444.0,72.0,8.0,126.0,122.48,-8.0,4.011412291379258,-2.02036992263056,750856.0
5,700,Treino,439.0,72.0,8.0,126.0,121.68,-8.0,4.027659471247107,-2.056566279508001,741096.0
5,705,Treino,434.0,72.0,8.0,126.0,120.88,-8.0,3.8789857710804916,-1.7081763445626443,731336.0
5,710,Treino,429.0,72.0,8.0,126.0,120.08,-8.0,3.5446999815476183,-0.7586145884018212,721576.0
5,715,Treino,424.0,72.0,8.0,126.0,119.28,-8.0,2.962624319272163,1.7259530141843928,711816.0
5,720,Treino,419.0,79.0,15.0,126.0,117.92,-15.0,2.8127987369689094,4.899449801703787,695644.0
5,725,Treino,414.0,79.0,7.0,118.0,116.74,-7.0,2.7166155414412256,0.9888715908435515,681773.0
5,730,Treino,409.0,79.0,7.0,118.0,116.04,-7.0,3.174901573277509,-1.0213504728132308,673758.0
5,735,Treino,404.0,79.0,7.0,118.0,115.34,-7.0,3.432200460346101,-1.8142903587038945,665743.0
5,740,Treino,399.0,79.0,7.0,118.0,114.64,-7.0,3.532704346531138,-2.078005660120022,657728.0
5,745,Treino,394.0,79.0,7.0,118.0,113.94,-7.0,3.48998567332303,-1.9686965028124233,649713.0
5,750,Treino,389.0,79.0,7.0,118.0,113.24,-7.0,3.2984845004941277,-1.425365691489356,641698.0
5,755,Treino,384.0,79.0,7.0,118.0,112.54,-7.0,2.9291637031753597,-0.06075484798890285,633683.0
5,760,Treino,379.0,79.0,7.0,118.0,111.84,-7.0,2.297825058615211,3.9737467762733605,625668.0
5,765,Treino,374.0,85.0,13.0,118.0,110.66,-13.0,1.954690851907434,7.881202949385427,612469.0
5,770,Treino,369.0,85.0,6.0,111.0,109.92,-6.0,2.3285276069496215,0.9888715908435737,604386.0
5,775,Treino,364.0,85.0,6.0,111.0,109.32,-6.0,2.721344205666435,-1.0213504728132499,597906.0
5,780,Treino,359.0,85.0,6.0,111.0,108.72,-6.0,2.941886108868087,-1.8142903587038983,591426.0
5,785,Treino,354.0,85.0,6.0,111.0,108.12,-6.0,3.0280322970266913,-2.0780056601200214,584946.0
5,790,Treino,349.0,85.0,6.0,111.0,107.52,-6.0,2.9914162914197395,-1.9686965028124213,578466.0
5,795,Treino,344.0,85.0,6.0,111.0,106.92,-6.0,2.827272428994965,-1.4253656914893638,571986.0
5,800,Treino,339.0,85.0,6.0,111.0,106.32,-6.0,2.5107117455788805,-0.060754847988873095,565506.0
5,805,Treino,334.0,85.0,6.0,111.0,105.72,-6.0,1.9695643359558925,3.973746776273374,559026.0
5,810,Treino,329.0,88.0,9.0,111.0,104.82,-9.0,1.3200185527453152,13.118597864576572,549447.0
5,815,Treino,324.0,87.0,2.0,105.0,104.46,-2.0,1.1642638034748107,3.9416900017233925,545661.0
5,820,Treino,319.0,88.0,3.0,105.0,104.22,-3.0,1.2823766201543008,1.01711587756874,543171.0
5,825,Treino,314.0,87.0,2.0,105.0,104.02,-2.0,1.3013336957733406,0.04713509997392151,541091.0
5,830,Treino,309.0,87.0,2.0,105.0,103.82,-2.0,1.2887266298678746,-0.3880570974613624,539011.0
5,835,Treino,304.0,87.0,2.0,105.0,103.62,-2.0,1.2435958395897342,-0.40566490322603865,536931.0
5,840,Treino,299.0,87.0,2.0,105.0,103.42,-2.0,1.1621584422521565,0.038826235477241955,534851.0
5,845,Treino,294.0,87.0,2.0,105.0,103.2,-2.0,1.0497813183356468,1.0693678311881607,532566.0
5,850,Treino,289.0,96.0,11.0,105.0,102.62,-11.0,1.9783522312824904,13.750936523375113,526735.0
5,855,Treino,284.0,96.0,6.0,103.0,101.52,-6.0,3.1117945475436595,2.355928893123008,515790.0
5,860,Treino,279.0,96.0,8.0,103.0,100.7,-8.0,3.8663910293498165,-0.4476553314912364,507757.0
5,865,Treino,274.0,96.0,9.0,103.0,99.78,-9.0,4.376607576371341,-1.547046961749053,498741.0
5,870,Treino,269.0,97.0,10.0,103.0,98.88,-10.0,4.627513106520652,-1.9891499637725585,489912.0
5,875,Treino,264.0,97.0,10.0,103.0,97.9,-10.0,4.691503392478007,-2.0276581079047884,480299.0
5,880,Treino,259.0,97.0,10.0,103.0,96.9,-10.0,4.559135256352272,-1.688293764307452,470499.0
5,885,Treino,254.0,97.0,10.0,103.0,95.9,-10.0,4.18573866399532,-0.7611755896713914,460699.0
5,890,Treino,249.0,97.0,10.0,103.0,94.9,-10.0,3.494894235064305,1.6386776946097825,450899.0
5,895,Treino,244.0,102.0,15.0,103.0,93.62,-15.0,2.6870057685088806,7.166980748558318,438589.0
5,900,Treino,239.0,102.0,6.0,94.0,92.5,-6.0,2.032892781536815,1.342877156115927,428015.0
5,905,Treino,234.0,102.0,6.0,94.0,91.9,-6.0,2.3668630751115556,-0.8101898178061528,422555.0
5,910,Treino,229.0,102.0,5.0,94.0,91.32,-5.0,2.53497977289358,-1.6826144506891723,417282.0
5,915,Treino,224.0,102.0,6.0,94.0,90.78,-6.0,2.6052537186952653,-2.009884751474414,412383.0
5,920,Treino,219.0,102.0,5.0,94.0,90.22,-5.0,2.533771891863985,-1.9959313861224832,407297.0
5,925,Treino,214.0,102.0,5.0,93.0,89.7,-5.0,2.392590603492032,-1.5796260477111566,402585.0
5,930,Treino,209.0,102.0,5.0,93.0,89.2,-5.0,2.157095552934498,-0.4429707913400591,398060.0
5,935,Treino,204.0,102.0,5.0,93.0,88.7,-5.0,1.7525491637693296,2.68431469569518,393535.0
5,940,Treino,199.0,106.0,9.0,93.0,87.88,-9.0,1.5204725366457226,6.651921044662924,386258.0
5,945,Treino,194.0,106.0,4.0,88.0,87.3,-4.0,1.5152288168283163,1.1245364854215785,381177.0
5,950,Treino,189.0,106.0,4.0,88.0,86.9,-4.0,1.7871422861709714,-0.9649222517847993,377737.0
5,955,Treino,184.0,106.0,4.0,88.0,86.52,-4.0,1.9191834998567616,-1.756058274960755,374466.0
5,960,Treino,179.0,106.0,4.0,88.0,86.12,-4.0,1.9860739653694583,-2.0477637076242217,371026.0
5,965,Treino,174.0,106.0,4.0,88.0,85.72,-4.0,1.9695643359558943,-1.959823289308298,367586.0
5,970,Treino,169.0,106.0,4.0,88.0,85.32,-4.0,1.867443958670649,-1.4429320140890285,364146.0
5,975,Treino,164.0,105.0,3.0,88.0,84.96,-3.0,1.6531972733130769,-0.19971116734045768,361044.0
5,980,Treino,159.0,106.0,4.0,88.0,84.58,-4.0,1.3107094199987535,3.258458160267687,357773.0
5,985,Treino,154.0,108.0,6.0,88.0,83.98,-6.0,0.9145089013302409,8.133186845952542,352673.0
5,990,Treino,149.0,108.0,2.0,85.0,83.7,-2.0,0.9091372900969894,0.11917617643912815,350325.0
5,995,Treino,144.0,108.0,2.0,85.0,83.48,-2.0,1.0149896953332347,-1.1152592194208517,348496.0
5,1000,Treino,139.0,108.0,2.0,85.0,83.28,-2.0,1.0887176504718659,-1.6218129520422817,346836.0
5,1005,Treino,134.0,108.0,2.0,85.0,83.06,-2.0,1.0956313993608002,-1.7323361994266715,345007.0
5,1010,Treino,129.0,108.0,2.0,85.0,82.86,-2.0,1.0881551510024015,-1.415238101999149,343347.0
5,1015,Treino,124.0,108.0,2.0,85.0,82.66,-2.0,1.0421719862765408,-0.5475232130144034,341687.0
5,1020,Treino,119.0,108.0,2.0,85.0,82.46,-2.0,0.9521190115972374,1.4676686444647258,340027.0
5,1025,Treino,114.0,108.0,2.0,85.0,82.22,-2.0,0.6788345354580994,7.668931963104129,338029.0
5,1030,Treino,109.0,114.0,6.0,82.0,81.64,-6.0,1.4393876248925712,13.124339821940556,333356.0
5,1035,Treino,104.0,114.0,6.0,82.0,81.04,-6.0,2.2219682394541236,1.7259530141844204,328616.0
5,1040,Treino,99.0,114.0,6.0,82.0,80.44,-6.0,2.658524986160713,-0.7586145884018265,323876.0
5,1045,Treino,94.0,114.0,6.0,82.0,79.84,-6.0,2.909239328310367,-1.7081763445626443,319136.0
5,1050,Treino,89.0,114.0,6.0,82.0,79.24,-6.0,3.0207446034353316,-2.056566279508001,314396.0
5,1055,Treino,84.0,114.0,6.0,82.0,78.64,-6.0,3.008559218534443,-2.020369922630561,309656.0
5,1060,Treino,79.0,114.0,6.0,82.0,78.04,-6.0,2.8711087241904383,-1.5796260477111619,304916.0
5,1065,Treino,74.0,114.0,6.0,82.0,77.44,-6.0,2.588514663521401,-0.44297079134004713,300176.0
5,1070,Treino,69.0,114.0,6.0,82.0,76.84,-6.0,2.103058996523193,2.684314695695188,295436.0
5,1075,Treino,64.0,120.0,12.0,82.0,75.88,-12.0,1.9127925946646898,7.821545088325616,288068.0
5,1080,Treino,59.0,120.0,6.0,76.0,75.04,-6.0,2.2219682394541236,1.7259530141844204,281792.0
5,1085,Treino,54.0,120.0,6.0,76.0,74.44,-6.0,2.658524986160713,-0.7586145884018265,277412.0
5,1090,Treino,49.0,120.0,6.0,76.0,73.84,-6.0,2.909239328310367,-1.7081763445626443,273032.0
5,1095,Treino,44.0,120.0,6.0,76.0,73.24,-6.0,3.0207446034353316,-2.056566279508001,268652.0
5,1100,Treino,39.0,120.0,6.0,76.0,72.64,-6.0,3.008559218534443,-2.020369922630561,264272.0
5,1105,Treino,34.0,120.0,6.0,76.0,72.04,-6.0,2.8711087241904383,-1.5796260477111619,259892.0
5,1110,Treino,29.0,120.0,6.0,76.0,71.44,-6.0,2.588514663521401,-0.44297079134004713,255512.0
5,1115,Treino,24.0,120.0,6.0,76.0,70.84,-6.0,2.103058996523193,2.684314695695188,251132.0
5,1120,Treino,19.0,124.0,10.0,76.0,70.0,-10.0,1.5649215928719031,9.73049645390071,245120.0
5,1125,Treino,14.0,123.0,3.0,70.0,69.44,-3.0,1.3117988895141712,2.307277917310776,241180.0
5,1130,Treino,9.0,123.0,3.0,70.0,69.06,-3.0,1.6214128381867263,-0.4548608897335531,238593.0
5,1135,Treino,4.0,123.0,3.0,70.0,68.76,-3.0,1.6970562748477143,-1.424501907737081,236538.0
6,50,Treino,66.0,66.0,66.0,190.0,153.58,-66.0,20.30189495528706,-1.2220658251863274,1199537.0
6,55,Treino,61.0,87.0,69.0,172.0,148.0,-69.0,21.195879460934123,-1.448429395340887,1117214.0
6,60,Treino,56.0,85.0,67.0,172.0,141.3,-67.0,23.094526253143687,-1.3634823835592123,1024419.0
6,65,Treino,51.0,85.0,67.0,172.0,134.6,-67.0,22.931130253301472,-1.2944093016401843,931624.0
6,70,Treino,46.0,85.0,67.0,172.0,127.9,-67.0,20.656816832044893,-1.2599422115495151,838829.0
6,75,Treino,41.0,109.0,73.0,154.0,121.68,-73.0,20.34241572554795,-0.633868980432637,760578.0
6,80,Treino,36.0,109.0,73.0,154.0,114.38,-73.0,20.535573912563713,-0.10541498065067723,674803.0
6,85,Treino,31.0,108.0,72.0,154.0,107.1,-72.0,17.883123956651968,-0.5124727134516949,589191.0
6,90,Treino,26.0,124.0,58.0,124.0,101.84,-58.0,17.640815382145423,-1.2843991389317353,533818.0
6,95,Treino,21.0,124.0,58.0,124.0,96.04,-58.0,18.91652986255187,-1.1551096049158125,478718.0
6,100,Treino,16.0,145.0,79.0,124.0,89.82,-79.0,19.11585515658003,-0.809724844391948,421287.0
6,105,Treino,11.0,145.0,60.0,105.0,82.34,-60.0,20.35662655986888,-0.8926709653523539,359299.0
6,110,Treino,6.0,171.0,86.0,105.0,74.78,-86.0,24.6214524016628,-0.2889982349835387,309307.0
6,115,Treino,1.0,171.0,86.0,105.0,66.18,-86.0,27.478147161491293,-0.7568324815328311,255987.0
7,50,Teste,197.0,30.0,30.0,190.0,175.38,-30.0,8.849974057381553,-0.4318593048186887,1541745.0
7,55,Teste,192.0,32.0,22.0,180.0,173.1,-22.0,9.59006714028124,-1.5706070683295452,1502687.0
7,60,Teste,187.0,30.0,20.0,180.0,171.1,-20.0,10.027004354568252,-2.013502497150992,1468687.0
7,65,Teste,182.0,30.0,20.0,180.0,169.12,-20.0,10.068419003224372,-2.051435509110932,1435046.0
7,70,Teste,177.0,50.0,40.0,180.0,166.72,-40.0,10.368791478986058,-0.9580213402783859,1395046.0
7,75,Teste,172.0,48.0,38.0,180.0,162.96,-38.0,11.768099390526332,-0.37612729974464854,1334584.0
7,80,Teste,167.0,48.0,38.0,180.0,159.12,-38.0,11.848775016336287,-0.20015425261733277,1272838.0
7,85,Teste,162.0,49.0,39.0,180.0,155.22,-39.0,10.671897101973105,-0.11413462384421091,1210243.0
7,90,Teste,157.0,49.0,19.0,160.0,152.12,-19.0,9.283823983418795,-1.9565298930877777,1161248.0
7,95,Teste,152.0,49.0,19.0,160.0,150.22,-19.0,9.422703801923076,-2.068094692278817,1132653.0
7,100,Teste,147.0,63.0,33.0,160.0,147.48,-33.0,10.384918421068356,-1.1576724408318433,1092802.0
7,105,Teste,142.0,63.0,33.0,160.0,144.22,-33.0,11.168998639638419,-0.8595268408507502,1046083.0
7,110,Teste,137.0,84.0,54.0,160.0,140.5,-54.0,11.799775162160973,0.5156533433516062,993835.0
7,115,Teste,132.0,84.0,54.0,160.0,135.1,-54.0,13.861192339089175,0.5149964043978335,922015.0
7,120,Teste,127.0,84.0,36.0,142.0,130.1,-36.0,14.210157332998513,-0.850424794122683,856195.0
7,125,Teste,122.0,90.0,41.0,142.0,126.38,-41.0,15.468057936487392,-1.5331960521714674,810319.0
7,130,Teste,117.0,90.0,41.0,141.0,122.22,-41.0,16.399713785456683,-1.7189347830780948,760065.0
7,135,Teste,112.0,90.0,41.0,141.0,118.12,-41.0,16.31531145136684,-1.6064966918308765,710660.0
7,140,Teste,107.0,99.0,50.0,141.0,113.66,-50.0,15.575504053821577,-1.0929324790771897,657817.0
7,145,Teste,102.0,99.0,50.0,141.0,108.66,-50.0,13.899948612443556,-0.5321253909853039,599817.0
7,150,Teste,97.0,100.0,37.0,127.0,104.48,-37.0,12.027587336737867,-0.18613651587933155,552892.0
7,155,Teste,92.0,113.0,50.0,127.0,99.78,-50.0,11.57987346164694,1.0287153781961695,504373.0
7,160,Teste,87.0,113.0,29.0,106.0,95.2,-29.0,10.216033816446355,-0.766152298574128,458266.0
7,165,Teste,82.0,116.0,32.0,106.0,92.12,-32.0,11.127535253429956,-1.295012935488963,430372.0
7,170,Teste,77.0,116.0,32.0,106.0,88.92,-32.0,11.279093899053834,-1.5420392408296886,401572.0
7,175,Teste,72.0,127.0,37.0,100.0,85.62,-37.0,11.030366249215696,-1.474283939237314,372501.0
7,180,Teste,67.0,127.0,37.0,100.0,81.92,-37.0,11.781756911359503,-1.0858348901242332,342346.0
7,185,Teste,62.0,127.0,37.0,100.0,78.22,-37.0,11.314231601602199,-0.9389451392280113,312191.0
7,190,Teste,57.0,127.0,28.0,91.0,74.88,-28.0,10.225298758172178,-1.016621954021351,285474.0
7,195,Teste,52.0,141.0,42.0,91.0,70.96,-42.0,10.950649966731538,-0.10583375770999082,257642.0
7,200,Teste,47.0,141.0,41.0,90.0,66.78,-41.0,10.541056756844656,-0.6590957031931386,228423.0
7,205,Teste,42.0,141.0,28.0,77.0,63.68,-28.0,10.637707287123979,-1.3794362849568715,208302.0
7,210,Teste,37.0,156.0,43.0,77.0,59.68,-43.0,12.451440372380164,-0.6771441761837305,185682.0
7,215,Teste,32.0,156.0,40.0,74.0,55.56,-40.0,13.42425462530035,-1.015662816766696,163176.0
7,220,Teste,27.0,156.0,40.0,74.0,51.56,-40.0,13.289799679084865,-1.2426181301181511,141576.0
7,225,Teste,22.0,163.0,36.0,63.0,47.22,-36.0,13.005948403617131,-1.484487227537356,119775.0
7,230,Teste,17.0,163.0,36.0,63.0,43.62,-36.0,13.124039323442512,-1.342662961966718,103575.0
7,235,Teste,12.0,163.0,36.0,63.0,40.02,-36.0,12.201522153286565,-0.9106727642482966,87375.0
7,240,Teste,7.0,177.0,50.0,63.0,35.02,-50.0,11.999132621713507,-0.5006525925101606,68375.0
7,245,Teste,2.0,177.0,36.0,49.0,31.14,-36.0,12.089816932831855,-0.8096369980943185,55647.0
8,50,Treino,176.0,33.0,33.0,190.0,165.6,-33.0,6.4681322415267255,2.611583092637363,1373218.0
8,55,Treino,171.0,48.0,27.0,169.0,163.58,-27.0,7.259307888525474,0.9014834052694534,1340503.0
8,60,Treino,166.0,48.0,27.0,169.0,160.88,-27.0,9.475295482980776,-0.3298986173412417,1298518.0
8,65,Treino,161.0,48.0,26.0,169.0,158.18,-26.0,10.582407426421248,-1.183923282081805,1256533.0
8,70,Treino,156.0,48.0,27.0,169.0,155.5,-27.0,10.94746266380983,-1.4856624023522598,1214885.0
8,75,Treino,151.0,69.0,48.0,169.0,150.7,-48.0,14.113606114350093,-0.205926239067046,1145285.0
8,80,Treino,146.0,69.0,48.0,169.0,145.9,-48.0,15.215794693780056,-0.8064996021987878,1075685.0
8,85,Treino,141.0,69.0,36.0,157.0,141.1,-36.0,14.725030750808136,-1.4270317369099137,1006085.0
8,90,Treino,136.0,87.0,54.0,157.0,137.14,-54.0,15.415351479109699,-1.2811749109971202,952013.0
8,95,Treino,131.0,88.0,55.0,157.0,131.72,-55.0,16.963393961524254,-0.9947701298464544,881608.0
8,100,Treino,126.0,88.0,55.0,157.0,126.22,-55.0,16.787130639333242,-1.0784658634397264,810383.0
8,105,Treino,121.0,88.0,40.0,142.0,121.36,-40.0,15.730848414396945,-1.391433067532415,748538.0
8,110,Treino,116.0,99.0,51.0,142.0,116.2,-51.0,16.576353947840325,-0.9732276524920387,688586.0
8,115,Treino,111.0,99.0,51.0,142.0,111.08,-51.0,15.682877703445381,-0.6657589901843548,628990.0
8,120,Treino,106.0,99.0,30.0,121.0,105.92,-30.0,12.841005746102148,-1.6310614926656375,569032.0
8,125,Treino,101.0,112.0,43.0,121.0,102.64,-43.0,12.861523063393543,-1.1934948352076558,534854.0
8,130,Treino,96.0,112.0,43.0,121.0,98.34,-43.0,13.194943372832068,-0.5460075921940271,492069.0
8,135,Treino,91.0,113.0,44.0,121.0,93.98,-44.0,12.127704831904346,-0.0042272865600616605,448819.0
8,140,Treino,86.0,113.0,26.0,103.0,89.94,-26.0,9.929157228350554,-1.4084165669433293,409291.0
8,145,Treino,81.0,126.0,38.0,103.0,86.58,-38.0,10.872338989474192,-0.6987142495577539,380597.0
8,150,Treino,76.0,126.0,39.0,103.0,82.78,-39.0,11.455842462717975,-0.744695452451571,349057.0
8,155,Treino,71.0,126.0,24.0,91.0,78.94,-24.0,10.62421185552229,-1.3743454074681956,317107.0
8,160,Treino,66.0,126.0,27.0,91.0,76.3,-27.0,10.723329516449978,-1.433503698019907,296719.0
8,165,Treino,61.0,133.0,34.0,91.0,72.92,-34.0,10.94856248135632,-1.0770635313770365,271740.0
8,170,Treino,56.0,133.0,34.0,91.0,69.58,-34.0,10.156108044533834,-0.7127859134965902,247123.0
8,175,Treino,51.0,133.0,21.0,78.0,66.46,-21.0,8.444802773158823,-1.522099542832501,224341.0
8,180,Treino,46.0,139.0,27.0,78.0,64.0,-27.0,8.356837601262665,-0.8802512151247393,208222.0
8,185,Treino,41.0,139.0,26.0,77.0,61.36,-26.0,7.8500227479197235,-0.04607878076054206,191272.0
8,190,Treino,36.0,139.0,26.0,77.0,58.76,-26.0,6.380966595577631,0.7344596619606873,174632.0
8,195,Treino,31.0,151.0,25.0,64.0,56.46,-25.0,6.299368287084549,0.44858354586920246,161331.0
8,200,Treino,26.0,151.0,25.0,64.0,53.96,-25.0,7.655756804189773,-0.13812086017025216,148456.0
8,205,Treino,21.0,151.0,25.0,64.0,51.46,-25.0,8.048855920728926,-0.8355148481444323,135581.0
8,210,Treino,16.0,151.0,18.0,57.0,48.96,-18.0,7.629052954305127,-1.5679874023302394,122706.0
8,215,Treino,11.0,166.0,33.0,57.0,45.96,-33.0,9.762401845648354,-0.24412399137707697,110286.0
8,220,Treino,6.0,166.0,33.0,57.0,42.66,-33.0,10.998348670113517,-0.8788246494177643,96921.0
8,225,Treino,1.0,166.0,33.0,57.0,39.36,-33.0,11.153401604306145,-1.3046858388967004,83556.0
9,50,Teste,1790.0,8.0,8.0,189.0,181.16,-8.0,1.1313708498984754,50.00000000000013,1641010.0
9,55,Teste,1785.0,8.0,0.0,181.0,181.0,0.0,0.0,0.0,1638050.0
9,60,Teste,1780.0,8.0,0.0,181.0,181.0,0.0,0.0,0.0,1638050.0
9,65,Teste,1775.0,8.0,0.0,181.0,181.0,0.0,0.0,0.0,1638050.0
9,70,Teste,1770.0,8.0,0.0,181.0,181.0,0.0,0.0,0.0,1638050.0
9,75,Teste,1765.0,8.0,0.0,181.0,181.0,0.0,0.0,0.0,1638050.0
9,80,Teste,1760.0,8.0,0.0,181.0,181.0,0.0,0.0,0.0,1638050.0
9,85,Teste,1755.0,8.0,0.0,181.0,181.0,0.0,0.0,0.0,1638050.0
9,90,Teste,1750.0,8.0,0.0,181.0,181.0,0.0,0.0,0.0,1638050.0
9,95,Teste,1745.0,8.0,0.0,181.0,181.0,0.0,0.0,0.0,1638050.0
9,100,Teste,1740.0,8.0,0.0,181.0,181.0,0.0,0.0,0.0,1638050.0
9,105,Teste,1735.0,8.0,0.0,181.0,181.0,0.0,0.0,0.0,1638050.0
9,110,Teste,1730.0,8.0,0.0,181.0,181.0,0.0,0.0,0.0,1638050.0
9,115,Teste,1725.0,8.0,0.0,181.0,181.0,0.0,0.0,0.0,1638050.0
9,120,Teste,1720.0,8.0,0.0,181.0,181.0,0.0,0.0,0.0,1638050.0
9,125,Teste,1715.0,8.0,0.0,181.0,181.0,0.0,0.0,0.0,1638050.0
9,130,Teste,1710.0,8.0,0.0,181.0,181.0,0.0,0.0,0.0,1638050.0
9,135,Teste,1705.0,8.0,0.0,181.0,181.0,0.0,0.0,0.0,1638050.0
9,140,Teste,1700.0,14.0,6.0,181.0,180.88,-6.0,0.848528137423857,49.999999999999844,1635914.0
9,145,Teste,1695.0,14.0,6.0,181.0,180.28,-6.0,1.9695643359558954,3.97374677627338,1625234.0
9,150,Teste,1690.0,14.0,6.0,181.0,179.68,-6.0,2.5107117455788814,-0.06075484798887398,1614554.0
9,155,Teste,1685.0,14.0,6.0,181.0,179.08,-6.0,2.827272428994967,-1.4253656914893458,1603874.0
9,160,Teste,1680.0,14.0,6.0,181.0,178.48,-6.0,2.991416291419739,-1.968696502812428,1593194.0
9,165,Teste,1675.0,14.0,6.0,181.0,177.88,-6.0,3.0280322970266917,-2.0780056601200214,1582514.0
9,170,Teste,1670.0,14.0,6.0,181.0,177.28,-6.0,2.9418861088680863,-1.814290358703898,1571834.0
9,175,Teste,1665.0,14.0,6.0,181.0,176.68,-6.0,2.7213442056664348,-1.0213504728132499,1561154.0
9,180,Teste,1660.0,14.0,6.0,181.0,176.08,-6.0,2.328527606949623,0.9888715908435319,1550474.0
9,185,Teste,1655.0,14.0,6.0,181.0,175.48,-6.0,1.6442850937072195,8.534487742830798,1539794.0
9,190,Teste,1650.0,14.0,0.0,175.0,175.0,0.0,0.0,0.0,1531250.0
9,195,Teste,1645.0,14.0,0.0,175.0,175.0,0.0,0.0,0.0,1531250.0
9,200,Teste,1640.0,14.0,0.0,175.0,175.0,0.0,0.0,0.0,1531250.0
9,205,Teste,1635.0,14.0,0.0,175.0,175.0,0.0,0.0,0.0,1531250.0
9,210,Teste,1630.0,14.0,0.0,175.0,175.0,0.0,0.0,0.0,1531250.0
9,215,Teste,1625.0,14.0,0.0,175.0,175.0,0.0,0.0,0.0,1531250.0
9,220,Teste,1620.0,14.0,0.0,175.0,175.0,0.0,0.0,0.0,1531250.0
9,225,Teste,1615.0,14.0,0.0,175.0,175.0,0.0,0.0,0.0,1531250.0
9,230,Teste,1610.0,14.0,0.0,175.0,175.0,0.0,0.0,0.0,1531250.0
9,235,Teste,1605.0,14.0,0.0,175.0,175.0,0.0,0.0,0.0,1531250.0
9,240,Teste,1600.0,14.0,0.0,175.0,175.0,0.0,0.0,0.0,1531250.0
9,245,Teste,1595.0,14.0,0.0,175.0,175.0,0.0,0.0,0.0,1531250.0
9,250,Teste,1590.0,14.0,0.0,175.0,175.0,0.0,0.0,0.0,1531250.0
9,255,Teste,1585.0,14.0,0.0,175.0,175.0,0.0,0.0,0.0,1531250.0
9,260,Teste,1580.0,14.0,0.0,175.0,175.0,0.0,0.0,0.0,1531250.0
9,265,Teste,1575.0,14.0,0.0,176.0,175.02,0.0,0.1414213562373095,49.9999999999978,1531601.0
9,270,Teste,1570.0,14.0,0.0,176.0,175.02,0.0,0.1414213562373095,49.9999999999978,1531601.0
9,275,Teste,1565.0,14.0,0.0,176.0,175.02,0.0,0.1414213562373095,49.9999999999978,1531601.0
9,280,Teste,1560.0,14.0,0.0,176.0,175.02,0.0,0.1414213562373095,49.9999999999978,1531601.0
9,285,Teste,1555.0,24.0,10.0,176.0,174.02,-10.0,3.040475258231576,5.756064256062491,1514601.0
9,290,Teste,1550.0,24.0,10.0,176.0,173.02,-10.0,4.05316706604923,0.40125399648047555,1497601.0
9,295,Teste,1545.0,24.0,10.0,176.0,172.02,-10.0,4.644461261348108,-1.2415144989510196,1480601.0
9,300,Teste,1540.0,24.0,10.0,176.0,171.02,-10.0,4.967198528797677,-1.8984315160082386,1463601.0
9,305,Teste,1535.0,24.0,10.0,176.0,170.02,-10.0,5.072897171664898,-2.0810890066075354,1446601.0
9,310,Teste,1530.0,24.0,10.0,176.0,169.02,-10.0,4.975408915611963,-1.8939022377063697,1429601.0
9,315,Teste,1525.0,24.0,10.0,175.0,168.0,-10.0,4.6291004988627575,-1.2411347517730495,1412250.0
9,320,Teste,1520.0,24.0,10.0,175.0,167.0,-10.0,4.040610178208843,0.4072473404255321,1395250.0
9,325,Teste,1515.0,24.0,10.0,175.0,166.0,-10.0,3.0304576336566322,5.791962174940899,1378250.0
9,330,Teste,1510.0,24.0,0.0,165.0,165.0,0.0,0.0,0.0,1361250.0
9,335,Teste,1505.0,24.0,0.0,165.0,165.0,0.0,0.0,0.0,1361250.0
9,340,Teste,1500.0,24.0,0.0,165.0,165.0,0.0,0.0,0.0,1361250.0
9,345,Teste,1495.0,24.0,0.0,165.0,165.0,0.0,0.0,0.0,1361250.0
9,350,Teste,1490.0,24.0,0.0,165.0,165.0,0.0,0.0,0.0,1361250.0
9,355,Teste,1485.0,24.0,0.0,165.0,165.0,0.0,0.0,0.0,1361250.0
9,360,Teste,1480.0,24.0,0.0,165.0,165.0,0.0,0.0,0.0,1361250.0
9,365,Teste,1475.0,24.0,0.0,165.0,165.0,0.0,0.0,0.0,1361250.0
9,370,Teste,1470.0,24.0,0.0,165.0,165.0,0.0,0.0,0.0,1361250.0
9,375,Teste,1465.0,24.0,0.0,165.0,165.0,0.0,0.0,0.0,1361250.0
9,380,Teste,1460.0,38.0,14.0,165.0,164.44,-14.0,2.7712812921102037,22.330729166666643,1352402.0
9,385,Teste,1455.0,38.0,14.0,165.0,163.04,-14.0,4.907137658554119,2.6843146956951838,1330282.0
9,390,Teste,1450.0,38.0,14.0,165.0,161.64,-14.0,6.039867548216598,-0.44297079134006356,1308162.0
9,395,Teste,1445.0,38.0,14.0,165.0,160.24,-14.0,6.6992536897776915,-1.5796260477111495,1286042.0
9,400,Teste,1440.0,38.0,14.0,165.0,158.84,-14.0,7.019971509913697,-2.0203699226305605,1263922.0
9,405,Teste,1435.0,38.0,14.0,165.0,157.44,-14.0,7.048404074682438,-2.056566279508,1241802.0
9,410,Teste,1430.0,38.0,14.0,165.0,156.04,-14.0,6.78822509939086,-1.7081763445626448,1219682.0
9,415,Teste,1425.0,38.0,14.0,165.0,154.64,-14.0,6.203224967708327,-0.7586145884018114,1197562.0
9,420,Teste,1420.0,38.0,14.0,165.0,153.24,-14.0,5.184592558726296,1.7259530141843804,1175442.0
9,425,Teste,1415.0,38.0,14.0,165.0,151.84,-14.0,3.3585711247493326,13.12433982194053,1153322.0
9,430,Teste,1410.0,38.0,0.0,151.0,151.0,0.0,0.0,0.0,1140050.0
9,435,Teste,1405.0,38.0,0.0,151.0,151.0,0.0,0.0,0.0,1140050.0
9,440,Teste,1400.0,38.0,0.0,151.0,151.0,0.0,0.0,0.0,1140050.0
9,445,Teste,1395.0,38.0,0.0,151.0,151.0,0.0,0.0,0.0,1140050.0
9,450,Teste,1390.0,38.0,0.0,151.0,151.0,0.0,0.0,0.0,1140050.0
9,455,Teste,1385.0,38.0,0.0,151.0,151.0,0.0,0.0,0.0,1140050.0
9,460,Teste,1380.0,38.0,0.0,151.0,151.0,0.0,0.0,0.0,1140050.0
9,465,Teste,1375.0,38.0,0.0,151.0,151.0,0.0,0.0,0.0,1140050.0
9,470,Teste,1370.0,38.0,0.0,151.0,151.0,0.0,0.0,0.0,1140050.0
9,475,Teste,1365.0,38.0,0.0,151.0,151.0,0.0,0.0,0.0,1140050.0
9,480,Teste,1360.0,44.0,6.0,151.0,150.52,-6.0,1.6442850937072182,8.534487742830798,1132946.0
9,485,Teste,1355.0,44.0,6.0,151.0,149.92,-6.0,2.3285276069496215,0.9888715908435266,1124066.0
9,490,Teste,1350.0,44.0,6.0,151.0,149.32,-6.0,2.721344205666435,-1.0213504728132499,1115186.0
9,495,Teste,1345.0,44.0,6.0,151.0,148.72,-6.0,2.941886108868087,-1.8142903587038983,1106306.0
9,500,Teste,1340.0,44.0,6.0,151.0,148.12,-6.0,3.0280322970266913,-2.0780056601200214,1097426.0
9,505,Teste,1335.0,44.0,6.0,151.0,147.52,-6.0,2.991416291419738,-1.9686965028124281,1088546.0
9,510,Teste,1330.0,44.0,6.0,151.0,146.92,-6.0,2.827272428994965,-1.425365691489345,1079666.0
9,515,Teste,1325.0,44.0,6.0,151.0,146.32,-6.0,2.5107117455788805,-0.060754847988873095,1070786.0
9,520,Teste,1320.0,44.0,6.0,151.0,145.72,-6.0,1.9695643359558925,3.973746776273374,1061906.0
9,525,Teste,1315.0,44.0,6.0,151.0,145.12,-6.0,0.8485281374238576,49.999999999999844,1053026.0
9,530,Teste,1310.0,44.0,0.0,145.0,145.0,0.0,0.0,0.0,1051250.0
9,535,Teste,1305.0,44.0,0.0,145.0,145.0,0.0,0.0,0.0,1051250.0
9,540,Teste,1300.0,44.0,0.0,145.0,145.0,0.0,0.0,0.0,1051250.0
9,545,Teste,1295.0,44.0,0.0,145.0,145.0,0.0,0.0,0.0,1051250.0
9,550,Teste,1290.0,44.0,0.0,145.0,145.0,0.0,0.0,0.0,1051250.0
9,555,Teste,1285.0,44.0,0.0,145.0,145.0,0.0,0.0,0.0,1051250.0
9,560,Teste,1280.0,44.0,0.0,145.0,145.0,0.0,0.0,0.0,1051250.0
9,565,Teste,1275.0,44.0,0.0,145.0,145.0,0.0,0.0,0.0,1051250.0
9,570,Teste,1270.0,44.0,0.0,145.0,145.0,0.0,0.0,0.0,1051250.0
9,575,Teste,1265.0,50.0,6.0,145.0,144.64,-6.0,1.4393876248925712,13.124339821940389,1046138.0
9,580,Teste,1260.0,50.0,6.0,145.0,144.04,-6.0,2.2219682394541236,1.725953014184367,1037618.0
9,585,Teste,1255.0,50.0,6.0,145.0,143.44,-6.0,2.658524986160713,-0.7586145884018265,1029098.0
9,590,Teste,1250.0,50.0,6.0,145.0,142.84,-6.0,2.909239328310367,-1.7081763445626443,1020578.0
9,595,Teste,1245.0,49.0,5.0,145.0,142.26,-5.0,3.002108102854473,-2.047573972427619,1012337.0
9,600,Teste,1240.0,50.0,6.0,145.0,141.66,-6.0,2.993939456533443,-2.016523017814832,1003817.0
9,605,Teste,1235.0,50.0,6.0,145.0,141.06,-6.0,2.8600699292150193,-1.5814037291803398,995297.0
9,610,Teste,1230.0,50.0,6.0,145.0,140.46,-6.0,2.581013880834669,-0.4553920562684355,986777.0
9,615,Teste,1225.0,50.0,6.0,145.0,139.86,-6.0,2.0996598363952743,2.6335380290722235,978257.0
9,620,Teste,1220.0,50.0,6.0,145.0,139.26,-6.0,1.19198000257161,21.621915035790515,969737.0
9,625,Teste,1215.0,50.0,0.0,140.0,139.02,0.0,0.14142135623730948,49.99999999999781,966329.0
9,630,Teste,1210.0,50.0,0.0,140.0,139.02,0.0,0.14142135623730948,49.99999999999781,966329.0
9,635,Teste,1205.0,50.0,0.0,140.0,139.02,0.0,0.14142135623730948,49.99999999999781,966329.0
9,640,Teste,1200.0,50.0,0.0,140.0,139.02,0.0,0.14142135623730948,49.99999999999781,966329.0
9,645,Teste,1195.0,50.0,0.0,139.0,139.0,0.0,0.0,0.0,966050.0
9,650,Teste,1190.0,50.0,0.0,139.0,139.0,0.0,0.0,0.0,966050.0
9,655,Teste,1185.0,50.0,0.0,139.0,139.0,0.0,0.0,0.0,966050.0
9,660,Teste,1180.0,50.0,0.0,139.0,139.0,0.0,0.0,0.0,966050.0
9,665,Teste,1175.0,50.0,0.0,139.0,139.0,0.0,0.0,0.0,966050.0
9,670,Teste,1170.0,57.0,7.0,139.0,138.58,-7.0,1.6792855623746665,13.124339821940666,960359.0
9,675,Teste,1165.0,57.0,7.0,139.0,137.88,-7.0,2.5922962793631443,1.7259530141843813,950874.0
9,680,Teste,1160.0,57.0,7.0,139.0,137.18,-7.0,3.1016124838541637,-0.7586145884018114,941389.0
9,685,Teste,1155.0,57.0,7.0,139.0,136.48,-7.0,3.394112549695428,-1.7081763445626557,931904.0
9,690,Teste,1150.0,57.0,7.0,139.0,135.78,-7.0,3.5242020373412197,-2.056566279508,922419.0
9,695,Teste,1145.0,57.0,7.0,139.0,135.08,-7.0,3.509985754956849,-2.020369922630565,912934.0
9,700,Teste,1140.0,57.0,7.0,139.0,134.38,-7.0,3.3496268448888475,-1.5796260477111488,903449.0
9,705,Teste,1135.0,57.0,7.0,139.0,133.68,-7.0,3.0199337741082988,-0.44297079134006445,893964.0
9,710,Teste,1130.0,57.0,7.0,139.0,132.98,-7.0,2.453568829277062,2.684314695695238,884479.0
9,715,Teste,1125.0,57.0,7.0,139.0,132.28,-7.0,1.3856406460551023,22.33072916666664,874994.0
9,720,Teste,1120.0,57.0,0.0,132.0,132.0,0.0,0.0,0.0,871200.0
9,725,Teste,1115.0,57.0,0.0,132.0,132.0,0.0,0.0,0.0,871200.0
9,730,Teste,1110.0,57.0,0.0,132.0,132.0,0.0,0.0,0.0,871200.0
9,735,Teste,1105.0,57.0,0.0,132.0,132.0,0.0,0.0,0.0,871200.0
9,740,Teste,1100.0,57.0,0.0,132.0,132.0,0.0,0.0,0.0,871200.0
9,745,Teste,1095.0,57.0,0.0,132.0,132.0,0.0,0.0,0.0,871200.0
9,750,Teste,1090.0,57.0,0.0,132.0,132.0,0.0,0.0,0.0,871200.0
9,755,Teste,1085.0,57.0,0.0,132.0,132.0,0.0,0.0,0.0,871200.0
9,760,Teste,1080.0,57.0,0.0,132.0,132.0,0.0,0.0,0.0,871200.0
9,765,Teste,1075.0,69.0,12.0,132.0,131.76,-12.0,1.697056274847714,49.999999999999844,868176.0
9,770,Teste,1070.0,71.0,14.0,132.0,130.36,-14.0,4.49380525994237,4.077523034910938,850676.0
9,775,Teste,1065.0,71.0,14.0,132.0,128.96,-14.0,5.788658862687576,-0.027586534415104946,833176.0
9,780,Teste,1060.0,71.0,14.0,132.0,127.56,-14.0,6.543917568464409,-1.4094420634145697,815676.0
9,785,Teste,1055.0,71.0,14.0,132.0,126.16,-14.0,6.938093603947907,-1.9599305473883684,798176.0
9,790,Teste,1050.0,71.0,14.0,132.0,124.76,-14.0,7.03217097143041,-2.0734808697070304,780676.0
9,795,Teste,1045.0,71.0,14.0,132.0,123.36,-14.0,6.8385462114190805,-1.8135442613000148,763176.0
9,800,Teste,1040.0,71.0,14.0,132.0,121.96,-14.0,6.330876716537762,-1.0262758976886293,745676.0
9,805,Teste,1035.0,71.0,14.0,132.0,120.56,-14.0,5.4216497225739015,0.9685805108175858,728176.0
9,810,Teste,1030.0,71.0,14.0,132.0,119.16,-14.0,3.8351755407766444,8.408608535077825,710676.0
9,815,Teste,1025.0,71.0,0.0,118.0,118.0,0.0,0.0,0.0,696200.0
9,820,Teste,1020.0,71.0,0.0,118.0,118.0,0.0,0.0,0.0,696200.0
9,825,Teste,1015.0,71.0,0.0,118.0,118.0,0.0,0.0,0.0,696200.0
9,830,Teste,1010.0,71.0,0.0,118.0,118.0,0.0,0.0,0.0,696200.0
9,835,Teste,1005.0,71.0,0.0,118.0,118.0,0.0,0.0,0.0,696200.0
9,840,Teste,1000.0,71.0,0.0,118.0,118.0,0.0,0.0,0.0,696200.0
9,845,Teste,995.0,71.0,0.0,118.0,118.0,0.0,0.0,0.0,696200.0
9,850,Teste,990.0,71.0,0.0,118.0,118.0,0.0,0.0,0.0,696200.0
9,855,Teste,985.0,71.0,0.0,118.0,118.0,0.0,0.0,0.0,696200.0
9,860,Teste,980.0,71.0,0.0,118.0,118.0,0.0,0.0,0.0,696200.0
9,865,Teste,975.0,84.0,13.0,118.0,117.48,-13.0,2.573332628388046,22.330729166666696,690402.0
9,870,Teste,970.0,84.0,13.0,118.0,116.18,-13.0,4.556627825800253,2.6843146956952157,675907.0
9,875,Teste,965.0,84.0,13.0,118.0,114.88,-13.0,5.608448437629701,-0.44297079134005646,661412.0
9,880,Teste,960.0,84.0,13.0,118.0,113.58,-13.0,6.220735569079282,-1.5796260477111548,646917.0
9,885,Teste,955.0,84.0,13.0,118.0,112.28,-13.0,6.518544973491289,-2.0203699226305605,632422.0
9,890,Teste,950.0,84.0,13.0,118.0,110.98,-13.0,6.544946640776553,-2.056566279508001,617927.0
9,895,Teste,945.0,84.0,13.0,118.0,109.68,-13.0,6.3033518780058,-1.70817634456265,603432.0
9,900,Teste,940.0,84.0,13.0,118.0,108.38,-13.0,5.760137470014871,-0.7586145884018163,588937.0
9,905,Teste,935.0,84.0,13.0,118.0,107.08,-13.0,4.814264518817264,1.7259530141844,574442.0
9,910,Teste,930.0,84.0,13.0,118.0,105.78,-13.0,3.11867318726724,13.12433982194056,559947.0
9,915,Teste,925.0,84.0,0.0,105.0,105.0,0.0,0.0,0.0,551250.0
9,920,Teste,920.0,84.0,0.0,105.0,105.0,0.0,0.0,0.0,551250.0
9,925,Teste,915.0,84.0,0.0,105.0,105.0,0.0,0.0,0.0,551250.0
9,930,Teste,910.0,84.0,0.0,105.0,105.0,0.0,0.0,0.0,551250.0
9,935,Teste,905.0,84.0,0.0,105.0,105.0,0.0,0.0,0.0,551250.0
9,940,Teste,900.0,84.0,0.0,105.0,105.0,0.0,0.0,0.0,551250.0
9,945,Teste,895.0,84.0,0.0,105.0,105.0,0.0,0.0,0.0,551250.0
9,950,Teste,890.0,84.0,0.0,105.0,105.0,0.0,0.0,0.0,551250.0
9,955,Teste,885.0,84.0,0.0,105.0,105.0,0.0,0.0,0.0,551250.0
9,960,Teste,880.0,84.0,0.0,105.0,105.0,0.0,0.0,0.0,551250.0
9,965,Teste,875.0,93.0,9.0,105.0,104.08,-9.0,2.790947465485877,5.885652113324037,542014.0
9,970,Teste,870.0,93.0,9.0,105.0,103.16,-9.0,3.72175074009915,0.4563153726237337,532778.0
9,975,Teste,865.0,93.0,9.0,105.0,102.26,-9.0,4.232093128098431,-1.2158491285876498,523733.0
9,980,Teste,860.0,93.0,9.0,105.0,101.36,-9.0,4.507408866952005,-1.8853325822601197,514688.0
9,985,Teste,855.0,93.0,9.0,105.0,100.46,-9.0,4.590184736845276,-2.0756942535110454,505643.0
9,990,Teste,850.0,93.0,9.0,105.0,99.56,-9.0,4.491079593857953,-1.8955950271473003,496598.0
9,995,Teste,845.0,94.0,10.0,105.0,98.64,-10.0,4.212517788977156,-1.2425026719309193,487362.0
9,1000,Teste,840.0,93.0,9.0,105.0,97.74,-9.0,3.6745678629727143,0.38649605135527354,478317.0
9,1005,Teste,835.0,93.0,9.0,105.0,96.84,-9.0,2.7579939471008443,5.667398409714339,469272.0
9,1010,Teste,830.0,93.0,0.0,96.0,95.92,0.0,0.2740475156178697,8.534487742830796,460036.0
9,1015,Teste,825.0,93.0,-1.0,96.0,95.92,1.0,0.2740475156178697,8.5344877428308,460036.0
9,1020,Teste,820.0,93.0,0.0,96.0,95.94,0.0,0.23989793748209526,13.124339821940389,460227.0
9,1025,Teste,815.0,93.0,0.0,96.0,95.94,0.0,0.2398979374820953,13.124339821940389,460227.0
9,1030,Teste,810.0,93.0,0.0,96.0,95.92,0.0,0.27404751561786966,8.534487742830796,460036.0
9,1035,Teste,805.0,93.0,0.0,96.0,95.92,0.0,0.2740475156178697,8.534487742830795,460036.0
9,1040,Teste,800.0,94.0,1.0,96.0,95.88,-1.0,0.3282607226593159,3.973746776273228,459654.0
9,1045,Teste,795.0,93.0,0.0,96.0,95.88,0.0,0.3282607226593159,3.973746776273229,459654.0
9,1050,Teste,790.0,93.0,0.0,96.0,95.86,0.0,0.35050983275386566,2.68431469569518,459463.0
9,1055,Teste,785.0,93.0,0.0,96.0,95.82,0.0,0.38808793449160367,0.9888715908434369,459081.0
9,1060,Teste,780.0,102.0,9.0,96.0,95.48,-9.0,1.787028088127073,20.208132443818876,455978.0
9,1065,Teste,775.0,102.0,9.0,96.0,94.6,-9.0,3.1167748898959187,2.549710575719633,447934.0
9,1070,Teste,770.0,102.0,9.0,96.0,93.66,-9.0,3.8945802215438854,-0.43425954634055897,439353.0
9,1075,Teste,765.0,102.0,9.0,96.0,92.76,-9.0,4.278851648348121,-1.5598411809974528,431118.0
9,1080,Teste,760.0,102.0,9.0,96.0,91.86,-9.0,4.490397918824986,-1.9909288756759922,422901.0
9,1085,Teste,755.0,103.0,9.0,96.0,90.94,-9.0,4.49221548904324,-2.0203077030899914,414493.0
9,1090,Teste,750.0,103.0,10.0,96.0,90.04,-10.0,4.365729244551787,-1.6748445985968532,406294.0
9,1095,Teste,745.0,103.0,9.0,96.0,89.14,-9.0,3.9898340203828146,-0.7356081997533277,398077.0
9,1100,Teste,740.0,102.0,8.0,96.0,88.22,-8.0,3.3459692473305305,1.684300503227564,389687.0
9,1105,Teste,735.0,102.0,9.0,96.0,87.36,-9.0,2.2384396898058188,12.196354453932145,381834.0
9,1110,Teste,730.0,103.0,1.0,87.0,86.78,-1.0,0.4184519575964801,-0.060754847988873095,376547.0
9,1115,Teste,725.0,102.0,0.0,87.0,86.76,0.0,0.43141911058689986,-0.4429707913399876,376374.0
9,1120,Teste,720.0,102.0,0.0,87.0,86.8,0.0,0.4040610178208841,0.4072473404254846,376720.0
9,1125,Teste,715.0,102.0,0.0,87.0,86.78,0.0,0.41845195759648,-0.060754847988875316,376547.0
9,1130,Teste,710.0,102.0,0.0,87.0,86.78,0.0,0.41845195759648,-0.060754847988873095,376547.0
9,1135,Teste,705.0,103.0,0.0,87.0,86.76,0.0,0.4314191105868998,-0.4429707913399885,376374.0
9,1140,Teste,700.0,103.0,1.0,87.0,86.78,-1.0,0.41845195759648,-0.060754847988875316,376547.0
9,1145,Teste,695.0,102.0,0.0,87.0,86.78,0.0,0.4184519575964801,-0.060754847988875316,376547.0
9,1150,Teste,690.0,102.0,0.0,87.0,86.82,0.0,0.3880879344916037,0.9888715908434378,376893.0
9,1155,Teste,685.0,111.0,8.0,87.0,86.62,-8.0,1.307591648171304,40.391039437967365,375235.0
9,1160,Teste,680.0,111.0,8.0,87.0,85.76,-8.0,2.9176451225645126,3.7601358091517394,368156.0
9,1165,Teste,675.0,111.0,9.0,87.0,84.88,-9.0,3.706805654908995,-0.1012094482926833,360904.0
9,1170,Teste,670.0,111.0,9.0,87.0,83.98,-9.0,4.1575601165165335,-1.4307201777710705,353479.0
9,1175,Teste,665.0,111.0,9.0,87.0,83.1,-9.0,4.395034303690047,-1.9592973554070885,346227.0
9,1180,Teste,660.0,111.0,9.0,87.0,82.22,-9.0,4.446002561347689,-2.0601688869390378,338975.0
9,1185,Teste,655.0,111.0,9.0,87.0,81.36,-9.0,4.341353123022301,-1.7946021535980528,331896.0
9,1190,Teste,650.0,111.0,9.0,87.0,80.48,-9.0,4.021574470837233,-0.9965040054587058,324644.0
9,1195,Teste,645.0,111.0,9.0,87.0,79.6,-9.0,3.452298849598447,1.0189941353613223,317392.0
9,1200,Teste,640.0,111.0,9.0,87.0,78.7,-9.0,2.401105187710231,8.666527744220936,309967.0
9,1205,Teste,635.0,111.0,0.0,78.0,78.0,0.0,0.0,0.0,304200.0
9,1210,Teste,630.0,111.0,0.0,78.0,78.0,0.0,0.0,0.0,304200.0
9,1215,Teste,625.0,111.0,0.0,78.0,78.0,0.0,0.0,0.0,304200.0
9,1220,Teste,620.0,111.0,0.0,78.0,78.0,0.0,0.0,0.0,304200.0
9,1225,Teste,615.0,111.0,0.0,78.0,78.0,0.0,0.0,0.0,304200.0
9,1230,Teste,610.0,111.0,0.0,78.0,78.0,0.0,0.0,0.0,304200.0
9,1235,Teste,605.0,111.0,0.0,78.0,78.0,0.0,0.0,0.0,304200.0
9,1240,Teste,600.0,111.0,0.0,78.0,78.0,0.0,0.0,0.0,304200.0
9,1245,Teste,595.0,111.0,0.0,78.0,78.0,0.0,0.0,0.0,304200.0
9,1250,Teste,590.0,111.0,0.0,78.0,78.0,0.0,0.0,0.0,304200.0
9,1255,Teste,585.0,120.0,9.0,78.0,77.28,-9.0,2.4664276405608274,8.53448774283072,298908.0
9,1260,Teste,580.0,120.0,9.0,78.0,76.38,-9.0,3.492791410424432,0.9888715908435586,292293.0
9,1265,Teste,575.0,120.0,9.0,78.0,75.48,-9.0,4.082016308499653,-1.0213504728132343,285678.0
9,1270,Teste,570.0,120.0,9.0,78.0,74.58,-9.0,4.412829163302133,-1.8142903587038985,279063.0
9,1275,Teste,565.0,120.0,9.0,78.0,73.68,-9.0,4.542048445540035,-2.0780056601200214,272448.0
9,1280,Teste,560.0,120.0,9.0,78.0,72.78,-9.0,4.487124437129611,-1.9686965028124241,265833.0
9,1285,Teste,555.0,120.0,9.0,78.0,71.88,-9.0,4.240908643492453,-1.4253656914893573,259218.0
9,1290,Teste,550.0,120.0,9.0,78.0,70.98,-9.0,3.7660676183683175,-0.0607548479888953,252603.0
9,1295,Teste,545.0,120.0,9.0,78.0,70.08,-9.0,2.9543465039338455,3.973746776273379,245988.0
9,1300,Teste,540.0,120.0,9.0,78.0,69.18,-9.0,1.2727922061357828,49.99999999999986,239373.0
9,1305,Teste,535.0,120.0,0.0,69.0,69.0,0.0,0.0,0.0,238050.0
9,1310,Teste,530.0,120.0,0.0,69.0,69.0,0.0,0.0,0.0,238050.0
9,1315,Teste,525.0,120.0,0.0,69.0,69.0,0.0,0.0,0.0,238050.0
9,1320,Teste,520.0,120.0,0.0,69.0,69.0,0.0,0.0,0.0,238050.0
9,1325,Teste,515.0,120.0,0.0,69.0,69.0,0.0,0.0,0.0,238050.0
9,1330,Teste,510.0,120.0,0.0,69.0,69.0,0.0,0.0,0.0,238050.0
9,1335,Teste,505.0,120.0,0.0,69.0,69.0,0.0,0.0,0.0,238050.0
9,1340,Teste,500.0,120.0,0.0,69.0,69.0,0.0,0.0,0.0,238050.0
9,1345,Teste,495.0,120.0,0.0,69.0,69.0,0.0,0.0,0.0,238050.0
9,1350,Teste,490.0,120.0,0.0,69.0,69.0,0.0,0.0,0.0,238050.0
9,1355,Teste,485.0,132.0,12.0,69.0,67.8,-12.0,3.636549160387959,5.791962174940888,230490.0
9,1360,Teste,480.0,132.0,12.0,69.0,66.6,-12.0,4.848732213850611,0.40724734042552413,222930.0
9,1365,Teste,475.0,132.0,12.0,69.0,65.4,-12.0,5.554920598635309,-1.2411347517730456,215370.0
9,1370,Teste,470.0,132.0,12.0,69.0,64.2,-12.0,5.938459911664724,-1.9004875886524817,207810.0
9,1375,Teste,465.0,132.0,12.0,69.0,63.0,-12.0,6.0609152673132645,-2.085106382978723,200250.0
9,1380,Teste,460.0,132.0,12.0,69.0,61.8,-12.0,5.938459911664721,-1.900487588652481,192690.0
9,1385,Teste,455.0,132.0,12.0,69.0,60.6,-12.0,5.55492059863531,-1.2411347517730507,185130.0
9,1390,Teste,450.0,132.0,12.0,69.0,59.4,-12.0,4.848732213850612,0.40724734042553257,177570.0
9,1395,Teste,445.0,132.0,12.0,69.0,58.2,-12.0,3.6365491603879647,5.791962174940883,170010.0
9,1400,Teste,440.0,132.0,0.0,57.0,57.0,0.0,0.0,0.0,162450.0
9,1405,Teste,435.0,132.0,0.0,57.0,57.0,0.0,0.0,0.0,162450.0
9,1410,Teste,430.0,132.0,0.0,57.0,57.0,0.0,0.0,0.0,162450.0
9,1415,Teste,425.0,132.0,0.0,57.0,57.0,0.0,0.0,0.0,162450.0
9,1420,Teste,420.0,132.0,0.0,57.0,57.0,0.0,0.0,0.0,162450.0
9,1425,Teste,415.0,132.0,0.0,57.0,57.0,0.0,0.0,0.0,162450.0
9,1430,Teste,410.0,132.0,0.0,57.0,57.0,0.0,0.0,0.0,162450.0
9,1435,Teste,405.0,132.0,0.0,57.0,57.0,0.0,0.0,0.0,162450.0
9,1440,Teste,400.0,132.0,0.0,57.0,57.0,0.0,0.0,0.0,162450.0
9,1445,Teste,395.0,132.0,0.0,57.0,57.0,0.0,0.0,0.0,162450.0
9,1450,Teste,390.0,144.0,12.0,57.0,56.52,-12.0,2.3753839646658887,22.33072916666669,160002.0
9,1455,Teste,385.0,144.0,12.0,57.0,55.32,-12.0,4.206117993046387,2.6843146956952024,153882.0
9,1460,Teste,380.0,144.0,12.0,57.0,54.12,-12.0,5.177029327042799,-0.44297079134005424,147762.0
9,1465,Teste,375.0,144.0,12.0,57.0,52.92,-12.0,5.7422174483808766,-1.579626047711153,141642.0
9,1470,Teste,370.0,144.0,12.0,57.0,51.72,-12.0,6.017118437068886,-2.020369922630561,135522.0
9,1475,Teste,365.0,144.0,12.0,57.0,50.52,-12.0,6.041489206870656,-2.0565662795080004,129402.0
9,1480,Teste,360.0,144.0,12.0,57.0,49.32,-12.0,5.81847865662073,-1.708176344562647,123282.0
9,1485,Teste,355.0,144.0,12.0,57.0,48.12,-12.0,5.3170499723214295,-0.7586145884018207,117162.0
9,1490,Teste,350.0,144.0,12.0,57.0,46.92,-12.0,4.443936478908252,1.7259530141843937,111042.0
9,1495,Teste,345.0,144.0,12.0,57.0,45.72,-12.0,2.87877524978514,13.124339821940566,104922.0
9,1500,Teste,340.0,144.0,0.0,45.0,45.0,0.0,0.0,0.0,101250.0
9,1505,Teste,335.0,144.0,0.0,45.0,45.0,0.0,0.0,0.0,101250.0
9,1510,Teste,330.0,144.0,0.0,45.0,45.0,0.0,0.0,0.0,101250.0
9,1515,Teste,325.0,144.0,0.0,45.0,45.0,0.0,0.0,0.0,101250.0
9,1520,Teste,320.0,144.0,0.0,45.0,45.0,0.0,0.0,0.0,101250.0
9,1525,Teste,315.0,144.0,0.0,45.0,45.0,0.0,0.0,0.0,101250.0
9,1530,Teste,310.0,144.0,0.0,45.0,45.0,0.0,0.0,0.0,101250.0
9,1535,Teste,305.0,144.0,0.0,45.0,45.0,0.0,0.0,0.0,101250.0
9,1540,Teste,300.0,144.0,0.0,45.0,45.0,0.0,0.0,0.0,101250.0
9,1545,Teste,295.0,144.0,0.0,45.0,45.0,0.0,0.0,0.0,101250.0
9,1550,Teste,290.0,150.0,6.0,45.0,44.52,-6.0,1.6442850937072182,8.534487742830734,99234.0
9,1555,Teste,285.0,150.0,6.0,45.0,43.92,-6.0,2.3285276069496215,0.9888715908435737,96714.0
9,1560,Teste,280.0,150.0,6.0,45.0,43.32,-6.0,2.721344205666436,-1.0213504728132379,94194.0
9,1565,Teste,275.0,150.0,6.0,45.0,42.72,-6.0,2.941886108868087,-1.8142903587038983,91674.0
9,1570,Teste,270.0,150.0,6.0,45.0,42.12,-6.0,3.0280322970266913,-2.0780056601200223,89154.0
9,1575,Teste,265.0,150.0,6.0,45.0,41.52,-6.0,2.9914162914197413,-1.9686965028124248,86634.0
9,1580,Teste,260.0,150.0,6.0,45.0,40.92,-6.0,2.827272428994965,-1.4253656914893638,84114.0
9,1585,Teste,255.0,150.0,6.0,45.0,40.32,-6.0,2.5107117455788788,-0.06075484798889086,81594.0
9,1590,Teste,250.0,150.0,6.0,45.0,39.72,-6.0,1.9695643359558925,3.973746776273374,79074.0
9,1595,Teste,245.0,150.0,6.0,45.0,39.12,-6.0,0.8485281374238586,50.00000000000007,76554.0
9,1600,Teste,240.0,150.0,0.0,39.0,39.0,0.0,0.0,0.0,76050.0
9,1605,Teste,235.0,150.0,0.0,39.0,39.0,0.0,0.0,0.0,76050.0
9,1610,Teste,230.0,150.0,0.0,39.0,39.0,0.0,0.0,0.0,76050.0
9,1615,Teste,225.0,150.0,0.0,39.0,39.0,0.0,0.0,0.0,76050.0
9,1620,Teste,220.0,150.0,0.0,39.0,39.0,0.0,0.0,0.0,76050.0
9,1625,Teste,215.0,150.0,0.0,39.0,39.0,0.0,0.0,0.0,76050.0
9,1630,Teste,210.0,150.0,0.0,39.0,39.0,0.0,0.0,0.0,76050.0
9,1635,Teste,205.0,150.0,0.0,39.0,39.0,0.0,0.0,0.0,76050.0
9,1640,Teste,200.0,150.0,0.0,39.0,39.0,0.0,0.0,0.0,76050.0
9,1645,Teste,195.0,150.0,0.0,39.0,39.0,0.0,0.0,0.0,76050.0
9,1650,Teste,190.0,163.0,13.0,39.0,37.7,-13.0,3.939594923753622,5.791962174940906,71825.0
9,1655,Teste,185.0,163.0,13.0,39.0,36.44,-13.0,5.175136792040046,0.4296097903012148,67706.0
9,1660,Teste,180.0,163.0,13.0,39.0,35.14,-13.0,5.959078137170042,-1.2304051881232867,63481.0
9,1665,Teste,175.0,162.0,12.0,39.0,33.88,-12.0,6.3395100563925295,-1.8893291873605274,59362.0
9,1670,Teste,170.0,163.0,13.0,39.0,32.58,-13.0,6.490463962536083,-2.078645293012418,55137.0
9,1675,Teste,165.0,163.0,13.0,39.0,31.28,-13.0,6.3729018155798105,-1.8979813344387584,50912.0
9,1680,Teste,160.0,163.0,13.0,39.0,29.98,-13.0,5.970984262349426,-1.2440000649636014,46687.0
9,1685,Teste,155.0,163.0,13.0,39.0,28.68,-13.0,5.219429947761707,0.3914825131257871,42462.0
9,1690,Teste,150.0,163.0,13.0,39.0,27.38,-13.0,3.922150597073302,5.707604922354967,38237.0
9,1695,Teste,145.0,163.0,0.0,27.0,26.1,0.0,0.3030457633656632,5.791962174940846,34065.0
9,1700,Teste,140.0,163.0,0.0,27.0,26.1,0.0,0.30304576336566325,5.791962174940842,34065.0
9,1705,Teste,135.0,163.0,0.0,27.0,26.08,0.0,0.2740475156178697,8.534487742830795,34012.0
9,1710,Teste,130.0,162.0,0.0,27.0,26.12,0.0,0.32826072265931583,3.973746776273342,34118.0
9,1715,Teste,125.0,162.0,-1.0,27.0,26.18,1.0,0.3880879344916036,0.9888715908435728,34277.0
9,1720,Teste,120.0,162.0,-1.0,27.0,26.28,1.0,0.4535573676110726,-1.0213504728132494,34542.0
9,1725,Teste,115.0,163.0,0.0,27.0,26.3,0.0,0.46291004988627565,-1.2411347517730555,34595.0
9,1730,Teste,110.0,163.0,0.0,27.0,26.3,0.0,0.46291004988627565,-1.2411347517730553,34595.0
9,1735,Teste,105.0,162.0,-1.0,27.0,26.32,1.0,0.47121207149916094,-1.4253656914893638,34648.0
9,1740,Teste,100.0,163.0,0.0,27.0,26.34,0.0,0.47851812069840666,-1.5796260477111537,34701.0
9,1745,Teste,95.0,174.0,11.0,27.0,25.9,-11.0,2.2968478844019327,20.22760852604913,33799.0
9,1750,Teste,90.0,174.0,11.0,27.0,24.8,-11.0,4.0203563655629395,2.5480794200874017,31544.0
9,1755,Teste,85.0,174.0,11.0,27.0,23.68,-11.0,4.946406652865311,-0.4684949440941848,29236.0
9,1760,Teste,80.0,174.0,12.0,27.0,22.54,-12.0,5.481732185641874,-1.578059591638367,26875.0
9,1765,Teste,75.0,174.0,12.0,27.0,21.34,-12.0,5.687831622985035,-2.0083411474228354,24355.0
9,1770,Teste,70.0,174.0,12.0,27.0,20.14,-12.0,5.63158005159751,-2.0436026209312237,21835.0
9,1775,Teste,65.0,174.0,11.0,27.0,19.02,-11.0,5.41912712302546,-1.6915250610035462,19527.0
9,1780,Teste,60.0,174.0,11.0,27.0,17.92,-11.0,4.980943275963631,-0.730418698421972,17272.0
9,1785,Teste,55.0,174.0,12.0,27.0,16.8,-12.0,4.169862719807551,1.7721848835998673,14964.0
9,1790,Teste,50.0,174.0,11.0,27.0,15.68,-11.0,2.7213442056664365,13.259459304983995,12656.0
9,1795,Teste,45.0,174.0,0.0,15.0,15.0,0.0,0.0,0.0,11250.0
9,1800,Teste,40.0,174.0,0.0,15.0,15.0,0.0,0.0,0.0,11250.0
9,1805,Teste,35.0,174.0,0.0,15.0,15.0,0.0,0.0,0.0,11250.0
9,1810,Teste,30.0,174.0,0.0,15.0,15.0,0.0,0.0,0.0,11250.0
9,1815,Teste,25.0,174.0,0.0,15.0,15.0,0.0,0.0,0.0,11250.0
9,1820,Teste,20.0,174.0,0.0,15.0,15.0,0.0,0.0,0.0,11250.0
9,1825,Teste,15.0,174.0,0.0,15.0,15.0,0.0,0.0,0.0,11250.0
9,1830,Teste,10.0,174.0,0.0,15.0,15.0,0.0,0.0,0.0,11250.0
9,1835,Teste,5.0,174.0,0.0,15.0,15.0,0.0,0.0,0.0,11250.0
9,1840,Teste,0.0,174.0,0.0,15.0,15.0,0.0,0.0,0.0,11250.0
10,50,Treino,915.0,15.0,15.0,189.0,174.14,-15.0,2.176028961391904,46.988494239289494,1516469.0
10,55,Treino,910.0,15.0,0.0,174.0,173.88,0.0,0.3282607226593159,3.973746776273229,1511718.0
10,60,Treino,905.0,15.0,0.0,174.0,173.84,0.0,0.3703280399090207,1.7259530141844701,1511024.0
10,65,Treino,900.0,15.0,0.0,174.0,173.84,0.0,0.3703280399090207,1.7259530141844728,1511024.0
10,70,Treino,895.0,15.0,0.0,174.0,173.86,0.0,0.35050983275386555,2.684314695695563,1511371.0
10,75,Treino,890.0,16.0,1.0,174.0,173.86,-1.0,0.3505098327538655,2.684314695695564,1511371.0
10,80,Treino,885.0,15.0,0.0,174.0,173.86,0.0,0.3505098327538655,2.684314695695565,1511371.0
10,85,Treino,880.0,15.0,0.0,174.0,173.86,0.0,0.3505098327538655,2.6843146956955604,1511371.0
10,90,Treino,875.0,15.0,-1.0,174.0,173.88,1.0,0.3282607226593159,3.973746776273229,1511718.0
10,95,Treino,870.0,15.0,0.0,174.0,173.88,0.0,0.3282607226593159,3.973746776273229,1511718.0
10,100,Treino,865.0,15.0,0.0,174.0,173.88,0.0,0.3282607226593159,3.973746776273228,1511718.0
10,105,Treino,860.0,15.0,0.0,174.0,173.86,0.0,0.3505098327538656,2.6843146956955604,1511371.0
10,110,Treino,855.0,15.0,0.0,174.0,173.9,0.0,0.30304576336566325,5.791962174941123,1512065.0
10,115,Treino,850.0,15.0,0.0,174.0,173.9,0.0,0.3030457633656633,5.791962174941121,1512065.0
10,120,Treino,845.0,27.0,12.0,174.0,173.42,-12.0,2.374094886606735,21.511405792155994,1504001.0
10,125,Treino,840.0,27.0,12.0,174.0,172.24,-12.0,4.182373117974912,2.6379480549163885,1484188.0
10,130,Treino,835.0,27.0,12.0,174.0,171.04,-12.0,5.1387285015113315,-0.45335492408158284,1464028.0
10,135,Treino,830.0,27.0,12.0,174.0,169.86,-12.0,5.703597146377299,-1.5800365895072126,1444215.0
10,140,Treino,825.0,27.0,11.0,174.0,168.68,-11.0,5.984469696725053,-2.017903902942945,1424402.0
10,145,Treino,820.0,27.0,12.0,174.0,167.5,-12.0,6.0212209759164566,-2.0539720230746754,1404589.0
10,150,Treino,815.0,27.0,11.0,174.0,166.3,-11.0,5.793205027426172,-1.703608696582505,1384429.0
10,155,Treino,810.0,27.0,12.0,174.0,165.12,-12.0,5.317049972321427,-0.7586145884018265,1364616.0
10,160,Treino,805.0,27.0,12.0,174.0,163.92,-12.0,4.443936478908245,1.7259530141844213,1344456.0
10,165,Treino,800.0,27.0,12.0,174.0,162.72,-12.0,2.87877524978514,13.124339821940566,1324296.0
10,170,Treino,795.0,27.0,0.0,162.0,162.0,0.0,0.0,0.0,1312200.0
10,175,Treino,790.0,27.0,0.0,162.0,162.0,0.0,0.0,0.0,1312200.0
10,180,Treino,785.0,27.0,0.0,162.0,162.0,0.0,0.0,0.0,1312200.0
10,185,Treino,780.0,27.0,0.0,162.0,162.0,0.0,0.0,0.0,1312200.0
10,190,Treino,775.0,27.0,0.0,162.0,162.0,0.0,0.0,0.0,1312200.0
10,195,Treino,770.0,27.0,0.0,162.0,162.0,0.0,0.0,0.0,1312200.0
10,200,Treino,765.0,27.0,0.0,162.0,162.0,0.0,0.0,0.0,1312200.0
10,205,Treino,760.0,44.0,17.0,162.0,161.32,-17.0,3.365127283276676,22.33072916666663,1301762.0
10,210,Treino,755.0,44.0,17.0,162.0,159.62,-17.0,5.958667156815715,2.6843146956952078,1275667.0
10,215,Treino,750.0,44.0,17.0,162.0,157.92,-17.0,7.3341248799773,-0.44297079134006134,1249572.0
10,220,Treino,745.0,44.0,17.0,162.0,156.22,-17.0,8.13480805187291,-1.5796260477111543,1223477.0
10,225,Treino,740.0,44.0,17.0,162.0,154.52,-17.0,8.524251119180915,-2.020369922630559,1197382.0
10,230,Treino,735.0,44.0,17.0,162.0,152.82,-17.0,8.558776376400104,-2.056566279507999,1171287.0
10,235,Treino,730.0,44.0,17.0,162.0,151.12,-17.0,8.24284476354604,-1.7081763445626494,1145192.0
10,240,Treino,725.0,44.0,17.0,162.0,149.42,-17.0,7.532487460788688,-0.7586145884018154,1119097.0
10,245,Treino,720.0,44.0,17.0,162.0,147.72,-17.0,6.295576678453353,1.725953014184399,1093002.0
10,250,Treino,715.0,44.0,17.0,162.0,146.02,-17.0,4.0782649371956134,13.124339821940502,1066907.0
10,255,Treino,710.0,44.0,0.0,145.0,145.0,0.0,0.0,0.0,1051250.0
10,260,Treino,705.0,44.0,0.0,145.0,145.0,0.0,0.0,0.0,1051250.0
10,265,Treino,700.0,44.0,0.0,145.0,145.0,0.0,0.0,0.0,1051250.0
10,270,Treino,695.0,44.0,0.0,145.0,145.0,0.0,0.0,0.0,1051250.0
10,275,Treino,690.0,44.0,0.0,145.0,145.0,0.0,0.0,0.0,1051250.0
10,280,Treino,685.0,44.0,0.0,145.0,145.0,0.0,0.0,0.0,1051250.0
10,285,Treino,680.0,44.0,0.0,145.0,145.0,0.0,0.0,0.0,1051250.0
10,290,Treino,675.0,63.0,19.0,145.0,144.62,-19.0,2.6870057685088806,50.00000000000004,1046101.0
10,295,Treino,670.0,63.0,19.0,145.0,142.72,-19.0,6.236953730527002,3.973746776273371,1020356.0
10,300,Treino,665.0,63.0,19.0,145.0,140.82,-19.0,7.950587194333126,-0.06075484798889619,994611.0
10,305,Treino,660.0,63.0,19.0,145.0,138.92,-19.0,8.953029358484065,-1.4253656914893664,968866.0
10,310,Treino,655.0,63.0,19.0,145.0,137.02,-19.0,9.472818256162512,-1.9686965028124221,943121.0
10,315,Treino,650.0,63.0,19.0,145.0,135.12,-19.0,9.588768940584515,-2.078005660120022,917376.0
10,320,Treino,645.0,63.0,19.0,145.0,133.22,-19.0,9.315972678082279,-1.814290358703897,891631.0
10,325,Treino,640.0,63.0,19.0,145.0,131.32,-19.0,8.617589984610385,-1.0213504728132348,865886.0
10,330,Treino,635.0,63.0,19.0,145.0,129.42,-19.0,7.373670755340463,0.988871590843579,840141.0
10,335,Treino,630.0,63.0,19.0,145.0,127.52,-19.0,5.206902796739532,8.534487742830711,814396.0
10,340,Treino,625.0,63.0,0.0,126.0,126.0,0.0,0.0,0.0,793800.0
10,345,Treino,620.0,63.0,0.0,126.0,126.0,0.0,0.0,0.0,793800.0
10,350,Treino,615.0,63.0,0.0,126.0,126.0,0.0,0.0,0.0,793800.0
10,355,Treino,610.0,63.0,0.0,126.0,126.0,0.0,0.0,0.0,793800.0
10,360,Treino,605.0,63.0,0.0,126.0,126.0,0.0,0.0,0.0,793800.0
10,365,Treino,600.0,63.0,0.0,126.0,126.0,0.0,0.0,0.0,793800.0
10,370,Treino,595.0,63.0,0.0,126.0,126.0,0.0,0.0,0.0,793800.0
10,375,Treino,590.0,82.0,19.0,126.0,125.24,-19.0,3.76102461072099,22.33072916666664,784946.0
10,380,Treino,585.0,82.0,19.0,126.0,123.34,-19.0,6.659686822323448,2.684314695695205,762811.0
10,385,Treino,580.0,82.0,19.0,126.0,121.44,-19.0,8.196963101151098,-0.44297079134005335,740676.0
10,390,Treino,575.0,82.0,19.0,126.0,119.54,-19.0,9.091844293269721,-1.5796260477111517,718541.0
10,395,Treino,570.0,82.0,19.0,126.0,117.64,-19.0,9.527104192025735,-2.020369922630561,696406.0
10,400,Treino,565.0,82.0,19.0,126.0,115.74,-19.0,9.565691244211884,-2.056566279508,674271.0
10,405,Treino,560.0,82.0,19.0,126.0,113.84,-19.0,9.212591206316166,-1.7081763445626486,652136.0
10,410,Treino,555.0,82.0,19.0,126.0,111.94,-19.0,8.418662456175594,-0.7586145884018216,630001.0
10,415,Treino,550.0,82.0,19.0,126.0,110.04,-19.0,7.03623275827138,1.7259530141843866,607866.0
10,420,Treino,545.0,82.0,19.0,126.0,108.14,-19.0,4.558060812159815,13.124339821940541,585731.0
10,425,Treino,540.0,82.0,0.0,107.0,107.0,0.0,0.0,0.0,572450.0
10,430,Treino,535.0,82.0,0.0,107.0,107.0,0.0,0.0,0.0,572450.0
10,435,Treino,530.0,82.0,0.0,108.0,107.02,0.0,0.1414213562373095,50.00000000000087,572665.0
10,440,Treino,525.0,82.0,0.0,108.0,107.02,0.0,0.1414213562373095,50.00000000000087,572665.0
10,445,Treino,520.0,82.0,0.0,108.0,107.02,0.0,0.1414213562373095,50.00000000000087,572665.0
10,450,Treino,515.0,82.0,0.0,108.0,107.02,0.0,0.1414213562373095,50.00000000000087,572665.0
10,455,Treino,510.0,82.0,0.0,108.0,107.02,0.0,0.1414213562373095,50.00000000000087,572665.0
10,460,Treino,505.0,82.0,0.0,108.0,107.02,0.0,0.1414213562373095,50.00000000000087,572665.0
10,465,Treino,500.0,96.0,14.0,108.0,105.86,-14.0,3.984715696718333,8.574144767270973,561095.0
10,470,Treino,495.0,96.0,14.0,108.0,104.44,-14.0,5.577505842988551,1.0141562588262598,546910.0
10,475,Treino,490.0,96.0,14.0,108.0,103.04,-14.0,6.464850014832961,-1.0065909224558376,532910.0
10,480,Treino,485.0,96.0,15.0,108.0,101.64,-15.0,6.962758074211685,-1.8043580699491817,518910.0
10,485,Treino,480.0,96.0,14.0,107.0,100.22,-14.0,7.132249265963491,-2.072246485639946,504695.0
10,490,Treino,475.0,96.0,14.0,107.0,98.78,-14.0,7.071904745872489,-1.96409687853325,490325.0
10,495,Treino,470.0,96.0,14.0,107.0,97.38,-14.0,6.6727897051367915,-1.4255017146877254,476325.0
10,500,Treino,465.0,96.0,14.0,107.0,95.98,-14.0,5.919493911075955,-0.07107912450746978,462325.0
10,505,Treino,460.0,97.0,15.0,107.0,94.56,-15.0,4.651793597470697,3.909703805387757,448140.0
10,510,Treino,455.0,97.0,15.0,107.0,93.12,-15.0,2.036804219499612,46.5709303418312,433770.0
10,515,Treino,450.0,96.0,0.0,93.0,92.86,0.0,0.3505098327538656,2.684314695695181,431155.0
10,520,Treino,445.0,96.0,0.0,93.0,92.88,0.0,0.3282607226593159,3.973746776273229,431340.0
10,525,Treino,440.0,96.0,0.0,93.0,92.86,0.0,0.3505098327538657,2.6843146956951855,431155.0
10,530,Treino,435.0,96.0,0.0,93.0,92.84,0.0,0.3703280399090207,1.7259530141844701,430970.0
10,535,Treino,430.0,96.0,-1.0,93.0,92.82,1.0,0.3880879344916037,0.9888715908434369,430785.0
10,540,Treino,425.0,96.0,0.0,93.0,92.86,0.0,0.35050983275386577,2.684314695695182,431155.0
10,545,Treino,420.0,96.0,0.0,93.0,92.86,0.0,0.3505098327538659,2.684314695695181,431155.0
10,550,Treino,415.0,114.0,18.0,93.0,91.76,-18.0,4.293136430182864,12.887428789622856,421898.0
10,555,Treino,410.0,114.0,18.0,93.0,89.98,-18.0,6.613190282631047,1.702153390348939,406963.0
10,560,Treino,405.0,114.0,18.0,93.0,88.22,-18.0,7.921270770037147,-0.762504378784592,392213.0
10,565,Treino,400.0,114.0,18.0,93.0,86.44,-18.0,8.671228522051106,-1.7077137122590567,377278.0
10,570,Treino,395.0,114.0,17.0,93.0,84.64,-17.0,8.991515274900859,-2.0539250328672343,362158.0
10,575,Treino,390.0,114.0,18.0,93.0,82.86,-18.0,8.96025236525063,-2.0166102945401105,347223.0
10,580,Treino,385.0,114.0,18.0,93.0,81.08,-18.0,8.55913403973813,-1.575140998194707,332288.0
10,585,Treino,380.0,114.0,18.0,93.0,79.3,-18.0,7.730802424227956,-0.43837031291635187,317353.0
10,590,Treino,375.0,114.0,18.0,93.0,77.5,-18.0,6.260501381760123,2.696726692920108,302233.0
10,595,Treino,370.0,114.0,17.0,93.0,75.7,-17.0,3.4655741344880586,22.422804979900057,287113.0
10,600,Treino,365.0,114.0,0.0,75.0,75.0,0.0,0.0,0.0,281250.0
10,605,Treino,360.0,114.0,0.0,75.0,75.0,0.0,0.0,0.0,281250.0
10,610,Treino,355.0,114.0,0.0,75.0,75.0,0.0,0.0,0.0,281250.0
10,615,Treino,350.0,114.0,0.0,75.0,75.0,0.0,0.0,0.0,281250.0
10,620,Treino,345.0,114.0,0.0,75.0,75.0,0.0,0.0,0.0,281250.0
10,625,Treino,340.0,114.0,0.0,75.0,75.0,0.0,0.0,0.0,281250.0
10,630,Treino,335.0,114.0,0.0,75.0,75.0,0.0,0.0,0.0,281250.0
10,635,Treino,330.0,132.0,18.0,75.0,73.2,-18.0,5.454823740581938,5.791962174940904,269370.0
10,640,Treino,325.0,132.0,18.0,75.0,71.4,-18.0,7.273098320775918,0.40724734042553745,257490.0
10,645,Treino,320.0,132.0,18.0,75.0,69.6,-18.0,8.332380897952962,-1.2411347517730524,245610.0
10,650,Treino,315.0,132.0,18.0,75.0,67.8,-18.0,8.907689867497083,-1.9004875886524824,233730.0
10,655,Treino,310.0,132.0,18.0,75.0,66.0,-18.0,9.091372900969896,-2.085106382978723,221850.0
10,660,Treino,305.0,132.0,18.0,75.0,64.2,-18.0,8.907689867497085,-1.900487588652483,209970.0
10,665,Treino,300.0,132.0,18.0,75.0,62.4,-18.0,8.332380897952957,-1.2411347517730478,198090.0
10,670,Treino,295.0,132.0,18.0,75.0,60.6,-18.0,7.273098320775919,0.40724734042553035,186210.0
10,675,Treino,290.0,132.0,18.0,75.0,58.8,-18.0,5.45482374058194,5.791962174940899,174330.0
10,680,Treino,285.0,132.0,0.0,57.0,57.0,0.0,0.0,0.0,162450.0
10,685,Treino,280.0,132.0,0.0,57.0,57.0,0.0,0.0,0.0,162450.0
10,690,Treino,275.0,132.0,0.0,57.0,57.0,0.0,0.0,0.0,162450.0
10,695,Treino,270.0,132.0,0.0,57.0,57.0,0.0,0.0,0.0,162450.0
10,700,Treino,265.0,132.0,0.0,57.0,57.0,0.0,0.0,0.0,162450.0
10,705,Treino,260.0,132.0,0.0,57.0,57.0,0.0,0.0,0.0,162450.0
10,710,Treino,255.0,132.0,0.0,57.0,57.0,0.0,0.0,0.0,162450.0
10,715,Treino,250.0,132.0,0.0,57.0,57.0,0.0,0.0,0.0,162450.0
10,720,Treino,245.0,150.0,18.0,57.0,55.2,-18.0,5.454823740581938,5.791962174940904,153810.0
10,725,Treino,240.0,150.0,18.0,57.0,53.4,-18.0,7.273098320775918,0.407247340425529,145170.0
10,730,Treino,235.0,150.0,18.0,57.0,51.6,-18.0,8.332380897952964,-1.2411347517730493,136530.0
10,735,Treino,230.0,150.0,18.0,57.0,49.8,-18.0,8.907689867497083,-1.9004875886524824,127890.0
10,740,Treino,225.0,150.0,18.0,57.0,48.0,-18.0,9.091372900969896,-2.085106382978723,119250.0
10,745,Treino,220.0,150.0,18.0,57.0,46.2,-18.0,8.907689867497085,-1.900487588652483,110610.0
10,750,Treino,215.0,150.0,18.0,57.0,44.4,-18.0,8.332380897952957,-1.2411347517730478,101970.0
10,755,Treino,210.0,150.0,18.0,57.0,42.6,-18.0,7.273098320775919,0.40724734042553035,93330.0
10,760,Treino,205.0,150.0,18.0,57.0,40.8,-18.0,5.45482374058194,5.791962174940899,84690.0
10,765,Treino,200.0,150.0,0.0,39.0,39.0,0.0,0.0,0.0,76050.0
10,770,Treino,195.0,150.0,0.0,39.0,39.0,0.0,0.0,0.0,76050.0
10,775,Treino,190.0,150.0,0.0,39.0,39.0,0.0,0.0,0.0,76050.0
10,780,Treino,185.0,150.0,0.0,39.0,39.0,0.0,0.0,0.0,76050.0
10,785,Treino,180.0,150.0,0.0,39.0,39.0,0.0,0.0,0.0,76050.0
10,790,Treino,175.0,150.0,0.0,39.0,39.0,0.0,0.0,0.0,76050.0
10,795,Treino,170.0,150.0,0.0,39.0,39.0,0.0,0.0,0.0,76050.0
10,800,Treino,165.0,150.0,0.0,39.0,39.0,0.0,0.0,0.0,76050.0
10,805,Treino,160.0,159.0,9.0,39.0,38.28,-9.0,2.4664276405608274,8.53448774283072,73566.0
10,810,Treino,155.0,159.0,9.0,39.0,37.38,-9.0,3.4927914104244326,0.9888715908435728,70461.0
10,815,Treino,150.0,159.0,9.0,39.0,36.48,-9.0,4.082016308499653,-1.0213504728132419,67356.0
10,820,Treino,145.0,159.0,9.0,39.0,35.58,-9.0,4.412829163302133,-1.8142903587038985,64251.0
10,825,Treino,140.0,159.0,9.0,39.0,34.68,-9.0,4.542048445540033,-2.078005660120022,61146.0
10,830,Treino,135.0,159.0,9.0,39.0,33.78,-9.0,4.487124437129611,-1.9686965028124241,58041.0
10,835,Treino,130.0,159.0,9.0,39.0,32.88,-9.0,4.24090864349245,-1.4253656914893627,54936.0
10,840,Treino,125.0,159.0,9.0,39.0,31.98,-9.0,3.7660676183683193,-0.06075484798889175,51831.0
10,845,Treino,120.0,159.0,9.0,39.0,31.08,-9.0,2.9543465039338455,3.973746776273379,48726.0
10,850,Treino,115.0,159.0,9.0,39.0,30.18,-9.0,1.272792206135784,50.00000000000003,45621.0
10,855,Treino,110.0,159.0,0.0,30.0,30.0,0.0,0.0,0.0,45000.0
10,860,Treino,105.0,159.0,0.0,30.0,30.0,0.0,0.0,0.0,45000.0
10,865,Treino,100.0,159.0,0.0,30.0,30.0,0.0,0.0,0.0,45000.0
10,870,Treino,95.0,159.0,0.0,30.0,30.0,0.0,0.0,0.0,45000.0
10,875,Treino,90.0,159.0,0.0,30.0,30.0,0.0,0.0,0.0,45000.0
10,880,Treino,85.0,159.0,0.0,30.0,30.0,0.0,0.0,0.0,45000.0
10,885,Treino,80.0,168.0,9.0,30.0,29.64,-9.0,1.7815379734994166,22.330729166666675,44082.0
10,890,Treino,75.0,168.0,9.0,30.0,28.74,-9.0,3.154588494784791,2.684314695695196,41787.0
10,895,Treino,70.0,168.0,9.0,30.0,27.84,-9.0,3.8827719952821003,-0.44297079134005246,39492.0
10,900,Treino,65.0,168.0,9.0,30.0,26.94,-9.0,4.306663086285658,-1.579626047711153,37197.0
10,905,Treino,60.0,168.0,9.0,30.0,26.04,-9.0,4.512838827801664,-2.0203699226305614,34902.0
10,910,Treino,55.0,168.0,9.0,30.0,25.14,-9.0,4.531116905152994,-2.0565662795080004,32607.0
10,915,Treino,50.0,168.0,9.0,30.0,24.24,-9.0,4.363858992465554,-1.7081763445626468,30312.0
10,920,Treino,45.0,169.0,10.0,30.0,23.3,-10.0,4.016547405574153,-0.763126558215113,27935.0
10,925,Treino,40.0,168.0,9.0,30.0,22.4,-9.0,3.356382892705923,1.6985319132177708,25640.0
10,930,Treino,35.0,168.0,9.0,30.0,21.46,-9.0,2.196565036411095,12.638904048825175,23263.0
10,935,Treino,30.0,169.0,1.0,21.0,20.88,-1.0,0.3282607226593159,3.973746776273342,21804.0
10,940,Treino,25.0,169.0,1.0,21.0,20.84,-1.0,0.37032803990902047,1.7259530141843946,21722.0
10,945,Treino,20.0,168.0,0.0,21.0,20.82,0.0,0.3880879344916036,0.9888715908435728,21681.0
10,950,Treino,15.0,169.0,1.0,21.0,20.76,-1.0,0.43141911058689986,-0.44297079134003114,21558.0
10,955,Treino,10.0,168.0,0.0,21.0,20.76,0.0,0.43141911058689986,-0.44297079134003114,21558.0
10,960,Treino,5.0,168.0,0.0,21.0,20.76,0.0,0.43141911058689986,-0.44297079134003114,21558.0
10,965,Treino,0.0,168.0,0.0,21.0,20.76,0.0,0.43141911058689986,-0.4429707913400316,21558.0
11,50,Treino,1538.0,11.0,11.0,188.0,177.28,-11.0,1.5654431464917404,47.537869484612756,1571530.0
11,55,Treino,1533.0,11.0,0.0,178.0,177.06,0.0,0.23989793748209542,13.124339821940385,1567515.0
11,60,Treino,1528.0,11.0,0.0,178.0,177.06,0.0,0.23989793748209545,13.124339821940385,1567515.0
11,65,Treino,1523.0,11.0,0.0,178.0,177.04,0.0,0.19794866372215744,22.3307291666675,1567160.0
11,70,Treino,1518.0,11.0,0.0,178.0,177.04,0.0,0.19794866372215744,22.3307291666675,1567160.0
11,75,Treino,1513.0,11.0,0.0,178.0,177.04,0.0,0.19794866372215744,22.3307291666675,1567160.0
11,80,Treino,1508.0,11.0,0.0,178.0,177.02,0.0,0.14142135623730948,49.99999999999781,1566805.0
11,85,Treino,1503.0,11.0,0.0,177.0,177.0,0.0,0.0,0.0,1566450.0
11,90,Treino,1498.0,11.0,0.0,177.0,177.0,0.0,0.0,0.0,1566450.0
11,95,Treino,1493.0,11.0,0.0,177.0,177.0,0.0,0.0,0.0,1566450.0
11,100,Treino,1488.0,11.0,0.0,177.0,177.0,0.0,0.0,0.0,1566450.0
11,105,Treino,1483.0,11.0,0.0,177.0,177.0,0.0,0.0,0.0,1566450.0
11,110,Treino,1478.0,11.0,0.0,177.0,177.0,0.0,0.0,0.0,1566450.0
11,115,Treino,1473.0,11.0,0.0,177.0,177.0,0.0,0.0,0.0,1566450.0
11,120,Treino,1468.0,11.0,0.0,177.0,177.0,0.0,0.0,0.0,1566450.0
11,125,Treino,1463.0,18.0,7.0,177.0,176.86,-7.0,0.9899494936611666,50.000000000000426,1564021.0
11,130,Treino,1458.0,18.0,7.0,177.0,176.16,-7.0,2.2978250586152114,3.973746776273356,1551876.0
11,135,Treino,1453.0,18.0,7.0,177.0,175.46,-7.0,2.9291637031753623,-0.06075484798887576,1539731.0
11,140,Treino,1448.0,18.0,7.0,177.0,174.76,-7.0,3.2984845004941277,-1.4253656914893709,1527586.0
11,145,Treino,1443.0,18.0,7.0,177.0,174.06,-7.0,3.48998567332303,-1.968696502812423,1515441.0
11,150,Treino,1438.0,18.0,7.0,177.0,173.36,-7.0,3.532704346531136,-2.078005660120023,1503296.0
11,155,Treino,1433.0,18.0,7.0,177.0,172.66,-7.0,3.432200460346105,-1.8142903587038963,1491151.0
11,160,Treino,1428.0,18.0,7.0,177.0,171.96,-7.0,3.1749015732775083,-1.021350472813249,1479006.0
11,165,Treino,1423.0,18.0,7.0,177.0,171.26,-7.0,2.716615541441221,0.9888715908435923,1466861.0
11,170,Treino,1418.0,18.0,7.0,177.0,170.56,-7.0,1.9183326093250892,8.534487742830704,1454716.0
11,175,Treino,1413.0,18.0,0.0,170.0,170.0,0.0,0.0,0.0,1445000.0
11,180,Treino,1408.0,18.0,0.0,170.0,170.0,0.0,0.0,0.0,1445000.0
11,185,Treino,1403.0,18.0,0.0,170.0,170.0,0.0,0.0,0.0,1445000.0
11,190,Treino,1398.0,18.0,0.0,170.0,170.0,0.0,0.0,0.0,1445000.0
11,195,Treino,1393.0,18.0,0.0,170.0,170.0,0.0,0.0,0.0,1445000.0
11,200,Treino,1388.0,18.0,0.0,170.0,170.0,0.0,0.0,0.0,1445000.0
11,205,Treino,1383.0,18.0,0.0,170.0,170.0,0.0,0.0,0.0,1445000.0
11,210,Treino,1378.0,18.0,0.0,170.0,170.0,0.0,0.0,0.0,1445000.0
11,215,Treino,1373.0,18.0,0.0,170.0,170.0,0.0,0.0,0.0,1445000.0
11,220,Treino,1368.0,18.0,0.0,170.0,170.0,0.0,0.0,0.0,1445000.0
11,225,Treino,1363.0,18.0,0.0,170.0,170.0,0.0,0.0,0.0,1445000.0
11,230,Treino,1358.0,18.0,0.0,170.0,170.0,0.0,0.0,0.0,1445000.0
11,235,Treino,1353.0,18.0,0.0,170.0,170.0,0.0,0.0,0.0,1445000.0
11,240,Treino,1348.0,18.0,0.0,170.0,170.0,0.0,0.0,0.0,1445000.0
11,245,Treino,1343.0,18.0,0.0,170.0,170.0,0.0,0.0,0.0,1445000.0
11,250,Treino,1338.0,27.0,9.0,170.0,169.28,-9.0,2.4664276405608274,8.53448774283072,1433084.0
11,255,Treino,1333.0,27.0,9.0,170.0,168.38,-9.0,3.492791410424432,0.9888715908435586,1418189.0
11,260,Treino,1328.0,27.0,9.0,170.0,167.48,-9.0,4.082016308499655,-1.0213504728132499,1403294.0
11,265,Treino,1323.0,27.0,9.0,170.0,166.58,-9.0,4.412829163302131,-1.8142903587038908,1388399.0
11,270,Treino,1318.0,27.0,9.0,170.0,165.68,-9.0,4.542048445540035,-2.0780056601200214,1373504.0
11,275,Treino,1313.0,27.0,9.0,170.0,164.78,-9.0,4.487124437129611,-1.9686965028124241,1358609.0
11,280,Treino,1308.0,27.0,9.0,170.0,163.88,-9.0,4.240908643492453,-1.4253656914893573,1343714.0
11,285,Treino,1303.0,27.0,9.0,170.0,162.98,-9.0,3.766067618368324,-0.06075484798887398,1328819.0
11,290,Treino,1298.0,27.0,9.0,170.0,162.08,-9.0,2.9543465039338406,3.973746776273331,1313924.0
11,295,Treino,1293.0,27.0,9.0,170.0,161.18,-9.0,1.2727922061357828,49.99999999999986,1299029.0
11,300,Treino,1288.0,27.0,0.0,161.0,161.0,0.0,0.0,0.0,1296050.0
11,305,Treino,1283.0,27.0,0.0,161.0,161.0,0.0,0.0,0.0,1296050.0
11,310,Treino,1278.0,27.0,0.0,161.0,161.0,0.0,0.0,0.0,1296050.0
11,315,Treino,1273.0,27.0,0.0,161.0,161.0,0.0,0.0,0.0,1296050.0
11,320,Treino,1268.0,27.0,0.0,161.0,161.0,0.0,0.0,0.0,1296050.0
11,325,Treino,1263.0,27.0,0.0,161.0,161.0,0.0,0.0,0.0,1296050.0
11,330,Treino,1258.0,27.0,0.0,161.0,161.0,0.0,0.0,0.0,1296050.0
11,335,Treino,1253.0,27.0,0.0,161.0,161.0,0.0,0.0,0.0,1296050.0
11,340,Treino,1248.0,27.0,0.0,161.0,161.0,0.0,0.0,0.0,1296050.0
11,345,Treino,1243.0,27.0,0.0,161.0,161.0,0.0,0.0,0.0,1296050.0
11,350,Treino,1238.0,27.0,0.0,161.0,161.0,0.0,0.0,0.0,1296050.0
11,355,Treino,1233.0,27.0,0.0,161.0,161.0,0.0,0.0,0.0,1296050.0
11,360,Treino,1228.0,27.0,0.0,161.0,161.0,0.0,0.0,0.0,1296050.0
11,365,Treino,1223.0,27.0,0.0,161.0,161.0,0.0,0.0,0.0,1296050.0
11,370,Treino,1218.0,27.0,0.0,161.0,161.0,0.0,0.0,0.0,1296050.0
11,375,Treino,1213.0,36.0,9.0,161.0,160.64,-9.0,1.7815379734994166,22.330729166666508,1290416.0
11,380,Treino,1208.0,36.0,9.0,161.0,159.74,-9.0,3.154588494784791,2.684314695695228,1276331.0
11,385,Treino,1203.0,36.0,9.0,161.0,158.84,-9.0,3.8827719952820994,-0.44297079134004713,1262246.0
11,390,Treino,1198.0,36.0,9.0,161.0,157.94,-9.0,4.306663086285659,-1.5796260477111561,1248161.0
11,395,Treino,1193.0,36.0,9.0,161.0,157.04,-9.0,4.512838827801663,-2.0203699226305627,1234076.0
11,400,Treino,1188.0,36.0,9.0,161.0,156.14,-9.0,4.531116905152993,-2.0565662795079978,1219991.0
11,405,Treino,1183.0,36.0,9.0,161.0,155.24,-9.0,4.363858992465548,-1.7081763445626534,1205906.0
11,410,Treino,1178.0,36.0,9.0,161.0,154.34,-9.0,3.9877874792410664,-0.7586145884018252,1191821.0
11,415,Treino,1173.0,36.0,9.0,161.0,153.44,-9.0,3.3329523591811836,1.7259530141844035,1177736.0
11,420,Treino,1168.0,36.0,9.0,161.0,152.54,-9.0,2.1590814373388563,13.124339821940609,1163651.0
11,425,Treino,1163.0,36.0,0.0,152.0,152.0,0.0,0.0,0.0,1155200.0
11,430,Treino,1158.0,36.0,0.0,152.0,152.0,0.0,0.0,0.0,1155200.0
11,435,Treino,1153.0,36.0,0.0,152.0,152.0,0.0,0.0,0.0,1155200.0
11,440,Treino,1148.0,41.0,5.0,152.0,151.9,-5.0,0.7071067811865476,50.00000000000024,1153705.0
11,445,Treino,1143.0,41.0,5.0,152.0,151.4,-5.0,1.6413036132965795,3.973746776273411,1146230.0
11,450,Treino,1138.0,41.0,5.0,152.0,150.9,-5.0,2.092259787982401,-0.06075484798887354,1138755.0
11,455,Treino,1133.0,40.0,4.0,152.0,150.42,-4.0,2.3307176787331376,-1.3962338735864193,1131575.0
11,460,Treino,1128.0,41.0,5.0,152.0,149.96,-5.0,2.432433903290601,-1.9221975637538862,1124690.0
11,465,Treino,1123.0,40.0,4.0,152.0,149.48,-4.0,2.459799228574959,-2.0465138113735075,1117510.0
11,470,Treino,1118.0,40.0,4.0,152.0,149.06,-4.0,2.3509442306252626,-1.80045685510214,1111215.0
11,475,Treino,1113.0,41.0,5.0,152.0,148.62,-5.0,2.17490323500441,-1.1229836811003318,1104627.0
11,480,Treino,1108.0,41.0,5.0,152.0,148.12,-5.0,1.8913336186783258,0.5732707893052407,1097152.0
11,485,Treino,1103.0,40.0,4.0,152.0,147.66,-4.0,1.379292927405863,5.914562530441657,1090267.0
11,490,Treino,1098.0,40.0,-1.0,149.0,147.3,1.0,0.5050762722761054,0.9774978723402903,1084877.0
11,495,Treino,1093.0,40.0,-1.0,149.0,147.36,1.0,0.5252793231671499,-0.019620193285559306,1085762.0
11,500,Treino,1088.0,41.0,0.0,149.0,147.38,0.0,0.5303060340934458,-0.25661881489446614,1086057.0
11,505,Treino,1083.0,41.0,0.0,149.0,147.4,0.0,0.5345224838248483,-0.45744680851067665,1086352.0
11,510,Treino,1078.0,41.0,0.0,149.0,147.4,0.0,0.5345224838248483,-0.4574468085106771,1086352.0
11,515,Treino,1073.0,41.0,1.0,149.0,147.42,-1.0,0.5379477252503642,-0.6268103196616437,1086647.0
11,520,Treino,1068.0,41.0,0.0,149.0,147.36,0.0,0.52527932316715,-0.019620193285558862,1085762.0
11,525,Treino,1063.0,55.0,14.0,148.0,147.02,-14.0,2.0750215145184123,44.89799577387173,1080955.0
11,530,Treino,1058.0,55.0,14.0,148.0,145.62,-14.0,4.728938268031963,3.854264118703062,1061355.0
11,535,Treino,1053.0,54.0,13.0,148.0,144.2,-13.0,5.976143046671969,-0.07340885106384132,1041432.0
11,540,Treino,1048.0,55.0,14.0,148.0,142.78,-14.0,6.7045217760029665,-1.4183800972746239,1021509.0
11,545,Treino,1043.0,55.0,15.0,148.0,141.32,-15.0,7.080989207961363,-1.958049578585954,1001024.0
11,550,Treino,1038.0,55.0,14.0,148.0,139.92,-14.0,7.165222129373612,-2.06406189196794,981396.0
11,555,Treino,1033.0,55.0,14.0,148.0,138.48,-14.0,6.955367916734737,-1.8000894359590724,961206.0
11,560,Treino,1028.0,55.0,14.0,148.0,137.04,-14.0,6.417323493196098,-1.0086047844315864,941016.0
11,565,Treino,1023.0,54.0,13.0,148.0,135.62,-13.0,5.4469238650670215,0.9852488586126773,921093.0
11,570,Treino,1018.0,55.0,14.0,147.0,134.2,-14.0,3.8225966172170396,8.416937852067244,901198.0
11,575,Treino,1013.0,55.0,0.0,134.0,133.1,0.0,0.3030457633656633,5.791962174941119,885785.0
11,580,Treino,1008.0,55.0,0.0,134.0,133.14,0.0,0.3505098327538656,2.684314695695564,886319.0
11,585,Treino,1003.0,60.0,5.0,134.0,132.72,-5.0,1.4433521074645816,7.446313978001637,880832.0
11,590,Treino,998.0,60.0,5.0,134.0,132.2,-5.0,2.0101781827814698,0.8586224918429544,874040.0
11,595,Treino,993.0,60.0,5.0,134.0,131.7,-5.0,2.3495548861997895,-1.0338047225477776,867515.0
11,600,Treino,988.0,60.0,5.0,134.0,131.18,-5.0,2.5289345986169014,-1.7873209974632942,860723.0
11,605,Treino,983.0,60.0,5.0,134.0,130.68,-5.0,2.6142466819880847,-2.026576608750865,854198.0
11,610,Treino,978.0,60.0,5.0,134.0,130.18,-5.0,2.60054939250481,-1.8906417364187964,847673.0
11,615,Treino,973.0,60.0,5.0,134.0,129.66,-5.0,2.4545667559028987,-1.3242827820280234,840881.0
11,620,Treino,968.0,60.0,5.0,134.0,129.16,-5.0,2.2164505546536537,0.11080698881838646,834356.0
11,625,Treino,963.0,60.0,5.0,134.0,128.64,-5.0,1.758478006106185,4.294493634529057,827564.0
11,630,Treino,958.0,60.0,5.0,133.0,128.1,-5.0,0.7071067811865469,50.00000000000024,820505.0
11,635,Treino,953.0,60.0,0.0,128.0,128.0,0.0,0.0,0.0,819200.0
11,640,Treino,948.0,60.0,0.0,128.0,128.0,0.0,0.0,0.0,819200.0
11,645,Treino,943.0,60.0,0.0,128.0,128.0,0.0,0.0,0.0,819200.0
11,650,Treino,938.0,60.0,0.0,128.0,128.0,0.0,0.0,0.0,819200.0
11,655,Treino,933.0,60.0,0.0,128.0,128.0,0.0,0.0,0.0,819200.0
11,660,Treino,928.0,60.0,0.0,128.0,128.0,0.0,0.0,0.0,819200.0
11,665,Treino,923.0,60.0,0.0,128.0,128.0,0.0,0.0,0.0,819200.0
11,670,Treino,918.0,68.0,8.0,128.0,127.52,-8.0,1.9191834998567616,13.12433982194051,813248.0
11,675,Treino,913.0,68.0,8.0,128.0,126.72,-8.0,2.9626243192721646,1.7259530141843946,803328.0
11,680,Treino,908.0,68.0,8.0,128.0,125.92,-8.0,3.544699981547616,-0.7586145884018207,793408.0
11,685,Treino,903.0,68.0,8.0,128.0,125.14,-8.0,3.8545493926538508,-1.6984186156248324,783729.0
11,690,Treino,898.0,68.0,8.0,128.0,124.34,-8.0,4.0082058686791875,-2.0511238642922285,773809.0
11,695,Treino,893.0,68.0,8.0,128.0,123.54,-8.0,3.995967354976865,-2.017887426736365,763889.0
11,700,Treino,888.0,68.0,8.0,128.0,122.74,-8.0,3.8162381305924535,-1.5803387278941763,753969.0
11,705,Treino,883.0,68.0,8.0,128.0,121.94,-8.0,3.442886781140952,-0.44968186249755915,744049.0
11,710,Treino,878.0,68.0,8.0,128.0,121.14,-8.0,2.7994897494262867,2.655980389780117,734129.0
11,715,Treino,873.0,68.0,8.0,128.0,120.34,-8.0,1.5857786344729894,21.927861907926896,724209.0
11,720,Treino,868.0,68.0,0.0,121.0,120.02,0.0,0.14142135623730953,50.00000000000087,720241.0
11,725,Treino,863.0,68.0,0.0,121.0,120.02,0.0,0.14142135623730953,50.00000000000087,720241.0
11,730,Treino,858.0,68.0,0.0,121.0,120.02,0.0,0.14142135623730953,50.00000000000087,720241.0
11,735,Treino,853.0,68.0,0.0,120.0,120.0,0.0,0.0,0.0,720000.0
11,740,Treino,848.0,68.0,0.0,120.0,120.0,0.0,0.0,0.0,720000.0
11,745,Treino,843.0,75.0,7.0,120.0,119.3,-7.0,2.121320343559643,5.791962174940883,711845.0
11,750,Treino,838.0,75.0,7.0,120.0,118.6,-7.0,2.8284271247461903,0.40724734042551836,703690.0
11,755,Treino,833.0,75.0,7.0,120.0,117.9,-7.0,3.24037034920393,-1.241134751773043,695535.0
11,760,Treino,828.0,75.0,7.0,120.0,117.2,-7.0,3.4641016151377544,-1.9004875886524806,687380.0
11,765,Treino,823.0,75.0,7.0,120.0,116.5,-7.0,3.5355339059327378,-2.085106382978723,679225.0
11,770,Treino,818.0,75.0,7.0,120.0,115.8,-7.0,3.4641016151377557,-1.9004875886524808,671070.0
11,775,Treino,813.0,75.0,7.0,120.0,115.1,-7.0,3.240370349203929,-1.2411347517730429,662915.0
11,780,Treino,808.0,75.0,7.0,120.0,114.4,-7.0,2.828427124746193,0.407247340425517,654760.0
11,785,Treino,803.0,75.0,7.0,120.0,113.7,-7.0,2.1213203435596437,5.7919621749408865,646605.0
11,790,Treino,798.0,75.0,0.0,113.0,113.0,0.0,0.0,0.0,638450.0
11,795,Treino,793.0,75.0,0.0,113.0,113.0,0.0,0.0,0.0,638450.0
11,800,Treino,788.0,75.0,0.0,113.0,113.0,0.0,0.0,0.0,638450.0
11,805,Treino,783.0,75.0,0.0,113.0,113.0,0.0,0.0,0.0,638450.0
11,810,Treino,778.0,75.0,0.0,113.0,113.0,0.0,0.0,0.0,638450.0
11,815,Treino,773.0,75.0,0.0,113.0,113.0,0.0,0.0,0.0,638450.0
11,820,Treino,768.0,85.0,10.0,113.0,112.8,-10.0,1.4142135623730951,49.99999999999994,636290.0
11,825,Treino,763.0,84.0,9.0,113.0,111.9,-9.0,3.0118812346154304,4.043265533339598,626525.0
11,830,Treino,758.0,84.0,9.0,113.0,111.0,-9.0,3.806546455564065,-0.036244286214741184,616760.0
11,835,Treino,753.0,84.0,9.0,113.0,110.1,-9.0,4.272598979639479,-1.4128286506970145,606995.0
11,840,Treino,748.0,84.0,9.0,113.0,109.2,-9.0,4.513019713980378,-1.9612298938045785,597230.0
11,845,Treino,743.0,84.0,9.0,113.0,108.3,-9.0,4.563609384275226,-2.0734657330963744,587465.0
11,850,Treino,738.0,84.0,9.0,113.0,107.4,-9.0,4.430874976934522,-1.812172422906932,577700.0
11,855,Treino,733.0,84.0,9.0,113.0,106.5,-9.0,4.0970372570571385,-1.0225961492154916,567935.0
11,860,Treino,728.0,84.0,9.0,113.0,105.6,-9.0,3.5050983275386534,0.9787492951912009,558170.0
11,865,Treino,723.0,84.0,9.0,113.0,104.7,-9.0,2.476419403337103,8.462350808741048,548405.0
11,870,Treino,718.0,84.0,0.0,104.0,104.0,0.0,0.0,0.0,540800.0
11,875,Treino,713.0,84.0,0.0,104.0,104.0,0.0,0.0,0.0,540800.0
11,880,Treino,708.0,93.0,9.0,104.0,103.82,-9.0,1.2727922061357855,49.99999999999983,539009.0
11,885,Treino,703.0,93.0,9.0,104.0,102.92,-9.0,2.9543465039338432,3.97374677627338,530054.0
11,890,Treino,698.0,93.0,9.0,104.0,102.02,-9.0,3.766067618368323,-0.06075484798889752,521099.0
11,895,Treino,693.0,93.0,9.0,104.0,101.12,-9.0,4.2409086434924514,-1.425365691489358,512144.0
11,900,Treino,688.0,93.0,9.0,104.0,100.22,-9.0,4.487124437129608,-1.9686965028124235,503189.0
11,905,Treino,683.0,93.0,9.0,104.0,99.32,-9.0,4.542048445540035,-2.078005660120021,494234.0
11,910,Treino,678.0,93.0,9.0,104.0,98.42,-9.0,4.412829163302134,-1.8142903587038983,485279.0
11,915,Treino,673.0,93.0,9.0,104.0,97.52,-9.0,4.082016308499659,-1.0213504728132343,476324.0
11,920,Treino,668.0,93.0,9.0,104.0,96.62,-9.0,3.492791410424435,0.9888715908435595,467369.0
11,925,Treino,663.0,93.0,9.0,104.0,95.72,-9.0,2.4664276405608248,8.534487742830722,458414.0
11,930,Treino,658.0,93.0,0.0,95.0,95.0,0.0,0.0,0.0,451250.0
11,935,Treino,653.0,93.0,0.0,95.0,95.0,0.0,0.0,0.0,451250.0
11,940,Treino,648.0,93.0,0.0,95.0,95.0,0.0,0.0,0.0,451250.0
11,945,Treino,643.0,93.0,0.0,95.0,95.0,0.0,0.0,0.0,451250.0
11,950,Treino,638.0,93.0,0.0,95.0,95.0,0.0,0.0,0.0,451250.0
11,955,Treino,633.0,93.0,0.0,95.0,95.0,0.0,0.0,0.0,451250.0
11,960,Treino,628.0,108.0,15.0,95.0,94.4,-15.0,2.9692299558323607,22.330729166666707,446000.0
11,965,Treino,623.0,108.0,15.0,95.0,92.9,-15.0,5.257647491307984,2.6843146956952113,432875.0
11,970,Treino,618.0,108.0,15.0,95.0,91.4,-15.0,6.471286658803499,-0.44297079134004713,419750.0
11,975,Treino,613.0,108.0,15.0,95.0,89.9,-15.0,7.1777718104761,-1.5796260477111514,406625.0
11,980,Treino,608.0,108.0,15.0,95.0,88.4,-15.0,7.521398046336104,-2.02036992263056,393500.0
11,985,Treino,603.0,108.0,15.0,95.0,86.9,-15.0,7.5518615085883285,-2.0565662795080004,380375.0
11,990,Treino,598.0,108.0,15.0,95.0,85.4,-15.0,7.273098320775912,-1.7081763445626497,367250.0
11,995,Treino,593.0,108.0,15.0,95.0,83.9,-15.0,6.64631246540178,-0.7586145884018265,354125.0
11,1000,Treino,588.0,108.0,15.0,95.0,82.4,-15.0,5.554920598635306,1.7259530141843893,341000.0
11,1005,Treino,583.0,108.0,15.0,95.0,80.9,-15.0,3.598469062231435,13.12433982194052,327875.0
11,1010,Treino,578.0,108.0,0.0,80.0,80.0,0.0,0.0,0.0,320000.0
11,1015,Treino,573.0,108.0,0.0,80.0,80.0,0.0,0.0,0.0,320000.0
11,1020,Treino,568.0,108.0,0.0,80.0,80.0,0.0,0.0,0.0,320000.0
11,1025,Treino,563.0,117.0,9.0,80.0,79.64,-9.0,1.7815379734994166,22.330729166666675,317282.0
11,1030,Treino,558.0,117.0,9.0,80.0,78.74,-9.0,3.154588494784791,2.6843146956951847,310487.0
11,1035,Treino,553.0,117.0,9.0,80.0,77.84,-9.0,3.8827719952820994,-0.44297079134004713,303692.0
11,1040,Treino,548.0,117.0,9.0,80.0,76.94,-9.0,4.306663086285659,-1.5796260477111561,296897.0
11,1045,Treino,543.0,117.0,9.0,80.0,76.04,-9.0,4.512838827801661,-2.020369922630559,290102.0
11,1050,Treino,538.0,117.0,9.0,80.0,75.14,-9.0,4.531116905152994,-2.0565662795080004,283307.0
11,1055,Treino,533.0,117.0,9.0,80.0,74.24,-9.0,4.363858992465547,-1.7081763445626434,276512.0
11,1060,Treino,528.0,117.0,9.0,80.0,73.34,-9.0,3.9877874792410664,-0.7586145884018252,269717.0
11,1065,Treino,523.0,117.0,9.0,80.0,72.44,-9.0,3.3329523591811836,1.7259530141844035,262922.0
11,1070,Treino,518.0,117.0,9.0,80.0,71.54,-9.0,2.1590814373388594,13.124339821940499,256127.0
11,1075,Treino,513.0,117.0,0.0,71.0,71.0,0.0,0.0,0.0,252050.0
11,1080,Treino,508.0,117.0,0.0,71.0,71.0,0.0,0.0,0.0,252050.0
11,1085,Treino,503.0,117.0,0.0,71.0,71.0,0.0,0.0,0.0,252050.0
11,1090,Treino,498.0,117.0,0.0,71.0,71.0,0.0,0.0,0.0,252050.0
11,1095,Treino,493.0,117.0,0.0,71.0,71.0,0.0,0.0,0.0,252050.0
11,1100,Treino,488.0,117.0,0.0,71.0,71.0,0.0,0.0,0.0,252050.0
11,1105,Treino,483.0,126.0,9.0,71.0,70.28,-9.0,2.4664276405608274,8.53448774283072,247262.0
11,1110,Treino,478.0,126.0,9.0,71.0,69.38,-9.0,3.492791410424432,0.9888715908435586,241277.0
11,1115,Treino,473.0,126.0,9.0,71.0,68.48,-9.0,4.082016308499653,-1.0213504728132343,235292.0
11,1120,Treino,468.0,126.0,9.0,71.0,67.58,-9.0,4.412829163302133,-1.8142903587038985,229307.0
11,1125,Treino,463.0,126.0,9.0,71.0,66.68,-9.0,4.542048445540035,-2.0780056601200214,223322.0
11,1130,Treino,458.0,126.0,9.0,71.0,65.78,-9.0,4.487124437129611,-1.9686965028124241,217337.0
11,1135,Treino,453.0,126.0,9.0,71.0,64.88,-9.0,4.240908643492453,-1.4253656914893573,211352.0
11,1140,Treino,448.0,126.0,9.0,71.0,63.98,-9.0,3.766067618368321,-0.06075484798888375,205367.0
11,1145,Treino,443.0,126.0,9.0,71.0,63.08,-9.0,2.9543465039338455,3.973746776273379,199382.0
11,1150,Treino,438.0,126.0,9.0,71.0,62.18,-9.0,1.272792206135784,50.00000000000003,193397.0
11,1155,Treino,433.0,126.0,0.0,62.0,62.0,0.0,0.0,0.0,192200.0
11,1160,Treino,428.0,126.0,0.0,62.0,62.0,0.0,0.0,0.0,192200.0
11,1165,Treino,423.0,126.0,0.0,62.0,62.0,0.0,0.0,0.0,192200.0
11,1170,Treino,418.0,126.0,0.0,62.0,62.0,0.0,0.0,0.0,192200.0
11,1175,Treino,413.0,126.0,0.0,62.0,62.0,0.0,0.0,0.0,192200.0
11,1180,Treino,408.0,126.0,0.0,62.0,62.0,0.0,0.0,0.0,192200.0
11,1185,Treino,403.0,126.0,0.0,62.0,62.0,0.0,0.0,0.0,192200.0
11,1190,Treino,398.0,126.0,0.0,62.0,62.0,0.0,0.0,0.0,192200.0
11,1195,Treino,393.0,139.0,13.0,62.0,61.48,-13.0,2.573332628388046,22.33072916666664,189314.0
11,1200,Treino,388.0,138.0,12.0,62.0,60.2,-12.0,4.508495382302715,2.7078269177710643,182198.0
11,1205,Treino,383.0,139.0,13.0,62.0,58.92,-13.0,5.539616136410132,-0.42679929162068575,175082.0
11,1210,Treino,378.0,139.0,13.0,62.0,57.62,-13.0,6.167359769837678,-1.5711876633528783,167867.0
11,1215,Treino,373.0,139.0,13.0,62.0,56.32,-13.0,6.475826320293977,-2.01551218226267,160652.0
11,1220,Treino,368.0,139.0,13.0,62.0,55.02,-13.0,6.510556576727949,-2.054010917820697,153437.0
11,1225,Treino,363.0,139.0,13.0,62.0,53.72,-13.0,6.2760965380642455,-1.7078626341026912,146222.0
11,1230,Treino,358.0,139.0,13.0,62.0,52.42,-13.0,5.739551287303899,-0.762032380126922,139007.0
11,1235,Treino,353.0,139.0,13.0,62.0,51.12,-13.0,4.800680223910455,1.7109567017177403,131792.0
11,1240,Treino,348.0,139.0,13.0,62.0,49.82,-13.0,3.1147443961039896,12.993927900335958,124577.0
11,1245,Treino,343.0,139.0,0.0,50.0,49.04,0.0,0.19794866372215716,22.33072916666676,120248.0
11,1250,Treino,338.0,138.0,-1.0,50.0,49.06,1.0,0.2398979374820952,13.124339821940389,120347.0
11,1255,Treino,333.0,138.0,-1.0,50.0,49.14,1.0,0.35050983275386566,2.6843146956951838,120743.0
11,1260,Treino,328.0,138.0,-1.0,50.0,49.22,1.0,0.41845195759648024,-0.06075484798887398,121139.0
11,1265,Treino,323.0,139.0,0.0,50.0,49.24,0.0,0.4314191105868999,-0.4429707913400778,121238.0
11,1270,Treino,318.0,139.0,0.0,50.0,49.24,0.0,0.4314191105868999,-0.4429707913400778,121238.0
11,1275,Treino,313.0,145.0,6.0,50.0,49.0,-6.0,1.3093073414159542,17.24711879432624,120134.0
11,1280,Treino,308.0,145.0,6.0,50.0,48.4,-6.0,2.240626734479732,2.3303689335544053,117374.0
11,1285,Treino,303.0,145.0,6.0,50.0,47.8,-6.0,2.75532878885513,-0.5092187972782538,114614.0
11,1290,Treino,298.0,145.0,6.0,50.0,47.2,-6.0,3.0705978943149543,-1.5715740577926238,111854.0
11,1295,Treino,293.0,145.0,6.0,50.0,46.6,-6.0,3.2450904833144434,-1.9801662246029093,109094.0
11,1300,Treino,288.0,145.0,7.0,50.0,45.96,-7.0,3.2573934740675634,-1.9948361739367866,106136.0
11,1305,Treino,283.0,145.0,7.0,50.0,45.26,-7.0,3.056007799968676,-1.631810806875598,102881.0
11,1310,Treino,278.0,145.0,6.0,50.0,44.58,-6.0,2.6961045216824835,-0.7158678528842,99725.0
11,1315,Treino,273.0,145.0,6.0,49.0,43.96,-6.0,2.221968239454126,1.7259530141843937,96866.0
11,1320,Treino,268.0,145.0,6.0,49.0,43.36,-6.0,1.43938762489257,13.124339821940566,94106.0
11,1325,Treino,263.0,145.0,0.0,43.0,43.0,0.0,0.0,0.0,92450.0
11,1330,Treino,258.0,145.0,0.0,43.0,43.0,0.0,0.0,0.0,92450.0
11,1335,Treino,253.0,145.0,0.0,43.0,43.0,0.0,0.0,0.0,92450.0
11,1340,Treino,248.0,145.0,0.0,43.0,43.0,0.0,0.0,0.0,92450.0
11,1345,Treino,243.0,145.0,0.0,43.0,43.0,0.0,0.0,0.0,92450.0
11,1350,Treino,238.0,145.0,0.0,43.0,43.0,0.0,0.0,0.0,92450.0
11,1355,Treino,233.0,156.0,11.0,43.0,42.34,-11.0,2.6388773123030473,13.124339821940566,89975.0
11,1360,Treino,228.0,156.0,11.0,43.0,41.24,-11.0,4.073608438999227,1.7259530141844017,85850.0
11,1365,Treino,223.0,156.0,11.0,43.0,40.14,-11.0,4.873962474627972,-0.7586145884018229,81725.0
11,1370,Treino,218.0,156.0,11.0,43.0,39.04,-11.0,5.333605435235673,-1.7081763445626479,77600.0
11,1375,Treino,213.0,156.0,11.0,43.0,37.94,-11.0,5.538031772964773,-2.056566279508001,73475.0
11,1380,Treino,208.0,156.0,11.0,43.0,36.84,-11.0,5.515691900646477,-2.020369922630562,69350.0
11,1385,Treino,203.0,156.0,11.0,43.0,35.74,-11.0,5.263699327682468,-1.5796260477111554,65225.0
11,1390,Treino,198.0,156.0,11.0,43.0,34.64,-11.0,4.745610216455898,-0.44297079134005246,61100.0
11,1395,Treino,193.0,156.0,11.0,43.0,33.54,-11.0,3.8556081602925163,2.6843146956952015,56975.0
11,1400,Treino,188.0,156.0,11.0,43.0,32.44,-11.0,2.1774353009437326,22.33072916666667,52850.0
11,1405,Treino,183.0,156.0,0.0,32.0,32.0,0.0,0.0,0.0,51200.0
11,1410,Treino,178.0,156.0,0.0,32.0,32.0,0.0,0.0,0.0,51200.0
11,1415,Treino,173.0,156.0,0.0,32.0,32.0,0.0,0.0,0.0,51200.0
11,1420,Treino,168.0,167.0,11.0,32.0,31.34,-11.0,2.6388773123030473,13.124339821940552,49451.0
11,1425,Treino,163.0,167.0,11.0,32.0,30.24,-11.0,4.073608438999227,1.7259530141843937,46536.0
11,1430,Treino,158.0,167.0,11.0,32.0,29.12,-11.0,4.909964877882612,-0.746602025041561,43580.0
11,1435,Treino,153.0,168.0,12.0,32.0,28.0,-12.0,5.390846361175202,-1.6960399293757236,40624.0
11,1440,Treino,148.0,168.0,12.0,32.0,26.82,-12.0,5.67734488101253,-2.039905013473502,37545.0
11,1445,Treino,143.0,167.0,11.0,32.0,25.68,-11.0,5.66925111132549,-2.008847980303778,34548.0
11,1450,Treino,138.0,168.0,12.0,32.0,24.52,-12.0,5.4369859597511025,-1.5776136659770543,31510.0
11,1455,Treino,133.0,167.0,11.0,32.0,23.38,-11.0,4.911003887564483,-0.4662726696939714,28513.0
11,1460,Treino,128.0,167.0,11.0,32.0,22.28,-11.0,3.9848693420825496,2.562944291517808,25598.0
11,1465,Treino,123.0,167.0,11.0,32.0,21.18,-11.0,2.273987776608147,20.476799142912167,22683.0
11,1470,Treino,118.0,167.0,0.0,21.0,20.74,0.0,0.4430874976934519,-0.7586145884018398,21517.0
11,1475,Treino,113.0,168.0,1.0,21.0,20.68,-1.0,0.47121207149916094,-1.4253656914893642,21394.0
11,1480,Treino,108.0,168.0,1.0,21.0,20.64,-1.0,0.4848732213850614,-1.7081763445626443,21312.0
11,1485,Treino,103.0,167.0,-1.0,21.0,20.58,1.0,0.49856938190328964,-1.9686965028124284,21189.0
11,1490,Treino,98.0,167.0,0.0,21.0,20.66,0.0,0.4785181206984065,-1.5796260477111537,21353.0
11,1495,Treino,93.0,167.0,-1.0,21.0,20.7,1.0,0.46291004988627565,-1.2411347517730553,21435.0
11,1500,Treino,88.0,179.0,12.0,21.0,20.52,-12.0,1.7171404801504824,43.544271942088685,21198.0
11,1505,Treino,83.0,178.0,11.0,21.0,19.46,-11.0,3.6152172712531887,3.8572560022959994,19575.0
11,1510,Treino,78.0,178.0,11.0,21.0,18.36,-11.0,4.552460648834174,-0.07778092496653022,17870.0
11,1515,Treino,73.0,178.0,11.0,21.0,17.26,-11.0,5.090246776424299,-1.4203493550886521,16165.0
11,1520,Treino,68.0,179.0,12.0,21.0,16.14,-12.0,5.375720170073845,-1.9492236608198261,14441.0
11,1525,Treino,63.0,179.0,12.0,21.0,15.0,-12.0,5.558593273812491,-2.048618776909761,12764.0
11,1530,Treino,58.0,179.0,11.0,21.0,13.86,-11.0,5.499573267304379,-1.7912365437606823,11087.0
11,1535,Treino,53.0,179.0,12.0,21.0,12.74,-12.0,5.220876460941028,-1.0329114463125828,9451.0
11,1540,Treino,48.0,179.0,12.0,21.0,11.54,-12.0,4.500385471018575,0.9180268336859676,7651.0
11,1545,Treino,43.0,179.0,12.0,21.0,10.34,-12.0,3.211014208143268,8.034042385991075,5851.0
11,1550,Treino,38.0,179.0,1.0,10.0,9.38,-1.0,0.49031435147801494,-1.8142903587039014,4411.0
11,1555,Treino,33.0,179.0,1.0,10.0,9.28,-1.0,0.45355736761107296,-1.0213504728132325,4316.0
11,1560,Treino,28.0,179.0,1.0,10.0,9.18,-1.0,0.38808793449160367,0.9888715908435755,4221.0
11,1565,Treino,23.0,179.0,1.0,10.0,9.08,-1.0,0.27404751561786994,8.534487742830713,4126.0
11,1570,Treino,18.0,179.0,0.0,9.0,9.0,0.0,0.0,0.0,4050.0
11,1575,Treino,13.0,179.0,0.0,9.0,9.0,0.0,0.0,0.0,4050.0
11,1580,Treino,8.0,179.0,0.0,9.0,9.0,0.0,0.0,0.0,4050.0
11,1585,Treino,3.0,178.0,-1.0,10.0,9.02,1.0,0.1414213562373095,50.0000000000001,4069.0
12,50,Validação,1483.0,9.0,3.0,182.0,179.06,-3.0,0.4242640687119288,49.999999999999844,1603133.0
12,55,Validação,1478.0,9.0,0.0,179.0,179.0,0.0,0.0,0.0,1602050.0
12,60,Validação,1473.0,9.0,0.0,179.0,179.0,0.0,0.0,0.0,1602050.0
12,65,Validação,1468.0,9.0,0.0,179.0,179.0,0.0,0.0,0.0,1602050.0
12,70,Validação,1463.0,9.0,0.0,179.0,179.0,0.0,0.0,0.0,1602050.0
12,75,Validação,1458.0,9.0,0.0,179.0,179.0,0.0,0.0,0.0,1602050.0
12,80,Validação,1453.0,18.0,9.0,179.0,178.82,-9.0,1.2727922061357855,49.99999999999983,1598909.0
12,85,Validação,1448.0,18.0,9.0,179.0,177.92,-9.0,2.954346503933843,3.9737467762733276,1583204.0
12,90,Validação,1443.0,18.0,9.0,179.0,177.02,-9.0,3.7660676183683224,-0.06075484798887176,1567499.0
12,95,Validação,1438.0,18.0,9.0,179.0,176.12,-9.0,4.2409086434924514,-1.425365691489358,1551794.0
12,100,Validação,1433.0,18.0,9.0,179.0,175.22,-9.0,4.487124437129608,-1.9686965028124235,1536089.0
12,105,Validação,1428.0,18.0,9.0,179.0,174.32,-9.0,4.542048445540035,-2.078005660120021,1520384.0
12,110,Validação,1423.0,18.0,9.0,179.0,173.42,-9.0,4.412829163302133,-1.8142903587038912,1504679.0
12,115,Validação,1418.0,18.0,9.0,179.0,172.52,-9.0,4.082016308499652,-1.0213504728132494,1488974.0
12,120,Validação,1413.0,18.0,9.0,179.0,171.62,-9.0,3.492791410424435,0.9888715908435595,1473269.0
12,125,Validação,1408.0,18.0,9.0,179.0,170.72,-9.0,2.4664276405608248,8.534487742830722,1457564.0
12,130,Validação,1403.0,18.0,0.0,170.0,170.0,0.0,0.0,0.0,1445000.0
12,135,Validação,1398.0,18.0,0.0,170.0,170.0,0.0,0.0,0.0,1445000.0
12,140,Validação,1393.0,18.0,0.0,170.0,170.0,0.0,0.0,0.0,1445000.0
12,145,Validação,1388.0,18.0,0.0,170.0,170.0,0.0,0.0,0.0,1445000.0
12,150,Validação,1383.0,30.0,12.0,170.0,169.76,-12.0,1.697056274847714,49.999999999999844,1441064.0
12,155,Validação,1378.0,30.0,12.0,170.0,168.56,-12.0,3.939128671911791,3.97374677627338,1421384.0
12,160,Validação,1373.0,30.0,12.0,170.0,167.36,-12.0,5.021423491157763,-0.06075484798887398,1401704.0
12,165,Validação,1368.0,30.0,12.0,170.0,166.16,-12.0,5.654544857989933,-1.4253656914893633,1382024.0
12,170,Validação,1363.0,30.0,12.0,170.0,164.96,-12.0,5.982832582839479,-1.9686965028124213,1362344.0
12,175,Validação,1358.0,30.0,12.0,170.0,163.76,-12.0,6.0560645940533835,-2.0780056601200214,1342664.0
12,180,Validação,1353.0,30.0,12.0,170.0,162.56,-12.0,5.883772217736173,-1.814290358703898,1322984.0
12,185,Validação,1348.0,30.0,12.0,170.0,161.36,-12.0,5.4426884113328695,-1.0213504728132499,1303304.0
12,190,Validação,1343.0,30.0,12.0,170.0,160.16,-12.0,4.657055213899248,0.9888715908435728,1283624.0
12,195,Validação,1338.0,30.0,12.0,170.0,158.96,-12.0,3.2885701874144355,8.53448774283068,1263944.0
12,200,Validação,1333.0,30.0,0.0,158.0,158.0,0.0,0.0,0.0,1248200.0
12,205,Validação,1328.0,30.0,0.0,158.0,158.0,0.0,0.0,0.0,1248200.0
12,210,Validação,1323.0,39.0,9.0,158.0,157.28,-9.0,2.4664276405608274,8.53448774283072,1237148.0
12,215,Validação,1318.0,39.0,9.0,158.0,156.38,-9.0,3.492791410424432,0.9888715908435586,1223333.0
12,220,Validação,1313.0,39.0,9.0,158.0,155.48,-9.0,4.082016308499655,-1.0213504728132499,1209518.0
12,225,Validação,1308.0,39.0,9.0,158.0,154.58,-9.0,4.412829163302131,-1.8142903587038908,1195703.0
12,230,Validação,1303.0,39.0,9.0,158.0,153.68,-9.0,4.542048445540035,-2.0780056601200214,1181888.0
12,235,Validação,1298.0,39.0,9.0,158.0,152.78,-9.0,4.487124437129611,-1.9686965028124241,1168073.0
12,240,Validação,1293.0,39.0,9.0,158.0,151.88,-9.0,4.240908643492453,-1.4253656914893573,1154258.0
12,245,Validação,1288.0,39.0,9.0,158.0,150.98,-9.0,3.766067618368324,-0.06075484798887398,1140443.0
12,250,Validação,1283.0,39.0,9.0,158.0,150.08,-9.0,2.9543465039338406,3.973746776273331,1126628.0
12,255,Validação,1278.0,39.0,9.0,158.0,149.18,-9.0,1.2727922061357828,49.99999999999986,1112813.0
12,260,Validação,1273.0,39.0,0.0,149.0,149.0,0.0,0.0,0.0,1110050.0
12,265,Validação,1268.0,39.0,0.0,149.0,149.0,0.0,0.0,0.0,1110050.0
12,270,Validação,1263.0,39.0,0.0,149.0,149.0,0.0,0.0,0.0,1110050.0
12,275,Validação,1258.0,39.0,0.0,149.0,149.0,0.0,0.0,0.0,1110050.0
12,280,Validação,1253.0,45.0,6.0,149.0,148.4,-6.0,1.818274580193979,5.79196217494094,1101290.0
12,285,Validação,1248.0,45.0,6.0,149.0,147.8,-6.0,2.4243661069253055,0.40724734042556276,1092530.0
12,290,Validação,1243.0,45.0,6.0,149.0,147.2,-6.0,2.7774602993176547,-1.2411347517730658,1083770.0
12,295,Validação,1238.0,45.0,6.0,149.0,146.6,-6.0,2.969229955832362,-1.9004875886524863,1075010.0
12,300,Validação,1233.0,45.0,6.0,149.0,146.0,-6.0,3.0304576336566322,-2.085106382978723,1066250.0
12,305,Validação,1228.0,45.0,6.0,149.0,145.4,-6.0,2.969229955832363,-1.900487588652486,1057490.0
12,310,Validação,1223.0,45.0,6.0,149.0,144.8,-6.0,2.7774602993176574,-1.2411347517730655,1048730.0
12,315,Validação,1218.0,45.0,6.0,149.0,144.2,-6.0,2.4243661069253077,0.40724734042556365,1039970.0
12,320,Validação,1213.0,45.0,6.0,149.0,143.6,-6.0,1.8182745801939773,5.791962174940942,1031210.0
12,325,Validação,1208.0,45.0,0.0,143.0,143.0,0.0,0.0,0.0,1022450.0
12,330,Validação,1203.0,45.0,0.0,143.0,143.0,0.0,0.0,0.0,1022450.0
12,335,Validação,1198.0,53.0,8.0,143.0,142.84,-8.0,1.131370849898476,50.0000000000001,1020226.0
12,340,Validação,1193.0,53.0,8.0,143.0,142.06,-8.0,2.574680483445807,4.053956978685163,1009377.0
12,345,Validação,1188.0,52.0,7.0,143.0,141.34,-7.0,3.1662119258166648,0.033485933673925494,999341.0
12,350,Validação,1183.0,52.0,7.0,143.0,140.64,-7.0,3.486182638324489,-1.3560692132522951,989576.0
12,355,Validação,1178.0,53.0,8.0,143.0,139.86,-8.0,3.7417119294869954,-1.9171095176255222,978727.0
12,360,Validação,1173.0,53.0,8.0,143.0,139.1,-8.0,3.8025233297731904,-2.042419569624636,968149.0
12,365,Validação,1168.0,53.0,8.0,143.0,138.36,-8.0,3.690915488446887,-1.7987899645957175,957842.0
12,370,Validação,1163.0,53.0,8.0,143.0,137.6,-8.0,3.42857142857143,-1.0485487773345081,947264.0
12,375,Validação,1158.0,52.0,7.0,143.0,136.88,-7.0,2.932158082438289,0.8254354576058907,937228.0
12,380,Validação,1153.0,53.0,8.0,143.0,136.16,-8.0,2.0933324667444797,7.368786152181077,927192.0
12,385,Validação,1148.0,52.0,-1.0,136.0,135.62,1.0,0.490314351478015,-1.8142903587038774,919651.0
12,390,Validação,1143.0,52.0,0.0,136.0,135.7,0.0,0.4629100498862758,-1.241134751773146,920735.0
12,395,Validação,1138.0,56.0,4.0,136.0,135.58,-4.0,0.7024737630368143,12.644001535568272,919121.0
12,400,Validação,1133.0,56.0,3.0,136.0,135.18,-3.0,1.2727922061357855,2.3076895586183435,913761.0
12,405,Validação,1128.0,56.0,4.0,136.0,134.86,-4.0,1.590918102280336,-0.3845235634393145,909485.0
12,410,Validação,1123.0,56.0,4.0,136.0,134.52,-4.0,1.7870280881270733,-1.4716687642760062,904938.0
12,415,Validação,1118.0,56.0,3.0,136.0,134.16,-3.0,1.8883099019266631,-1.919507382024006,900120.0
12,420,Validação,1113.0,56.0,4.0,136.0,133.82,-4.0,1.9345410255644184,-2.0002496423744325,895573.0
12,425,Validação,1108.0,56.0,4.0,136.0,133.44,-4.0,1.8752958950196512,-1.6983653838322756,890484.0
12,430,Validação,1103.0,56.0,4.0,136.0,133.06,-4.0,1.7309900434757703,-0.8552746253747929,885395.0
12,435,Validação,1098.0,56.0,4.0,136.0,132.66,-4.0,1.4372592966177968,1.3719437552422988,880035.0
12,440,Validação,1093.0,56.0,3.0,136.0,132.26,-3.0,0.8992059989632141,9.68398056098775,874675.0
12,445,Validação,1088.0,56.0,0.0,132.0,132.0,0.0,0.0,0.0,871200.0
12,450,Validação,1083.0,56.0,0.0,132.0,132.0,0.0,0.0,0.0,871200.0
12,455,Validação,1078.0,56.0,0.0,132.0,132.0,0.0,0.0,0.0,871200.0
12,460,Validação,1073.0,68.0,12.0,132.0,131.28,-12.0,2.8787752497851424,13.124339821940556,862128.0
12,465,Validação,1068.0,68.0,12.0,132.0,130.08,-12.0,4.443936478908247,1.7259530141844204,847008.0
12,470,Validação,1063.0,68.0,12.0,132.0,128.88,-12.0,5.317049972321426,-0.7586145884018265,831888.0
12,475,Validação,1058.0,68.0,12.0,132.0,127.68,-12.0,5.818478656620734,-1.7081763445626443,816768.0
12,480,Validação,1053.0,68.0,12.0,132.0,126.48,-12.0,6.041489206870663,-2.056566279508,801648.0
12,485,Validação,1048.0,68.0,12.0,132.0,125.28,-12.0,6.017118437068886,-2.020369922630561,786528.0
12,490,Validação,1043.0,68.0,12.0,132.0,124.08,-12.0,5.742217448380883,-1.579626047711153,771408.0
12,495,Validação,1038.0,68.0,12.0,132.0,122.88,-12.0,5.177029327042802,-0.44297079134004713,756288.0
12,500,Validação,1033.0,68.0,12.0,132.0,121.68,-12.0,4.206117993046386,2.684314695695188,741168.0
12,505,Validação,1028.0,68.0,12.0,132.0,120.48,-12.0,2.3753839646658945,22.330729166666636,726048.0
12,510,Validação,1023.0,68.0,0.0,120.0,120.0,0.0,0.0,0.0,720000.0
12,515,Validação,1018.0,68.0,0.0,121.0,120.02,0.0,0.1414213562373095,50.00000000000087,720241.0
12,520,Validação,1013.0,68.0,0.0,121.0,120.04,0.0,0.19794866372215741,22.330729166666007,720482.0
12,525,Validação,1008.0,68.0,0.0,121.0,120.04,0.0,0.1979486637221574,22.330729166666007,720482.0
12,530,Validação,1003.0,77.0,9.0,121.0,119.14,-9.0,2.7479862756987288,5.70640842127686,710087.0
12,535,Validação,998.0,76.0,8.0,121.0,118.3,-8.0,3.547059719410039,0.4544078076532503,700361.0
12,540,Validação,993.0,76.0,8.0,121.0,117.46,-8.0,4.026493891864793,-1.1696419639515794,690637.0
12,545,Validação,988.0,77.0,9.0,121.0,116.64,-9.0,4.265476024347777,-1.8293812016553954,681136.0
12,550,Validação,983.0,75.0,7.0,121.0,115.88,-7.0,4.283999657005648,-2.007691669502673,672308.0
12,555,Validação,978.0,77.0,9.0,121.0,115.02,-9.0,4.235370981028554,-1.8566410783222147,662359.0
12,560,Validação,973.0,76.0,8.0,121.0,114.14,-8.0,4.015327775270302,-1.247513831969219,652187.0
12,565,Validação,968.0,77.0,9.0,121.0,113.24,-9.0,3.525765223063396,0.24813101037263952,641774.0
12,570,Validação,963.0,77.0,9.0,120.0,112.38,-9.0,2.6564515229677297,4.661922132959201,631809.0
12,575,Validação,958.0,75.0,-2.0,113.0,111.58,2.0,0.7583548251421139,-0.667113344059854,622533.0
12,580,Validação,953.0,77.0,0.0,113.0,111.64,0.0,0.7761758689832073,-0.933096821238065,623204.0
12,585,Validação,948.0,75.0,-2.0,113.0,111.64,2.0,0.8020382198638973,-1.012572466876791,623206.0
12,590,Validação,943.0,81.0,5.0,113.0,111.54,-5.0,1.0343093919941684,6.343937614232011,622111.0
12,595,Validação,938.0,81.0,6.0,113.0,111.06,-6.0,1.6952514713222957,1.7361379304656719,616857.0
12,600,Validação,933.0,81.0,5.0,113.0,110.52,-5.0,2.0024474820497407,-0.38738707041279774,610930.0
12,605,Validação,928.0,81.0,4.0,113.0,110.08,-4.0,2.230036148695756,-1.3521977170727535,606124.0
12,610,Validação,923.0,81.0,4.0,113.0,109.66,-4.0,2.3699651250340272,-1.7260453142647858,601541.0
12,615,Validação,918.0,81.0,6.0,113.0,109.24,-6.0,2.42907557792369,-1.721712197930319,596958.0
12,620,Validação,913.0,81.0,4.0,113.0,108.78,-4.0,2.3585709959331598,-1.3392314792649431,591927.0
12,625,Validação,908.0,81.0,6.0,113.0,108.28,-6.0,2.119299075503163,-0.3783835275515486,586448.0
12,630,Validação,903.0,81.0,4.0,113.0,107.82,-4.0,1.803511314415433,1.990655618965115,581417.0
12,635,Validação,898.0,81.0,4.0,113.0,107.36,-4.0,1.2577920401745781,10.994063447268475,576386.0
12,640,Validação,893.0,81.0,0.0,107.0,107.0,0.0,0.0,0.0,572450.0
12,645,Validação,888.0,81.0,0.0,107.0,107.0,0.0,0.0,0.0,572450.0
12,650,Validação,883.0,81.0,0.0,107.0,107.0,0.0,0.0,0.0,572450.0
12,655,Validação,878.0,81.0,0.0,107.0,107.0,0.0,0.0,0.0,572450.0
12,660,Validação,873.0,81.0,0.0,107.0,107.0,0.0,0.0,0.0,572450.0
12,665,Validação,868.0,93.0,12.0,107.0,105.8,-12.0,3.636549160387959,5.791962174940888,560330.0
12,670,Validação,863.0,93.0,12.0,107.0,104.6,-12.0,4.848732213850611,0.40724734042552413,548210.0
12,675,Validação,858.0,93.0,12.0,107.0,103.4,-12.0,5.554920598635309,-1.2411347517730456,536090.0
12,680,Validação,853.0,93.0,12.0,107.0,102.2,-12.0,5.938459911664724,-1.9004875886524817,523970.0
12,685,Validação,848.0,93.0,12.0,107.0,101.0,-12.0,6.0609152673132645,-2.085106382978723,511850.0
12,690,Validação,843.0,93.0,12.0,107.0,99.8,-12.0,5.938459911664721,-1.900487588652481,499730.0
12,695,Validação,838.0,93.0,12.0,107.0,98.6,-12.0,5.554920598635313,-1.2411347517730456,487610.0
12,700,Validação,833.0,93.0,12.0,107.0,97.4,-12.0,4.848732213850608,0.407247340425525,475490.0
12,705,Validação,828.0,93.0,12.0,107.0,96.2,-12.0,3.6365491603879647,5.791962174940883,463370.0
12,710,Validação,823.0,93.0,0.0,95.0,95.0,0.0,0.0,0.0,451250.0
12,715,Validação,818.0,93.0,0.0,95.0,95.0,0.0,0.0,0.0,451250.0
12,720,Validação,813.0,102.0,9.0,95.0,94.46,-9.0,2.1590814373388567,13.124339821940502,446363.0
12,725,Validação,808.0,102.0,9.0,95.0,93.56,-9.0,3.3329523591811854,1.7259530141844017,438218.0
12,730,Validação,803.0,102.0,9.0,95.0,92.66,-9.0,3.9877874792410695,-0.7586145884018269,430073.0
12,735,Validação,798.0,102.0,9.0,95.0,91.76,-9.0,4.363858992465552,-1.7081763445626446,421928.0
12,740,Validação,793.0,102.0,9.0,95.0,90.86,-9.0,4.531116905152996,-2.0565662795080004,413783.0
12,745,Validação,788.0,102.0,9.0,95.0,90.0,-9.0,4.485805276602166,-2.0148013122824455,405986.0
12,750,Validação,783.0,102.0,9.0,95.0,89.14,-9.0,4.26188613989015,-1.584217017201878,398187.0
12,755,Validação,778.0,102.0,9.0,95.0,88.24,-9.0,3.8521661014900976,-0.47487094675076547,390042.0
12,760,Validação,773.0,102.0,9.0,95.0,87.34,-9.0,3.140323654189365,2.554194674750586,381897.0
12,765,Validação,768.0,102.0,9.0,95.0,86.48,-9.0,1.7984119979264244,20.064656958761,374098.0
12,770,Validação,763.0,102.0,0.0,88.0,86.12,0.0,0.3854496446637726,12.378430693692382,370840.0
12,775,Validação,758.0,101.0,-1.0,88.0,86.14,1.0,0.4045657788144658,9.483090438068865,371013.0
12,780,Validação,753.0,102.0,0.0,88.0,86.18,0.0,0.43752550946038743,5.733992786148484,371359.0
12,785,Validação,748.0,102.0,0.0,88.0,86.18,0.0,0.43752550946038743,5.733992786148482,371359.0
12,790,Validação,743.0,105.0,3.0,88.0,85.94,-3.0,0.9775020225460573,5.036106006941921,369331.0
12,795,Validação,738.0,105.0,3.0,87.0,85.6,-3.0,1.2777531299998797,0.6066356382978446,366448.0
12,800,Validação,733.0,105.0,3.0,87.0,85.26,-3.0,1.4541987063503459,-1.0244915336011209,363567.0
12,805,Validação,728.0,105.0,3.0,87.0,84.96,-3.0,1.5773912847819724,-1.7120514238812228,361032.0
12,810,Validação,723.0,105.0,4.0,87.0,84.66,-4.0,1.636447122174581,-1.9066335468484468,358497.0
12,815,Validação,718.0,105.0,3.0,87.0,84.32,-3.0,1.583589309777258,-1.7762552761862385,355616.0
12,820,Validação,713.0,105.0,3.0,87.0,84.02,-3.0,1.5184578643196804,-1.139621956539604,353081.0
12,825,Validação,708.0,105.0,4.0,87.0,83.7,-4.0,1.3439205515876287,0.3316443265467308,350373.0
12,830,Validação,703.0,105.0,3.0,86.0,83.36,-3.0,0.9847821679779463,3.973746776273374,347492.0
12,835,Validação,698.0,105.0,3.0,86.0,83.06,-3.0,0.4242640687119288,49.999999999999844,344957.0
12,840,Validação,693.0,105.0,0.0,83.0,83.0,0.0,0.0,0.0,344450.0
12,845,Validação,688.0,105.0,0.0,83.0,83.0,0.0,0.0,0.0,344450.0
12,850,Validação,683.0,105.0,0.0,83.0,83.0,0.0,0.0,0.0,344450.0
12,855,Validação,678.0,114.0,9.0,83.0,82.64,-9.0,1.7815379734994166,22.330729166666675,341624.0
12,860,Validação,673.0,114.0,9.0,83.0,81.74,-9.0,3.154588494784791,2.6843146956951847,334559.0
12,865,Validação,668.0,114.0,9.0,83.0,80.84,-9.0,3.8827719952820994,-0.44297079134004713,327494.0
12,870,Validação,663.0,114.0,9.0,83.0,79.94,-9.0,4.306663086285659,-1.5796260477111561,320429.0
12,875,Validação,658.0,114.0,9.0,83.0,79.04,-9.0,4.512838827801661,-2.020369922630559,313364.0
12,880,Validação,653.0,114.0,9.0,83.0,78.14,-9.0,4.531116905152994,-2.0565662795080004,306299.0
12,885,Validação,648.0,114.0,9.0,83.0,77.24,-9.0,4.363858992465547,-1.7081763445626434,299234.0
12,890,Validação,643.0,114.0,9.0,83.0,76.34,-9.0,3.9877874792410664,-0.7586145884018252,292169.0
12,895,Validação,638.0,114.0,9.0,83.0,75.44,-9.0,3.3329523591811836,1.7259530141844035,285104.0
12,900,Validação,633.0,114.0,9.0,83.0,74.54,-9.0,2.1590814373388594,13.124339821940499,278039.0
12,905,Validação,628.0,114.0,0.0,74.0,74.0,0.0,0.0,0.0,273800.0
12,910,Validação,623.0,114.0,0.0,74.0,74.0,0.0,0.0,0.0,273800.0
12,915,Validação,618.0,117.0,3.0,74.0,73.72,-3.0,0.8580947095817832,6.506683305182587,271768.0
12,920,Validação,613.0,117.0,3.0,74.0,73.44,-3.0,1.1457107231864812,0.7712206818795679,269736.0
12,925,Validação,608.0,117.0,3.0,74.0,73.16,-3.0,1.3149066856004399,-1.0007582085558058,267704.0
12,930,Validação,603.0,117.0,3.0,74.0,72.9,-3.0,1.3887301496588276,-1.6876805883897987,265815.0
12,935,Validação,598.0,115.0,1.0,74.0,72.66,-1.0,1.4085743262792558,-1.9128168922713509,264071.0
12,940,Validação,593.0,117.0,3.0,74.0,72.38,-3.0,1.3981036719610667,-1.877690696140006,262039.0
12,945,Validação,588.0,117.0,3.0,74.0,72.12,-3.0,1.3346252244716175,-1.5242837593311456,260152.0
12,950,Validação,583.0,117.0,3.0,74.0,71.82,-3.0,1.2069526477362522,-0.5431273671836303,257977.0
12,955,Validação,578.0,117.0,3.0,74.0,71.52,-3.0,0.9739463170891032,1.9790743337358974,255802.0
12,960,Validação,573.0,117.0,0.0,73.0,71.22,0.0,0.5066899385990912,4.774206435911967,253627.0
12,965,Validação,568.0,116.0,-1.0,73.0,71.22,1.0,0.5066899385990912,4.774206435911967,253627.0
12,970,Validação,563.0,117.0,0.0,73.0,71.22,0.0,0.5066899385990912,4.774206435911969,253627.0
12,975,Validação,558.0,117.0,1.0,73.0,71.22,-1.0,0.5066899385990911,4.774206435911969,253627.0
12,980,Validação,553.0,117.0,0.0,73.0,71.18,0.0,0.4819179369552288,7.178157489038073,253341.0
12,985,Validação,548.0,123.0,6.0,73.0,70.52,-6.0,1.8977967891903558,5.167646660106323,248830.0
12,990,Validação,543.0,123.0,8.0,73.0,69.9,-8.0,2.5010202000016566,0.3258622049547002,244607.0
12,995,Validação,538.0,123.0,6.0,72.0,69.26,-6.0,2.8270558710360123,-1.2418162411115037,240239.0
12,1000,Validação,533.0,123.0,6.0,72.0,68.66,-6.0,3.02783009794817,-1.8831775910008848,236159.0
12,1005,Validação,528.0,123.0,6.0,72.0,68.06,-6.0,3.0997695766897633,-2.0538490201456288,232079.0
12,1010,Validação,523.0,123.0,6.0,72.0,67.46,-6.0,3.051998341669112,-1.8520767375584766,227999.0
12,1015,Validação,518.0,123.0,6.0,72.0,66.84,-6.0,2.845404458176771,-1.1826107442680658,223776.0
12,1020,Validação,513.0,123.0,6.0,72.0,66.22,-6.0,2.4684953691986355,0.47460965243156616,219553.0
12,1025,Validação,508.0,123.0,6.0,71.0,65.6,-6.0,1.8182745801939773,5.791962174940942,215330.0
12,1030,Validação,503.0,123.0,0.0,65.0,65.0,0.0,0.0,0.0,211250.0
12,1035,Validação,498.0,123.0,0.0,65.0,65.0,0.0,0.0,0.0,211250.0
12,1040,Validação,493.0,123.0,0.0,65.0,65.0,0.0,0.0,0.0,211250.0
12,1045,Validação,488.0,123.0,0.0,65.0,65.0,0.0,0.0,0.0,211250.0
12,1050,Validação,483.0,129.0,6.0,65.0,64.88,-6.0,0.848528137423857,49.999999999999844,210506.0
12,1055,Validação,478.0,129.0,6.0,65.0,64.28,-6.0,1.9695643359558954,3.97374677627338,206786.0
12,1060,Validação,473.0,129.0,6.0,65.0,63.68,-6.0,2.510711745578882,-0.06075484798889086,203066.0
12,1065,Validação,468.0,129.0,6.0,65.0,63.08,-6.0,2.8272724289949664,-1.4253656914893633,199346.0
12,1070,Validação,463.0,129.0,6.0,65.0,62.48,-6.0,2.991416291419739,-1.9686965028124248,195626.0
12,1075,Validação,458.0,129.0,6.0,65.0,61.88,-6.0,3.0280322970266895,-2.078005660120022,191906.0
12,1080,Validação,453.0,129.0,6.0,65.0,61.28,-6.0,2.9418861088680863,-1.814290358703898,188186.0
12,1085,Validação,448.0,129.0,6.0,65.0,60.68,-6.0,2.7213442056664383,-1.0213504728132397,184466.0
12,1090,Validação,443.0,129.0,6.0,65.0,60.08,-6.0,2.328527606949624,0.9888715908435728,180746.0
12,1095,Validação,438.0,129.0,6.0,65.0,59.48,-6.0,1.64428509370722,8.53448774283074,177026.0
12,1100,Validação,433.0,129.0,0.0,59.0,59.0,0.0,0.0,0.0,174050.0
12,1105,Validação,428.0,129.0,0.0,59.0,59.0,0.0,0.0,0.0,174050.0
12,1110,Validação,423.0,129.0,0.0,59.0,59.0,0.0,0.0,0.0,174050.0
12,1115,Validação,418.0,136.0,7.0,59.0,58.26,-7.0,2.2570524394186577,6.4169102291267155,169961.0
12,1120,Validação,413.0,136.0,7.0,59.0,57.54,-7.0,2.9637951401291325,0.6276007658017555,165973.0
12,1125,Validação,408.0,136.0,7.0,59.0,56.84,-7.0,3.3463961730403016,-1.1238023892196738,162088.0
12,1130,Validação,403.0,136.0,7.0,59.0,56.14,-7.0,3.55142972072157,-1.8276819528559134,158203.0
12,1135,Validação,398.0,136.0,7.0,59.0,55.4,-7.0,3.658928135675913,-2.0068959969528017,154114.0
12,1140,Validação,393.0,136.0,7.0,59.0,54.68,-7.0,3.5881892426147655,-1.8522983070506358,150126.0
12,1145,Validação,388.0,136.0,7.0,59.0,53.96,-7.0,3.362215013338435,-1.235454790171115,146138.0
12,1150,Validação,383.0,137.0,8.0,59.0,53.24,-8.0,2.945491192882256,0.3035912205807798,142150.0
12,1155,Validação,378.0,136.0,7.0,59.0,52.54,-7.0,2.2242632350455964,5.116510165737006,138265.0
12,1160,Validação,373.0,136.0,-2.0,52.0,51.82,2.0,0.48191793695522817,7.178157489038254,134277.0
12,1165,Validação,368.0,137.0,1.0,52.0,51.84,-1.0,0.42185208743524005,7.352595194902735,134378.0
12,1170,Validação,363.0,136.0,0.0,52.0,51.84,0.0,0.42185208743524005,7.352595194902733,134378.0
12,1175,Validação,358.0,138.0,2.0,52.0,51.62,-2.0,0.7529533687488251,2.7809086334165567,133259.0
12,1180,Validação,353.0,138.0,0.0,52.0,51.42,0.0,0.8827138117585945,-0.1958856175038406,132239.0
12,1185,Validação,348.0,138.0,2.0,52.0,51.26,-2.0,0.9435062700547638,-1.152350933486764,131423.0
12,1190,Validação,343.0,138.0,2.0,52.0,51.08,-2.0,0.986438657236118,-1.6707119902232714,130506.0
12,1195,Validação,338.0,138.0,2.0,52.0,50.86,-2.0,1.0499757042864541,-1.6097201131787349,129391.0
12,1200,Validação,333.0,138.0,2.0,52.0,50.64,-2.0,1.0644534862969797,-1.4216875488030782,128276.0
12,1205,Validação,328.0,139.0,2.0,52.0,50.38,-2.0,1.0279760181432018,-0.8653658987356696,126959.0
12,1210,Validação,323.0,139.0,3.0,52.0,50.14,-3.0,0.9478224237370492,0.1065601738514097,125745.0
12,1215,Validação,318.0,138.0,2.0,52.0,49.92,-2.0,0.7782764841072132,2.185769714367943,124630.0
12,1220,Validação,313.0,138.0,0.0,50.0,49.72,0.0,0.4535573676110725,-1.0213504728132503,123614.0
12,1225,Validação,308.0,139.0,1.0,50.0,49.68,-1.0,0.471212071499161,-1.4253656914893638,123416.0
12,1230,Validação,303.0,139.0,1.0,50.0,49.58,-1.0,0.49856938190328964,-1.9686965028124281,122921.0
12,1235,Validação,298.0,139.0,1.0,50.0,49.48,-1.0,0.5046720495044485,-2.07800566012002,122426.0
12,1240,Validação,293.0,141.0,2.0,50.0,49.18,-2.0,0.8734169352933011,1.625023167609931,120971.0
12,1245,Validação,288.0,141.0,3.0,50.0,48.92,-3.0,1.0659861774958643,-0.37617515927930567,119714.0
12,1250,Validação,283.0,141.0,3.0,50.0,48.66,-3.0,1.1712543424439785,-1.2793294345519106,118457.0
12,1255,Validação,278.0,141.0,2.0,50.0,48.42,-2.0,1.2303973142933986,-1.6627070380674611,117299.0
12,1260,Validação,273.0,141.0,2.0,50.0,48.18,-2.0,1.2403093754941854,-1.687333679344945,116141.0
12,1265,Validação,268.0,141.0,3.0,50.0,47.92,-3.0,1.1752550743544645,-1.3447089638134169,114884.0
12,1270,Validação,263.0,141.0,2.0,50.0,47.64,-2.0,1.0052921191862378,-0.6544850292641309,113528.0
12,1275,Validação,258.0,141.0,2.0,49.0,47.4,-2.0,0.8081220356417692,0.40724734042554367,112370.0
12,1280,Validação,253.0,141.0,2.0,49.0,47.2,-2.0,0.6060915267313276,5.791962174940846,111410.0
12,1285,Validação,248.0,141.0,0.0,47.0,47.0,0.0,0.0,0.0,110450.0
12,1290,Validação,243.0,141.0,0.0,47.0,47.0,0.0,0.0,0.0,110450.0
12,1295,Validação,238.0,141.0,0.0,47.0,47.0,0.0,0.0,0.0,110450.0
12,1300,Validação,233.0,150.0,9.0,47.0,46.1,-9.0,2.727411870290969,5.791962174940904,106625.0
12,1305,Validação,228.0,150.0,9.0,47.0,45.2,-9.0,3.636549160387959,0.40724734042553745,102800.0
12,1310,Validação,223.0,150.0,9.0,47.0,44.3,-9.0,4.166190448976481,-1.2411347517730524,98975.0
12,1315,Validação,218.0,150.0,9.0,47.0,43.4,-9.0,4.453844933748542,-1.9004875886524824,95150.0
12,1320,Validação,213.0,150.0,9.0,47.0,42.5,-9.0,4.545686450484948,-2.085106382978723,91325.0
12,1325,Validação,208.0,150.0,9.0,47.0,41.6,-9.0,4.453844933748543,-1.900487588652483,87500.0
12,1330,Validação,203.0,150.0,9.0,47.0,40.7,-9.0,4.166190448976477,-1.2411347517730515,83675.0
12,1335,Validação,198.0,150.0,9.0,47.0,39.8,-9.0,3.636549160387961,0.4072473404255357,79850.0
12,1340,Validação,193.0,150.0,9.0,47.0,38.88,-9.0,2.7377929439754283,5.747907510869966,75950.0
12,1345,Validação,188.0,150.0,0.0,38.0,37.98,0.0,0.14142135623730953,49.99999999999932,72125.0
12,1350,Validação,183.0,150.0,0.0,38.0,37.98,0.0,0.14142135623730956,49.99999999999932,72125.0
12,1355,Validação,178.0,150.0,0.0,38.0,37.98,0.0,0.14142135623730956,49.99999999999932,72125.0
12,1360,Validação,173.0,162.0,12.0,38.0,37.24,-12.0,2.875370428664943,12.97131702112527,69746.0
12,1365,Validação,168.0,162.0,12.0,38.0,36.04,-12.0,4.430690737138315,1.708303575047566,65906.0
12,1370,Validação,163.0,162.0,12.0,38.0,34.84,-12.0,5.296745246288671,-0.7626680685872764,62066.0
12,1375,Validação,158.0,162.0,12.0,38.0,33.64,-12.0,5.791478609974823,-1.7078482740773535,58226.0
12,1380,Validação,153.0,162.0,12.0,38.0,32.44,-12.0,6.007342446149223,-2.053609092185522,54386.0
12,1385,Validação,148.0,162.0,12.0,38.0,31.24,-12.0,5.9746402846206745,-2.0147160477697477,50546.0
12,1390,Validação,143.0,162.0,12.0,38.0,30.06,-12.0,5.715749812436455,-1.5744904201060779,46781.0
12,1395,Validação,138.0,162.0,12.0,38.0,28.86,-12.0,5.142896825243726,-0.4328729591783387,42941.0
12,1400,Validação,133.0,162.0,12.0,38.0,27.66,-12.0,4.158149117291565,2.7118071929490934,39101.0
12,1405,Validação,128.0,162.0,11.0,38.0,26.46,-11.0,2.278649797129692,22.543477076409253,35261.0
12,1410,Validação,123.0,162.0,0.0,26.0,26.0,0.0,0.0,0.0,33800.0
12,1415,Validação,118.0,162.0,0.0,26.0,26.0,0.0,0.0,0.0,33800.0
12,1420,Validação,113.0,172.0,10.0,26.0,25.4,-10.0,2.3989793748209522,13.124339821940534,32540.0
12,1425,Validação,108.0,172.0,10.0,26.0,24.4,-10.0,3.7032803990902052,1.7259530141843937,30440.0
12,1430,Validação,103.0,172.0,10.0,26.0,23.4,-10.0,4.430874976934521,-0.7586145884018243,28340.0
12,1435,Validação,98.0,172.0,10.0,26.0,22.4,-10.0,4.848732213850614,-1.708176344562649,26240.0
12,1440,Validação,93.0,172.0,10.0,26.0,21.4,-10.0,5.034574339058886,-2.056566279508001,24140.0
12,1445,Validação,88.0,172.0,10.0,26.0,20.4,-10.0,5.014265364224069,-2.02036992263056,22040.0
12,1450,Validação,83.0,172.0,10.0,26.0,19.4,-10.0,4.785181206984062,-1.579626047711153,19940.0
12,1455,Validação,78.0,172.0,10.0,26.0,18.4,-10.0,4.314191105868999,-0.44297079134004935,17840.0
12,1460,Validação,73.0,172.0,10.0,26.0,17.4,-10.0,3.5050983275386614,2.6843146956952015,15740.0
12,1465,Validação,68.0,172.0,10.0,26.0,16.4,-10.0,1.9794866372215734,22.330729166666703,13640.0
12,1470,Validação,63.0,172.0,0.0,16.0,16.0,0.0,0.0,0.0,12800.0
12,1475,Validação,58.0,172.0,0.0,16.0,16.0,0.0,0.0,0.0,12800.0
12,1480,Validação,53.0,177.0,5.0,16.0,15.6,-5.0,1.3702375780893485,8.534487742830708,12260.0
12,1485,Validação,48.0,177.0,5.0,16.0,15.1,-5.0,1.9404396724580182,0.9888715908435657,11585.0
12,1490,Validação,43.0,177.0,5.0,16.0,14.6,-5.0,2.267786838055364,-1.0213504728132397,10910.0
12,1495,Validação,38.0,177.0,5.0,16.0,14.1,-5.0,2.451571757390073,-1.8142903587038979,10235.0
12,1500,Validação,33.0,177.0,5.0,16.0,13.6,-5.0,2.523360247522241,-2.078005660120022,9560.0
12,1505,Validação,28.0,177.0,5.0,16.0,13.1,-5.0,2.4928469095164503,-1.9686965028124233,8885.0
12,1510,Validação,23.0,177.0,5.0,16.0,12.6,-5.0,2.3560603574958066,-1.4253656914893602,8210.0
12,1515,Validação,18.0,177.0,5.0,16.0,12.1,-5.0,2.092259787982403,-0.0607548479888913,7535.0
12,1520,Validação,13.0,177.0,5.0,16.0,11.6,-5.0,1.6413036132965806,3.973746776273371,6860.0
12,1525,Validação,8.0,177.0,5.0,16.0,11.1,-5.0,0.7071067811865487,49.99999999999994,6185.0
12,1530,Validação,3.0,177.0,0.0,11.0,11.0,0.0,0.0,0.0,6050.0
13,50,Validação,757.0,15.0,15.0,188.0,173.3,-15.0,2.121320343559642,49.99999999999983,1501865.0
13,55,Validação,752.0,15.0,0.0,173.0,173.0,0.0,0.0,0.0,1496450.0
13,60,Validação,747.0,15.0,0.0,173.0,173.0,0.0,0.0,0.0,1496450.0
13,65,Validação,742.0,15.0,0.0,173.0,173.0,0.0,0.0,0.0,1496450.0
13,70,Validação,737.0,15.0,0.0,173.0,173.0,0.0,0.0,0.0,1496450.0
13,75,Validação,732.0,15.0,0.0,173.0,173.0,0.0,0.0,0.0,1496450.0
13,80,Validação,727.0,15.0,0.0,173.0,173.0,0.0,0.0,0.0,1496450.0
13,85,Validação,722.0,15.0,0.0,173.0,173.0,0.0,0.0,0.0,1496450.0
13,90,Validação,717.0,15.0,0.0,173.0,173.0,0.0,0.0,0.0,1496450.0
13,95,Validação,712.0,15.0,0.0,173.0,173.0,0.0,0.0,0.0,1496450.0
13,100,Validação,707.0,15.0,0.0,173.0,173.0,0.0,0.0,0.0,1496450.0
13,105,Validação,702.0,15.0,0.0,173.0,173.0,0.0,0.0,0.0,1496450.0
13,110,Validação,697.0,15.0,0.0,173.0,173.0,0.0,0.0,0.0,1496450.0
13,115,Validação,692.0,15.0,0.0,173.0,173.0,0.0,0.0,0.0,1496450.0
13,120,Validação,687.0,15.0,0.0,173.0,173.0,0.0,0.0,0.0,1496450.0
13,125,Validação,682.0,15.0,0.0,173.0,173.0,0.0,0.0,0.0,1496450.0
13,130,Validação,677.0,15.0,0.0,173.0,173.0,0.0,0.0,0.0,1496450.0
13,135,Validação,672.0,15.0,0.0,173.0,173.0,0.0,0.0,0.0,1496450.0
13,140,Validação,667.0,15.0,0.0,173.0,173.0,0.0,0.0,0.0,1496450.0
13,145,Validação,662.0,15.0,0.0,173.0,173.0,0.0,0.0,0.0,1496450.0
13,150,Validação,657.0,24.0,9.0,173.0,172.64,-9.0,1.7815379734994166,22.330729166666508,1490384.0
13,155,Validação,652.0,24.0,9.0,173.0,171.74,-9.0,3.154588494784791,2.684314695695228,1475219.0
13,160,Validação,647.0,24.0,9.0,173.0,170.84,-9.0,3.8827719952820994,-0.44297079134004713,1460054.0
13,165,Validação,642.0,24.0,9.0,173.0,169.94,-9.0,4.306663086285659,-1.5796260477111561,1444889.0
13,170,Validação,637.0,24.0,9.0,173.0,169.04,-9.0,4.512838827801663,-2.0203699226305627,1429724.0
13,175,Validação,632.0,24.0,9.0,173.0,168.14,-9.0,4.531116905152993,-2.0565662795079978,1414559.0
13,180,Validação,627.0,24.0,9.0,173.0,167.24,-9.0,4.363858992465548,-1.7081763445626534,1399394.0
13,185,Validação,622.0,24.0,9.0,173.0,166.34,-9.0,3.9877874792410664,-0.7586145884018252,1384229.0
13,190,Validação,617.0,24.0,9.0,173.0,165.44,-9.0,3.3329523591811836,1.7259530141844035,1369064.0
13,195,Validação,612.0,24.0,9.0,173.0,164.54,-9.0,2.1590814373388563,13.124339821940609,1353899.0
13,200,Validação,607.0,24.0,0.0,164.0,164.0,0.0,0.0,0.0,1344800.0
13,205,Validação,602.0,24.0,0.0,164.0,164.0,0.0,0.0,0.0,1344800.0
13,210,Validação,597.0,24.0,0.0,164.0,164.0,0.0,0.0,0.0,1344800.0
13,215,Validação,592.0,24.0,0.0,164.0,164.0,0.0,0.0,0.0,1344800.0
13,220,Validação,587.0,24.0,0.0,164.0,164.0,0.0,0.0,0.0,1344800.0
13,225,Validação,582.0,30.0,6.0,164.0,163.76,-6.0,1.1876919823329444,22.330729166666515,1340936.0
13,230,Validação,577.0,30.0,6.0,164.0,163.16,-6.0,2.1030589965231936,2.6843146956951847,1331276.0
13,235,Validação,572.0,30.0,6.0,164.0,162.56,-6.0,2.5885146635214,-0.4429707913400476,1321616.0
13,240,Validação,567.0,30.0,6.0,164.0,161.96,-6.0,2.8711087241904387,-1.5796260477111457,1311956.0
13,245,Validação,562.0,30.0,6.0,164.0,161.36,-6.0,3.0085592185344403,-2.0203699226305556,1302296.0
13,250,Validação,557.0,30.0,6.0,164.0,160.76,-6.0,3.020744603435329,-2.056566279507998,1292636.0
13,255,Validação,552.0,30.0,6.0,164.0,160.16,-6.0,2.909239328310367,-1.7081763445626443,1282976.0
13,260,Validação,547.0,30.0,6.0,164.0,159.56,-6.0,2.6585249861607134,-0.7586145884018265,1273316.0
13,265,Validação,542.0,30.0,6.0,164.0,158.96,-6.0,2.2219682394541227,1.7259530141843697,1263656.0
13,270,Validação,537.0,30.0,6.0,164.0,158.36,-6.0,1.4393876248925717,13.124339821940382,1253996.0
13,275,Validação,532.0,45.0,15.0,158.0,157.4,-15.0,2.9692299558323607,22.330729166666707,1239170.0
13,280,Validação,527.0,45.0,15.0,158.0,155.9,-15.0,5.257647491307984,2.6843146956952113,1216595.0
13,285,Validação,522.0,45.0,15.0,158.0,154.4,-15.0,6.471286658803499,-0.44297079134004713,1194020.0
13,290,Validação,517.0,45.0,15.0,158.0,152.9,-15.0,7.1777718104761,-1.5796260477111514,1171445.0
13,295,Validação,512.0,45.0,15.0,158.0,151.4,-15.0,7.521398046336104,-2.02036992263056,1148870.0
13,300,Validação,507.0,45.0,15.0,158.0,149.9,-15.0,7.5518615085883285,-2.0565662795080004,1126295.0
13,305,Validação,502.0,60.0,30.0,158.0,147.5,-30.0,8.704326862109957,-0.5227126194244183,1091525.0
13,310,Validação,497.0,60.0,30.0,158.0,144.5,-30.0,9.702198362290089,-0.5246876859012493,1048625.0
13,315,Validação,492.0,60.0,30.0,158.0,141.5,-30.0,9.702198362290089,-0.5246876859012493,1005725.0
13,320,Validação,487.0,60.0,30.0,158.0,138.5,-30.0,8.704326862109957,-0.5227126194244183,962825.0
13,325,Validação,482.0,60.0,15.0,143.0,136.1,-15.0,7.551861508588331,-2.056566279508001,928955.0
13,330,Validação,477.0,60.0,15.0,143.0,134.6,-15.0,7.521398046336106,-2.02036992263056,908630.0
13,335,Validação,472.0,60.0,15.0,143.0,133.1,-15.0,7.177771810476094,-1.579626047711151,888305.0
13,340,Validação,467.0,60.0,15.0,143.0,131.6,-15.0,6.471286658803503,-0.4429707913400467,867980.0
13,345,Validação,462.0,60.0,15.0,143.0,130.1,-15.0,5.257647491307993,2.684314695695212,847655.0
13,350,Validação,457.0,75.0,30.0,143.0,128.0,-30.0,4.285714285714286,10.653590425531915,820100.0
13,355,Validação,452.0,75.0,15.0,128.0,125.9,-15.0,5.257647491307984,2.6843146956952113,793895.0
13,360,Validação,447.0,75.0,15.0,128.0,124.4,-15.0,6.471286658803499,-0.44297079134004713,775820.0
13,365,Validação,442.0,75.0,15.0,128.0,122.9,-15.0,7.1777718104761,-1.5796260477111514,757745.0
13,370,Validação,437.0,75.0,15.0,128.0,121.4,-15.0,7.521398046336104,-2.02036992263056,739670.0
13,375,Validação,432.0,75.0,15.0,128.0,119.9,-15.0,7.5518615085883285,-2.0565662795080004,721595.0
13,380,Validação,427.0,75.0,15.0,128.0,118.4,-15.0,7.273098320775912,-1.7081763445626497,703520.0
13,385,Validação,422.0,75.0,15.0,128.0,116.9,-15.0,6.64631246540178,-0.7586145884018265,685445.0
13,390,Validação,417.0,87.0,27.0,128.0,114.1,-27.0,7.268186198237145,0.9493047392649059,653529.0
13,395,Validação,412.0,88.0,28.0,128.0,111.34,-28.0,6.671933293847519,1.343052458596767,622011.0
13,400,Validação,407.0,88.0,13.0,113.0,109.18,-13.0,5.909832692130936,-1.178430405106555,597725.0
13,405,Validação,402.0,87.0,12.0,113.0,107.9,-12.0,6.328587552381912,-1.8545872264465415,584083.0
13,410,Validação,397.0,102.0,27.0,113.0,105.2,-27.0,8.882452318119896,-0.2806952290340723,557218.0
13,415,Validação,392.0,102.0,27.0,113.0,102.5,-27.0,10.142354112274699,-1.0450695710409632,530353.0
13,420,Validação,387.0,102.0,27.0,113.0,99.82,-27.0,10.555373909404961,-1.3524476727869599,503661.0
13,425,Validação,382.0,102.0,27.0,113.0,97.12,-27.0,10.283015518964527,-1.2545304545401217,476796.0
13,430,Validação,377.0,102.0,27.0,113.0,94.42,-27.0,9.229699179213563,-0.8248121515366611,449931.0
13,435,Validação,372.0,101.0,12.0,101.0,91.74,-12.0,7.038697699583529,-1.8651055221319417,423239.0
13,440,Validação,367.0,101.0,13.0,101.0,90.36,-13.0,6.610937134470301,-1.204713234584951,410388.0
13,445,Validação,362.0,102.0,15.0,101.0,88.92,-15.0,5.763502336572221,0.46700482719989367,396966.0
13,450,Validação,357.0,102.0,14.0,101.0,87.52,-14.0,4.291614985488964,5.79307694913722,383890.0
13,455,Validação,352.0,102.0,0.0,88.0,86.12,0.0,0.38544964466377263,12.378430693692383,370840.0
13,460,Validação,347.0,108.0,6.0,88.0,85.52,-6.0,1.897796789190356,5.167646660106323,365860.0
13,465,Validação,342.0,108.0,7.0,88.0,84.92,-7.0,2.513961017995307,0.31390034476394124,360880.0
13,470,Validação,337.0,108.0,6.0,88.0,84.3,-6.0,2.866057521105554,-1.2325286570405853,355727.0
13,475,Validação,332.0,108.0,6.0,88.0,83.7,-6.0,3.0722590239437944,-1.8532547378891235,350747.0
13,480,Validação,327.0,118.0,16.0,88.0,82.46,-16.0,4.532017616191422,2.060377607617367,340989.0
13,485,Validação,322.0,117.0,15.0,88.0,80.94,-15.0,5.489916545219006,-0.14224398165844,329041.0
13,490,Validação,317.0,117.0,15.0,88.0,79.4,-15.0,5.948760803902006,-1.0321640877509792,316952.0
13,495,Validação,312.0,117.0,15.0,88.0,77.86,-15.0,6.0407122164222224,-1.3210346629462462,304897.0
13,500,Validação,307.0,117.0,16.0,87.0,76.32,-16.0,5.600437300709982,-1.354729089145938,292774.0
13,505,Validação,302.0,118.0,10.0,80.0,74.78,-10.0,4.70036906931308,-1.9763717185413507,280685.0
13,510,Validação,297.0,117.0,9.0,80.0,73.88,-9.0,4.465925413161127,-1.5640343977904199,273890.0
13,515,Validação,292.0,117.0,9.0,80.0,72.94,-9.0,4.042680460551199,-0.4867181015071056,266813.0
13,520,Validação,287.0,117.0,9.0,80.0,72.04,-9.0,3.2885701874144377,2.425640641684299,260018.0
13,525,Validação,282.0,119.0,11.0,80.0,71.1,-11.0,1.9298937265866118,17.81579219285887,252943.0
13,530,Validação,277.0,117.0,0.0,71.0,70.8,0.0,0.5345224838248486,6.188829787233988,250646.0
13,535,Validação,272.0,117.0,0.0,71.0,70.76,0.0,0.5910903104450627,4.338398910152982,250366.0
13,540,Validação,267.0,117.0,-2.0,71.0,70.72,2.0,0.6401530429259451,3.0005507764651957,250086.0
13,545,Validação,262.0,117.0,0.0,71.0,70.76,0.0,0.5910903104450629,4.33839891015298,250366.0
13,550,Validação,257.0,133.0,16.0,71.0,69.5,-16.0,4.286904596606759,8.146795989093997,242413.0
13,555,Validação,252.0,133.0,16.0,71.0,67.92,-16.0,6.090608360753599,0.9347550222333982,232474.0
13,560,Validação,247.0,133.0,15.0,71.0,66.32,-15.0,7.109751854219063,-1.0308404114361083,222394.0
13,565,Validação,242.0,133.0,16.0,71.0,64.76,-16.0,7.6972298223955535,-1.808280362016079,212596.0
13,570,Validação,237.0,133.0,16.0,71.0,63.16,-16.0,7.8982302331805005,-2.06192158327788,202516.0
13,575,Validação,232.0,133.0,14.0,71.0,61.6,-14.0,7.808943067837967,-1.9470673502635107,192716.0
13,580,Validação,227.0,133.0,16.0,71.0,60.04,-16.0,7.389899339294008,-1.399342225139013,182916.0
13,585,Validação,222.0,133.0,15.0,71.0,58.48,-15.0,6.5783814149695194,-0.0320151641285884,173116.0
13,590,Validação,217.0,133.0,16.0,71.0,56.94,-16.0,5.246612123600353,3.9638317816232513,163457.0
13,595,Validação,212.0,133.0,16.0,71.0,55.34,-16.0,2.2642744479214976,49.586255994558314,153377.0
13,600,Validação,207.0,133.0,0.0,55.0,55.0,0.0,0.0,0.0,151250.0
13,605,Validação,202.0,133.0,0.0,55.0,55.0,0.0,0.0,0.0,151250.0
13,610,Validação,197.0,143.0,10.0,55.0,54.62,-10.0,1.8832234631728912,22.641920649225273,149341.0
13,615,Validação,192.0,142.0,9.0,55.0,53.7,-9.0,3.259209870442809,2.7679565433865,144705.0
13,620,Validação,187.0,142.0,9.0,55.0,52.8,-9.0,3.958973274443149,-0.40631936797014045,140160.0
13,625,Validação,182.0,143.0,10.0,55.0,51.88,-10.0,4.396844879906409,-1.551992677718005,135524.0
13,630,Validação,177.0,142.0,9.0,55.0,50.96,-9.0,4.61125508613303,-1.9989596086821149,130888.0
13,635,Validação,172.0,142.0,9.0,55.0,50.06,-9.0,4.613246234087938,-2.043377150478096,126343.0
13,640,Validação,167.0,142.0,9.0,55.0,49.14,-9.0,4.4493062976841955,-1.7024723306895226,121707.0
13,645,Validação,162.0,143.0,10.0,55.0,48.2,-10.0,4.085814184592885,-0.7731420865667911,116980.0
13,650,Validação,157.0,142.0,9.0,55.0,47.26,-9.0,3.433389471834808,1.6261007258297688,112253.0
13,655,Validação,152.0,158.0,25.0,55.0,45.4,-25.0,4.522054797526977,7.521267027672263,104060.0
13,660,Validação,147.0,158.0,15.0,46.0,43.28,-15.0,5.865986355112612,1.6923611790921935,95344.0
13,665,Validação,142.0,158.0,16.0,46.0,41.7,-16.0,7.0138347251001285,-0.7651024746538537,89355.0
13,670,Validação,137.0,158.0,16.0,46.0,40.1,-16.0,7.659194821005826,-1.7071717305768768,83275.0
13,675,Validação,132.0,158.0,16.0,46.0,38.52,-16.0,7.949432016676103,-2.0518906210439063,77286.0
13,680,Validação,127.0,158.0,16.0,46.0,36.94,-16.0,7.913847331850461,-2.0131111015035215,71297.0
13,685,Validação,122.0,158.0,15.0,46.0,35.34,-15.0,7.520339766531941,-1.5677470429057199,65217.0
13,690,Validação,117.0,167.0,24.0,46.0,33.22,-24.0,7.385285978186071,-0.3928201781434799,57851.0
13,695,Validação,112.0,168.0,26.0,46.0,30.72,-26.0,6.984063491774885,1.031580215290676,49576.0
13,700,Validação,107.0,167.0,25.0,46.0,28.26,-25.0,5.442875890481399,3.069908535457035,41383.0
13,705,Validação,102.0,167.0,9.0,30.0,26.72,-9.0,4.42183819934928,-1.6897755534395589,36656.0
13,710,Validação,97.0,168.0,10.0,30.0,25.76,-10.0,4.649160556224212,-2.033958555047059,34238.0
13,715,Validação,92.0,168.0,10.0,30.0,24.8,-10.0,4.668609896676627,-2.003040636883193,31820.0
13,720,Validação,87.0,168.0,10.0,30.0,23.84,-10.0,4.482892652140161,-1.5763441247877057,29402.0
13,725,Validação,82.0,168.0,10.0,30.0,22.88,-10.0,4.063978145530183,-0.478055125116676,26984.0
13,730,Validação,77.0,168.0,10.0,30.0,21.9,-10.0,3.3335033970222963,2.4831737293971763,24525.0
13,735,Validação,72.0,168.0,10.0,30.0,20.9,-10.0,1.9404396724580173,19.146896969748116,22025.0
13,740,Validação,67.0,167.0,0.0,21.0,20.54,0.0,0.5034574339058884,-2.056566279508001,21107.0
13,745,Validação,62.0,175.0,8.0,21.0,20.26,-8.0,1.5754494013856903,17.642661401861048,20645.0
13,750,Validação,57.0,175.0,8.0,21.0,19.46,-8.0,2.674215505793909,2.3623394091811347,19285.0
13,755,Validação,52.0,175.0,8.0,21.0,18.66,-8.0,3.242636871058956,-0.502785739733441,17925.0
13,760,Validação,47.0,175.0,8.0,21.0,17.92,-8.0,3.5904635594068597,-1.5760346535289216,16688.0
13,765,Validação,42.0,175.0,7.0,21.0,17.18,-7.0,3.761729953744415,-1.9909237088644436,15451.0
13,770,Validação,37.0,175.0,8.0,21.0,16.44,-8.0,3.7805085501767075,-2.011080324522773,14214.0
13,775,Validação,32.0,175.0,8.0,21.0,15.7,-8.0,3.6491542212699426,-1.647512277121404,12977.0
13,780,Validação,27.0,175.0,7.0,21.0,14.98,-7.0,3.3835737657943024,-0.6847188736926526,11781.0
13,785,Validação,22.0,175.0,8.0,21.0,14.28,-8.0,2.9626243192721637,1.7259530141844,10626.0
13,790,Validação,17.0,175.0,8.0,21.0,13.48,-8.0,1.9191834998567625,13.124339821940524,9266.0
13,795,Validação,12.0,175.0,0.0,13.0,13.0,0.0,0.0,0.0,8450.0
13,800,Validação,7.0,175.0,0.0,13.0,13.0,0.0,0.0,0.0,8450.0
13,805,Validação,2.0,175.0,0.0,13.0,13.0,0.0,0.0,0.0,8450.0
14,50,Treino,1215.0,15.0,15.0,188.0,173.3,-15.0,2.121320343559642,49.99999999999983,1501865.0
14,55,Treino,1210.0,15.0,0.0,173.0,173.0,0.0,0.0,0.0,1496450.0
14,60,Treino,1205.0,15.0,0.0,173.0,173.0,0.0,0.0,0.0,1496450.0
14,65,Treino,1200.0,15.0,0.0,173.0,173.0,0.0,0.0,0.0,1496450.0
14,70,Treino,1195.0,15.0,0.0,173.0,173.0,0.0,0.0,0.0,1496450.0
14,75,Treino,1190.0,15.0,0.0,173.0,173.0,0.0,0.0,0.0,1496450.0
14,80,Treino,1185.0,15.0,0.0,173.0,173.0,0.0,0.0,0.0,1496450.0
14,85,Treino,1180.0,15.0,0.0,173.0,173.0,0.0,0.0,0.0,1496450.0
14,90,Treino,1175.0,15.0,0.0,173.0,173.0,0.0,0.0,0.0,1496450.0
14,95,Treino,1170.0,15.0,0.0,173.0,173.0,0.0,0.0,0.0,1496450.0
14,100,Treino,1165.0,15.0,0.0,173.0,173.0,0.0,0.0,0.0,1496450.0
14,105,Treino,1160.0,15.0,0.0,173.0,173.0,0.0,0.0,0.0,1496450.0
14,110,Treino,1155.0,15.0,0.0,173.0,173.0,0.0,0.0,0.0,1496450.0
14,115,Treino,1150.0,15.0,0.0,173.0,173.0,0.0,0.0,0.0,1496450.0
14,120,Treino,1145.0,15.0,0.0,173.0,173.0,0.0,0.0,0.0,1496450.0
14,125,Treino,1140.0,15.0,0.0,173.0,173.0,0.0,0.0,0.0,1496450.0
14,130,Treino,1135.0,18.0,3.0,173.0,172.76,-3.0,0.8221425468536091,8.534487742830558,1492334.0
14,135,Treino,1130.0,18.0,3.0,173.0,172.46,-3.0,1.1642638034748107,0.9888715908436208,1487189.0
14,140,Treino,1125.0,18.0,3.0,173.0,172.16,-3.0,1.3606721028332176,-1.0213504728132499,1482044.0
14,145,Treino,1120.0,18.0,3.0,173.0,171.86,-3.0,1.4709430544340443,-1.8142903587038772,1476899.0
14,150,Treino,1115.0,18.0,3.0,173.0,171.56,-3.0,1.5140161485133456,-2.0780056601200214,1471754.0
14,155,Treino,1110.0,18.0,3.0,173.0,171.26,-3.0,1.4957081457098707,-1.968696502812415,1466609.0
14,160,Treino,1105.0,18.0,3.0,173.0,170.96,-3.0,1.4136362144974826,-1.4253656914893813,1461464.0
14,165,Treino,1100.0,18.0,3.0,173.0,170.66,-3.0,1.2553558727894403,-0.060754847988873095,1456319.0
14,170,Treino,1095.0,18.0,3.0,173.0,170.36,-3.0,0.984782167977948,3.973746776273231,1451174.0
14,175,Treino,1090.0,18.0,3.0,173.0,170.06,-3.0,0.4242640687119288,49.999999999999844,1446029.0
14,180,Treino,1085.0,18.0,0.0,170.0,170.0,0.0,0.0,0.0,1445000.0
14,185,Treino,1080.0,18.0,0.0,170.0,170.0,0.0,0.0,0.0,1445000.0
14,190,Treino,1075.0,18.0,0.0,170.0,170.0,0.0,0.0,0.0,1445000.0
14,195,Treino,1070.0,18.0,0.0,170.0,170.0,0.0,0.0,0.0,1445000.0
14,200,Treino,1065.0,18.0,0.0,170.0,170.0,0.0,0.0,0.0,1445000.0
14,205,Treino,1060.0,18.0,0.0,170.0,170.0,0.0,0.0,0.0,1445000.0
14,210,Treino,1055.0,18.0,0.0,170.0,170.0,0.0,0.0,0.0,1445000.0
14,215,Treino,1050.0,18.0,0.0,170.0,170.0,0.0,0.0,0.0,1445000.0
14,220,Treino,1045.0,18.0,0.0,170.0,170.0,0.0,0.0,0.0,1445000.0
14,225,Treino,1040.0,18.0,0.0,170.0,170.0,0.0,0.0,0.0,1445000.0
14,230,Treino,1035.0,18.0,0.0,170.0,170.0,0.0,0.0,0.0,1445000.0
14,235,Treino,1030.0,18.0,0.0,170.0,170.0,0.0,0.0,0.0,1445000.0
14,240,Treino,1025.0,18.0,0.0,170.0,170.0,0.0,0.0,0.0,1445000.0
14,245,Treino,1020.0,18.0,0.0,170.0,170.0,0.0,0.0,0.0,1445000.0
14,250,Treino,1015.0,18.0,0.0,170.0,170.0,0.0,0.0,0.0,1445000.0
14,255,Treino,1010.0,18.0,0.0,170.0,170.0,0.0,0.0,0.0,1445000.0
14,260,Treino,1005.0,18.0,0.0,170.0,170.0,0.0,0.0,0.0,1445000.0
14,265,Treino,1000.0,24.0,6.0,170.0,169.4,-6.0,1.818274580193979,5.79196217494094,1434980.0
14,270,Treino,995.0,24.0,6.0,170.0,168.8,-6.0,2.4243661069253055,0.40724734042556276,1424960.0
14,275,Treino,990.0,24.0,6.0,170.0,168.2,-6.0,2.7774602993176547,-1.2411347517730658,1414940.0
14,280,Treino,985.0,24.0,6.0,170.0,167.6,-6.0,2.969229955832362,-1.9004875886524863,1404920.0
14,285,Treino,980.0,24.0,6.0,170.0,167.0,-6.0,3.0304576336566322,-2.085106382978723,1394900.0
14,290,Treino,975.0,24.0,6.0,170.0,166.4,-6.0,2.969229955832363,-1.900487588652486,1384880.0
14,295,Treino,970.0,24.0,6.0,170.0,165.8,-6.0,2.7774602993176574,-1.2411347517730655,1374860.0
14,300,Treino,965.0,24.0,6.0,170.0,165.2,-6.0,2.4243661069253077,0.40724734042556365,1364840.0
14,305,Treino,960.0,24.0,6.0,170.0,164.6,-6.0,1.8182745801939773,5.791962174940942,1354820.0
14,310,Treino,955.0,24.0,0.0,164.0,164.0,0.0,0.0,0.0,1344800.0
14,315,Treino,950.0,24.0,0.0,164.0,164.0,0.0,0.0,0.0,1344800.0
14,320,Treino,945.0,24.0,0.0,164.0,164.0,0.0,0.0,0.0,1344800.0
14,325,Treino,940.0,24.0,0.0,164.0,164.0,0.0,0.0,0.0,1344800.0
14,330,Treino,935.0,24.0,0.0,164.0,164.0,0.0,0.0,0.0,1344800.0
14,335,Treino,930.0,24.0,0.0,164.0,164.0,0.0,0.0,0.0,1344800.0
14,340,Treino,925.0,24.0,0.0,164.0,164.0,0.0,0.0,0.0,1344800.0
14,345,Treino,920.0,24.0,0.0,164.0,164.0,0.0,0.0,0.0,1344800.0
14,350,Treino,915.0,24.0,0.0,164.0,164.0,0.0,0.0,0.0,1344800.0
14,355,Treino,910.0,24.0,0.0,164.0,164.0,0.0,0.0,0.0,1344800.0
14,360,Treino,905.0,24.0,0.0,164.0,164.0,0.0,0.0,0.0,1344800.0
14,365,Treino,900.0,24.0,0.0,164.0,164.0,0.0,0.0,0.0,1344800.0
14,370,Treino,895.0,24.0,0.0,164.0,164.0,0.0,0.0,0.0,1344800.0
14,375,Treino,890.0,24.0,0.0,164.0,164.0,0.0,0.0,0.0,1344800.0
14,380,Treino,885.0,24.0,0.0,164.0,164.0,0.0,0.0,0.0,1344800.0
14,385,Treino,880.0,24.0,0.0,164.0,164.0,0.0,0.0,0.0,1344800.0
14,390,Treino,875.0,24.0,0.0,164.0,164.0,0.0,0.0,0.0,1344800.0
14,395,Treino,870.0,33.0,9.0,164.0,163.46,-9.0,2.159081437338857,13.124339821940609,1336187.0
14,400,Treino,865.0,33.0,9.0,164.0,162.56,-9.0,3.3329523591811854,1.7259530141844017,1321832.0
14,405,Treino,860.0,33.0,9.0,164.0,161.66,-9.0,3.9877874792410695,-0.7586145884018269,1307477.0
14,410,Treino,855.0,33.0,9.0,164.0,160.76,-9.0,4.363858992465549,-1.7081763445626532,1293122.0
14,415,Treino,850.0,33.0,9.0,164.0,159.86,-9.0,4.531116905152994,-2.0565662795079973,1278767.0
14,420,Treino,845.0,33.0,9.0,164.0,158.96,-9.0,4.512838827801667,-2.0203699226305627,1264412.0
14,425,Treino,840.0,33.0,9.0,164.0,158.06,-9.0,4.306663086285659,-1.5796260477111557,1250057.0
14,430,Treino,835.0,33.0,9.0,164.0,157.16,-9.0,3.882771995282105,-0.44297079134004713,1235702.0
14,435,Treino,830.0,33.0,9.0,164.0,156.26,-9.0,3.1545884947847873,2.6843146956952237,1221347.0
14,440,Treino,825.0,33.0,9.0,164.0,155.36,-9.0,1.7815379734994168,22.330729166666504,1206992.0
14,445,Treino,820.0,33.0,0.0,155.0,155.0,0.0,0.0,0.0,1201250.0
14,450,Treino,815.0,36.0,3.0,155.0,154.7,-3.0,0.9091372900969897,5.79196217494075,1196645.0
14,455,Treino,810.0,36.0,3.0,155.0,154.4,-3.0,1.2121830534626528,0.40724734042556276,1192040.0
14,460,Treino,805.0,36.0,3.0,155.0,154.1,-3.0,1.3887301496588274,-1.2411347517730658,1187435.0
14,465,Treino,800.0,36.0,3.0,155.0,153.8,-3.0,1.48461497791618,-1.9004875886524681,1182830.0
14,470,Treino,795.0,36.0,3.0,155.0,153.5,-3.0,1.5152288168283161,-2.085106382978723,1178225.0
14,475,Treino,790.0,36.0,3.0,155.0,153.2,-3.0,1.4846149779161797,-1.9004875886524681,1173620.0
14,480,Treino,785.0,36.0,3.0,155.0,152.9,-3.0,1.3887301496588287,-1.2411347517730655,1169015.0
14,485,Treino,780.0,36.0,3.0,155.0,152.6,-3.0,1.2121830534626539,0.40724734042556365,1164410.0
14,490,Treino,775.0,36.0,3.0,155.0,152.3,-3.0,0.909137290096988,5.791962174940748,1159805.0
14,495,Treino,770.0,36.0,0.0,152.0,152.0,0.0,0.0,0.0,1155200.0
14,500,Treino,765.0,36.0,0.0,152.0,152.0,0.0,0.0,0.0,1155200.0
14,505,Treino,760.0,36.0,0.0,152.0,152.0,0.0,0.0,0.0,1155200.0
14,510,Treino,755.0,36.0,0.0,152.0,152.0,0.0,0.0,0.0,1155200.0
14,515,Treino,750.0,42.0,6.0,152.0,151.4,-6.0,1.818274580193979,5.79196217494094,1146260.0
14,520,Treino,745.0,42.0,6.0,152.0,150.8,-6.0,2.4243661069253055,0.40724734042556276,1137320.0
14,525,Treino,740.0,42.0,6.0,152.0,150.2,-6.0,2.7774602993176547,-1.2411347517730658,1128380.0
14,530,Treino,735.0,42.0,6.0,152.0,149.6,-6.0,2.969229955832362,-1.9004875886524863,1119440.0
14,535,Treino,730.0,42.0,6.0,152.0,149.0,-6.0,3.0304576336566322,-2.085106382978723,1110500.0
14,540,Treino,725.0,42.0,6.0,152.0,148.4,-6.0,2.969229955832363,-1.900487588652486,1101560.0
14,545,Treino,720.0,42.0,6.0,152.0,147.8,-6.0,2.7774602993176574,-1.2411347517730655,1092620.0
14,550,Treino,715.0,56.0,20.0,152.0,146.92,-20.0,3.2377871001846983,8.612203569048505,1079788.0
14,555,Treino,710.0,56.0,20.0,152.0,144.92,-20.0,5.1461893966431544,2.7208711846649107,1051388.0
14,560,Treino,705.0,56.0,14.0,146.0,142.92,-14.0,5.858327406350725,-0.06075484798890507,1022988.0
14,565,Treino,700.0,56.0,14.0,146.0,141.52,-14.0,6.596969000988258,-1.4253656914893558,1003528.0
14,570,Treino,695.0,56.0,14.0,146.0,140.12,-14.0,6.97997134664606,-1.968696502812423,984068.0
14,575,Treino,690.0,56.0,14.0,146.0,138.72,-14.0,7.065408693062277,-2.078005660120021,964608.0
14,580,Treino,685.0,56.0,14.0,146.0,137.32,-14.0,6.86440092069221,-1.8142903587038963,945148.0
14,585,Treino,680.0,56.0,14.0,146.0,135.92,-14.0,6.349803146555017,-1.0213504728132303,925688.0
14,590,Treino,675.0,56.0,14.0,146.0,134.52,-14.0,5.4332310828824495,0.9888715908435497,906228.0
14,595,Treino,670.0,56.0,14.0,146.0,133.12,-14.0,3.8366652186501784,8.534487742830704,886768.0
14,600,Treino,665.0,57.0,1.0,132.0,131.9,-1.0,0.30304576336566325,5.7919621749411245,869885.0
14,605,Treino,660.0,57.0,1.0,132.0,131.8,-1.0,0.40406101782088427,0.40724734042572086,868570.0
14,610,Treino,655.0,57.0,1.0,132.0,131.7,-1.0,0.46291004988627577,-1.2411347517731453,867255.0
14,615,Treino,650.0,57.0,1.0,132.0,131.6,-1.0,0.49487165930539334,-1.900487588652503,865940.0
14,620,Treino,645.0,57.0,1.0,132.0,131.5,-1.0,0.5050762722761054,-2.085106382978723,864625.0
14,625,Treino,640.0,57.0,1.0,132.0,131.4,-1.0,0.49487165930539306,-1.900487588652503,863310.0
14,630,Treino,635.0,57.0,1.0,132.0,131.3,-1.0,0.4629100498862758,-1.241134751773146,861995.0
14,635,Treino,630.0,57.0,1.0,132.0,131.2,-1.0,0.40406101782088444,0.40724734042572175,860680.0
14,640,Treino,625.0,57.0,1.0,132.0,131.1,-1.0,0.3030457633656633,5.791962174941121,859365.0
14,645,Treino,620.0,72.0,15.0,131.0,129.5,-15.0,4.545686450484948,5.791962174940899,839525.0
14,650,Treino,615.0,72.0,15.0,131.0,128.0,-15.0,6.0609152673132645,0.4072473404255321,821000.0
14,655,Treino,610.0,72.0,15.0,131.0,126.5,-15.0,6.943650748294136,-1.2411347517730495,802475.0
14,660,Treino,605.0,72.0,15.0,131.0,125.0,-15.0,7.423074889580903,-1.9004875886524821,783950.0
14,665,Treino,600.0,72.0,15.0,131.0,123.5,-15.0,7.576144084141581,-2.085106382978723,765425.0
14,670,Treino,595.0,72.0,15.0,131.0,122.0,-15.0,7.423074889580903,-1.9004875886524821,746900.0
14,675,Treino,590.0,72.0,15.0,131.0,120.5,-15.0,6.943650748294136,-1.2411347517730495,728375.0
14,680,Treino,585.0,75.0,18.0,131.0,118.82,-18.0,6.19311665299072,0.34894258388343813,707789.0
14,685,Treino,580.0,75.0,18.0,131.0,117.02,-18.0,4.833936157574922,4.965773997229716,685829.0
14,690,Treino,575.0,75.0,3.0,116.0,115.22,-3.0,1.3292624930803565,-0.7586145884018265,663869.0
14,695,Treino,570.0,75.0,3.0,116.0,114.92,-3.0,1.4546196641551834,-1.7081763445626443,660434.0
14,700,Treino,565.0,75.0,3.0,116.0,114.62,-3.0,1.5103723017176647,-2.056566279507998,656999.0
14,705,Treino,560.0,75.0,3.0,116.0,114.32,-3.0,1.5042796092672197,-2.0203699226305556,653564.0
14,710,Treino,555.0,75.0,3.0,116.0,114.02,-3.0,1.4355543620952194,-1.579626047711145,650129.0
14,715,Treino,550.0,75.0,3.0,116.0,113.72,-3.0,1.2942573317607005,-0.44297079134004713,646694.0
14,720,Treino,545.0,75.0,3.0,116.0,113.42,-3.0,1.0515294982615966,2.684314695695188,643259.0
14,725,Treino,540.0,75.0,3.0,116.0,113.12,-3.0,0.593845991166473,22.33072916666648,639824.0
14,730,Treino,535.0,75.0,0.0,113.0,113.0,0.0,0.0,0.0,638450.0
14,735,Treino,530.0,75.0,0.0,113.0,113.0,0.0,0.0,0.0,638450.0
14,740,Treino,525.0,84.0,9.0,113.0,112.26,-9.0,2.537956754910516,8.667291323118674,630431.0
14,745,Treino,520.0,84.0,9.0,113.0,111.36,-9.0,3.538476554469537,1.023698856339931,620666.0
14,750,Treino,515.0,84.0,9.0,113.0,110.46,-9.0,4.116715552327549,-1.005385127154685,610901.0
14,755,Treino,510.0,84.0,9.0,113.0,109.56,-9.0,4.440812575028426,-1.8051946577752571,601136.0
14,760,Treino,505.0,84.0,9.0,113.0,108.66,-9.0,4.565218996915255,-2.072424396744925,591371.0
14,765,Treino,500.0,84.0,9.0,113.0,107.76,-9.0,4.506503237386102,-1.9655939333063528,581606.0
14,770,Treino,495.0,84.0,9.0,113.0,106.86,-9.0,4.257094918234404,-1.4250085713292135,571841.0
14,775,Treino,490.0,84.0,9.0,113.0,105.96,-9.0,3.7794287442222085,-0.06593111166041954,562076.0
14,780,Treino,485.0,84.0,9.0,113.0,105.06,-9.0,2.9651719845498317,3.944799341335318,552311.0
14,785,Treino,480.0,84.0,9.0,113.0,104.16,-9.0,1.2834901397266394,48.73198939966474,542546.0
14,790,Treino,475.0,84.0,0.0,104.0,104.0,0.0,0.0,0.0,540800.0
14,795,Treino,470.0,84.0,0.0,104.0,104.0,0.0,0.0,0.0,540800.0
14,800,Treino,465.0,87.0,3.0,104.0,103.82,-3.0,0.7196938124462856,13.124339821940389,538955.0
14,805,Treino,460.0,87.0,3.0,104.0,103.52,-3.0,1.1109841197270618,1.725953014184367,535880.0
14,810,Treino,455.0,87.0,3.0,104.0,103.22,-3.0,1.3292624930803565,-0.7586145884018265,532805.0
14,815,Treino,450.0,87.0,3.0,104.0,102.92,-3.0,1.4546196641551834,-1.7081763445626443,529730.0
14,820,Treino,445.0,87.0,3.0,104.0,102.62,-3.0,1.5103723017176647,-2.056566279507998,526655.0
14,825,Treino,440.0,87.0,3.0,104.0,102.32,-3.0,1.5042796092672197,-2.0203699226305556,523580.0
14,830,Treino,435.0,87.0,3.0,104.0,102.02,-3.0,1.4355543620952194,-1.579626047711145,520505.0
14,835,Treino,430.0,102.0,18.0,104.0,101.42,-18.0,2.5721427579640554,26.884290546872972,514625.0
14,840,Treino,425.0,102.0,18.0,104.0,99.62,-18.0,5.185891378322062,3.4788604182101333,497525.0
14,845,Treino,420.0,102.0,18.0,104.0,97.84,-18.0,6.332166022034817,-0.08075359967593343,480598.0
14,850,Treino,415.0,102.0,15.0,101.0,96.22,-15.0,7.0400892851481025,-1.4215858266509913,465343.0
14,855,Treino,410.0,102.0,15.0,101.0,94.72,-15.0,7.456102828405404,-1.96656154006097,451318.0
14,860,Treino,405.0,102.0,15.0,101.0,93.24,-15.0,7.5337607488164995,-2.075725505271368,437466.0
14,865,Treino,400.0,102.0,15.0,101.0,91.74,-15.0,7.325688656072841,-1.813639095292985,423441.0
14,870,Treino,395.0,101.0,14.0,101.0,90.26,-14.0,6.769710451107695,-1.023901503874558,409589.0
14,875,Treino,390.0,102.0,15.0,101.0,88.78,-15.0,5.789822174844966,0.9731260280485827,395737.0
14,880,Treino,385.0,117.0,30.0,101.0,86.98,-30.0,4.696894327801154,7.224865049114031,379357.0
14,885,Treino,380.0,117.0,15.0,87.0,84.32,-15.0,4.854789345773587,3.9711192927648478,356648.0
14,890,Treino,375.0,116.0,14.0,87.0,82.88,-14.0,6.139999335238946,-0.04337192200919171,345302.0
14,895,Treino,370.0,117.0,15.0,87.0,81.38,-15.0,6.942592587552196,-1.4090030304523413,333497.0
14,900,Treino,365.0,116.0,14.0,87.0,79.94,-14.0,7.327359966702379,-1.952933092072817,322151.0
14,905,Treino,360.0,117.0,15.0,87.0,78.46,-15.0,7.451092236055333,-2.0642532112350027,310519.0
14,910,Treino,355.0,117.0,15.0,87.0,76.96,-15.0,7.244871514754845,-1.8050043248661225,298714.0
14,915,Treino,350.0,117.0,15.0,87.0,75.46,-15.0,6.743734809708449,-1.0175493676306746,286939.0
14,920,Treino,345.0,117.0,16.0,87.0,73.94,-16.0,5.776129627128159,0.966742545825146,274991.0
14,925,Treino,340.0,117.0,15.0,86.0,72.4,-15.0,4.075812176482031,8.259261347661147,262902.0
14,930,Treino,335.0,117.0,0.0,72.0,71.2,0.0,0.4517539514526254,0.4847872340425301,253482.0
14,935,Treino,330.0,117.0,0.0,72.0,71.16,0.0,0.42185208743524005,1.4089297770264686,253196.0
14,940,Treino,325.0,117.0,0.0,72.0,71.1,0.0,0.3642156795423418,3.8926098451467572,252767.0
14,945,Treino,320.0,117.0,0.0,72.0,71.06,0.0,0.373073281634303,4.462955383025726,252483.0
14,950,Treino,315.0,117.0,0.0,72.0,70.98,0.0,0.31879876577744864,7.821545088325635,251913.0
14,955,Treino,310.0,117.0,0.0,72.0,70.94,0.0,0.31363569143000236,7.263462215460606,251629.0
14,960,Treino,305.0,117.0,0.0,71.0,70.9,0.0,0.3030457633656633,5.791962174941119,251345.0
14,965,Treino,300.0,117.0,0.0,71.0,70.9,0.0,0.3030457633656633,5.791962174941119,251345.0
14,970,Treino,295.0,133.0,16.0,71.0,70.58,-16.0,2.268596617348465,48.12402726995133,249329.0
14,975,Treino,290.0,133.0,16.0,71.0,69.0,-16.0,5.229430062206608,3.936740015783262,239390.0
14,980,Treino,285.0,133.0,16.0,71.0,67.4,-16.0,6.657817255846312,-0.06844430439799787,229310.0
14,985,Treino,280.0,133.0,16.0,71.0,65.8,-16.0,7.488767098332089,-1.4262755866741708,219230.0
14,990,Treino,275.0,133.0,16.0,71.0,64.2,-16.0,7.912789956643558,-1.96642186362268,209150.0
14,995,Treino,270.0,133.0,16.0,71.0,62.62,-16.0,8.015011426271657,-2.074218399876161,199211.0
14,1000,Treino,265.0,133.0,16.0,71.0,61.04,-16.0,7.795760229189996,-1.8097740543793084,189272.0
14,1005,Treino,260.0,133.0,16.0,71.0,59.46,-16.0,7.22583234383586,-1.017028431122057,179333.0
14,1010,Treino,255.0,133.0,16.0,71.0,57.88,-16.0,6.209406951865656,0.9888715908435648,169394.0
14,1015,Treino,250.0,133.0,16.0,71.0,56.28,-16.0,4.384760249885919,8.534487742830713,159314.0
14,1020,Treino,245.0,133.0,0.0,55.0,55.0,0.0,0.0,0.0,151250.0
14,1025,Treino,240.0,133.0,0.0,55.0,55.0,0.0,0.0,0.0,151250.0
14,1030,Treino,235.0,148.0,15.0,55.0,53.5,-15.0,4.545686450484948,5.791962174940899,144125.0
14,1035,Treino,230.0,148.0,15.0,55.0,52.0,-15.0,6.0609152673132645,0.4072473404255321,137000.0
14,1040,Treino,225.0,148.0,15.0,55.0,50.5,-15.0,6.943650748294136,-1.2411347517730495,129875.0
14,1045,Treino,220.0,148.0,15.0,55.0,49.0,-15.0,7.423074889580903,-1.9004875886524821,122750.0
14,1050,Treino,215.0,148.0,15.0,55.0,47.5,-15.0,7.576144084141581,-2.085106382978723,115625.0
14,1055,Treino,210.0,148.0,15.0,55.0,46.0,-15.0,7.423074889580903,-1.9004875886524821,108500.0
14,1060,Treino,205.0,148.0,15.0,55.0,44.5,-15.0,6.943650748294136,-1.2411347517730495,101375.0
14,1065,Treino,200.0,148.0,15.0,55.0,43.0,-15.0,6.0609152673132645,0.4072473404255321,94250.0
14,1070,Treino,195.0,148.0,15.0,55.0,41.5,-15.0,4.545686450484948,5.791962174940899,87125.0
14,1075,Treino,190.0,148.0,0.0,40.0,40.0,0.0,0.0,0.0,80000.0
14,1080,Treino,185.0,148.0,0.0,40.0,40.0,0.0,0.0,0.0,80000.0
14,1085,Treino,180.0,153.0,5.0,40.0,39.7,-5.0,1.1994896874104761,13.124339821940588,78875.0
14,1090,Treino,175.0,153.0,5.0,40.0,39.16,-5.0,1.952078954575854,1.9473589394950555,76862.0
14,1095,Treino,170.0,154.0,6.0,40.0,38.64,-6.0,2.3278263488078488,-0.6218041716425216,74918.0
14,1100,Treino,165.0,153.0,5.0,40.0,38.12,-5.0,2.5446221803671225,-1.608889267755712,72974.0
14,1105,Treino,160.0,153.0,5.0,40.0,37.6,-5.0,2.641891715558133,-1.981460744058728,71030.0
14,1110,Treino,155.0,153.0,5.0,40.0,37.08,-5.0,2.6329156648018905,-1.9682317763596568,69086.0
14,1115,Treino,150.0,154.0,6.0,40.0,36.54,-6.0,2.5331274531451333,-1.5624971764533888,67073.0
14,1120,Treino,145.0,156.0,8.0,40.0,35.92,-8.0,2.406114659591693,-0.49061146872011063,64796.0
14,1125,Treino,140.0,156.0,8.0,40.0,35.12,-8.0,2.237345365765931,1.0841078572483829,61916.0
14,1130,Treino,135.0,156.0,8.0,40.0,34.32,-8.0,1.7076060339981647,3.4145933418659506,59036.0
14,1135,Treino,130.0,156.0,3.0,35.0,33.82,-3.0,1.3656126680664884,-1.6341069719922865,57281.0
14,1140,Treino,125.0,156.0,3.0,35.0,33.56,-3.0,1.4308553172055907,-1.953953117102539,56414.0
14,1145,Treino,120.0,156.0,3.0,35.0,33.28,-3.0,1.4291427429028347,-1.9134669304201528,55478.0
14,1150,Treino,115.0,156.0,3.0,35.0,33.0,-3.0,1.3702375780893485,-1.4914644753247797,54542.0
14,1155,Treino,110.0,156.0,2.0,35.0,32.72,-2.0,1.2460549992775163,-0.43481215508644455,53606.0
14,1160,Treino,105.0,156.0,3.0,35.0,32.44,-3.0,1.033322361144292,2.292710092429611,52670.0
14,1165,Treino,100.0,156.0,3.0,35.0,32.18,-3.0,0.719693812446285,13.124339821940566,51803.0
14,1170,Treino,95.0,156.0,0.0,32.0,32.0,0.0,0.0,0.0,51200.0
14,1175,Treino,90.0,158.0,2.0,32.0,31.88,-2.0,0.4797958749641904,13.12433982194051,50828.0
14,1180,Treino,85.0,158.0,2.0,32.0,31.68,-2.0,0.7406560798180412,1.7259530141843946,50208.0
14,1185,Treino,80.0,158.0,2.0,32.0,31.48,-2.0,0.886174995386904,-0.7586145884018207,49588.0
14,1190,Treino,75.0,158.0,2.0,32.0,31.28,-2.0,0.9697464427701226,-1.7081763445626448,48968.0
14,1195,Treino,70.0,158.0,2.0,32.0,31.08,-2.0,1.0069148678117767,-2.056566279508001,48348.0
14,1200,Treino,65.0,158.0,2.0,32.0,30.88,-2.0,1.0028530728448146,-2.02036992263056,47728.0
14,1205,Treino,60.0,158.0,2.0,32.0,30.68,-2.0,0.9570362413968135,-1.5796260477111534,47108.0
14,1210,Treino,55.0,165.0,9.0,32.0,30.34,-9.0,1.364416598059854,16.73671127475982,46117.0
14,1215,Treino,50.0,165.0,9.0,32.0,29.4,-9.0,2.6108095546424375,3.2777819631472127,43552.0
14,1220,Treino,45.0,166.0,10.0,32.0,28.42,-10.0,3.2330563034417588,-0.011768251236292215,40897.0
14,1225,Treino,40.0,166.0,8.0,30.0,27.54,-8.0,3.63211300732221,-1.3728191987764302,38569.0
14,1230,Treino,35.0,166.0,8.0,30.0,26.74,-8.0,3.87988007388825,-1.937632230839303,36489.0
14,1235,Treino,30.0,166.0,8.0,30.0,25.94,-8.0,3.9507684605113744,-2.060847334311955,34409.0
14,1240,Treino,25.0,165.0,7.0,30.0,25.18,-7.0,3.8262786311591706,-1.8080012052995458,32419.0
14,1245,Treino,20.0,165.0,7.0,30.0,24.42,-7.0,3.534610217231187,-1.0446807464397883,30429.0
14,1250,Treino,15.0,166.0,8.0,30.0,23.64,-8.0,3.035571425209924,0.8690583759029975,28394.0
14,1255,Treino,10.0,166.0,8.0,30.0,22.84,-8.0,2.1699242909768603,7.763857444652574,26314.0
14,1260,Treino,5.0,166.0,0.0,23.0,22.2,0.0,0.40406101782088444,0.40724734042554456,24650.0
14,1265,Treino,0.0,165.0,-1.0,23.0,22.2,1.0,0.40406101782088444,0.40724734042554367,24650.0
15,50,Treino,3267.0,8.0,1.0,183.0,182.02,-1.0,0.14142135623730948,49.99999999999781,1656565.0
15,55,Treino,3262.0,8.0,0.0,182.0,182.0,0.0,0.0,0.0,1656200.0
15,60,Treino,3257.0,8.0,0.0,182.0,182.0,0.0,0.0,0.0,1656200.0
15,65,Treino,3252.0,8.0,0.0,182.0,182.0,0.0,0.0,0.0,1656200.0
15,70,Treino,3247.0,8.0,0.0,182.0,182.0,0.0,0.0,0.0,1656200.0
15,75,Treino,3242.0,8.0,0.0,182.0,182.0,0.0,0.0,0.0,1656200.0
15,80,Treino,3237.0,8.0,0.0,182.0,182.0,0.0,0.0,0.0,1656200.0
15,85,Treino,3232.0,11.0,3.0,182.0,181.7,-3.0,0.9091372900969897,5.79196217494075,1650785.0
15,90,Treino,3227.0,11.0,3.0,182.0,181.4,-3.0,1.2121830534626528,0.40724734042556276,1645370.0
15,95,Treino,3222.0,11.0,3.0,182.0,181.1,-3.0,1.3887301496588274,-1.2411347517730658,1639955.0
15,100,Treino,3217.0,11.0,3.0,182.0,180.8,-3.0,1.48461497791618,-1.9004875886524681,1634540.0
15,105,Treino,3212.0,11.0,3.0,182.0,180.5,-3.0,1.5152288168283161,-2.085106382978723,1629125.0
15,110,Treino,3207.0,11.0,3.0,182.0,180.2,-3.0,1.4846149779161797,-1.9004875886524681,1623710.0
15,115,Treino,3202.0,11.0,3.0,182.0,179.9,-3.0,1.3887301496588287,-1.2411347517730655,1618295.0
15,120,Treino,3197.0,11.0,3.0,182.0,179.6,-3.0,1.2121830534626539,0.40724734042556365,1612880.0
15,125,Treino,3192.0,11.0,3.0,182.0,179.3,-3.0,0.909137290096988,5.791962174940748,1607465.0
15,130,Treino,3187.0,11.0,0.0,179.0,179.0,0.0,0.0,0.0,1602050.0
15,135,Treino,3182.0,11.0,0.0,179.0,179.0,0.0,0.0,0.0,1602050.0
15,140,Treino,3177.0,11.0,0.0,179.0,179.0,0.0,0.0,0.0,1602050.0
15,145,Treino,3172.0,11.0,0.0,179.0,179.0,0.0,0.0,0.0,1602050.0
15,150,Treino,3167.0,11.0,0.0,179.0,179.0,0.0,0.0,0.0,1602050.0
15,155,Treino,3162.0,11.0,0.0,179.0,179.0,0.0,0.0,0.0,1602050.0
15,160,Treino,3157.0,13.0,2.0,179.0,178.8,-2.0,0.6060915267313265,5.7919621749411245,1598490.0
15,165,Treino,3152.0,13.0,2.0,179.0,178.6,-2.0,0.8081220356417685,0.4072473404254846,1594930.0
15,170,Treino,3147.0,13.0,2.0,179.0,178.4,-2.0,0.9258200997725513,-1.2411347517730256,1591370.0
15,175,Treino,3142.0,13.0,2.0,179.0,178.2,-2.0,0.9897433186107867,-1.900487588652503,1587810.0
15,180,Treino,3137.0,13.0,2.0,179.0,178.0,-2.0,1.0101525445522108,-2.085106382978723,1584250.0
15,185,Treino,3132.0,13.0,2.0,179.0,177.8,-2.0,0.9897433186107861,-1.900487588652503,1580690.0
15,190,Treino,3127.0,13.0,2.0,179.0,177.6,-2.0,0.9258200997725511,-1.2411347517730256,1577130.0
15,195,Treino,3122.0,13.0,2.0,179.0,177.4,-2.0,0.8081220356417681,0.4072473404254846,1573570.0
15,200,Treino,3117.0,13.0,2.0,179.0,177.2,-2.0,0.6060915267313266,5.791962174941121,1570010.0
15,205,Treino,3112.0,13.0,0.0,177.0,177.0,0.0,0.0,0.0,1566450.0
15,210,Treino,3107.0,13.0,0.0,177.0,177.0,0.0,0.0,0.0,1566450.0
15,215,Treino,3102.0,13.0,0.0,177.0,177.0,0.0,0.0,0.0,1566450.0
15,220,Treino,3097.0,13.0,0.0,177.0,177.0,0.0,0.0,0.0,1566450.0
15,225,Treino,3092.0,13.0,0.0,177.0,177.0,0.0,0.0,0.0,1566450.0
15,230,Treino,3087.0,13.0,0.0,177.0,177.0,0.0,0.0,0.0,1566450.0
15,235,Treino,3082.0,14.0,1.0,177.0,176.92,-1.0,0.27404751561786966,8.534487742830082,1565038.0
15,240,Treino,3077.0,14.0,1.0,177.0,176.82,-1.0,0.3880879344916036,0.9888715908434369,1563273.0
15,245,Treino,3072.0,14.0,1.0,177.0,176.72,-1.0,0.4535573676110726,-1.0213504728132494,1561508.0
15,250,Treino,3067.0,14.0,1.0,177.0,176.62,-1.0,0.49031435147801483,-1.8142903587038774,1559743.0
15,255,Treino,3062.0,14.0,1.0,177.0,176.52,-1.0,0.5046720495044487,-2.0780056601200148,1557978.0
15,260,Treino,3057.0,14.0,1.0,177.0,176.42,-1.0,0.49856938190329037,-1.9686965028123873,1556213.0
15,265,Treino,3052.0,14.0,1.0,177.0,176.32,-1.0,0.4712120714991614,-1.4253656914893116,1554448.0
15,270,Treino,3047.0,14.0,1.0,177.0,176.22,-1.0,0.4184519575964799,-0.060754847988875316,1552683.0
15,275,Treino,3042.0,14.0,1.0,177.0,176.12,-1.0,0.3282607226593159,3.9737467762732264,1550918.0
15,280,Treino,3037.0,14.0,1.0,177.0,176.02,-1.0,0.14142135623730948,49.99999999999781,1549153.0
15,285,Treino,3032.0,14.0,0.0,176.0,176.0,0.0,0.0,0.0,1548800.0
15,290,Treino,3027.0,14.0,0.0,176.0,176.0,0.0,0.0,0.0,1548800.0
15,295,Treino,3022.0,14.0,0.0,176.0,176.0,0.0,0.0,0.0,1548800.0
15,300,Treino,3017.0,14.0,0.0,176.0,176.0,0.0,0.0,0.0,1548800.0
15,305,Treino,3012.0,14.0,0.0,176.0,176.0,0.0,0.0,0.0,1548800.0
15,310,Treino,3007.0,14.0,0.0,176.0,176.0,0.0,0.0,0.0,1548800.0
15,315,Treino,3002.0,19.0,5.0,176.0,175.7,-5.0,1.1994896874104761,13.124339821940389,1543595.0
15,320,Treino,2997.0,19.0,5.0,176.0,175.2,-5.0,1.8516401995451028,1.7259530141843467,1534920.0
15,325,Treino,2992.0,19.0,5.0,176.0,174.7,-5.0,2.21543748846726,-0.7586145884018474,1526245.0
15,330,Treino,2987.0,19.0,5.0,176.0,174.2,-5.0,2.424366106925306,-1.7081763445626603,1517570.0
15,335,Treino,2982.0,19.0,5.0,176.0,173.7,-5.0,2.5172871695294425,-2.0565662795080035,1508895.0
15,340,Treino,2977.0,19.0,5.0,176.0,173.2,-5.0,2.5071326821120357,-2.0203699226305556,1500220.0
15,345,Treino,2972.0,19.0,5.0,176.0,172.7,-5.0,2.3925906034920326,-1.5796260477111397,1491545.0
15,350,Treino,2967.0,19.0,5.0,176.0,172.2,-5.0,2.157095552934499,-0.44297079134002315,1482870.0
15,355,Treino,2962.0,19.0,5.0,176.0,171.7,-5.0,1.7525491637693273,2.684314695695261,1474195.0
15,360,Treino,2957.0,19.0,5.0,176.0,171.2,-5.0,0.9897433186107853,22.330729166666924,1465520.0
15,365,Treino,2952.0,19.0,0.0,171.0,171.0,0.0,0.0,0.0,1462050.0
15,370,Treino,2947.0,19.0,0.0,171.0,171.0,0.0,0.0,0.0,1462050.0
15,375,Treino,2942.0,19.0,0.0,171.0,171.0,0.0,0.0,0.0,1462050.0
15,380,Treino,2937.0,19.0,0.0,171.0,171.0,0.0,0.0,0.0,1462050.0
15,385,Treino,2932.0,19.0,0.0,171.0,171.0,0.0,0.0,0.0,1462050.0
15,390,Treino,2927.0,19.0,0.0,171.0,171.0,0.0,0.0,0.0,1462050.0
15,395,Treino,2922.0,19.0,0.0,171.0,171.0,0.0,0.0,0.0,1462050.0
15,400,Treino,2917.0,19.0,0.0,171.0,171.0,0.0,0.0,0.0,1462050.0
15,405,Treino,2912.0,26.0,7.0,171.0,170.44,-7.0,1.9183326093250879,8.534487742830697,1452670.0
15,410,Treino,2907.0,26.0,7.0,171.0,169.74,-7.0,2.716615541441225,0.9888715908435941,1440945.0
15,415,Treino,2902.0,26.0,7.0,171.0,169.04,-7.0,3.1749015732775083,-1.021350472813249,1429220.0
15,420,Treino,2897.0,26.0,7.0,171.0,168.34,-7.0,3.432200460346101,-1.8142903587038945,1417495.0
15,425,Treino,2892.0,26.0,7.0,171.0,167.64,-7.0,3.532704346531137,-2.078005660120023,1405770.0
15,430,Treino,2887.0,26.0,7.0,171.0,166.94,-7.0,3.48998567332303,-1.9686965028124233,1394045.0
15,435,Treino,2882.0,26.0,7.0,171.0,166.24,-7.0,3.2984845004941254,-1.4253656914893724,1382320.0
15,440,Treino,2877.0,26.0,7.0,171.0,165.54,-7.0,2.9291637031753655,-0.06075484798887265,1370595.0
15,445,Treino,2872.0,26.0,7.0,171.0,164.84,-7.0,2.297825058615211,3.9737467762733605,1358870.0
15,450,Treino,2867.0,26.0,7.0,171.0,164.14,-7.0,0.9899494936611669,50.000000000000426,1347145.0
15,455,Treino,2862.0,26.0,0.0,164.0,164.0,0.0,0.0,0.0,1344800.0
15,460,Treino,2857.0,26.0,0.0,164.0,164.0,0.0,0.0,0.0,1344800.0
15,465,Treino,2852.0,26.0,0.0,164.0,164.0,0.0,0.0,0.0,1344800.0
15,470,Treino,2847.0,26.0,0.0,164.0,164.0,0.0,0.0,0.0,1344800.0
15,475,Treino,2842.0,26.0,0.0,164.0,164.0,0.0,0.0,0.0,1344800.0
15,480,Treino,2837.0,26.0,0.0,164.0,164.0,0.0,0.0,0.0,1344800.0
15,485,Treino,2832.0,26.0,0.0,164.0,164.0,0.0,0.0,0.0,1344800.0
15,490,Treino,2827.0,32.0,6.0,164.0,163.52,-6.0,1.6442850937072182,8.534487742830798,1337072.0
15,495,Treino,2822.0,32.0,6.0,164.0,162.92,-6.0,2.3285276069496215,0.9888715908435266,1327412.0
15,500,Treino,2817.0,32.0,6.0,164.0,162.32,-6.0,2.721344205666435,-1.0213504728132499,1317752.0
15,505,Treino,2812.0,32.0,6.0,164.0,161.72,-6.0,2.941886108868087,-1.8142903587038983,1308092.0
15,510,Treino,2807.0,32.0,6.0,164.0,161.12,-6.0,3.0280322970266913,-2.0780056601200214,1298432.0
15,515,Treino,2802.0,32.0,6.0,164.0,160.52,-6.0,2.991416291419738,-1.9686965028124281,1288772.0
15,520,Treino,2797.0,32.0,6.0,164.0,159.92,-6.0,2.827272428994965,-1.425365691489345,1279112.0
15,525,Treino,2792.0,32.0,6.0,164.0,159.32,-6.0,2.5107117455788805,-0.060754847988873095,1269452.0
15,530,Treino,2787.0,32.0,6.0,164.0,158.72,-6.0,1.9695643359558925,3.973746776273374,1259792.0
15,535,Treino,2782.0,32.0,6.0,164.0,158.12,-6.0,0.8485281374238576,49.999999999999844,1250132.0
15,540,Treino,2777.0,32.0,0.0,158.0,158.0,0.0,0.0,0.0,1248200.0
15,545,Treino,2772.0,32.0,0.0,158.0,158.0,0.0,0.0,0.0,1248200.0
15,550,Treino,2767.0,32.0,0.0,158.0,158.0,0.0,0.0,0.0,1248200.0
15,555,Treino,2762.0,32.0,0.0,158.0,158.0,0.0,0.0,0.0,1248200.0
15,560,Treino,2757.0,32.0,0.0,158.0,158.0,0.0,0.0,0.0,1248200.0
15,565,Treino,2752.0,32.0,0.0,158.0,158.0,0.0,0.0,0.0,1248200.0
15,570,Treino,2747.0,32.0,0.0,158.0,158.0,0.0,0.0,0.0,1248200.0
15,575,Treino,2742.0,32.0,0.0,158.0,158.0,0.0,0.0,0.0,1248200.0
15,580,Treino,2737.0,34.0,2.0,158.0,157.8,-2.0,0.6060915267313265,5.7919621749411245,1245060.0
15,585,Treino,2732.0,34.0,2.0,158.0,157.6,-2.0,0.8081220356417685,0.4072473404254846,1241920.0
15,590,Treino,2727.0,34.0,2.0,158.0,157.4,-2.0,0.9258200997725513,-1.2411347517730256,1238780.0
15,595,Treino,2722.0,34.0,2.0,158.0,157.2,-2.0,0.9897433186107867,-1.900487588652503,1235640.0
15,600,Treino,2717.0,34.0,2.0,158.0,157.0,-2.0,1.0101525445522108,-2.085106382978723,1232500.0
15,605,Treino,2712.0,34.0,2.0,158.0,156.8,-2.0,0.9897433186107861,-1.900487588652503,1229360.0
15,610,Treino,2707.0,34.0,2.0,158.0,156.6,-2.0,0.9258200997725511,-1.2411347517730256,1226220.0
15,615,Treino,2702.0,34.0,2.0,158.0,156.4,-2.0,0.8081220356417681,0.4072473404254846,1223080.0
15,620,Treino,2697.0,34.0,2.0,158.0,156.2,-2.0,0.6060915267313266,5.791962174941121,1219940.0
15,625,Treino,2692.0,34.0,0.0,156.0,156.0,0.0,0.0,0.0,1216800.0
15,630,Treino,2687.0,34.0,0.0,156.0,156.0,0.0,0.0,0.0,1216800.0
15,635,Treino,2682.0,34.0,0.0,156.0,156.0,0.0,0.0,0.0,1216800.0
15,640,Treino,2677.0,34.0,0.0,156.0,156.0,0.0,0.0,0.0,1216800.0
15,645,Treino,2672.0,34.0,0.0,156.0,156.0,0.0,0.0,0.0,1216800.0
15,650,Treino,2667.0,34.0,0.0,156.0,156.0,0.0,0.0,0.0,1216800.0
15,655,Treino,2662.0,34.0,0.0,156.0,156.0,0.0,0.0,0.0,1216800.0
15,660,Treino,2657.0,34.0,0.0,156.0,156.0,0.0,0.0,0.0,1216800.0
15,665,Treino,2652.0,34.0,0.0,156.0,156.0,0.0,0.0,0.0,1216800.0
15,670,Treino,2647.0,34.0,0.0,156.0,156.0,0.0,0.0,0.0,1216800.0
15,675,Treino,2642.0,35.0,1.0,156.0,155.9,-1.0,0.30304576336566325,5.7919621749411245,1215245.0
15,680,Treino,2637.0,35.0,1.0,156.0,155.8,-1.0,0.40406101782088427,0.40724734042572086,1213690.0
15,685,Treino,2632.0,35.0,1.0,156.0,155.7,-1.0,0.46291004988627577,-1.2411347517731453,1212135.0
15,690,Treino,2627.0,35.0,1.0,156.0,155.6,-1.0,0.49487165930539334,-1.900487588652503,1210580.0
15,695,Treino,2622.0,35.0,1.0,156.0,155.5,-1.0,0.5050762722761054,-2.085106382978723,1209025.0
15,700,Treino,2617.0,35.0,1.0,156.0,155.4,-1.0,0.49487165930539306,-1.900487588652503,1207470.0
15,705,Treino,2612.0,35.0,1.0,156.0,155.3,-1.0,0.4629100498862758,-1.241134751773146,1205915.0
15,710,Treino,2607.0,35.0,1.0,156.0,155.2,-1.0,0.40406101782088444,0.40724734042572175,1204360.0
15,715,Treino,2602.0,35.0,1.0,156.0,155.1,-1.0,0.3030457633656633,5.791962174941121,1202805.0
15,720,Treino,2597.0,35.0,0.0,155.0,155.0,0.0,0.0,0.0,1201250.0
15,725,Treino,2592.0,35.0,0.0,155.0,155.0,0.0,0.0,0.0,1201250.0
15,730,Treino,2587.0,35.0,0.0,155.0,155.0,0.0,0.0,0.0,1201250.0
15,735,Treino,2582.0,35.0,0.0,155.0,155.0,0.0,0.0,0.0,1201250.0
15,740,Treino,2577.0,35.0,0.0,155.0,155.0,0.0,0.0,0.0,1201250.0
15,745,Treino,2572.0,35.0,0.0,155.0,155.0,0.0,0.0,0.0,1201250.0
15,750,Treino,2567.0,35.0,0.0,155.0,155.0,0.0,0.0,0.0,1201250.0
15,755,Treino,2562.0,43.0,8.0,155.0,154.52,-8.0,1.9191834998567618,13.124339821940637,1194002.0
15,760,Treino,2557.0,43.0,8.0,155.0,153.72,-8.0,2.9626243192721646,1.7259530141843946,1181922.0
15,765,Treino,2552.0,43.0,8.0,155.0,152.92,-8.0,3.544699981547616,-0.7586145884018394,1169842.0
15,770,Treino,2547.0,43.0,8.0,155.0,152.12,-8.0,3.8789857710804903,-1.7081763445626448,1157762.0
15,775,Treino,2542.0,43.0,8.0,155.0,151.32,-8.0,4.027659471247107,-2.056566279508001,1145682.0
15,780,Treino,2537.0,43.0,8.0,155.0,150.52,-8.0,4.011412291379258,-2.0203699226305636,1133602.0
15,785,Treino,2532.0,43.0,8.0,155.0,149.72,-8.0,3.828144965587254,-1.5796260477111534,1121522.0
15,790,Treino,2527.0,43.0,8.0,155.0,148.92,-8.0,3.4513528846951975,-0.44297079134003114,1109442.0
15,795,Treino,2522.0,43.0,8.0,155.0,148.12,-8.0,2.804078662030929,2.6843146956951793,1097362.0
15,800,Treino,2517.0,43.0,8.0,155.0,147.32,-8.0,1.583589309777257,22.33072916666676,1085282.0
15,805,Treino,2512.0,43.0,0.0,147.0,147.0,0.0,0.0,0.0,1080450.0
15,810,Treino,2507.0,43.0,0.0,147.0,147.0,0.0,0.0,0.0,1080450.0
15,815,Treino,2502.0,43.0,0.0,147.0,147.0,0.0,0.0,0.0,1080450.0
15,820,Treino,2497.0,43.0,0.0,147.0,147.0,0.0,0.0,0.0,1080450.0
15,825,Treino,2492.0,43.0,0.0,147.0,147.0,0.0,0.0,0.0,1080450.0
15,830,Treino,2487.0,43.0,0.0,147.0,147.0,0.0,0.0,0.0,1080450.0
15,835,Treino,2482.0,43.0,0.0,147.0,147.0,0.0,0.0,0.0,1080450.0
15,840,Treino,2477.0,43.0,0.0,147.0,147.0,0.0,0.0,0.0,1080450.0
15,845,Treino,2472.0,43.0,0.0,147.0,147.0,0.0,0.0,0.0,1080450.0
15,850,Treino,2467.0,44.0,1.0,147.0,146.92,-1.0,0.27404751561786966,8.534487742830082,1079278.0
15,855,Treino,2462.0,44.0,1.0,147.0,146.82,-1.0,0.3880879344916036,0.9888715908434369,1077813.0
15,860,Treino,2457.0,44.0,1.0,147.0,146.72,-1.0,0.4535573676110726,-1.0213504728132494,1076348.0
15,865,Treino,2452.0,44.0,1.0,147.0,146.62,-1.0,0.49031435147801483,-1.8142903587038774,1074883.0
15,870,Treino,2447.0,44.0,1.0,147.0,146.52,-1.0,0.5046720495044487,-2.0780056601200148,1073418.0
15,875,Treino,2442.0,44.0,1.0,147.0,146.42,-1.0,0.49856938190329037,-1.9686965028123873,1071953.0
15,880,Treino,2437.0,44.0,1.0,147.0,146.32,-1.0,0.4712120714991614,-1.4253656914893116,1070488.0
15,885,Treino,2432.0,44.0,1.0,147.0,146.22,-1.0,0.4184519575964799,-0.060754847988875316,1069023.0
15,890,Treino,2427.0,44.0,1.0,147.0,146.12,-1.0,0.3282607226593159,3.9737467762732264,1067558.0
15,895,Treino,2422.0,44.0,1.0,147.0,146.02,-1.0,0.14142135623730948,49.99999999999781,1066093.0
15,900,Treino,2417.0,44.0,0.0,146.0,146.0,0.0,0.0,0.0,1065800.0
15,905,Treino,2412.0,44.0,0.0,146.0,146.0,0.0,0.0,0.0,1065800.0
15,910,Treino,2407.0,44.0,0.0,146.0,146.0,0.0,0.0,0.0,1065800.0
15,915,Treino,2402.0,44.0,0.0,146.0,146.0,0.0,0.0,0.0,1065800.0
15,920,Treino,2397.0,44.0,0.0,146.0,146.0,0.0,0.0,0.0,1065800.0
15,925,Treino,2392.0,44.0,0.0,146.0,146.0,0.0,0.0,0.0,1065800.0
15,930,Treino,2387.0,44.0,0.0,146.0,146.0,0.0,0.0,0.0,1065800.0
15,935,Treino,2382.0,50.0,6.0,146.0,145.64,-6.0,1.4393876248925712,13.124339821940389,1060652.0
15,940,Treino,2377.0,50.0,6.0,146.0,145.04,-6.0,2.2219682394541236,1.725953014184367,1052072.0
15,945,Treino,2372.0,50.0,6.0,146.0,144.44,-6.0,2.658524986160713,-0.7586145884018265,1043492.0
15,950,Treino,2367.0,50.0,6.0,146.0,143.84,-6.0,2.909239328310367,-1.7081763445626443,1034912.0
15,955,Treino,2362.0,50.0,6.0,146.0,143.24,-6.0,3.0207446034353294,-2.056566279507998,1026332.0
15,960,Treino,2357.0,50.0,6.0,146.0,142.64,-6.0,3.0085592185344394,-2.0203699226305556,1017752.0
15,965,Treino,2352.0,50.0,6.0,146.0,142.04,-6.0,2.8711087241904387,-1.579626047711145,1009172.0
15,970,Treino,2347.0,50.0,6.0,146.0,141.44,-6.0,2.588514663521401,-0.44297079134004713,1000592.0
15,975,Treino,2342.0,50.0,6.0,146.0,140.84,-6.0,2.103058996523193,2.684314695695188,992012.0
15,980,Treino,2337.0,50.0,6.0,146.0,140.24,-6.0,1.187691982332946,22.33072916666648,983432.0
15,985,Treino,2332.0,50.0,0.0,140.0,140.0,0.0,0.0,0.0,980000.0
15,990,Treino,2327.0,50.0,0.0,140.0,140.0,0.0,0.0,0.0,980000.0
15,995,Treino,2322.0,50.0,0.0,140.0,140.0,0.0,0.0,0.0,980000.0
15,1000,Treino,2317.0,50.0,0.0,140.0,140.0,0.0,0.0,0.0,980000.0
15,1005,Treino,2312.0,50.0,0.0,140.0,140.0,0.0,0.0,0.0,980000.0
15,1010,Treino,2307.0,50.0,0.0,140.0,140.0,0.0,0.0,0.0,980000.0
15,1015,Treino,2302.0,53.0,3.0,140.0,139.58,-3.0,1.3261883388885913,9.214415148263345,974215.0
15,1020,Treino,2297.0,55.0,5.0,140.0,139.1,-5.0,1.8653664081715133,1.2639907326474331,967611.0
15,1025,Treino,2292.0,53.0,3.0,140.0,138.64,-3.0,2.1548237297102633,-0.751139535927825,961280.0
15,1030,Treino,2287.0,55.0,5.0,140.0,138.14,-5.0,2.356146975769672,-1.6502918790144694,954405.0
15,1035,Treino,2282.0,55.0,5.0,140.0,137.64,-5.0,2.439136682332919,-1.9617443186546464,947530.0
15,1040,Treino,2277.0,55.0,5.0,140.0,137.14,-5.0,2.4160179753352113,-1.8780013720995028,940655.0
15,1045,Treino,2272.0,55.0,5.0,140.0,136.66,-5.0,2.2732696940840116,-1.352977987900585,934051.0
15,1050,Treino,2267.0,55.0,5.0,140.0,136.18,-5.0,2.0070284664912243,-0.043354189759205575,927447.0
15,1055,Treino,2262.0,55.0,5.0,140.0,135.68,-5.0,1.5576015051930276,3.729977807435567,920572.0
15,1060,Treino,2257.0,55.0,-1.0,137.0,135.16,1.0,0.5841442371503106,4.737162671632442,913428.0
15,1065,Treino,2252.0,55.0,0.0,137.0,135.08,0.0,0.3958973274443148,12.86541012161975,912338.0
15,1070,Treino,2247.0,55.0,0.0,137.0,135.06,0.0,0.373073281634303,17.037501964701327,912067.0
15,1075,Treino,2242.0,55.0,0.0,136.0,135.02,0.0,0.24660966430902953,15.063510652673099,911523.0
15,1080,Treino,2237.0,55.0,0.0,136.0,135.02,0.0,0.24660966430902953,15.063510652673099,911523.0
15,1085,Treino,2232.0,55.0,0.0,136.0,135.02,0.0,0.24660966430902953,15.063510652673099,911523.0
15,1090,Treino,2227.0,55.0,0.0,136.0,135.02,0.0,0.24660966430902953,15.063510652673099,911523.0
15,1095,Treino,2222.0,55.0,0.0,136.0,135.0,0.0,0.20203050891044214,24.5,911252.0
15,1100,Treino,2217.0,59.0,4.0,135.0,134.72,-4.0,0.9697464427701223,11.813708005503823,907520.0
15,1105,Treino,2212.0,59.0,4.0,135.0,134.32,-4.0,1.4768969123794384,1.561197552102409,902200.0
15,1110,Treino,2207.0,59.0,4.0,135.0,133.94,-4.0,1.7660055238317014,-0.7816325679945377,897149.0
15,1115,Treino,2202.0,59.0,4.0,135.0,133.54,-4.0,1.92947068981551,-1.7113276268464406,891829.0
15,1120,Treino,2197.0,59.0,4.0,135.0,133.14,-4.0,2.0001020382133774,-2.0481583006880966,886509.0
15,1125,Treino,2192.0,59.0,4.0,135.0,132.74,-4.0,1.9878200550926572,-2.0005348824768676,881189.0
15,1130,Treino,2187.0,59.0,4.0,135.0,132.34,-4.0,1.8910098802880269,-1.5421538495020977,875869.0
15,1135,Treino,2182.0,59.0,4.0,135.0,131.94,-4.0,1.695251471322297,-0.3659737282985631,870549.0
15,1140,Treino,2177.0,59.0,4.0,135.0,131.54,-4.0,1.3584204512775035,2.905413544499842,865229.0
15,1145,Treino,2172.0,59.0,3.0,135.0,131.14,-3.0,0.7001457574195917,24.54244693396676,859909.0
15,1150,Treino,2167.0,59.0,0.0,131.0,131.0,0.0,0.0,0.0,858050.0
15,1155,Treino,2162.0,59.0,0.0,131.0,131.0,0.0,0.0,0.0,858050.0
15,1160,Treino,2157.0,59.0,0.0,131.0,131.0,0.0,0.0,0.0,858050.0
15,1165,Treino,2152.0,59.0,0.0,131.0,131.0,0.0,0.0,0.0,858050.0
15,1170,Treino,2147.0,59.0,0.0,131.0,131.0,0.0,0.0,0.0,858050.0
15,1175,Treino,2142.0,59.0,0.0,131.0,131.0,0.0,0.0,0.0,858050.0
15,1180,Treino,2137.0,59.0,0.0,131.0,131.0,0.0,0.0,0.0,858050.0
15,1185,Treino,2132.0,59.0,0.0,131.0,131.0,0.0,0.0,0.0,858050.0
15,1190,Treino,2127.0,59.0,0.0,131.0,131.0,0.0,0.0,0.0,858050.0
15,1195,Treino,2122.0,65.0,6.0,131.0,130.4,-6.0,1.818274580193979,5.79196217494094,850370.0
15,1200,Treino,2117.0,65.0,6.0,131.0,129.8,-6.0,2.4243661069253055,0.40724734042556276,842690.0
15,1205,Treino,2112.0,65.0,6.0,131.0,129.2,-6.0,2.7774602993176547,-1.2411347517730658,835010.0
15,1210,Treino,2107.0,65.0,6.0,131.0,128.6,-6.0,2.969229955832362,-1.9004875886524863,827330.0
15,1215,Treino,2102.0,65.0,6.0,131.0,128.0,-6.0,3.0304576336566322,-2.085106382978723,819650.0
15,1220,Treino,2097.0,65.0,6.0,131.0,127.4,-6.0,2.969229955832363,-1.900487588652486,811970.0
15,1225,Treino,2092.0,65.0,6.0,131.0,126.8,-6.0,2.7774602993176565,-1.2411347517730456,804290.0
15,1230,Treino,2087.0,65.0,6.0,131.0,126.2,-6.0,2.424366106925304,0.407247340425525,796610.0
15,1235,Treino,2082.0,65.0,6.0,131.0,125.6,-6.0,1.8182745801939773,5.791962174940942,788930.0
15,1240,Treino,2077.0,65.0,0.0,125.0,125.0,0.0,0.0,0.0,781250.0
15,1245,Treino,2072.0,65.0,0.0,125.0,125.0,0.0,0.0,0.0,781250.0
15,1250,Treino,2067.0,65.0,0.0,125.0,125.0,0.0,0.0,0.0,781250.0
15,1255,Treino,2062.0,65.0,0.0,125.0,125.0,0.0,0.0,0.0,781250.0
15,1260,Treino,2057.0,65.0,0.0,125.0,125.0,0.0,0.0,0.0,781250.0
15,1265,Treino,2052.0,65.0,0.0,125.0,125.0,0.0,0.0,0.0,781250.0
15,1270,Treino,2047.0,65.0,0.0,125.0,125.0,0.0,0.0,0.0,781250.0
15,1275,Treino,2042.0,65.0,0.0,125.0,125.0,0.0,0.0,0.0,781250.0
15,1280,Treino,2037.0,65.0,0.0,125.0,125.0,0.0,0.0,0.0,781250.0
15,1285,Treino,2032.0,65.0,0.0,125.0,125.0,0.0,0.0,0.0,781250.0
15,1290,Treino,2027.0,65.0,0.0,125.0,125.0,0.0,0.0,0.0,781250.0
15,1295,Treino,2022.0,74.0,9.0,125.0,124.1,-9.0,2.7274118702909687,5.791962174940872,770405.0
15,1300,Treino,2017.0,74.0,9.0,125.0,123.2,-9.0,3.636549160387959,0.40724734042553745,759560.0
15,1305,Treino,2012.0,74.0,9.0,125.0,122.3,-9.0,4.166190448976481,-1.2411347517730524,748715.0
15,1310,Treino,2007.0,74.0,9.0,125.0,121.4,-9.0,4.453844933748543,-1.90048758865248,737870.0
15,1315,Treino,2002.0,74.0,9.0,125.0,120.5,-9.0,4.545686450484948,-2.085106382978723,727025.0
15,1320,Treino,1997.0,74.0,9.0,125.0,119.6,-9.0,4.453844933748539,-1.9004875886524797,716180.0
15,1325,Treino,1992.0,74.0,9.0,125.0,118.7,-9.0,4.166190448976477,-1.2411347517730515,705335.0
15,1330,Treino,1987.0,74.0,9.0,125.0,117.8,-9.0,3.636549160387961,0.4072473404255357,694490.0
15,1335,Treino,1982.0,74.0,9.0,125.0,116.9,-9.0,2.7274118702909678,5.791962174940869,683645.0
15,1340,Treino,1977.0,74.0,0.0,116.0,116.0,0.0,0.0,0.0,672800.0
15,1345,Treino,1972.0,74.0,0.0,116.0,116.0,0.0,0.0,0.0,672800.0
15,1350,Treino,1967.0,74.0,0.0,116.0,116.0,0.0,0.0,0.0,672800.0
15,1355,Treino,1962.0,74.0,0.0,116.0,116.0,0.0,0.0,0.0,672800.0
15,1360,Treino,1957.0,74.0,0.0,116.0,116.0,0.0,0.0,0.0,672800.0
15,1365,Treino,1952.0,74.0,0.0,116.0,116.0,0.0,0.0,0.0,672800.0
15,1370,Treino,1947.0,74.0,0.0,116.0,116.0,0.0,0.0,0.0,672800.0
15,1375,Treino,1942.0,74.0,0.0,116.0,116.0,0.0,0.0,0.0,672800.0
15,1380,Treino,1937.0,74.0,0.0,116.0,116.0,0.0,0.0,0.0,672800.0
15,1385,Treino,1932.0,74.0,0.0,116.0,116.0,0.0,0.0,0.0,672800.0
15,1390,Treino,1927.0,80.0,6.0,116.0,115.64,-6.0,1.4393876248925712,13.124339821940556,668732.0
15,1395,Treino,1922.0,80.0,6.0,116.0,115.04,-6.0,2.2219682394541236,1.7259530141844204,661952.0
15,1400,Treino,1917.0,80.0,6.0,116.0,114.44,-6.0,2.658524986160713,-0.7586145884018265,655172.0
15,1405,Treino,1912.0,80.0,6.0,116.0,113.84,-6.0,2.909239328310367,-1.7081763445626443,648392.0
15,1410,Treino,1907.0,80.0,6.0,116.0,113.24,-6.0,3.0207446034353316,-2.056566279508001,641612.0
15,1415,Treino,1902.0,80.0,6.0,116.0,112.64,-6.0,3.008559218534443,-2.020369922630561,634832.0
15,1420,Treino,1897.0,80.0,6.0,116.0,112.04,-6.0,2.8711087241904383,-1.5796260477111619,628052.0
15,1425,Treino,1892.0,80.0,6.0,116.0,111.44,-6.0,2.588514663521401,-0.44297079134004713,621272.0
15,1430,Treino,1887.0,80.0,6.0,116.0,110.84,-6.0,2.103058996523193,2.684314695695188,614492.0
15,1435,Treino,1882.0,80.0,6.0,116.0,110.24,-6.0,1.1876919823329428,22.330729166666742,607712.0
15,1440,Treino,1877.0,80.0,0.0,110.0,110.0,0.0,0.0,0.0,605000.0
15,1445,Treino,1872.0,80.0,0.0,110.0,110.0,0.0,0.0,0.0,605000.0
15,1450,Treino,1867.0,80.0,0.0,110.0,110.0,0.0,0.0,0.0,605000.0
15,1455,Treino,1862.0,80.0,0.0,110.0,110.0,0.0,0.0,0.0,605000.0
15,1460,Treino,1857.0,80.0,0.0,110.0,110.0,0.0,0.0,0.0,605000.0
15,1465,Treino,1852.0,80.0,0.0,110.0,110.0,0.0,0.0,0.0,605000.0
15,1470,Treino,1847.0,80.0,0.0,110.0,110.0,0.0,0.0,0.0,605000.0
15,1475,Treino,1842.0,80.0,0.0,110.0,110.0,0.0,0.0,0.0,605000.0
15,1480,Treino,1837.0,80.0,0.0,110.0,110.0,0.0,0.0,0.0,605000.0
15,1485,Treino,1832.0,85.0,5.0,110.0,109.8,-5.0,0.989743318610787,22.33072916666661,602850.0
15,1490,Treino,1827.0,85.0,5.0,110.0,109.3,-5.0,1.7525491637693285,2.6843146956951847,597475.0
15,1495,Treino,1822.0,85.0,5.0,110.0,108.8,-5.0,2.1570955529344995,-0.4429707913400591,592100.0
15,1500,Treino,1817.0,85.0,5.0,110.0,108.3,-5.0,2.3925906034920326,-1.5796260477111583,586725.0
15,1505,Treino,1812.0,85.0,5.0,110.0,107.8,-5.0,2.5071326821120343,-2.020369922630562,581350.0
15,1510,Treino,1807.0,85.0,5.0,110.0,107.3,-5.0,2.517287169529442,-2.056566279507998,575975.0
15,1515,Treino,1802.0,85.0,5.0,110.0,106.8,-5.0,2.4243661069253055,-1.7081763445626446,570600.0
15,1520,Treino,1797.0,85.0,5.0,110.0,106.3,-5.0,2.2154374884672614,-0.7586145884018172,565225.0
15,1525,Treino,1792.0,85.0,5.0,110.0,105.8,-5.0,1.8516401995451008,1.7259530141844088,559850.0
15,1530,Treino,1787.0,85.0,5.0,110.0,105.3,-5.0,1.1994896874104781,13.124339821940584,554475.0
15,1535,Treino,1782.0,85.0,0.0,105.0,105.0,0.0,0.0,0.0,551250.0
15,1540,Treino,1777.0,85.0,0.0,105.0,105.0,0.0,0.0,0.0,551250.0
15,1545,Treino,1772.0,85.0,0.0,105.0,105.0,0.0,0.0,0.0,551250.0
15,1550,Treino,1767.0,85.0,0.0,105.0,105.0,0.0,0.0,0.0,551250.0
15,1555,Treino,1762.0,85.0,0.0,105.0,105.0,0.0,0.0,0.0,551250.0
15,1560,Treino,1757.0,85.0,0.0,105.0,105.0,0.0,0.0,0.0,551250.0
15,1565,Treino,1752.0,85.0,0.0,105.0,105.0,0.0,0.0,0.0,551250.0
15,1570,Treino,1747.0,85.0,0.0,105.0,105.0,0.0,0.0,0.0,551250.0
15,1575,Treino,1742.0,85.0,0.0,105.0,105.0,0.0,0.0,0.0,551250.0
15,1580,Treino,1737.0,85.0,0.0,105.0,105.0,0.0,0.0,0.0,551250.0
15,1585,Treino,1732.0,86.0,1.0,105.0,104.94,-1.0,0.2398979374820952,13.124339821940389,550623.0
15,1590,Treino,1727.0,86.0,1.0,105.0,104.84,-1.0,0.37032803990902063,1.7259530141844728,549578.0
15,1595,Treino,1722.0,86.0,1.0,105.0,104.74,-1.0,0.44308749769345207,-0.7586145884018789,548533.0
15,1600,Treino,1717.0,86.0,1.0,105.0,104.64,-1.0,0.4848732213850613,-1.7081763445626448,547488.0
15,1605,Treino,1712.0,86.0,1.0,105.0,104.54,-1.0,0.5034574339058884,-2.056566279507991,546443.0
15,1610,Treino,1707.0,86.0,1.0,105.0,104.44,-1.0,0.5014265364224072,-2.020369922630556,545398.0
15,1615,Treino,1702.0,86.0,1.0,105.0,104.34,-1.0,0.4785181206984065,-1.5796260477111759,544353.0
15,1620,Treino,1697.0,86.0,1.0,105.0,104.24,-1.0,0.4314191105868997,-0.4429707913399876,543308.0
15,1625,Treino,1692.0,86.0,1.0,105.0,104.14,-1.0,0.3505098327538661,2.6843146956951793,542263.0
15,1630,Treino,1687.0,86.0,1.0,105.0,104.04,-1.0,0.1979486637221574,22.330729166666003,541218.0
15,1635,Treino,1682.0,86.0,0.0,104.0,104.0,0.0,0.0,0.0,540800.0
15,1640,Treino,1677.0,86.0,0.0,104.0,104.0,0.0,0.0,0.0,540800.0
15,1645,Treino,1672.0,86.0,0.0,104.0,104.0,0.0,0.0,0.0,540800.0
15,1650,Treino,1667.0,86.0,0.0,104.0,104.0,0.0,0.0,0.0,540800.0
15,1655,Treino,1662.0,86.0,0.0,104.0,104.0,0.0,0.0,0.0,540800.0
15,1660,Treino,1657.0,86.0,0.0,104.0,104.0,0.0,0.0,0.0,540800.0
15,1665,Treino,1652.0,86.0,0.0,104.0,104.0,0.0,0.0,0.0,540800.0
15,1670,Treino,1647.0,95.0,9.0,104.0,103.64,-9.0,1.7815379734994166,22.330729166666675,537218.0
15,1675,Treino,1642.0,95.0,9.0,104.0,102.74,-9.0,3.154588494784791,2.6843146956951847,528263.0
15,1680,Treino,1637.0,95.0,9.0,104.0,101.84,-9.0,3.8827719952820994,-0.44297079134004713,519308.0
15,1685,Treino,1632.0,95.0,9.0,104.0,100.94,-9.0,4.306663086285659,-1.5796260477111561,510353.0
15,1690,Treino,1627.0,95.0,9.0,104.0,100.04,-9.0,4.512838827801661,-2.020369922630559,501398.0
15,1695,Treino,1622.0,95.0,9.0,104.0,99.14,-9.0,4.531116905152994,-2.0565662795080004,492443.0
15,1700,Treino,1617.0,95.0,9.0,104.0,98.24,-9.0,4.363858992465547,-1.7081763445626434,483488.0
15,1705,Treino,1612.0,95.0,9.0,104.0,97.34,-9.0,3.9877874792410664,-0.7586145884018252,474533.0
15,1710,Treino,1607.0,95.0,9.0,104.0,96.44,-9.0,3.3329523591811836,1.7259530141844035,465578.0
15,1715,Treino,1602.0,95.0,9.0,104.0,95.54,-9.0,2.1590814373388594,13.124339821940499,456623.0
15,1720,Treino,1597.0,95.0,0.0,95.0,95.0,0.0,0.0,0.0,451250.0
15,1725,Treino,1592.0,95.0,0.0,95.0,95.0,0.0,0.0,0.0,451250.0
15,1730,Treino,1587.0,95.0,0.0,95.0,95.0,0.0,0.0,0.0,451250.0
15,1735,Treino,1582.0,95.0,0.0,95.0,95.0,0.0,0.0,0.0,451250.0
15,1740,Treino,1577.0,95.0,0.0,95.0,95.0,0.0,0.0,0.0,451250.0
15,1745,Treino,1572.0,95.0,0.0,95.0,95.0,0.0,0.0,0.0,451250.0
15,1750,Treino,1567.0,95.0,0.0,95.0,95.0,0.0,0.0,0.0,451250.0
15,1755,Treino,1562.0,95.0,0.0,95.0,95.0,0.0,0.0,0.0,451250.0
15,1760,Treino,1557.0,95.0,0.0,95.0,95.0,0.0,0.0,0.0,451250.0
15,1765,Treino,1552.0,100.0,5.0,95.0,94.8,-5.0,0.989743318610787,22.33072916666661,449400.0
15,1770,Treino,1547.0,100.0,5.0,95.0,94.3,-5.0,1.7525491637693285,2.6843146956951847,444775.0
15,1775,Treino,1542.0,100.0,5.0,95.0,93.8,-5.0,2.1570955529344995,-0.4429707913400591,440150.0
15,1780,Treino,1537.0,100.0,5.0,95.0,93.3,-5.0,2.3925906034920326,-1.5796260477111583,435525.0
15,1785,Treino,1532.0,100.0,5.0,95.0,92.8,-5.0,2.5071326821120343,-2.020369922630562,430900.0
15,1790,Treino,1527.0,100.0,5.0,95.0,92.3,-5.0,2.517287169529442,-2.056566279507998,426275.0
15,1795,Treino,1522.0,100.0,5.0,95.0,91.8,-5.0,2.4243661069253055,-1.7081763445626446,421650.0
15,1800,Treino,1517.0,100.0,5.0,95.0,91.3,-5.0,2.2154374884672614,-0.7586145884018172,417025.0
15,1805,Treino,1512.0,100.0,5.0,95.0,90.8,-5.0,1.8516401995451008,1.7259530141844088,412400.0
15,1810,Treino,1507.0,100.0,5.0,95.0,90.3,-5.0,1.1994896874104781,13.124339821940584,407775.0
15,1815,Treino,1502.0,100.0,0.0,90.0,90.0,0.0,0.0,0.0,405000.0
15,1820,Treino,1497.0,100.0,0.0,90.0,90.0,0.0,0.0,0.0,405000.0
15,1825,Treino,1492.0,100.0,0.0,90.0,90.0,0.0,0.0,0.0,405000.0
15,1830,Treino,1487.0,100.0,0.0,90.0,90.0,0.0,0.0,0.0,405000.0
15,1835,Treino,1482.0,100.0,0.0,90.0,90.0,0.0,0.0,0.0,405000.0
15,1840,Treino,1477.0,100.0,0.0,90.0,90.0,0.0,0.0,0.0,405000.0
15,1845,Treino,1472.0,100.0,0.0,90.0,90.0,0.0,0.0,0.0,405000.0
15,1850,Treino,1467.0,100.0,0.0,90.0,90.0,0.0,0.0,0.0,405000.0
15,1855,Treino,1462.0,104.0,4.0,90.0,89.76,-4.0,0.9595917499283809,13.124339821940637,402888.0
15,1860,Treino,1457.0,104.0,4.0,90.0,89.36,-4.0,1.4813121596360823,1.7259530141843946,399368.0
15,1865,Treino,1452.0,104.0,4.0,90.0,88.96,-4.0,1.772349990773808,-0.7586145884018394,395848.0
15,1870,Treino,1447.0,104.0,4.0,90.0,88.56,-4.0,1.9394928855402451,-1.7081763445626448,392328.0
15,1875,Treino,1442.0,104.0,4.0,90.0,88.16,-4.0,2.0138297356235535,-2.056566279508001,388808.0
15,1880,Treino,1437.0,104.0,4.0,90.0,87.76,-4.0,2.005706145689629,-2.0203699226305636,385288.0
15,1885,Treino,1432.0,104.0,4.0,90.0,87.36,-4.0,1.914072482793627,-1.5796260477111534,381768.0
15,1890,Treino,1427.0,104.0,4.0,90.0,86.96,-4.0,1.7256764423475988,-0.44297079134003114,378248.0
15,1895,Treino,1422.0,104.0,4.0,90.0,86.56,-4.0,1.4020393310154644,2.6843146956951793,374728.0
15,1900,Treino,1417.0,104.0,4.0,90.0,86.16,-4.0,0.7917946548886285,22.33072916666676,371208.0
15,1905,Treino,1412.0,104.0,0.0,86.0,86.0,0.0,0.0,0.0,369800.0
15,1910,Treino,1407.0,104.0,0.0,86.0,86.0,0.0,0.0,0.0,369800.0
15,1915,Treino,1402.0,104.0,0.0,86.0,86.0,0.0,0.0,0.0,369800.0
15,1920,Treino,1397.0,104.0,0.0,86.0,86.0,0.0,0.0,0.0,369800.0
15,1925,Treino,1392.0,104.0,0.0,86.0,86.0,0.0,0.0,0.0,369800.0
15,1930,Treino,1387.0,104.0,0.0,86.0,86.0,0.0,0.0,0.0,369800.0
15,1935,Treino,1382.0,104.0,0.0,86.0,86.0,0.0,0.0,0.0,369800.0
15,1940,Treino,1377.0,104.0,0.0,86.0,86.0,0.0,0.0,0.0,369800.0
15,1945,Treino,1372.0,104.0,0.0,86.0,86.0,0.0,0.0,0.0,369800.0
15,1950,Treino,1367.0,104.0,0.0,86.0,86.0,0.0,0.0,0.0,369800.0
15,1955,Treino,1362.0,108.0,4.0,86.0,85.6,-4.0,1.212183053462653,5.791962174940842,366440.0
15,1960,Treino,1357.0,108.0,4.0,86.0,85.2,-4.0,1.6162440712835373,0.40724734042554367,363080.0
15,1965,Treino,1352.0,108.0,4.0,86.0,84.84,-4.0,1.7997732283455565,-1.143787368915282,360050.0
15,1970,Treino,1347.0,108.0,4.0,86.0,84.44,-4.0,1.9394928855402451,-1.8490293065425085,356690.0
15,1975,Treino,1342.0,108.0,4.0,86.0,84.04,-4.0,1.9893594497747662,-2.05929848172304,353330.0
15,1980,Treino,1337.0,108.0,4.0,86.0,83.64,-4.0,1.956256316414137,-1.896065610576637,349970.0
15,1985,Treino,1332.0,108.0,4.0,86.0,83.24,-4.0,1.8357003890524595,-1.2661413054161819,346610.0
15,1990,Treino,1327.0,107.0,3.0,86.0,82.86,-3.0,1.6036947136827115,0.2680597596326537,343415.0
15,1995,Treino,1322.0,108.0,4.0,86.0,82.46,-4.0,1.2157134463653292,5.121808016153299,340055.0
15,2000,Treino,1317.0,108.0,0.0,83.0,82.06,0.0,0.2398979374820953,13.124339821940382,336695.0
15,2005,Treino,1312.0,108.0,0.0,83.0,82.06,0.0,0.23989793748209534,13.124339821940382,336695.0
15,2010,Treino,1307.0,108.0,1.0,83.0,82.08,-1.0,0.2740475156178697,8.534487742830796,336860.0
15,2015,Treino,1302.0,108.0,0.0,83.0,82.04,0.0,0.1979486637221574,22.330729166666003,336530.0
15,2020,Treino,1297.0,108.0,0.0,83.0,82.04,0.0,0.1979486637221574,22.330729166666003,336530.0
15,2025,Treino,1292.0,108.0,0.0,83.0,82.04,0.0,0.1979486637221574,22.330729166666003,336530.0
15,2030,Treino,1287.0,108.0,0.0,83.0,82.04,0.0,0.1979486637221574,22.330729166666003,336530.0
15,2035,Treino,1282.0,113.0,5.0,83.0,81.64,-5.0,1.3962047683280705,8.108069230601853,333350.0
15,2040,Treino,1277.0,113.0,5.0,83.0,81.12,-5.0,1.9550040450921145,0.959709704006614,329210.0
15,2045,Treino,1272.0,113.0,5.0,83.0,80.62,-5.0,2.284731931759172,-1.0229060492171693,325235.0
15,2050,Treino,1267.0,113.0,5.0,83.0,80.12,-5.0,2.4713872828921035,-1.8052373082887732,321260.0
15,2055,Treino,1262.0,113.0,6.0,83.0,79.62,-6.0,2.546626419883564,-2.0610566118617397,317285.0
15,2060,Treino,1257.0,113.0,5.0,82.0,79.1,-5.0,2.4928469095164485,-1.9686965028124204,313145.0
15,2065,Treino,1252.0,113.0,5.0,82.0,78.6,-5.0,2.3560603574958052,-1.4253656914893538,309170.0
15,2070,Treino,1247.0,113.0,5.0,82.0,78.1,-5.0,2.0922597879823996,-0.06075484798887265,305195.0
15,2075,Treino,1242.0,113.0,5.0,82.0,77.6,-5.0,1.6413036132965801,3.9737467762734138,301220.0
15,2080,Treino,1237.0,113.0,5.0,82.0,77.1,-5.0,0.7071067811865469,50.00000000000024,297245.0
15,2085,Treino,1232.0,113.0,0.0,77.0,77.0,0.0,0.0,0.0,296450.0
15,2090,Treino,1227.0,113.0,0.0,77.0,77.0,0.0,0.0,0.0,296450.0
15,2095,Treino,1222.0,113.0,0.0,77.0,77.0,0.0,0.0,0.0,296450.0
15,2100,Treino,1217.0,113.0,0.0,77.0,77.0,0.0,0.0,0.0,296450.0
15,2105,Treino,1212.0,113.0,0.0,77.0,77.0,0.0,0.0,0.0,296450.0
15,2110,Treino,1207.0,113.0,0.0,77.0,77.0,0.0,0.0,0.0,296450.0
15,2115,Treino,1202.0,119.0,6.0,77.0,76.64,-6.0,1.4393876248925712,13.124339821940556,293786.0
15,2120,Treino,1197.0,119.0,6.0,77.0,76.04,-6.0,2.2219682394541236,1.7259530141844204,289346.0
15,2125,Treino,1192.0,119.0,6.0,77.0,75.44,-6.0,2.658524986160713,-0.7586145884018265,284906.0
15,2130,Treino,1187.0,119.0,6.0,77.0,74.84,-6.0,2.909239328310367,-1.7081763445626443,280466.0
15,2135,Treino,1182.0,119.0,6.0,77.0,74.24,-6.0,3.0207446034353316,-2.056566279508001,276026.0
15,2140,Treino,1177.0,119.0,6.0,77.0,73.64,-6.0,3.008559218534443,-2.020369922630561,271586.0
15,2145,Treino,1172.0,119.0,6.0,77.0,73.04,-6.0,2.8711087241904383,-1.5796260477111619,267146.0
15,2150,Treino,1167.0,119.0,6.0,77.0,72.44,-6.0,2.588514663521401,-0.44297079134004713,262706.0
15,2155,Treino,1162.0,119.0,6.0,77.0,71.84,-6.0,2.103058996523193,2.684314695695188,258266.0
15,2160,Treino,1157.0,119.0,6.0,77.0,71.24,-6.0,1.1876919823329428,22.330729166666742,253826.0
15,2165,Treino,1152.0,119.0,0.0,71.0,71.0,0.0,0.0,0.0,252050.0
15,2170,Treino,1147.0,119.0,0.0,71.0,71.0,0.0,0.0,0.0,252050.0
15,2175,Treino,1142.0,119.0,0.0,71.0,71.0,0.0,0.0,0.0,252050.0
15,2180,Treino,1137.0,119.0,0.0,71.0,71.0,0.0,0.0,0.0,252050.0
15,2185,Treino,1132.0,119.0,0.0,71.0,71.0,0.0,0.0,0.0,252050.0
15,2190,Treino,1127.0,119.0,0.0,71.0,71.0,0.0,0.0,0.0,252050.0
15,2195,Treino,1122.0,119.0,0.0,71.0,71.0,0.0,0.0,0.0,252050.0
15,2200,Treino,1117.0,119.0,0.0,71.0,71.0,0.0,0.0,0.0,252050.0
15,2205,Treino,1112.0,122.0,3.0,71.0,70.88,-3.0,0.5938459911664722,22.330729166666515,251216.0
15,2210,Treino,1107.0,122.0,3.0,71.0,70.58,-3.0,1.0515294982615968,2.6843146956951847,249131.0
15,2215,Treino,1102.0,122.0,3.0,71.0,70.28,-3.0,1.2942573317607,-0.4429707913400476,247046.0
15,2220,Treino,1097.0,122.0,3.0,71.0,69.98,-3.0,1.4355543620952194,-1.5796260477111457,244961.0
15,2225,Treino,1092.0,122.0,3.0,71.0,69.68,-3.0,1.5042796092672202,-2.0203699226305556,242876.0
15,2230,Treino,1087.0,122.0,3.0,71.0,69.38,-3.0,1.5103723017176645,-2.056566279507998,240791.0
15,2235,Treino,1082.0,122.0,3.0,71.0,69.08,-3.0,1.4546196641551834,-1.7081763445626443,238706.0
15,2240,Treino,1077.0,122.0,3.0,71.0,68.78,-3.0,1.3292624930803567,-0.7586145884018265,236621.0
15,2245,Treino,1072.0,122.0,3.0,71.0,68.48,-3.0,1.1109841197270613,1.7259530141843697,234536.0
15,2250,Treino,1067.0,122.0,3.0,71.0,68.18,-3.0,0.7196938124462858,13.124339821940382,232451.0
15,2255,Treino,1062.0,122.0,0.0,68.0,68.0,0.0,0.0,0.0,231200.0
15,2260,Treino,1057.0,122.0,0.0,68.0,68.0,0.0,0.0,0.0,231200.0
15,2265,Treino,1052.0,122.0,0.0,68.0,68.0,0.0,0.0,0.0,231200.0
15,2270,Treino,1047.0,122.0,0.0,68.0,68.0,0.0,0.0,0.0,231200.0
15,2275,Treino,1042.0,122.0,0.0,68.0,68.0,0.0,0.0,0.0,231200.0
15,2280,Treino,1037.0,122.0,0.0,68.0,68.0,0.0,0.0,0.0,231200.0
15,2285,Treino,1032.0,122.0,0.0,68.0,68.0,0.0,0.0,0.0,231200.0
15,2290,Treino,1027.0,122.0,0.0,68.0,68.0,0.0,0.0,0.0,231200.0
15,2295,Treino,1022.0,122.0,0.0,68.0,68.0,0.0,0.0,0.0,231200.0
15,2300,Treino,1017.0,122.0,0.0,68.0,68.0,0.0,0.0,0.0,231200.0
15,2305,Treino,1012.0,127.0,5.0,68.0,67.6,-5.0,1.3702375780893485,8.534487742830652,228580.0
15,2310,Treino,1007.0,127.0,5.0,68.0,67.1,-5.0,1.9404396724580175,0.9888715908435461,225305.0
15,2315,Treino,1002.0,127.0,5.0,68.0,66.6,-5.0,2.267786838055363,-1.021350472813249,222030.0
15,2320,Treino,997.0,127.0,5.0,68.0,66.1,-5.0,2.4515717573900733,-1.8142903587039023,218755.0
15,2325,Treino,992.0,127.0,5.0,68.0,65.6,-5.0,2.5233602475222425,-2.0780056601200227,215480.0
15,2330,Treino,987.0,127.0,5.0,68.0,65.1,-5.0,2.4928469095164485,-1.9686965028124204,212205.0
15,2335,Treino,982.0,127.0,5.0,68.0,64.6,-5.0,2.3560603574958052,-1.4253656914893538,208930.0
15,2340,Treino,977.0,127.0,5.0,68.0,64.1,-5.0,2.0922597879823996,-0.06075484798887265,205655.0
15,2345,Treino,972.0,127.0,5.0,68.0,63.6,-5.0,1.64130361329658,3.9737467762733587,202380.0
15,2350,Treino,967.0,127.0,5.0,68.0,63.1,-5.0,0.7071067811865485,49.99999999999987,199105.0
15,2355,Treino,962.0,127.0,0.0,63.0,63.0,0.0,0.0,0.0,198450.0
15,2360,Treino,957.0,127.0,0.0,63.0,63.0,0.0,0.0,0.0,198450.0
15,2365,Treino,952.0,127.0,0.0,63.0,63.0,0.0,0.0,0.0,198450.0
15,2370,Treino,947.0,127.0,0.0,63.0,63.0,0.0,0.0,0.0,198450.0
15,2375,Treino,942.0,127.0,0.0,63.0,63.0,0.0,0.0,0.0,198450.0
15,2380,Treino,937.0,127.0,0.0,63.0,63.0,0.0,0.0,0.0,198450.0
15,2385,Treino,932.0,127.0,0.0,63.0,63.0,0.0,0.0,0.0,198450.0
15,2390,Treino,927.0,127.0,0.0,63.0,63.0,0.0,0.0,0.0,198450.0
15,2395,Treino,922.0,127.0,0.0,63.0,63.0,0.0,0.0,0.0,198450.0
15,2400,Treino,917.0,127.0,0.0,63.0,63.0,0.0,0.0,0.0,198450.0
15,2405,Treino,912.0,134.0,7.0,63.0,62.3,-7.0,2.121320343559643,5.791962174940883,194285.0
15,2410,Treino,907.0,134.0,7.0,63.0,61.6,-7.0,2.82842712474619,0.4072473404255361,190120.0
15,2415,Treino,902.0,134.0,7.0,63.0,60.9,-7.0,3.24037034920393,-1.241134751773051,185955.0
15,2420,Treino,897.0,134.0,7.0,63.0,60.2,-7.0,3.4641016151377544,-1.9004875886524806,181790.0
15,2425,Treino,892.0,134.0,7.0,63.0,59.5,-7.0,3.5355339059327378,-2.085106382978723,177625.0
15,2430,Treino,887.0,134.0,7.0,63.0,58.8,-7.0,3.4641016151377557,-1.9004875886524808,173460.0
15,2435,Treino,882.0,134.0,7.0,63.0,58.1,-7.0,3.2403703492039324,-1.241134751773051,169295.0
15,2440,Treino,877.0,134.0,7.0,63.0,57.4,-7.0,2.828427124746188,0.40724734042553745,165130.0
15,2445,Treino,872.0,134.0,7.0,63.0,56.7,-7.0,2.1213203435596437,5.7919621749408865,160965.0
15,2450,Treino,867.0,134.0,0.0,56.0,56.0,0.0,0.0,0.0,156800.0
15,2455,Treino,862.0,134.0,0.0,56.0,56.0,0.0,0.0,0.0,156800.0
15,2460,Treino,857.0,134.0,0.0,56.0,56.0,0.0,0.0,0.0,156800.0
15,2465,Treino,852.0,134.0,0.0,56.0,56.0,0.0,0.0,0.0,156800.0
15,2470,Treino,847.0,134.0,0.0,56.0,56.0,0.0,0.0,0.0,156800.0
15,2475,Treino,842.0,134.0,0.0,56.0,56.0,0.0,0.0,0.0,156800.0
15,2480,Treino,837.0,134.0,0.0,56.0,56.0,0.0,0.0,0.0,156800.0
15,2485,Treino,832.0,134.0,0.0,56.0,56.0,0.0,0.0,0.0,156800.0
15,2490,Treino,827.0,134.0,0.0,56.0,56.0,0.0,0.0,0.0,156800.0
15,2495,Treino,822.0,134.0,0.0,56.0,56.0,0.0,0.0,0.0,156800.0
15,2500,Treino,817.0,136.0,2.0,56.0,55.84,-2.0,0.5480950312357393,8.534487742830796,155920.0
15,2505,Treino,812.0,136.0,2.0,56.0,55.64,-2.0,0.7761758689832072,0.9888715908435737,154820.0
15,2510,Treino,807.0,136.0,2.0,56.0,55.44,-2.0,0.9071147352221453,-1.0213504728132494,153720.0
15,2515,Treino,802.0,136.0,2.0,56.0,55.24,-2.0,0.9806287029560293,-1.814290358703893,152620.0
15,2520,Treino,797.0,136.0,2.0,56.0,55.04,-2.0,1.0093440990088962,-2.078005660120022,151520.0
15,2525,Treino,792.0,136.0,2.0,56.0,54.84,-2.0,0.9971387638065792,-1.9686965028124281,150420.0
15,2530,Treino,787.0,136.0,2.0,56.0,54.64,-2.0,0.9424241429983214,-1.4253656914893644,149320.0
15,2535,Treino,782.0,136.0,2.0,56.0,54.44,-2.0,0.8369039151929598,-0.060754847988875316,148220.0
15,2540,Treino,777.0,136.0,2.0,56.0,54.24,-2.0,0.6565214453186317,3.9737467762733427,147120.0
15,2545,Treino,772.0,136.0,2.0,56.0,54.04,-2.0,0.28284271247461884,50.00000000000013,146020.0
15,2550,Treino,767.0,136.0,0.0,54.0,54.0,0.0,0.0,0.0,145800.0
15,2555,Treino,762.0,136.0,0.0,54.0,54.0,0.0,0.0,0.0,145800.0
15,2560,Treino,757.0,136.0,0.0,54.0,54.0,0.0,0.0,0.0,145800.0
15,2565,Treino,752.0,136.0,0.0,54.0,54.0,0.0,0.0,0.0,145800.0
15,2570,Treino,747.0,136.0,0.0,54.0,54.0,0.0,0.0,0.0,145800.0
15,2575,Treino,742.0,136.0,0.0,54.0,54.0,0.0,0.0,0.0,145800.0
15,2580,Treino,737.0,136.0,0.0,54.0,54.0,0.0,0.0,0.0,145800.0
15,2585,Treino,732.0,136.0,0.0,54.0,54.0,0.0,0.0,0.0,145800.0
15,2590,Treino,727.0,134.0,-2.0,56.0,54.04,2.0,0.282842712474619,50.0000000000001,146020.0
15,2595,Treino,722.0,140.0,4.0,56.0,53.72,-4.0,1.1435712054965428,7.50739498170914,144356.0
15,2600,Treino,717.0,140.0,4.0,56.0,53.32,-4.0,1.5964245765370277,0.9041130587357973,142276.0
15,2605,Treino,712.0,140.0,4.0,56.0,52.92,-4.0,1.860875370049575,-0.970180228471548,140196.0
15,2610,Treino,707.0,140.0,4.0,56.0,52.52,-4.0,2.0126132874692937,-1.7070023931085092,138116.0
15,2615,Treino,702.0,140.0,4.0,56.0,52.12,-4.0,2.076496264069328,-1.9226428836777192,136036.0
15,2620,Treino,697.0,140.0,4.0,56.0,51.72,-4.0,2.0607111908865083,-1.7475307545940808,133956.0
15,2625,Treino,692.0,140.0,4.0,56.0,51.36,-4.0,1.9562563164141378,-1.137004176432494,132080.0
15,2630,Treino,687.0,140.0,4.0,56.0,50.96,-4.0,1.7723499907738096,0.3904600777250802,130000.0
15,2635,Treino,682.0,140.0,4.0,56.0,50.56,-4.0,1.459102323977568,4.871149678116289,127920.0
15,2640,Treino,677.0,139.0,3.0,54.0,50.16,-3.0,0.6502746672423448,26.46888550425077,125822.0
15,2645,Treino,672.0,140.0,0.0,52.0,50.08,0.0,0.34046786536608514,22.599682602658305,125406.0
15,2650,Treino,667.0,140.0,0.0,52.0,50.08,0.0,0.34046786536608514,22.599682602658305,125406.0
15,2655,Treino,662.0,140.0,0.0,52.0,50.08,0.0,0.3404678653660851,22.599682602658305,125406.0
15,2660,Treino,657.0,140.0,0.0,52.0,50.08,0.0,0.340467865366085,22.599682602658305,125406.0
15,2665,Treino,652.0,140.0,0.0,52.0,50.08,0.0,0.340467865366085,22.599682602658305,125406.0
15,2670,Treino,647.0,140.0,0.0,52.0,50.08,0.0,0.34046786536608487,22.5996826026583,125406.0
15,2675,Treino,642.0,140.0,0.0,51.0,50.04,0.0,0.19794866372215722,22.33072916666676,125202.0
15,2680,Treino,637.0,140.0,0.0,51.0,50.04,0.0,0.1979486637221572,22.33072916666676,125202.0
15,2685,Treino,632.0,140.0,0.0,51.0,50.04,0.0,0.19794866372215716,22.33072916666676,125202.0
15,2690,Treino,627.0,140.0,0.0,52.0,50.04,0.0,0.282842712474619,50.000000000000114,125204.0
15,2695,Treino,622.0,147.0,7.0,52.0,49.54,-7.0,1.7520833080556835,8.297345501943633,122861.0
15,2700,Treino,617.0,146.0,6.0,52.0,48.88,-6.0,2.544622180367122,1.0848352587142722,119780.0
15,2705,Treino,612.0,147.0,7.0,52.0,48.22,-7.0,2.9985710882733088,-0.9179347134324192,116699.0
15,2710,Treino,607.0,146.0,6.0,52.0,47.6,-6.0,3.207134902949093,-1.7102171985815593,113792.0
15,2715,Treino,602.0,146.0,6.0,52.0,47.0,-6.0,3.2639027596559607,-1.974466820148253,110972.0
15,2720,Treino,597.0,146.0,6.0,52.0,46.4,-6.0,3.207134902949093,-1.8609264184397156,108152.0
15,2725,Treino,592.0,146.0,6.0,52.0,45.8,-6.0,3.030457633656634,-1.3029134751773017,105332.0
15,2730,Treino,587.0,146.0,6.0,52.0,45.2,-6.0,2.710523708715753,0.09708776595744073,102512.0
15,2735,Treino,582.0,146.0,6.0,52.0,44.6,-6.0,2.185294077254053,4.198487137521503,99692.0
15,2740,Treino,577.0,146.0,6.0,50.0,43.96,-6.0,0.9467452300446242,35.21608211990424,96668.0
15,2745,Treino,572.0,146.0,-1.0,44.0,43.86,1.0,0.35050983275386605,2.684314695695181,96191.0
15,2750,Treino,567.0,146.0,0.0,44.0,43.92,0.0,0.2740475156178697,8.534487742830796,96452.0
15,2755,Treino,562.0,146.0,-1.0,44.0,43.98,1.0,0.1414213562373097,49.99999999999929,96713.0
15,2760,Treino,557.0,146.0,0.0,44.0,44.0,0.0,0.0,0.0,96800.0
15,2765,Treino,552.0,146.0,0.0,44.0,44.0,0.0,0.0,0.0,96800.0
15,2770,Treino,547.0,146.0,0.0,44.0,44.0,0.0,0.0,0.0,96800.0
15,2775,Treino,542.0,146.0,0.0,44.0,44.0,0.0,0.0,0.0,96800.0
15,2780,Treino,537.0,152.0,6.0,44.0,43.4,-6.0,1.8182745801939795,5.791962174940888,94340.0
15,2785,Treino,532.0,152.0,6.0,44.0,42.8,-6.0,2.4243661069253055,0.40724734042552413,91880.0
15,2790,Treino,527.0,152.0,6.0,44.0,42.2,-6.0,2.7774602993176547,-1.2411347517730456,89420.0
15,2795,Treino,522.0,152.0,6.0,44.0,41.6,-6.0,2.969229955832362,-1.9004875886524817,86960.0
15,2800,Treino,517.0,152.0,6.0,44.0,41.0,-6.0,3.0304576336566322,-2.085106382978723,84500.0
15,2805,Treino,512.0,152.0,6.0,44.0,40.4,-6.0,2.9692299558323607,-1.900487588652481,82040.0
15,2810,Treino,507.0,152.0,6.0,44.0,39.8,-6.0,2.7774602993176565,-1.2411347517730456,79580.0
15,2815,Treino,502.0,152.0,6.0,44.0,39.2,-6.0,2.424366106925304,0.407247340425525,77120.0
15,2820,Treino,497.0,152.0,6.0,44.0,38.6,-6.0,1.8182745801939824,5.791962174940883,74660.0
15,2825,Treino,492.0,152.0,0.0,38.0,38.0,0.0,0.0,0.0,72200.0
15,2830,Treino,487.0,152.0,0.0,38.0,38.0,0.0,0.0,0.0,72200.0
15,2835,Treino,482.0,152.0,0.0,38.0,38.0,0.0,0.0,0.0,72200.0
15,2840,Treino,477.0,152.0,0.0,38.0,38.0,0.0,0.0,0.0,72200.0
15,2845,Treino,472.0,152.0,0.0,38.0,38.0,0.0,0.0,0.0,72200.0
15,2850,Treino,467.0,152.0,0.0,38.0,38.0,0.0,0.0,0.0,72200.0
15,2855,Treino,462.0,152.0,0.0,38.0,38.0,0.0,0.0,0.0,72200.0
15,2860,Treino,457.0,152.0,0.0,38.0,38.0,0.0,0.0,0.0,72200.0
15,2865,Treino,452.0,152.0,0.0,38.0,38.0,0.0,0.0,0.0,72200.0
15,2870,Treino,447.0,152.0,0.0,38.0,38.0,0.0,0.0,0.0,72200.0
15,2875,Treino,442.0,155.0,3.0,38.0,37.76,-3.0,0.8221425468536091,8.53448774283068,71324.0
15,2880,Treino,437.0,155.0,3.0,38.0,37.46,-3.0,1.1642638034748107,0.9888715908435737,70229.0
15,2885,Treino,432.0,155.0,3.0,38.0,37.16,-3.0,1.3606721028332176,-1.0213504728132499,69134.0
15,2890,Treino,427.0,155.0,3.0,38.0,36.86,-3.0,1.4709430544340436,-1.8142903587038983,68039.0
15,2895,Treino,422.0,155.0,3.0,38.0,36.56,-3.0,1.5140161485133456,-2.0780056601200214,66944.0
15,2900,Treino,417.0,155.0,3.0,38.0,36.26,-3.0,1.4957081457098698,-1.9686965028124213,65849.0
15,2905,Treino,412.0,155.0,3.0,38.0,35.96,-3.0,1.4136362144974826,-1.4253656914893638,64754.0
15,2910,Treino,407.0,155.0,3.0,38.0,35.66,-3.0,1.2553558727894403,-0.060754847988873095,63659.0
15,2915,Treino,402.0,155.0,3.0,38.0,35.36,-3.0,0.9847821679779463,3.973746776273374,62564.0
15,2920,Treino,397.0,155.0,3.0,38.0,35.06,-3.0,0.4242640687119288,49.999999999999844,61469.0
15,2925,Treino,392.0,155.0,0.0,35.0,35.0,0.0,0.0,0.0,61250.0
15,2930,Treino,387.0,155.0,0.0,35.0,35.0,0.0,0.0,0.0,61250.0
15,2935,Treino,382.0,155.0,0.0,35.0,35.0,0.0,0.0,0.0,61250.0
15,2940,Treino,377.0,155.0,0.0,35.0,35.0,0.0,0.0,0.0,61250.0
15,2945,Treino,372.0,155.0,0.0,35.0,35.0,0.0,0.0,0.0,61250.0
15,2950,Treino,367.0,155.0,0.0,35.0,35.0,0.0,0.0,0.0,61250.0
15,2955,Treino,362.0,164.0,9.0,35.0,34.64,-9.0,1.7815379734994166,22.330729166666675,60152.0
15,2960,Treino,357.0,164.0,9.0,35.0,33.74,-9.0,3.1545884947847904,2.684314695695207,57407.0
15,2965,Treino,352.0,164.0,9.0,35.0,32.84,-9.0,3.8827719952820994,-0.44297079134004713,54662.0
15,2970,Treino,347.0,164.0,9.0,35.0,31.94,-9.0,4.306663086285658,-1.579626047711153,51917.0
15,2975,Treino,342.0,164.0,9.0,35.0,31.04,-9.0,4.512838827801664,-2.0203699226305614,49172.0
15,2980,Treino,337.0,164.0,9.0,35.0,30.14,-9.0,4.531116905152994,-2.0565662795080004,46427.0
15,2985,Treino,332.0,164.0,9.0,35.0,29.24,-9.0,4.363858992465554,-1.7081763445626468,43682.0
15,2990,Treino,327.0,164.0,9.0,35.0,28.34,-9.0,3.9877874792410672,-0.7586145884018229,40937.0
15,2995,Treino,322.0,164.0,9.0,35.0,27.44,-9.0,3.3329523591811876,1.725953014184391,38192.0
15,3000,Treino,317.0,164.0,9.0,35.0,26.54,-9.0,2.1590814373388545,13.124339821940545,35447.0
15,3005,Treino,312.0,164.0,0.0,26.0,26.0,0.0,0.0,0.0,33800.0
15,3010,Treino,307.0,164.0,0.0,26.0,26.0,0.0,0.0,0.0,33800.0
15,3015,Treino,302.0,164.0,0.0,26.0,26.0,0.0,0.0,0.0,33800.0
15,3020,Treino,297.0,164.0,0.0,26.0,26.0,0.0,0.0,0.0,33800.0
15,3025,Treino,292.0,164.0,0.0,26.0,26.0,0.0,0.0,0.0,33800.0
15,3030,Treino,287.0,164.0,0.0,26.0,26.0,0.0,0.0,0.0,33800.0
15,3035,Treino,282.0,164.0,0.0,26.0,26.0,0.0,0.0,0.0,33800.0
15,3040,Treino,277.0,164.0,0.0,26.0,26.0,0.0,0.0,0.0,33800.0
15,3045,Treino,272.0,167.0,3.0,26.0,25.88,-3.0,0.5938459911664722,22.33072916666663,33506.0
15,3050,Treino,267.0,167.0,3.0,26.0,25.58,-3.0,1.0515294982615968,2.6843146956951847,32771.0
15,3055,Treino,262.0,167.0,3.0,26.0,25.28,-3.0,1.2942573317607,-0.4429707913400476,32036.0
15,3060,Treino,257.0,167.0,3.0,26.0,24.98,-3.0,1.4355543620952191,-1.579626047711153,31301.0
15,3065,Treino,252.0,167.0,3.0,26.0,24.68,-3.0,1.5042796092672215,-2.020369922630561,30566.0
15,3070,Treino,247.0,167.0,3.0,26.0,24.38,-3.0,1.510372301717665,-2.056566279508,29831.0
15,3075,Treino,242.0,167.0,3.0,26.0,24.08,-3.0,1.4546196641551834,-1.7081763445626443,29096.0
15,3080,Treino,237.0,167.0,3.0,26.0,23.78,-3.0,1.3292624930803567,-0.7586145884018265,28361.0
15,3085,Treino,232.0,167.0,3.0,26.0,23.48,-3.0,1.110984119727063,1.7259530141843937,27626.0
15,3090,Treino,227.0,167.0,3.0,26.0,23.18,-3.0,0.719693812446285,13.124339821940566,26891.0
15,3095,Treino,222.0,167.0,0.0,23.0,23.0,0.0,0.0,0.0,26450.0
15,3100,Treino,217.0,167.0,0.0,23.0,23.0,0.0,0.0,0.0,26450.0
15,3105,Treino,212.0,167.0,0.0,23.0,23.0,0.0,0.0,0.0,26450.0
15,3110,Treino,207.0,167.0,0.0,23.0,23.0,0.0,0.0,0.0,26450.0
15,3115,Treino,202.0,167.0,0.0,23.0,23.0,0.0,0.0,0.0,26450.0
15,3120,Treino,197.0,167.0,0.0,23.0,23.0,0.0,0.0,0.0,26450.0
15,3125,Treino,192.0,167.0,0.0,23.0,23.0,0.0,0.0,0.0,26450.0
15,3130,Treino,187.0,167.0,0.0,23.0,23.0,0.0,0.0,0.0,26450.0
15,3135,Treino,182.0,167.0,0.0,23.0,23.0,0.0,0.0,0.0,26450.0
15,3140,Treino,177.0,167.0,0.0,23.0,23.0,0.0,0.0,0.0,26450.0
15,3145,Treino,172.0,173.0,6.0,23.0,22.76,-6.0,1.1876919823329444,22.33072916666669,25970.0
15,3150,Treino,167.0,173.0,6.0,23.0,22.2,-6.0,2.0101781827814698,2.8760363141407597,24840.0
15,3155,Treino,162.0,173.0,6.0,23.0,21.66,-6.0,2.4210808852785615,-0.2919913271783754,23745.0
15,3160,Treino,157.0,172.0,5.0,23.0,21.16,-5.0,2.6136220859495474,-1.4163301512095106,22722.0
15,3165,Treino,152.0,172.0,5.0,23.0,20.66,-5.0,2.700037792630439,-1.8818691999902215,21699.0
15,3170,Treino,147.0,172.0,5.0,23.0,20.14,-5.0,2.70305949106654,-1.9704472034782834,20639.0
15,3175,Treino,142.0,171.0,4.0,23.0,19.66,-4.0,2.5841747587331385,-1.6820774930698867,19653.0
15,3180,Treino,137.0,171.0,4.0,23.0,19.2,-4.0,2.347382389307855,-0.9060988529901048,18702.0
15,3185,Treino,132.0,172.0,5.0,23.0,18.7,-5.0,1.9820624179302304,1.0414348514155103,17677.0
15,3190,Treino,127.0,172.0,5.0,23.0,18.22,-5.0,1.359621796151941,7.561829774324014,16689.0
15,3195,Treino,122.0,171.0,-2.0,19.0,18.0,2.0,0.6060915267313265,-0.1158392434988178,16218.0
15,3200,Treino,117.0,172.0,-1.0,19.0,18.08,1.0,0.5656854249492377,0.26019051237516333,16360.0
15,3205,Treino,112.0,171.0,-1.0,19.0,18.18,1.0,0.5602477586036446,0.007316335951611297,16541.0
15,3210,Treino,107.0,172.0,0.0,19.0,18.16,0.0,0.5480950312357397,0.1913061703133172,16504.0
15,3215,Treino,102.0,171.0,-1.0,19.0,18.2,1.0,0.5345224838248487,0.08510638297872442,16576.0
15,3220,Treino,97.0,171.0,-1.0,19.0,18.3,1.0,0.5439837932759934,-0.5466896045740883,16759.0
15,3225,Treino,92.0,173.0,1.0,19.0,18.28,-1.0,0.5728553615932405,-0.44973508924099637,16724.0
15,3230,Treino,87.0,176.0,4.0,19.0,17.96,-4.0,1.3086837132112898,8.418874059102682,16212.0
15,3235,Treino,82.0,176.0,5.0,19.0,17.56,-5.0,1.7746514460879468,1.2124196512166776,15572.0
15,3240,Treino,77.0,176.0,4.0,19.0,17.14,-4.0,2.0504852586444913,-0.7978441657885815,14895.0
15,3245,Treino,72.0,176.0,4.0,19.0,16.7,-4.0,2.1969366427470995,-1.5990236287955901,14181.0
15,3250,Treino,67.0,176.0,5.0,19.0,16.28,-5.0,2.2681467756559233,-1.8717599082644687,13504.0
15,3255,Treino,62.0,176.0,4.0,19.0,15.8,-4.0,2.231499907401902,-1.7512445536260564,12726.0
15,3260,Treino,57.0,176.0,4.0,19.0,15.42,-4.0,2.1767791222213564,-1.2802101736912965,12121.0
15,3265,Treino,52.0,176.0,4.0,19.0,14.96,-4.0,1.968735220223112,-0.025740101204681398,11380.0
15,3270,Treino,47.0,176.0,5.0,19.0,14.48,-5.0,1.4879104647190333,3.383500673658885,10592.0
15,3275,Treino,42.0,176.0,4.0,18.0,14.08,-4.0,0.8533248298896041,17.5897536857213,9948.0
15,3280,Treino,37.0,177.0,1.0,14.0,13.94,-1.0,0.2398979374820952,13.124339821940513,9719.0
15,3285,Treino,32.0,176.0,0.0,14.0,13.9,0.0,0.3642156795423418,16.477275588568567,9667.0
15,3290,Treino,27.0,176.0,0.0,14.0,13.88,0.0,0.3854496446637727,12.378430693692582,9640.0
15,3295,Treino,22.0,176.0,0.0,14.0,13.88,0.0,0.38544964466377274,12.378430693692577,9640.0
15,3300,Treino,17.0,176.0,0.0,14.0,13.86,0.0,0.4045657788144657,9.483090438068862,9613.0
15,3305,Treino,12.0,176.0,0.0,14.0,13.86,0.0,0.40456577881446576,9.483090438068862,9613.0
15,3310,Treino,7.0,176.0,0.0,14.0,13.82,0.0,0.48191793695522867,7.178157489038254,9561.0
15,3315,Treino,2.0,176.0,0.0,14.0,13.84,0.0,0.4677344441069971,8.8295287712754,9588.0
16,50,Treino,716.0,21.0,15.0,182.0,167.3,-15.0,2.121320343559642,49.99999999999983,1399685.0
16,55,Treino,711.0,21.0,0.0,167.0,167.0,0.0,0.0,0.0,1394450.0
16,60,Treino,706.0,30.0,9.0,167.0,166.28,-9.0,2.4664276405608274,8.53448774283072,1382750.0
16,65,Treino,701.0,30.0,9.0,167.0,165.38,-9.0,3.492791410424432,0.9888715908435586,1368125.0
16,70,Treino,696.0,30.0,9.0,167.0,164.48,-9.0,4.082016308499655,-1.0213504728132499,1353500.0
16,75,Treino,691.0,30.0,9.0,167.0,163.58,-9.0,4.412829163302131,-1.8142903587038908,1338875.0
16,80,Treino,686.0,30.0,9.0,167.0,162.68,-9.0,4.542048445540035,-2.0780056601200214,1324250.0
16,85,Treino,681.0,30.0,9.0,167.0,161.78,-9.0,4.487124437129611,-1.9686965028124241,1309625.0
16,90,Treino,676.0,30.0,9.0,167.0,160.88,-9.0,4.240908643492453,-1.4253656914893573,1295000.0
16,95,Treino,671.0,30.0,9.0,167.0,159.98,-9.0,3.766067618368324,-0.06075484798887398,1280375.0
16,100,Treino,666.0,30.0,9.0,167.0,159.08,-9.0,2.9543465039338406,3.973746776273331,1265750.0
16,105,Treino,661.0,30.0,9.0,167.0,158.18,-9.0,1.2727922061357828,49.99999999999986,1251125.0
16,110,Treino,656.0,30.0,0.0,158.0,158.0,0.0,0.0,0.0,1248200.0
16,115,Treino,651.0,39.0,9.0,158.0,157.46,-9.0,2.159081437338857,13.124339821940609,1239911.0
16,120,Treino,646.0,39.0,9.0,158.0,156.56,-9.0,3.3329523591811854,1.7259530141844017,1226096.0
16,125,Treino,641.0,39.0,9.0,158.0,155.66,-9.0,3.9877874792410695,-0.7586145884018269,1212281.0
16,130,Treino,636.0,39.0,9.0,158.0,154.76,-9.0,4.363858992465549,-1.7081763445626532,1198466.0
16,135,Treino,631.0,39.0,9.0,158.0,153.86,-9.0,4.531116905152994,-2.0565662795079973,1184651.0
16,140,Treino,626.0,39.0,9.0,158.0,152.96,-9.0,4.512838827801667,-2.0203699226305627,1170836.0
16,145,Treino,621.0,39.0,9.0,158.0,152.06,-9.0,4.306663086285659,-1.5796260477111557,1157021.0
16,150,Treino,616.0,39.0,9.0,158.0,151.16,-9.0,3.882771995282105,-0.44297079134004713,1143206.0
16,155,Treino,611.0,48.0,18.0,158.0,149.36,-18.0,4.438973957562529,1.404829976989726,1116386.0
16,160,Treino,606.0,48.0,18.0,158.0,147.56,-18.0,4.209609996962974,0.9640031720565174,1089566.0
16,165,Treino,601.0,48.0,9.0,149.0,146.3,-9.0,4.166190448976482,-1.2411347517730393,1071035.0
16,170,Treino,596.0,48.0,9.0,149.0,145.4,-9.0,4.453844933748543,-1.90048758865248,1058030.0
16,175,Treino,591.0,48.0,9.0,149.0,144.5,-9.0,4.545686450484948,-2.085106382978723,1045025.0
16,180,Treino,586.0,48.0,9.0,149.0,143.6,-9.0,4.453844933748539,-1.9004875886524797,1032020.0
16,185,Treino,581.0,48.0,9.0,149.0,142.7,-9.0,4.166190448976484,-1.2411347517730391,1019015.0
16,190,Treino,576.0,48.0,9.0,149.0,141.8,-9.0,3.6365491603879545,0.407247340425513,1006010.0
16,195,Treino,571.0,48.0,9.0,149.0,140.9,-9.0,2.7274118702909678,5.791962174940869,993005.0
16,200,Treino,566.0,63.0,15.0,140.0,139.1,-15.0,3.598469062231428,13.12433982194052,968075.0
16,205,Treino,561.0,63.0,15.0,140.0,137.6,-15.0,5.554920598635308,1.7259530141843902,948200.0
16,210,Treino,556.0,63.0,15.0,140.0,136.1,-15.0,6.64631246540178,-0.7586145884018265,928325.0
16,215,Treino,551.0,63.0,15.0,140.0,134.6,-15.0,7.273098320775918,-1.7081763445626494,908450.0
16,220,Treino,546.0,63.0,15.0,140.0,133.1,-15.0,7.551861508588331,-2.056566279508001,888575.0
16,225,Treino,541.0,63.0,15.0,140.0,131.6,-15.0,7.521398046336106,-2.02036992263056,868700.0
16,230,Treino,536.0,63.0,15.0,140.0,130.1,-15.0,7.177771810476094,-1.579626047711151,848825.0
16,235,Treino,531.0,63.0,15.0,140.0,128.6,-15.0,6.471286658803503,-0.4429707913400467,828950.0
16,240,Treino,526.0,63.0,15.0,140.0,127.1,-15.0,5.257647491307993,2.684314695695212,809075.0
16,245,Treino,521.0,63.0,15.0,140.0,125.6,-15.0,2.9692299558323647,22.330729166666714,789200.0
16,250,Treino,516.0,63.0,0.0,125.0,125.0,0.0,0.0,0.0,781250.0
16,255,Treino,511.0,75.0,12.0,125.0,123.8,-12.0,3.636549160387959,5.791962174940888,766970.0
16,260,Treino,506.0,75.0,12.0,125.0,122.6,-12.0,4.848732213850611,0.40724734042552413,752690.0
16,265,Treino,501.0,75.0,12.0,125.0,121.4,-12.0,5.554920598635309,-1.2411347517730456,738410.0
16,270,Treino,496.0,75.0,12.0,125.0,120.2,-12.0,5.938459911664724,-1.9004875886524817,724130.0
16,275,Treino,491.0,75.0,12.0,125.0,119.0,-12.0,6.0609152673132645,-2.085106382978723,709850.0
16,280,Treino,486.0,75.0,12.0,125.0,117.8,-12.0,5.938459911664721,-1.900487588652481,695570.0
16,285,Treino,481.0,75.0,12.0,125.0,116.6,-12.0,5.554920598635313,-1.2411347517730456,681290.0
16,290,Treino,476.0,75.0,12.0,125.0,115.4,-12.0,4.848732213850608,0.407247340425525,667010.0
16,295,Treino,471.0,75.0,12.0,125.0,114.2,-12.0,3.6365491603879647,5.791962174940883,652730.0
16,300,Treino,466.0,81.0,6.0,113.0,112.88,-6.0,0.848528137423857,49.999999999999844,637130.0
16,305,Treino,461.0,81.0,6.0,113.0,112.28,-6.0,1.9695643359558954,3.97374677627338,630530.0
16,310,Treino,456.0,81.0,6.0,113.0,111.68,-6.0,2.5107117455788814,-0.06075484798887398,623930.0
16,315,Treino,451.0,81.0,6.0,113.0,111.08,-6.0,2.8272724289949664,-1.4253656914893633,617330.0
16,320,Treino,446.0,81.0,6.0,113.0,110.48,-6.0,2.9914162914197395,-1.9686965028124213,610730.0
16,325,Treino,441.0,81.0,6.0,113.0,109.88,-6.0,3.0280322970266917,-2.0780056601200214,604130.0
16,330,Treino,436.0,81.0,6.0,113.0,109.28,-6.0,2.9418861088680863,-1.814290358703898,597530.0
16,335,Treino,431.0,81.0,6.0,113.0,108.68,-6.0,2.7213442056664348,-1.0213504728132499,590930.0
16,340,Treino,426.0,81.0,6.0,113.0,108.08,-6.0,2.328527606949624,0.9888715908435728,584330.0
16,345,Treino,421.0,81.0,6.0,113.0,107.48,-6.0,1.6442850937072178,8.53448774283068,577730.0
16,350,Treino,416.0,81.0,0.0,107.0,107.0,0.0,0.0,0.0,572450.0
16,355,Treino,411.0,93.0,12.0,107.0,106.28,-12.0,2.8787752497851424,13.124339821940556,565178.0
16,360,Treino,406.0,93.0,12.0,107.0,105.08,-12.0,4.443936478908248,1.7259530141843946,553058.0
16,365,Treino,401.0,93.0,12.0,107.0,103.88,-12.0,5.317049972321426,-0.7586145884018265,540938.0
16,370,Treino,396.0,93.0,12.0,107.0,102.68,-12.0,5.818478656620734,-1.7081763445626443,528818.0
16,375,Treino,391.0,93.0,12.0,107.0,101.48,-12.0,6.041489206870663,-2.056566279508,516698.0
16,380,Treino,386.0,93.0,12.0,107.0,100.28,-12.0,6.017118437068886,-2.020369922630561,504578.0
16,385,Treino,381.0,93.0,12.0,107.0,99.08,-12.0,5.742217448380883,-1.579626047711153,492458.0
16,390,Treino,376.0,93.0,12.0,107.0,97.88,-12.0,5.177029327042802,-0.44297079134004713,480338.0
16,395,Treino,371.0,93.0,12.0,107.0,96.68,-12.0,4.206117993046386,2.684314695695188,468218.0
16,400,Treino,366.0,105.0,24.0,107.0,95.24,-24.0,2.959315971708352,15.063510652673308,453962.0
16,405,Treino,361.0,105.0,12.0,95.0,93.56,-12.0,3.939128671911791,3.97374677627338,438434.0
16,410,Treino,356.0,105.0,12.0,95.0,92.36,-12.0,5.021423491157764,-0.06075484798889086,427754.0
16,415,Treino,351.0,105.0,12.0,95.0,91.16,-12.0,5.654544857989933,-1.4253656914893633,417074.0
16,420,Treino,346.0,105.0,12.0,95.0,89.96,-12.0,5.982832582839478,-1.9686965028124248,406394.0
16,425,Treino,341.0,105.0,12.0,95.0,88.76,-12.0,6.056064594053379,-2.078005660120022,395714.0
16,430,Treino,336.0,105.0,12.0,95.0,87.56,-12.0,5.883772217736173,-1.814290358703898,385034.0
16,435,Treino,331.0,105.0,12.0,95.0,86.36,-12.0,5.442688411332877,-1.0213504728132397,374354.0
16,440,Treino,326.0,105.0,12.0,95.0,85.16,-12.0,4.657055213899248,0.9888715908435728,363674.0
16,445,Treino,321.0,105.0,12.0,95.0,83.96,-12.0,3.28857018741444,8.53448774283074,352994.0
16,450,Treino,316.0,120.0,15.0,83.0,81.5,-15.0,4.545686450484948,5.791962174940899,333125.0
16,455,Treino,311.0,120.0,15.0,83.0,80.0,-15.0,6.0609152673132645,0.4072473404255321,321800.0
16,460,Treino,306.0,120.0,15.0,83.0,78.5,-15.0,6.943650748294136,-1.2411347517730495,310475.0
16,465,Treino,301.0,120.0,15.0,83.0,77.0,-15.0,7.423074889580903,-1.9004875886524821,299150.0
16,470,Treino,296.0,120.0,15.0,83.0,75.5,-15.0,7.576144084141581,-2.085106382978723,287825.0
16,475,Treino,291.0,120.0,15.0,83.0,74.0,-15.0,7.423074889580903,-1.9004875886524821,276500.0
16,480,Treino,286.0,120.0,15.0,83.0,72.5,-15.0,6.943650748294136,-1.2411347517730495,265175.0
16,485,Treino,281.0,120.0,15.0,83.0,71.0,-15.0,6.0609152673132645,0.4072473404255321,253850.0
16,490,Treino,276.0,120.0,15.0,83.0,69.5,-15.0,4.545686450484948,5.791962174940899,242525.0
16,495,Treino,271.0,120.0,0.0,68.0,68.0,0.0,0.0,0.0,231200.0
16,500,Treino,266.0,126.0,6.0,68.0,67.52,-6.0,1.6442850937072182,8.53448774283068,228080.0
16,505,Treino,261.0,126.0,6.0,68.0,66.92,-6.0,2.3285276069496215,0.9888715908435737,224180.0
16,510,Treino,256.0,126.0,6.0,68.0,66.32,-6.0,2.721344205666435,-1.0213504728132499,220280.0
16,515,Treino,251.0,126.0,6.0,68.0,65.72,-6.0,2.941886108868087,-1.8142903587038983,216380.0
16,520,Treino,246.0,126.0,6.0,68.0,65.12,-6.0,3.0280322970266913,-2.0780056601200214,212480.0
16,525,Treino,241.0,126.0,6.0,68.0,64.52,-6.0,2.9914162914197395,-1.9686965028124213,208580.0
16,530,Treino,236.0,126.0,6.0,68.0,63.92,-6.0,2.827272428994965,-1.4253656914893638,204680.0
16,535,Treino,231.0,126.0,6.0,68.0,63.32,-6.0,2.5107117455788788,-0.06075484798889086,200780.0
16,540,Treino,226.0,135.0,15.0,68.0,62.18,-15.0,3.0552063292494194,4.270493188999505,193775.0
16,545,Treino,221.0,135.0,15.0,68.0,60.68,-15.0,3.490161097971829,1.5995853927423092,184700.0
16,550,Treino,216.0,135.0,9.0,62.0,59.66,-9.0,3.9877874792410695,-0.7586145884018269,178745.0
16,555,Treino,211.0,135.0,9.0,62.0,58.76,-9.0,4.36385899246555,-1.7081763445626492,173570.0
16,560,Treino,206.0,135.0,9.0,62.0,57.86,-9.0,4.531116905152996,-2.0565662795080004,168395.0
16,565,Treino,201.0,135.0,9.0,62.0,56.96,-9.0,4.512838827801662,-2.020369922630561,163220.0
16,570,Treino,196.0,135.0,9.0,62.0,56.06,-9.0,4.306663086285659,-1.5796260477111557,158045.0
16,575,Treino,191.0,135.0,9.0,62.0,55.16,-9.0,3.882771995282105,-0.44297079134004713,152870.0
16,580,Treino,186.0,135.0,9.0,62.0,54.26,-9.0,3.1545884947847926,2.6843146956952078,147695.0
16,585,Treino,181.0,135.0,9.0,62.0,53.36,-9.0,1.7815379734994197,22.33072916666668,142520.0
16,590,Treino,176.0,135.0,0.0,53.0,53.0,0.0,0.0,0.0,140450.0
16,595,Treino,171.0,150.0,15.0,53.0,51.5,-15.0,4.545686450484948,5.791962174940899,133625.0
16,600,Treino,166.0,150.0,15.0,53.0,50.0,-15.0,6.0609152673132645,0.4072473404255321,126800.0
16,605,Treino,161.0,150.0,15.0,53.0,48.5,-15.0,6.943650748294136,-1.2411347517730495,119975.0
16,610,Treino,156.0,150.0,15.0,53.0,47.0,-15.0,7.423074889580903,-1.9004875886524821,113150.0
16,615,Treino,151.0,150.0,15.0,53.0,45.5,-15.0,7.576144084141581,-2.085106382978723,106325.0
16,620,Treino,146.0,150.0,15.0,53.0,44.0,-15.0,7.423074889580903,-1.9004875886524821,99500.0
16,625,Treino,141.0,150.0,15.0,53.0,42.5,-15.0,6.943650748294136,-1.2411347517730495,92675.0
16,630,Treino,136.0,150.0,15.0,53.0,41.0,-15.0,6.0609152673132645,0.4072473404255321,85850.0
16,635,Treino,131.0,156.0,21.0,53.0,38.9,-21.0,5.079972681912722,4.046180082976597,76925.0
16,640,Treino,126.0,156.0,6.0,38.0,36.8,-6.0,2.4243661069253055,0.40724734042552413,68000.0
16,645,Treino,121.0,156.0,6.0,38.0,36.2,-6.0,2.7774602993176547,-1.2411347517730456,65900.0
16,650,Treino,116.0,156.0,6.0,38.0,35.6,-6.0,2.969229955832362,-1.9004875886524817,63800.0
16,655,Treino,111.0,156.0,6.0,38.0,35.0,-6.0,3.0304576336566322,-2.085106382978723,61700.0
16,660,Treino,106.0,156.0,6.0,38.0,34.4,-6.0,2.9692299558323607,-1.900487588652481,59600.0
16,665,Treino,101.0,156.0,6.0,38.0,33.8,-6.0,2.7774602993176565,-1.2411347517730456,57500.0
16,670,Treino,96.0,156.0,6.0,38.0,33.2,-6.0,2.424366106925304,0.407247340425525,55400.0
16,675,Treino,91.0,162.0,12.0,38.0,32.36,-12.0,2.2384396898058183,4.462955383025754,52604.0
16,680,Treino,86.0,162.0,6.0,32.0,31.16,-6.0,2.1030589965231936,2.6843146956952024,48764.0
16,685,Treino,81.0,162.0,6.0,32.0,30.56,-6.0,2.5885146635213996,-0.44297079134005424,47024.0
16,690,Treino,76.0,162.0,6.0,32.0,29.96,-6.0,2.8711087241904383,-1.579626047711153,45284.0
16,695,Treino,71.0,162.0,6.0,32.0,29.36,-6.0,3.008559218534443,-2.020369922630561,43544.0
16,700,Treino,66.0,162.0,6.0,32.0,28.76,-6.0,3.020744603435328,-2.0565662795080004,41804.0
16,705,Treino,61.0,162.0,6.0,32.0,28.16,-6.0,2.909239328310365,-1.708176344562647,40064.0
16,710,Treino,56.0,162.0,6.0,32.0,27.56,-6.0,2.6585249861607148,-0.7586145884018207,38324.0
16,715,Treino,51.0,162.0,6.0,32.0,26.96,-6.0,2.221968239454126,1.7259530141843937,36584.0
16,720,Treino,46.0,162.0,6.0,32.0,26.36,-6.0,1.43938762489257,13.124339821940566,34844.0
16,725,Treino,41.0,162.0,0.0,26.0,26.0,0.0,0.0,0.0,33800.0
16,730,Treino,36.0,173.0,11.0,26.0,25.06,-11.0,3.222434116107428,8.60903736673256,31909.0
16,735,Treino,31.0,173.0,11.0,26.0,24.02,-11.0,4.283285025800279,1.1343801063385932,29747.0
16,740,Treino,26.0,172.0,10.0,26.0,22.98,-10.0,4.909341366523744,-0.9284439511779872,27585.0
16,745,Treino,21.0,173.0,11.0,26.0,21.92,-11.0,5.283165408606272,-1.754847974291403,25392.0
16,750,Treino,16.0,172.0,10.0,26.0,20.88,-10.0,5.404608766448072,-2.0361780377147456,23230.0
16,755,Treino,11.0,172.0,10.0,26.0,19.88,-10.0,5.286254798618617,-1.941999071632391,21130.0
16,760,Treino,6.0,172.0,10.0,26.0,18.84,-10.0,4.991257663277308,-1.4257919606515885,18968.0
16,765,Treino,1.0,172.0,10.0,26.0,17.82,-10.0,4.424837135247963,-0.12610672238485288,16837.0
17,50,Teste,1201.0,18.0,18.0,190.0,172.36,-18.0,2.5455844122715656,49.99999999999986,1485716.0
17,55,Teste,1196.0,18.0,0.0,172.0,172.0,0.0,0.0,0.0,1479200.0
17,60,Teste,1191.0,18.0,0.0,172.0,172.0,0.0,0.0,0.0,1479200.0
17,65,Teste,1186.0,18.0,0.0,172.0,172.0,0.0,0.0,0.0,1479200.0
17,70,Teste,1181.0,18.0,0.0,172.0,172.0,0.0,0.0,0.0,1479200.0
17,75,Teste,1176.0,18.0,0.0,172.0,172.0,0.0,0.0,0.0,1479200.0
17,80,Teste,1171.0,18.0,0.0,172.0,172.0,0.0,0.0,0.0,1479200.0
17,85,Teste,1166.0,18.0,0.0,172.0,172.0,0.0,0.0,0.0,1479200.0
17,90,Teste,1161.0,18.0,0.0,172.0,172.0,0.0,0.0,0.0,1479200.0
17,95,Teste,1156.0,18.0,0.0,172.0,172.0,0.0,0.0,0.0,1479200.0
17,100,Teste,1151.0,18.0,0.0,172.0,172.0,0.0,0.0,0.0,1479200.0
17,105,Teste,1146.0,18.0,0.0,172.0,172.0,0.0,0.0,0.0,1479200.0
17,110,Teste,1141.0,18.0,0.0,172.0,172.0,0.0,0.0,0.0,1479200.0
17,115,Teste,1136.0,18.0,0.0,172.0,172.0,0.0,0.0,0.0,1479200.0
17,120,Teste,1131.0,18.0,0.0,172.0,172.0,0.0,0.0,0.0,1479200.0
17,125,Teste,1126.0,18.0,0.0,172.0,172.0,0.0,0.0,0.0,1479200.0
17,130,Teste,1121.0,18.0,0.0,172.0,172.0,0.0,0.0,0.0,1479200.0
17,135,Teste,1116.0,18.0,0.0,172.0,172.0,0.0,0.0,0.0,1479200.0
17,140,Teste,1111.0,18.0,0.0,172.0,172.0,0.0,0.0,0.0,1479200.0
17,145,Teste,1106.0,18.0,0.0,172.0,172.0,0.0,0.0,0.0,1479200.0
17,150,Teste,1101.0,18.0,0.0,172.0,172.0,0.0,0.0,0.0,1479200.0
17,155,Teste,1096.0,18.0,0.0,172.0,172.0,0.0,0.0,0.0,1479200.0
17,160,Teste,1091.0,18.0,0.0,172.0,172.0,0.0,0.0,0.0,1479200.0
17,165,Teste,1086.0,26.0,8.0,172.0,171.68,-8.0,1.583589309777259,22.33072916666676,1473824.0
17,170,Teste,1081.0,26.0,8.0,172.0,170.88,-8.0,2.8040786620309253,2.6843146956951838,1460384.0
17,175,Teste,1076.0,26.0,8.0,172.0,170.08,-8.0,3.4513528846951993,-0.4429707913400325,1446944.0
17,180,Teste,1071.0,26.0,8.0,172.0,169.28,-8.0,3.828144965587252,-1.5796260477111537,1433504.0
17,185,Teste,1066.0,26.0,8.0,172.0,168.48,-8.0,4.011412291379257,-2.0203699226305645,1420064.0
17,190,Teste,1061.0,26.0,8.0,172.0,167.68,-8.0,4.027659471247107,-2.056566279508001,1406624.0
17,195,Teste,1056.0,26.0,8.0,172.0,166.88,-8.0,3.8789857710804916,-1.7081763445626443,1393184.0
17,200,Teste,1051.0,26.0,8.0,172.0,166.08,-8.0,3.5446999815476143,-0.7586145884018398,1379744.0
17,205,Teste,1046.0,26.0,8.0,172.0,165.28,-8.0,2.962624319272163,1.7259530141843928,1366304.0
17,210,Teste,1041.0,26.0,8.0,172.0,164.48,-8.0,1.919183499856765,13.12433982194063,1352864.0
17,215,Teste,1036.0,26.0,0.0,164.0,164.0,0.0,0.0,0.0,1344800.0
17,220,Teste,1031.0,26.0,0.0,164.0,164.0,0.0,0.0,0.0,1344800.0
17,225,Teste,1026.0,26.0,0.0,164.0,164.0,0.0,0.0,0.0,1344800.0
17,230,Teste,1021.0,26.0,0.0,164.0,164.0,0.0,0.0,0.0,1344800.0
17,235,Teste,1016.0,26.0,0.0,164.0,164.0,0.0,0.0,0.0,1344800.0
17,240,Teste,1011.0,26.0,0.0,164.0,164.0,0.0,0.0,0.0,1344800.0
17,245,Teste,1006.0,26.0,0.0,164.0,164.0,0.0,0.0,0.0,1344800.0
17,250,Teste,1001.0,26.0,0.0,164.0,164.0,0.0,0.0,0.0,1344800.0
17,255,Teste,996.0,26.0,0.0,164.0,164.0,0.0,0.0,0.0,1344800.0
17,260,Teste,991.0,26.0,0.0,164.0,164.0,0.0,0.0,0.0,1344800.0
17,265,Teste,986.0,26.0,0.0,164.0,164.0,0.0,0.0,0.0,1344800.0
17,270,Teste,981.0,26.0,0.0,164.0,164.0,0.0,0.0,0.0,1344800.0
17,275,Teste,976.0,26.0,0.0,164.0,164.0,0.0,0.0,0.0,1344800.0
17,280,Teste,971.0,26.0,0.0,164.0,164.0,0.0,0.0,0.0,1344800.0
17,285,Teste,966.0,26.0,0.0,164.0,164.0,0.0,0.0,0.0,1344800.0
17,290,Teste,961.0,26.0,0.0,164.0,164.0,0.0,0.0,0.0,1344800.0
17,295,Teste,956.0,26.0,0.0,164.0,164.0,0.0,0.0,0.0,1344800.0
17,300,Teste,951.0,26.0,0.0,164.0,164.0,0.0,0.0,0.0,1344800.0
17,305,Teste,946.0,26.0,0.0,164.0,164.0,0.0,0.0,0.0,1344800.0
17,310,Teste,941.0,26.0,0.0,164.0,164.0,0.0,0.0,0.0,1344800.0
17,315,Teste,936.0,26.0,0.0,164.0,164.0,0.0,0.0,0.0,1344800.0
17,320,Teste,931.0,38.0,12.0,164.0,163.76,-12.0,1.697056274847714,49.999999999999844,1341008.0
17,325,Teste,926.0,38.0,12.0,164.0,162.56,-12.0,3.939128671911791,3.97374677627338,1322048.0
17,330,Teste,921.0,38.0,12.0,164.0,161.36,-12.0,5.021423491157763,-0.06075484798887398,1303088.0
17,335,Teste,916.0,38.0,12.0,164.0,160.16,-12.0,5.654544857989933,-1.4253656914893633,1284128.0
17,340,Teste,911.0,38.0,12.0,164.0,158.96,-12.0,5.982832582839479,-1.9686965028124213,1265168.0
17,345,Teste,906.0,38.0,12.0,164.0,157.76,-12.0,6.0560645940533835,-2.0780056601200214,1246208.0
17,350,Teste,901.0,38.0,12.0,164.0,156.56,-12.0,5.883772217736173,-1.814290358703898,1227248.0
17,355,Teste,896.0,38.0,12.0,164.0,155.36,-12.0,5.4426884113328695,-1.0213504728132499,1208288.0
17,360,Teste,891.0,38.0,12.0,164.0,154.16,-12.0,4.657055213899248,0.9888715908435728,1189328.0
17,365,Teste,886.0,38.0,12.0,164.0,152.96,-12.0,3.2885701874144355,8.53448774283068,1170368.0
17,370,Teste,881.0,38.0,0.0,152.0,152.0,0.0,0.0,0.0,1155200.0
17,375,Teste,876.0,38.0,0.0,152.0,152.0,0.0,0.0,0.0,1155200.0
17,380,Teste,871.0,38.0,0.0,152.0,152.0,0.0,0.0,0.0,1155200.0
17,385,Teste,866.0,38.0,0.0,152.0,152.0,0.0,0.0,0.0,1155200.0
17,390,Teste,861.0,38.0,0.0,152.0,152.0,0.0,0.0,0.0,1155200.0
17,395,Teste,856.0,38.0,0.0,152.0,152.0,0.0,0.0,0.0,1155200.0
17,400,Teste,851.0,38.0,0.0,152.0,152.0,0.0,0.0,0.0,1155200.0
17,405,Teste,846.0,38.0,0.0,152.0,152.0,0.0,0.0,0.0,1155200.0
17,410,Teste,841.0,38.0,0.0,152.0,152.0,0.0,0.0,0.0,1155200.0
17,415,Teste,836.0,60.0,22.0,152.0,151.12,-22.0,4.3548706018874626,22.33072916666669,1142792.0
17,420,Teste,831.0,60.0,22.0,152.0,148.92,-22.0,7.711216320585043,2.6843146956951864,1111772.0
17,425,Teste,826.0,60.0,22.0,152.0,146.72,-22.0,9.491220432911799,-0.44297079134005246,1080752.0
17,430,Teste,821.0,60.0,22.0,152.0,144.52,-22.0,10.527398655364946,-1.579626047711152,1049732.0
17,435,Teste,816.0,60.0,22.0,152.0,142.32,-22.0,11.031383801292957,-2.020369922630562,1018712.0
17,440,Teste,811.0,60.0,22.0,152.0,140.12,-22.0,11.07606354592954,-2.056566279508,987692.0
17,445,Teste,806.0,60.0,22.0,152.0,137.92,-22.0,10.667210870471342,-1.708176344562645,956672.0
17,450,Teste,801.0,60.0,22.0,152.0,135.72,-22.0,9.747924949255944,-0.7586145884018212,925652.0
17,455,Teste,796.0,60.0,22.0,152.0,133.52,-22.0,8.14721687799846,1.7259530141843875,894632.0
17,460,Teste,791.0,60.0,22.0,152.0,131.32,-22.0,5.2777546246061044,13.124339821940563,863612.0
17,465,Teste,786.0,60.0,0.0,130.0,130.0,0.0,0.0,0.0,845000.0
17,470,Teste,781.0,60.0,0.0,130.0,130.0,0.0,0.0,0.0,845000.0
17,475,Teste,776.0,60.0,0.0,130.0,130.0,0.0,0.0,0.0,845000.0
17,480,Teste,771.0,60.0,0.0,130.0,130.0,0.0,0.0,0.0,845000.0
17,485,Teste,766.0,60.0,0.0,130.0,130.0,0.0,0.0,0.0,845000.0
17,490,Teste,761.0,60.0,0.0,130.0,130.0,0.0,0.0,0.0,845000.0
17,495,Teste,756.0,74.0,14.0,130.0,128.88,-14.0,3.8366652186501757,8.534487742830697,831224.0
17,500,Teste,751.0,74.0,14.0,130.0,127.48,-14.0,5.43323108288245,0.9888715908435737,814004.0
17,505,Teste,746.0,74.0,14.0,130.0,126.08,-14.0,6.349803146555017,-1.0213504728132392,796784.0
17,510,Teste,741.0,74.0,14.0,130.0,124.68,-14.0,6.864400920692202,-1.8142903587038945,779564.0
17,515,Teste,736.0,74.0,14.0,130.0,123.28,-14.0,7.065408693062276,-2.078005660120022,762344.0
17,520,Teste,731.0,74.0,14.0,130.0,121.88,-14.0,6.97997134664606,-1.9686965028124233,745124.0
17,525,Teste,726.0,74.0,14.0,130.0,120.48,-14.0,6.596969000988258,-1.4253656914893642,727904.0
17,530,Teste,721.0,74.0,14.0,130.0,119.08,-14.0,5.858327406350725,-0.06075484798888997,710684.0
17,535,Teste,716.0,74.0,14.0,130.0,117.68,-14.0,4.595650117230422,3.9737467762733605,693464.0
17,540,Teste,711.0,74.0,14.0,130.0,116.28,-14.0,1.9798989873223298,50.00000000000003,676244.0
17,545,Teste,706.0,74.0,0.0,116.0,116.0,0.0,0.0,0.0,672800.0
17,550,Teste,701.0,74.0,0.0,116.0,116.0,0.0,0.0,0.0,672800.0
17,555,Teste,696.0,74.0,0.0,116.0,116.0,0.0,0.0,0.0,672800.0
17,560,Teste,691.0,74.0,0.0,116.0,116.0,0.0,0.0,0.0,672800.0
17,565,Teste,686.0,74.0,0.0,116.0,116.0,0.0,0.0,0.0,672800.0
17,570,Teste,681.0,74.0,0.0,116.0,116.0,0.0,0.0,0.0,672800.0
17,575,Teste,676.0,74.0,0.0,116.0,116.0,0.0,0.0,0.0,672800.0
17,580,Teste,671.0,74.0,0.0,116.0,116.0,0.0,0.0,0.0,672800.0
17,585,Teste,666.0,78.0,4.0,116.0,115.74,-4.0,1.046081122229875,14.07365242110853,669841.0
17,590,Teste,661.0,78.0,4.0,116.0,115.34,-4.0,1.5334368495078534,1.9548986895114462,665281.0
17,595,Teste,656.0,78.0,4.0,116.0,114.94,-4.0,1.811640366167229,-0.6567845012251183,660721.0
17,600,Teste,651.0,78.0,4.0,116.0,114.54,-4.0,1.9713250490417844,-1.6500257011712598,656161.0
17,605,Teste,646.0,78.0,4.0,116.0,114.12,-4.0,2.0666447222885846,-1.9902252822164936,651378.0
17,610,Teste,641.0,78.0,4.0,116.0,113.72,-4.0,2.050783822277297,-1.9779544246219274,646818.0
17,615,Teste,636.0,78.0,4.0,116.0,113.3,-4.0,1.971739105977467,-1.555092826497707,642035.0
17,620,Teste,631.0,78.0,4.0,116.0,112.9,-4.0,1.7756861278080067,-0.4774315130536313,637475.0
17,625,Teste,626.0,78.0,4.0,116.0,112.5,-4.0,1.4463183379511848,2.437999164630982,632915.0
17,630,Teste,621.0,78.0,4.0,116.0,112.1,-4.0,0.8390957231764802,18.54194318197067,628355.0
17,635,Teste,616.0,78.0,0.0,112.0,111.96,0.0,0.1979486637221574,22.330729166666003,626754.0
17,640,Teste,611.0,78.0,0.0,112.0,111.96,0.0,0.1979486637221574,22.330729166666003,626754.0
17,645,Teste,606.0,78.0,0.0,112.0,111.96,0.0,0.1979486637221574,22.330729166666003,626754.0
17,650,Teste,601.0,78.0,-1.0,112.0,111.94,1.0,0.23989793748209526,13.124339821940382,626531.0
17,655,Teste,596.0,78.0,0.0,112.0,111.96,0.0,0.1979486637221574,22.330729166666007,626754.0
17,660,Teste,591.0,78.0,0.0,112.0,111.96,0.0,0.1979486637221574,22.330729166666003,626754.0
17,665,Teste,586.0,78.0,0.0,112.0,111.98,0.0,0.1414213562373095,50.00000000000087,626977.0
17,670,Teste,581.0,78.0,0.0,112.0,111.98,0.0,0.1414213562373095,50.00000000000087,626977.0
17,675,Teste,576.0,78.0,0.0,112.0,111.98,0.0,0.1414213562373095,50.00000000000087,626977.0
17,680,Teste,571.0,93.0,15.0,112.0,111.66,-15.0,2.124780901069807,49.08214505515885,623619.0
17,685,Teste,566.0,93.0,15.0,112.0,110.16,-15.0,4.912956630903926,3.951662628279357,607944.0
17,690,Teste,561.0,93.0,15.0,112.0,108.66,-15.0,6.258414743530572,-0.0654057920248774,592269.0
17,695,Teste,556.0,93.0,14.0,112.0,107.16,-14.0,7.043190371716847,-1.4259649249209247,576594.0
17,700,Teste,551.0,93.0,15.0,112.0,105.68,-15.0,7.462668997847119,-1.9680219622725628,561142.0
17,705,Teste,546.0,93.0,15.0,112.0,104.18,-15.0,7.550348011982017,-2.076489146856767,545467.0
17,710,Teste,541.0,93.0,15.0,112.0,102.68,-15.0,7.330228161384827,-1.8116263666963586,529792.0
17,715,Teste,536.0,93.0,15.0,112.0,101.18,-15.0,6.772362804751654,-1.0164531143229856,514117.0
17,720,Teste,531.0,93.0,15.0,112.0,99.68,-15.0,5.779767667105173,1.0000791111691942,498442.0
17,725,Teste,526.0,93.0,14.0,112.0,98.18,-14.0,4.044093702864842,8.58228484789795,482767.0
17,730,Teste,521.0,93.0,0.0,97.0,97.0,0.0,0.0,0.0,470450.0
17,735,Teste,516.0,93.0,0.0,97.0,97.0,0.0,0.0,0.0,470450.0
17,740,Teste,511.0,93.0,0.0,97.0,97.0,0.0,0.0,0.0,470450.0
17,745,Teste,506.0,93.0,0.0,97.0,97.0,0.0,0.0,0.0,470450.0
17,750,Teste,501.0,93.0,0.0,97.0,97.0,0.0,0.0,0.0,470450.0
17,755,Teste,496.0,93.0,0.0,97.0,97.0,0.0,0.0,0.0,470450.0
17,760,Teste,491.0,93.0,0.0,97.0,97.0,0.0,0.0,0.0,470450.0
17,765,Teste,486.0,98.0,5.0,97.0,96.7,-5.0,1.1994896874104761,13.124339821940588,467615.0
17,770,Teste,481.0,98.0,5.0,97.0,96.2,-5.0,1.851640199545103,1.7259530141844115,462890.0
17,775,Teste,476.0,96.0,3.0,97.0,95.78,-3.0,2.1120644702590425,-0.4711519555201642,458909.0
17,780,Teste,471.0,98.0,5.0,97.0,95.28,-5.0,2.347730123905615,-1.5699503431054758,454184.0
17,785,Teste,466.0,98.0,5.0,97.0,94.78,-5.0,2.4602140275237208,-1.9896204271505904,449459.0
17,790,Teste,461.0,98.0,5.0,97.0,94.28,-5.0,2.466427640560825,-2.0042049366283985,444734.0
17,795,Teste,456.0,98.0,5.0,97.0,93.78,-5.0,2.3672079480661914,-1.6216486032343471,440009.0
17,800,Teste,451.0,98.0,5.0,97.0,93.28,-5.0,2.1479938433385692,-0.5973680611722414,435284.0
17,805,Teste,446.0,96.0,3.0,97.0,92.82,-3.0,1.769238277234767,1.8945502066936246,430931.0
17,810,Teste,441.0,98.0,5.0,97.0,92.36,-5.0,1.1021315155420506,11.764617108453088,426578.0
17,815,Teste,436.0,98.0,0.0,94.0,92.2,0.0,0.6060915267313264,5.791962174940846,425060.0
17,820,Teste,431.0,98.0,0.0,94.0,92.2,0.0,0.6060915267313265,5.791962174940842,425060.0
17,825,Teste,426.0,98.0,0.0,94.0,92.12,0.0,0.4797958749641906,13.124339821940385,424316.0
17,830,Teste,421.0,98.0,0.0,94.0,92.12,0.0,0.47979587496419074,13.124339821940385,424316.0
17,835,Teste,416.0,98.0,0.0,94.0,92.12,0.0,0.47979587496419085,13.124339821940385,424316.0
17,840,Teste,411.0,98.0,0.0,94.0,92.12,0.0,0.4797958749641909,13.124339821940385,424316.0
17,845,Teste,406.0,98.0,0.0,94.0,92.12,0.0,0.479795874964191,13.124339821940385,424316.0
17,850,Teste,401.0,102.0,4.0,94.0,91.96,-4.0,0.9467452300446221,12.420575698720945,422876.0
17,855,Teste,396.0,102.0,4.0,94.0,91.52,-4.0,1.4879104647190324,2.231350139327887,418904.0
17,860,Teste,391.0,102.0,4.0,94.0,91.08,-4.0,1.770967681978484,-0.4276872835503669,414932.0
17,865,Teste,386.0,102.0,4.0,92.0,90.6,-4.0,1.9897697538834456,-1.2713630905674378,410612.0
17,870,Teste,381.0,102.0,4.0,92.0,90.2,-4.0,2.070196678027062,-1.8150354609929054,407012.0
17,875,Teste,376.0,102.0,4.0,92.0,89.8,-4.0,2.070196678027062,-1.9114893617021265,403412.0
17,880,Teste,371.0,102.0,4.0,92.0,89.4,-4.0,1.989769753883445,-1.610422795738808,399812.0
17,885,Teste,366.0,102.0,4.0,92.0,89.0,-4.0,1.8182745801939795,-0.723637743338295,396212.0
17,890,Teste,361.0,102.0,4.0,92.0,88.6,-4.0,1.5252968931473319,1.5806762146127067,392612.0
17,895,Teste,356.0,102.0,4.0,92.0,88.2,-4.0,1.0101525445522097,11.186178723404216,389012.0
17,900,Teste,351.0,102.0,0.0,88.0,87.96,0.0,0.2828427124746193,49.99999999999929,386852.0
17,905,Teste,346.0,102.0,0.0,88.0,87.96,0.0,0.28284271247461934,49.99999999999929,386852.0
17,910,Teste,341.0,102.0,0.0,88.0,87.96,0.0,0.2828427124746194,49.99999999999929,386852.0
17,915,Teste,336.0,102.0,0.0,88.0,88.0,0.0,0.0,0.0,387200.0
17,920,Teste,331.0,102.0,0.0,88.0,88.0,0.0,0.0,0.0,387200.0
17,925,Teste,326.0,102.0,0.0,88.0,88.0,0.0,0.0,0.0,387200.0
17,930,Teste,321.0,123.0,21.0,88.0,86.32,-21.0,5.754997827975263,8.534487742830695,374180.0
17,935,Teste,316.0,123.0,21.0,88.0,84.22,-21.0,8.149846624323676,0.9888715908435657,357905.0
17,940,Teste,311.0,123.0,21.0,88.0,82.12,-21.0,9.524704719832524,-1.0213504728132383,341630.0
17,945,Teste,306.0,123.0,21.0,88.0,80.02,-21.0,10.29660138103831,-1.8142903587038994,325355.0
17,950,Teste,301.0,123.0,21.0,88.0,77.92,-21.0,10.598113039593416,-2.078005660120022,309080.0
17,955,Teste,296.0,123.0,21.0,88.0,75.82,-21.0,10.469957019969096,-1.9686965028124226,292805.0
17,960,Teste,291.0,123.0,21.0,88.0,73.72,-21.0,9.895453501482386,-1.4253656914893613,276530.0
17,965,Teste,286.0,123.0,21.0,88.0,71.62,-21.0,8.787491109526082,-0.06075484798889308,260255.0
17,970,Teste,281.0,123.0,21.0,88.0,69.52,-21.0,6.893475175845624,3.973746776273381,243980.0
17,975,Teste,276.0,123.0,21.0,88.0,67.42,-21.0,2.9698484809834995,49.99999999999996,227705.0
17,980,Teste,271.0,123.0,0.0,67.0,67.0,0.0,0.0,0.0,224450.0
17,985,Teste,266.0,123.0,0.0,67.0,67.0,0.0,0.0,0.0,224450.0
17,990,Teste,261.0,123.0,0.0,67.0,67.0,0.0,0.0,0.0,224450.0
17,995,Teste,256.0,123.0,0.0,67.0,67.0,0.0,0.0,0.0,224450.0
17,1000,Teste,251.0,123.0,0.0,67.0,67.0,0.0,0.0,0.0,224450.0
17,1005,Teste,246.0,123.0,0.0,67.0,67.0,0.0,0.0,0.0,224450.0
17,1010,Teste,241.0,138.0,15.0,67.0,66.4,-15.0,2.9692299558323607,22.330729166666707,220880.0
17,1015,Teste,236.0,138.0,15.0,67.0,64.9,-15.0,5.257647491307984,2.6843146956952113,211955.0
17,1020,Teste,231.0,138.0,15.0,67.0,63.4,-15.0,6.471286658803502,-0.44297079134005424,203030.0
17,1025,Teste,226.0,138.0,15.0,67.0,61.9,-15.0,7.177771810476095,-1.5796260477111546,194105.0
17,1030,Teste,221.0,138.0,15.0,67.0,60.4,-15.0,7.521398046336104,-2.020369922630561,185180.0
17,1035,Teste,216.0,138.0,15.0,67.0,58.9,-15.0,7.55186150858833,-2.056566279508,176255.0
17,1040,Teste,211.0,138.0,15.0,67.0,57.4,-15.0,7.273098320775916,-1.7081763445626463,167330.0
17,1045,Teste,206.0,138.0,15.0,67.0,55.9,-15.0,6.646312465401784,-0.7586145884018216,158405.0
17,1050,Teste,201.0,138.0,15.0,67.0,54.4,-15.0,5.5549205986353085,1.725953014184399,149480.0
17,1055,Teste,196.0,138.0,15.0,67.0,52.9,-15.0,3.598469062231421,13.124339821940552,140555.0
17,1060,Teste,191.0,138.0,0.0,52.0,52.0,0.0,0.0,0.0,135200.0
17,1065,Teste,186.0,138.0,0.0,52.0,52.0,0.0,0.0,0.0,135200.0
17,1070,Teste,181.0,138.0,0.0,52.0,52.0,0.0,0.0,0.0,135200.0
17,1075,Teste,176.0,138.0,0.0,52.0,52.0,0.0,0.0,0.0,135200.0
17,1080,Teste,171.0,138.0,0.0,52.0,52.0,0.0,0.0,0.0,135200.0
17,1085,Teste,166.0,138.0,0.0,52.0,52.0,0.0,0.0,0.0,135200.0
17,1090,Teste,161.0,138.0,0.0,52.0,52.0,0.0,0.0,0.0,135200.0
17,1095,Teste,156.0,138.0,0.0,52.0,52.0,0.0,0.0,0.0,135200.0
17,1100,Teste,151.0,138.0,0.0,52.0,52.0,0.0,0.0,0.0,135200.0
17,1105,Teste,146.0,159.0,21.0,52.0,50.32,-21.0,5.754997827975264,8.534487742830713,128228.0
17,1110,Teste,141.0,159.0,21.0,52.0,48.22,-21.0,8.149846624323676,0.9888715908435657,119513.0
17,1115,Teste,136.0,159.0,21.0,52.0,46.12,-21.0,9.524704719832528,-1.0213504728132405,110798.0
17,1120,Teste,131.0,159.0,21.0,52.0,44.02,-21.0,10.296601381038307,-1.8142903587038972,102083.0
17,1125,Teste,126.0,160.0,22.0,52.0,41.86,-22.0,10.663709198845915,-2.075507919931857,93185.0
17,1130,Teste,121.0,160.0,22.0,52.0,39.7,-22.0,10.577700841961873,-1.9664592548870694,84287.0
17,1135,Teste,116.0,160.0,22.0,52.0,37.54,-22.0,10.026922941434696,-1.4257154754501347,75389.0
17,1140,Teste,111.0,160.0,22.0,52.0,35.42,-22.0,8.903312843646276,-0.06889314560335924,66613.0
17,1145,Teste,106.0,160.0,22.0,52.0,33.26,-22.0,7.003818200649911,3.9230743733274362,57715.0
17,1150,Teste,101.0,160.0,22.0,52.0,31.06,-22.0,3.060012004778374,47.39786139067543,48695.0
17,1155,Teste,96.0,160.0,1.0,31.0,30.62,-1.0,0.49031435147801467,-1.8142903587038928,46891.0
17,1160,Teste,91.0,160.0,1.0,31.0,30.54,-1.0,0.5034574339058884,-2.056566279508001,46647.0
17,1165,Teste,86.0,160.0,1.0,31.0,30.44,-1.0,0.5014265364224072,-2.0203699226305636,46342.0
17,1170,Teste,81.0,160.0,1.0,31.0,30.36,-1.0,0.4848732213850614,-1.7081763445626443,46098.0
17,1175,Teste,76.0,159.0,-1.0,31.0,30.4,1.0,0.49487165930539345,-1.9004875886524768,46220.0
17,1180,Teste,71.0,174.0,15.0,31.0,29.24,-15.0,3.9721479307389185,8.213828927038309,43522.0
17,1185,Teste,66.0,174.0,15.0,31.0,27.8,-15.0,5.602477586036451,0.9457686446846543,40180.0
17,1190,Teste,61.0,174.0,15.0,31.0,26.32,-15.0,6.513533791190431,-1.0275400326051818,36716.0
17,1195,Teste,56.0,174.0,14.0,31.0,24.88,-14.0,7.0324031367343425,-1.8101157122287332,33374.0
17,1200,Teste,51.0,174.0,15.0,31.0,23.48,-15.0,7.268158119426105,-2.068410388734626,30154.0
17,1205,Teste,46.0,174.0,14.0,31.0,22.0,-14.0,7.128557114214085,-1.9565780424955397,26690.0
17,1210,Teste,41.0,174.0,14.0,31.0,20.58,-14.0,6.749421743938589,-1.4085176750496302,23409.0
17,1215,Teste,36.0,174.0,14.0,31.0,19.18,-14.0,6.053132095309444,-0.03431838092920314,20189.0
17,1220,Teste,31.0,174.0,15.0,31.0,17.76,-15.0,4.817315706100747,4.013068954921698,16908.0
17,1225,Teste,26.0,174.0,14.0,30.0,16.28,-14.0,1.9798989873223298,50.00000000000003,13444.0
17,1230,Teste,21.0,174.0,0.0,16.0,16.0,0.0,0.0,0.0,12800.0
17,1235,Teste,16.0,174.0,0.0,16.0,16.0,0.0,0.0,0.0,12800.0
17,1240,Teste,11.0,174.0,0.0,16.0,16.0,0.0,0.0,0.0,12800.0
17,1245,Teste,6.0,174.0,0.0,16.0,16.0,0.0,0.0,0.0,12800.0
17,1250,Teste,1.0,174.0,0.0,16.0,16.0,0.0,0.0,0.0,12800.0
18,50,Treino,1262.0,9.0,3.0,184.0,181.06,-3.0,0.4242640687119288,49.999999999999844,1639145.0
18,55,Treino,1257.0,9.0,0.0,181.0,181.0,0.0,0.0,0.0,1638050.0
18,60,Treino,1252.0,9.0,0.0,181.0,181.0,0.0,0.0,0.0,1638050.0
18,65,Treino,1247.0,9.0,0.0,181.0,181.0,0.0,0.0,0.0,1638050.0
18,70,Treino,1242.0,9.0,0.0,181.0,181.0,0.0,0.0,0.0,1638050.0
18,75,Treino,1237.0,9.0,0.0,181.0,181.0,0.0,0.0,0.0,1638050.0
18,80,Treino,1232.0,9.0,0.0,181.0,181.0,0.0,0.0,0.0,1638050.0
18,85,Treino,1227.0,9.0,0.0,181.0,181.0,0.0,0.0,0.0,1638050.0
18,90,Treino,1222.0,18.0,9.0,181.0,180.82,-9.0,1.2727922061357855,49.99999999999983,1634873.0
18,95,Treino,1217.0,18.0,9.0,181.0,179.92,-9.0,2.954346503933843,3.9737467762733276,1618988.0
18,100,Treino,1212.0,18.0,9.0,181.0,179.02,-9.0,3.7660676183683224,-0.06075484798887176,1603103.0
18,105,Treino,1207.0,18.0,9.0,181.0,178.12,-9.0,4.2409086434924514,-1.425365691489358,1587218.0
18,110,Treino,1202.0,18.0,9.0,181.0,177.22,-9.0,4.487124437129608,-1.9686965028124235,1571333.0
18,115,Treino,1197.0,18.0,9.0,181.0,176.32,-9.0,4.542048445540035,-2.078005660120021,1555448.0
18,120,Treino,1192.0,18.0,9.0,181.0,175.42,-9.0,4.412829163302133,-1.8142903587038912,1539563.0
18,125,Treino,1187.0,18.0,9.0,181.0,174.52,-9.0,4.082016308499652,-1.0213504728132494,1523678.0
18,130,Treino,1182.0,18.0,9.0,181.0,173.62,-9.0,3.492791410424435,0.9888715908435595,1507793.0
18,135,Treino,1177.0,18.0,9.0,181.0,172.72,-9.0,2.4664276405608248,8.534487742830722,1491908.0
18,140,Treino,1172.0,18.0,0.0,172.0,172.0,0.0,0.0,0.0,1479200.0
18,145,Treino,1167.0,18.0,0.0,172.0,172.0,0.0,0.0,0.0,1479200.0
18,150,Treino,1162.0,18.0,0.0,172.0,172.0,0.0,0.0,0.0,1479200.0
18,155,Treino,1157.0,18.0,0.0,172.0,172.0,0.0,0.0,0.0,1479200.0
18,160,Treino,1152.0,18.0,0.0,172.0,172.0,0.0,0.0,0.0,1479200.0
18,165,Treino,1147.0,18.0,0.0,172.0,172.0,0.0,0.0,0.0,1479200.0
18,170,Treino,1142.0,18.0,0.0,172.0,172.0,0.0,0.0,0.0,1479200.0
18,175,Treino,1137.0,32.0,14.0,172.0,171.44,-14.0,2.7712812921102037,22.330729166666643,1469960.0
18,180,Treino,1132.0,32.0,14.0,172.0,170.04,-14.0,4.907137658554119,2.6843146956951838,1446860.0
18,185,Treino,1127.0,32.0,14.0,172.0,168.64,-14.0,6.039867548216598,-0.44297079134006356,1423760.0
18,190,Treino,1122.0,32.0,14.0,172.0,167.24,-14.0,6.6992536897776915,-1.5796260477111495,1400660.0
18,195,Treino,1117.0,32.0,14.0,172.0,165.84,-14.0,7.019971509913697,-2.0203699226305605,1377560.0
18,200,Treino,1112.0,32.0,14.0,172.0,164.44,-14.0,7.048404074682438,-2.056566279508,1354460.0
18,205,Treino,1107.0,32.0,14.0,172.0,163.04,-14.0,6.78822509939086,-1.7081763445626448,1331360.0
18,210,Treino,1102.0,32.0,14.0,172.0,161.64,-14.0,6.203224967708327,-0.7586145884018114,1308260.0
18,215,Treino,1097.0,32.0,14.0,172.0,160.24,-14.0,5.184592558726296,1.7259530141843804,1285160.0
18,220,Treino,1092.0,32.0,14.0,172.0,158.84,-14.0,3.3585711247493326,13.12433982194053,1262060.0
18,225,Treino,1087.0,32.0,0.0,158.0,158.0,0.0,0.0,0.0,1248200.0
18,230,Treino,1082.0,32.0,0.0,158.0,158.0,0.0,0.0,0.0,1248200.0
18,235,Treino,1077.0,47.0,15.0,158.0,156.5,-15.0,4.545686450484948,5.791962174940899,1225625.0
18,240,Treino,1072.0,47.0,15.0,158.0,155.0,-15.0,6.0609152673132645,0.4072473404255321,1203050.0
18,245,Treino,1067.0,47.0,15.0,158.0,153.5,-15.0,6.943650748294136,-1.2411347517730495,1180475.0
18,250,Treino,1062.0,47.0,15.0,158.0,152.0,-15.0,7.423074889580903,-1.9004875886524821,1157900.0
18,255,Treino,1057.0,47.0,15.0,158.0,150.5,-15.0,7.576144084141581,-2.085106382978723,1135325.0
18,260,Treino,1052.0,47.0,15.0,158.0,149.0,-15.0,7.423074889580903,-1.9004875886524821,1112750.0
18,265,Treino,1047.0,47.0,15.0,158.0,147.5,-15.0,6.943650748294136,-1.2411347517730495,1090175.0
18,270,Treino,1042.0,47.0,15.0,158.0,146.0,-15.0,6.0609152673132645,0.4072473404255321,1067600.0
18,275,Treino,1037.0,47.0,15.0,158.0,144.5,-15.0,4.545686450484948,5.791962174940899,1045025.0
18,280,Treino,1032.0,47.0,0.0,143.0,143.0,0.0,0.0,0.0,1022450.0
18,285,Treino,1027.0,47.0,0.0,143.0,143.0,0.0,0.0,0.0,1022450.0
18,290,Treino,1022.0,47.0,0.0,143.0,143.0,0.0,0.0,0.0,1022450.0
18,295,Treino,1017.0,47.0,0.0,143.0,143.0,0.0,0.0,0.0,1022450.0
18,300,Treino,1012.0,47.0,0.0,143.0,143.0,0.0,0.0,0.0,1022450.0
18,305,Treino,1007.0,47.0,0.0,143.0,143.0,0.0,0.0,0.0,1022450.0
18,310,Treino,1002.0,47.0,0.0,143.0,143.0,0.0,0.0,0.0,1022450.0
18,315,Treino,997.0,58.0,11.0,143.0,141.9,-11.0,3.3335033970222954,5.791962174940922,1007325.0
18,320,Treino,992.0,58.0,11.0,143.0,140.82,-11.0,4.406349778143689,0.4240683149238027,992465.0
18,325,Treino,987.0,57.0,10.0,143.0,139.74,-10.0,5.033804095658609,-1.2263096505880235,977605.0
18,330,Treino,982.0,58.0,11.0,143.0,138.66,-11.0,5.374201411961271,-1.888451445854273,962745.0
18,335,Treino,977.0,58.0,11.0,143.0,137.56,-11.0,5.500129868596611,-2.0782876760553215,947620.0
18,340,Treino,972.0,58.0,11.0,143.0,136.5,-11.0,5.369034420847467,-1.8963380394339349,933025.0
18,345,Treino,967.0,58.0,11.0,143.0,135.44,-11.0,5.010845380629041,-1.2474419495893274,918430.0
18,350,Treino,962.0,58.0,11.0,143.0,134.36,-11.0,4.378798642438401,0.36773571750242917,903570.0
18,355,Treino,957.0,57.0,10.0,143.0,133.3,-10.0,3.2903693732231525,5.538176885104351,888975.0
18,360,Treino,952.0,57.0,-1.0,133.0,132.26,1.0,0.443087497693452,-0.7586145884017208,874645.0
18,365,Treino,947.0,58.0,0.0,133.0,132.26,0.0,0.443087497693452,-0.7586145884017212,874645.0
18,370,Treino,942.0,58.0,0.0,133.0,132.28,0.0,0.45355736761107246,-1.0213504728132503,874910.0
18,375,Treino,937.0,58.0,0.0,133.0,132.3,0.0,0.4629100498862758,-1.2411347517731457,875175.0
18,380,Treino,932.0,57.0,-1.0,133.0,132.36,1.0,0.4848732213850613,-1.7081763445627212,875970.0
18,385,Treino,927.0,66.0,8.0,133.0,132.08,-8.0,1.73605228925295,18.492140941666108,872404.0
18,390,Treino,922.0,66.0,9.0,133.0,131.24,-9.0,2.9867735646564526,2.4347033558703606,861634.0
18,395,Treino,917.0,66.0,8.0,133.0,130.4,-8.0,3.6589281356759136,-0.4890214435113265,850864.0
18,400,Treino,912.0,66.0,8.0,133.0,129.58,-8.0,4.066237291930429,-1.5769181601760203,840359.0
18,405,Treino,907.0,66.0,8.0,133.0,128.74,-8.0,4.260928326560025,-1.9974521459350632,829589.0
18,410,Treino,902.0,66.0,8.0,133.0,127.88,-8.0,4.260114015912185,-2.0206449723312043,818554.0
18,415,Treino,897.0,66.0,9.0,133.0,127.08,-9.0,4.159277802303508,-1.6628233512447756,808314.0
18,420,Treino,892.0,66.0,9.0,133.0,126.24,-9.0,3.825585189329386,-0.7004971873928372,797544.0
18,425,Treino,887.0,66.0,9.0,133.0,125.4,-9.0,3.2450904833144447,1.794084951996271,786774.0
18,430,Treino,882.0,66.0,9.0,133.0,124.52,-9.0,2.082384818090125,13.339170050873705,775474.0
18,435,Treino,877.0,66.0,0.0,124.0,124.0,0.0,0.0,0.0,768800.0
18,440,Treino,872.0,66.0,0.0,124.0,124.0,0.0,0.0,0.0,768800.0
18,445,Treino,867.0,77.0,11.0,124.0,123.12,-11.0,3.0145226717965663,8.534487742830732,758372.0
18,450,Treino,862.0,77.0,11.0,124.0,122.02,-11.0,4.268967279407639,0.9888715908435612,745337.0
18,455,Treino,857.0,77.0,11.0,124.0,120.92,-11.0,4.9891310437218,-1.021350472813236,732302.0
18,460,Treino,852.0,77.0,11.0,124.0,119.82,-11.0,5.393457866258161,-1.8142903587038997,719267.0
18,465,Treino,847.0,77.0,11.0,124.0,118.72,-11.0,5.551392544548932,-2.0780056601200214,706232.0
18,470,Treino,842.0,77.0,11.0,124.0,117.62,-11.0,5.484263200936186,-1.9686965028124241,693197.0
18,475,Treino,837.0,77.0,11.0,124.0,116.52,-11.0,5.183332786490775,-1.425365691489359,680162.0
18,480,Treino,832.0,77.0,11.0,124.0,115.42,-11.0,4.602971533561283,-0.0607548479888953,667127.0
18,485,Treino,827.0,77.0,11.0,124.0,114.32,-11.0,3.6108679492524742,3.9737467762733933,654092.0
18,490,Treino,822.0,77.0,11.0,124.0,113.22,-11.0,1.555634918610405,50.0,641057.0
18,495,Treino,817.0,77.0,0.0,113.0,113.0,0.0,0.0,0.0,638450.0
18,500,Treino,812.0,77.0,0.0,113.0,113.0,0.0,0.0,0.0,638450.0
18,505,Treino,807.0,77.0,0.0,113.0,113.0,0.0,0.0,0.0,638450.0
18,510,Treino,802.0,77.0,0.0,113.0,113.0,0.0,0.0,0.0,638450.0
18,515,Treino,797.0,91.0,14.0,113.0,112.72,-14.0,1.979898987322333,50.0,635482.0
18,520,Treino,792.0,91.0,14.0,113.0,111.32,-14.0,4.595650117230423,3.973746776273356,620642.0
18,525,Treino,787.0,91.0,14.0,113.0,109.92,-14.0,5.858327406350724,-0.060754847988888194,605802.0
18,530,Treino,782.0,91.0,14.0,113.0,108.52,-14.0,6.596969000988259,-1.4253656914893642,590962.0
18,535,Treino,777.0,91.0,14.0,113.0,107.12,-14.0,6.97997134664606,-1.968696502812423,576122.0
18,540,Treino,772.0,91.0,14.0,113.0,105.72,-14.0,7.065408693062277,-2.078005660120021,561282.0
18,545,Treino,767.0,91.0,14.0,113.0,104.32,-14.0,6.86440092069221,-1.8142903587038963,546442.0
18,550,Treino,762.0,91.0,14.0,113.0,102.92,-14.0,6.349803146555023,-1.0213504728132388,531602.0
18,555,Treino,757.0,91.0,14.0,113.0,101.52,-14.0,5.433231082882454,0.9888715908435728,516762.0
18,560,Treino,752.0,91.0,14.0,113.0,100.12,-14.0,3.8366652186501784,8.534487742830704,501922.0
18,565,Treino,747.0,91.0,0.0,99.0,99.0,0.0,0.0,0.0,490050.0
18,570,Treino,742.0,91.0,0.0,99.0,99.0,0.0,0.0,0.0,490050.0
18,575,Treino,737.0,91.0,0.0,99.0,99.0,0.0,0.0,0.0,490050.0
18,580,Treino,732.0,91.0,0.0,99.0,99.0,0.0,0.0,0.0,490050.0
18,585,Treino,727.0,91.0,0.0,99.0,99.0,0.0,0.0,0.0,490050.0
18,590,Treino,722.0,90.0,-1.0,100.0,99.02,1.0,0.1414213562373095,50.00000000000087,490249.0
18,595,Treino,717.0,95.0,4.0,100.0,98.76,-4.0,1.152813771533258,12.891284027345513,487742.0
18,600,Treino,712.0,95.0,4.0,100.0,98.36,-4.0,1.625812198909348,2.24197937336798,483864.0
18,605,Treino,707.0,95.0,4.0,100.0,98.02,-4.0,1.8237660071894066,-0.14199104144353258,480559.0
18,610,Treino,702.0,93.0,2.0,100.0,97.82,-2.0,1.8147918304188775,-0.6206476003528429,478599.0
18,615,Treino,697.0,93.0,2.0,100.0,97.6,-2.0,1.7956864414252185,-0.9584022268662706,476446.0
18,620,Treino,692.0,93.0,2.0,100.0,97.4,-2.0,1.7379321515137762,-0.9992403991110059,474486.0
18,625,Treino,687.0,93.0,2.0,100.0,97.2,-2.0,1.6536909861128886,-0.8325445652019337,472526.0
18,630,Treino,682.0,93.0,2.0,100.0,97.0,-2.0,1.538618516324144,-0.39390163685582014,470566.0
18,635,Treino,677.0,93.0,2.0,100.0,96.8,-2.0,1.3850513878332382,0.4803343189851983,468606.0
18,640,Treino,672.0,93.0,3.0,100.0,96.58,-3.0,1.126489943069504,1.8077481185097728,466447.0
18,645,Treino,667.0,93.0,-2.0,97.0,96.64,2.0,0.7761758689832073,2.727795392250762,466994.0
18,650,Treino,662.0,98.0,5.0,97.0,96.44,-5.0,1.4165206007132045,5.811082771768186,465132.0
18,655,Treino,657.0,98.0,5.0,97.0,96.08,-5.0,1.936122782411133,0.9483052629039159,461752.0
18,660,Treino,652.0,98.0,5.0,97.0,95.58,-5.0,2.2595827680601315,-1.0319237450705976,457027.0
18,665,Treino,647.0,98.0,5.0,97.0,95.1,-5.0,2.4515717573900733,-1.8142903587039023,452495.0
18,670,Treino,642.0,98.0,5.0,97.0,94.6,-5.0,2.5233602475222425,-2.0780056601200227,447770.0
18,675,Treino,637.0,98.0,5.0,97.0,94.1,-5.0,2.4928469095164485,-1.9686965028124204,443045.0
18,680,Treino,632.0,98.0,5.0,97.0,93.6,-5.0,2.3560603574958052,-1.4253656914893538,438320.0
18,685,Treino,627.0,98.0,5.0,97.0,93.1,-5.0,2.0922597879823996,-0.06075484798887265,433595.0
18,690,Treino,622.0,98.0,5.0,97.0,92.6,-5.0,1.6413036132965801,3.9737467762734138,428870.0
18,695,Treino,617.0,98.0,5.0,97.0,92.1,-5.0,0.7071067811865469,50.00000000000024,424145.0
18,700,Treino,612.0,98.0,0.0,92.0,92.0,0.0,0.0,0.0,423200.0
18,705,Treino,607.0,98.0,0.0,92.0,92.0,0.0,0.0,0.0,423200.0
18,710,Treino,602.0,98.0,0.0,92.0,92.0,0.0,0.0,0.0,423200.0
18,715,Treino,597.0,98.0,0.0,92.0,92.0,0.0,0.0,0.0,423200.0
18,720,Treino,592.0,98.0,0.0,92.0,92.0,0.0,0.0,0.0,423200.0
18,725,Treino,587.0,98.0,0.0,92.0,92.0,0.0,0.0,0.0,423200.0
18,730,Treino,582.0,98.0,0.0,92.0,92.0,0.0,0.0,0.0,423200.0
18,735,Treino,577.0,98.0,0.0,92.0,92.0,0.0,0.0,0.0,423200.0
18,740,Treino,572.0,98.0,0.0,92.0,92.0,0.0,0.0,0.0,423200.0
18,745,Treino,567.0,114.0,16.0,92.0,90.72,-16.0,4.384760249885915,8.534487742830711,412448.0
18,750,Treino,562.0,114.0,16.0,92.0,89.12,-16.0,6.209406951865658,0.9888715908435737,399008.0
18,755,Treino,557.0,114.0,16.0,92.0,87.52,-16.0,7.256917881777164,-1.0213504728132414,385568.0
18,760,Treino,552.0,114.0,16.0,92.0,85.92,-16.0,7.845029623648234,-1.814290358703897,372128.0
18,765,Treino,547.0,114.0,16.0,92.0,84.32,-16.0,8.07475279207117,-2.078005660120022,358688.0
18,770,Treino,542.0,114.0,16.0,92.0,82.72,-16.0,7.977110110452634,-1.968696502812423,345248.0
18,775,Treino,537.0,114.0,16.0,92.0,81.12,-16.0,7.539393143986572,-1.4253656914893644,331808.0
18,780,Treino,532.0,114.0,16.0,92.0,79.52,-16.0,6.695231321543682,-0.060754847988885974,318368.0
18,785,Treino,527.0,114.0,16.0,92.0,77.92,-16.0,5.252171562549059,3.973746776273364,304928.0
18,790,Treino,522.0,114.0,16.0,92.0,76.32,-16.0,2.2627416997969507,50.00000000000013,291488.0
18,795,Treino,517.0,114.0,0.0,76.0,76.0,0.0,0.0,0.0,288800.0
18,800,Treino,512.0,114.0,0.0,76.0,76.0,0.0,0.0,0.0,288800.0
18,805,Treino,507.0,114.0,0.0,76.0,76.0,0.0,0.0,0.0,288800.0
18,810,Treino,502.0,123.0,9.0,76.0,75.82,-9.0,1.2727922061357855,49.99999999999983,287513.0
18,815,Treino,497.0,123.0,9.0,76.0,74.92,-9.0,2.9543465039338432,3.97374677627338,281078.0
18,820,Treino,492.0,123.0,9.0,76.0,74.02,-9.0,3.766067618368323,-0.06075484798889752,274643.0
18,825,Treino,487.0,123.0,9.0,76.0,73.12,-9.0,4.2409086434924514,-1.425365691489358,268208.0
18,830,Treino,482.0,123.0,9.0,76.0,72.22,-9.0,4.487124437129608,-1.9686965028124235,261773.0
18,835,Treino,477.0,123.0,9.0,76.0,71.32,-9.0,4.542048445540035,-2.078005660120021,255338.0
18,840,Treino,472.0,123.0,9.0,76.0,70.42,-9.0,4.412829163302134,-1.8142903587038983,248903.0
18,845,Treino,467.0,123.0,9.0,76.0,69.52,-9.0,4.082016308499659,-1.0213504728132343,242468.0
18,850,Treino,462.0,123.0,9.0,76.0,68.62,-9.0,3.492791410424435,0.9888715908435595,236033.0
18,855,Treino,457.0,123.0,9.0,76.0,67.72,-9.0,2.4664276405608248,8.534487742830722,229598.0
18,860,Treino,452.0,123.0,0.0,67.0,67.0,0.0,0.0,0.0,224450.0
18,865,Treino,447.0,123.0,0.0,67.0,67.0,0.0,0.0,0.0,224450.0
18,870,Treino,442.0,123.0,0.0,67.0,67.0,0.0,0.0,0.0,224450.0
18,875,Treino,437.0,123.0,0.0,67.0,67.0,0.0,0.0,0.0,224450.0
18,880,Treino,432.0,123.0,0.0,67.0,67.0,0.0,0.0,0.0,224450.0
18,885,Treino,427.0,138.0,15.0,67.0,65.5,-15.0,4.545686450484948,5.791962174940899,215525.0
18,890,Treino,422.0,138.0,15.0,67.0,64.0,-15.0,6.0609152673132645,0.4072473404255321,206600.0
18,895,Treino,417.0,138.0,15.0,67.0,62.5,-15.0,6.943650748294136,-1.2411347517730495,197675.0
18,900,Treino,412.0,135.0,12.0,67.0,61.12,-12.0,7.297301709871804,-1.8652658108655813,189392.0
18,905,Treino,407.0,138.0,15.0,67.0,59.74,-15.0,7.3756632354836595,-2.04825151965629,181109.0
18,910,Treino,402.0,135.0,12.0,67.0,58.52,-12.0,7.071760453972365,-1.8736999494284066,173680.0
18,915,Treino,397.0,135.0,12.0,67.0,57.32,-12.0,6.516666231710061,-1.2866881725150916,166360.0
18,920,Treino,392.0,135.0,12.0,67.0,56.06,-12.0,5.683524344945819,0.10687580783524675,158719.0
18,925,Treino,387.0,139.0,16.0,67.0,54.7,-16.0,4.3950343036900446,3.9779866126003576,150551.0
18,930,Treino,382.0,139.0,1.0,55.0,53.1,-1.0,1.6319513798279808,-1.7955312308792213,141111.0
18,935,Treino,377.0,139.0,1.0,55.0,53.0,-1.0,1.7261494247992246,-1.8157132989703069,140596.0
18,940,Treino,372.0,139.0,1.0,55.0,52.9,-1.0,1.8098370656171323,-1.8601259114580904,140081.0
18,945,Treino,367.0,139.0,1.0,55.0,52.8,-1.0,1.884415136896131,-1.9042194786685869,139566.0
18,950,Treino,362.0,139.0,4.0,55.0,52.58,-4.0,1.896183061859174,-1.7829264746846345,138409.0
18,955,Treino,357.0,139.0,3.0,55.0,52.36,-3.0,1.881814148580014,-1.548443989168736,137252.0
18,960,Treino,352.0,139.0,4.0,55.0,51.98,-4.0,1.7201091564793443,-0.47268541013110665,135241.0
18,965,Treino,347.0,138.0,3.0,55.0,51.64,-3.0,1.3962047683280694,2.2631205326769237,133430.0
18,970,Treino,342.0,139.0,4.0,55.0,51.3,-4.0,0.9741558354989888,11.236647700017025,131631.0
18,975,Treino,337.0,139.0,0.0,52.0,51.1,0.0,0.30304576336566325,5.791962174940844,130565.0
18,980,Treino,332.0,145.0,6.0,52.0,50.98,-6.0,0.9145089013302412,39.160957008115574,129989.0
18,985,Treino,327.0,145.0,6.0,52.0,50.38,-6.0,2.0292755317288655,3.699742871321482,127109.0
18,990,Treino,322.0,144.0,5.0,52.0,49.8,-5.0,2.5475077857324298,-0.06843031138514455,124320.0
18,995,Treino,317.0,145.0,6.0,52.0,49.22,-6.0,2.859213535365334,-1.3825592418465635,121531.0
18,1000,Treino,312.0,145.0,6.0,52.0,48.62,-6.0,3.0498578086627623,-1.9184852617629264,118651.0
18,1005,Treino,307.0,145.0,6.0,52.0,48.02,-6.0,3.113433697343674,-2.01869940195574,115771.0
18,1010,Treino,302.0,145.0,6.0,52.0,47.42,-6.0,3.057877081391265,-1.7411065705278457,112891.0
18,1015,Treino,297.0,145.0,6.0,52.0,46.76,-6.0,2.7742253929001968,-0.9679339562631712,109702.0
18,1020,Treino,292.0,145.0,7.0,52.0,46.16,-7.0,2.4105211562850797,1.069326216134396,106822.0
18,1025,Treino,287.0,145.0,6.0,51.0,45.52,-6.0,1.6442850937072184,8.201245196361226,103736.0
18,1030,Treino,282.0,145.0,0.0,46.0,45.04,0.0,0.1979486637221572,22.33072916666676,101432.0
18,1035,Treino,277.0,145.0,0.0,46.0,45.04,0.0,0.19794866372215716,22.33072916666676,101432.0
18,1040,Treino,272.0,154.0,10.0,46.0,44.48,-10.0,2.1687953959255255,12.99091971824015,99154.0
18,1045,Treino,267.0,154.0,9.0,45.0,43.56,-9.0,3.3329523591811854,1.7259530141844017,95418.0
18,1050,Treino,262.0,154.0,9.0,45.0,42.66,-9.0,3.9877874792410695,-0.7586145884018269,91773.0
18,1055,Treino,257.0,154.0,9.0,45.0,41.76,-9.0,4.36385899246555,-1.7081763445626492,88128.0
18,1060,Treino,252.0,154.0,9.0,45.0,40.86,-9.0,4.531116905152996,-2.0565662795080004,84483.0
18,1065,Treino,247.0,154.0,9.0,45.0,39.96,-9.0,4.512838827801662,-2.020369922630561,80838.0
18,1070,Treino,242.0,154.0,9.0,45.0,39.06,-9.0,4.306663086285659,-1.5796260477111557,77193.0
18,1075,Treino,237.0,154.0,9.0,45.0,38.16,-9.0,3.882771995282105,-0.44297079134004713,73548.0
18,1080,Treino,232.0,154.0,9.0,45.0,37.26,-9.0,3.1545884947847926,2.6843146956952078,69903.0
18,1085,Treino,227.0,154.0,9.0,45.0,36.36,-9.0,1.7815379734994197,22.33072916666668,66258.0
18,1090,Treino,222.0,154.0,0.0,36.0,36.0,0.0,0.0,0.0,64800.0
18,1095,Treino,217.0,158.0,4.0,36.0,35.86,-4.0,0.7001457574195913,24.542446933966335,64321.0
18,1100,Treino,212.0,158.0,4.0,36.0,35.46,-4.0,1.3584204512775049,2.9054135444997913,62961.0
18,1105,Treino,207.0,158.0,4.0,36.0,35.06,-4.0,1.6952514713222957,-0.365973728298564,61601.0
18,1110,Treino,202.0,158.0,4.0,36.0,34.7,-4.0,1.8543935693924531,-1.4371516200761212,60373.0
18,1115,Treino,197.0,158.0,4.0,36.0,34.3,-4.0,1.9613614596779978,-1.9514286017961224,59013.0
18,1120,Treino,192.0,158.0,4.0,36.0,33.9,-4.0,1.982062417930229,-2.0363214348514145,57653.0
18,1125,Treino,187.0,158.0,4.0,36.0,33.5,-4.0,1.9192898346492004,-1.7391272972938996,56293.0
18,1130,Treino,182.0,158.0,4.0,36.0,33.1,-4.0,1.7641555764612111,-0.8794766906631186,54933.0
18,1135,Treino,177.0,166.0,12.0,36.0,32.4,-12.0,2.2038926600773583,5.928660826032539,52726.0
18,1140,Treino,172.0,166.0,12.0,36.0,31.2,-12.0,3.043896536094645,1.9884665234986434,49126.0
18,1145,Treino,167.0,166.0,8.0,34.0,30.14,-8.0,3.4523579637986677,-0.4328368755814367,46005.0
18,1150,Treino,162.0,166.0,8.0,34.0,29.34,-8.0,3.841821421765292,-1.558017504085941,43765.0
18,1155,Treino,157.0,166.0,10.0,34.0,28.54,-10.0,4.036618103596835,-1.9906211950376425,41525.0
18,1160,Treino,152.0,166.0,8.0,32.0,27.7,-8.0,4.011463166313989,-2.053521191901867,39153.0
18,1165,Treino,147.0,166.0,8.0,32.0,26.9,-8.0,3.8663910293498143,-1.7081477894264112,36913.0
18,1170,Treino,142.0,166.0,8.0,32.0,26.1,-8.0,3.535533905932736,-0.7636328267477221,34673.0
18,1175,Treino,137.0,166.0,8.0,32.0,25.3,-8.0,2.957177363497778,1.7052868957805734,32433.0
18,1180,Treino,132.0,166.0,8.0,32.0,24.5,-8.0,1.9192898346492004,12.94866407611843,30193.0
18,1185,Treino,127.0,166.0,0.0,24.0,24.0,0.0,0.0,0.0,28800.0
18,1190,Treino,122.0,169.0,3.0,24.0,23.88,-3.0,0.5938459911664722,22.33072916666663,28530.0
18,1195,Treino,117.0,169.0,3.0,24.0,23.58,-3.0,1.0515294982615968,2.6843146956951847,27855.0
18,1200,Treino,112.0,169.0,3.0,24.0,23.28,-3.0,1.2942573317607,-0.4429707913400476,27180.0
18,1205,Treino,107.0,169.0,3.0,24.0,22.98,-3.0,1.4355543620952191,-1.579626047711153,26505.0
18,1210,Treino,102.0,169.0,3.0,24.0,22.68,-3.0,1.5042796092672215,-2.020369922630561,25830.0
18,1215,Treino,97.0,169.0,3.0,24.0,22.38,-3.0,1.510372301717665,-2.056566279508,25155.0
18,1220,Treino,92.0,169.0,3.0,24.0,22.08,-3.0,1.4546196641551834,-1.7081763445626443,24480.0
18,1225,Treino,87.0,175.0,9.0,24.0,21.66,-9.0,1.63644712217458,4.41128410123147,23589.0
18,1230,Treino,82.0,175.0,9.0,24.0,20.76,-9.0,2.412213819337763,1.907592914151186,21834.0
18,1235,Treino,77.0,175.0,9.0,24.0,19.86,-9.0,2.7030594910665386,-0.13406386517005586,20079.0
18,1240,Treino,72.0,175.0,6.0,21.0,19.1,-6.0,2.8012387930182254,-1.4042957595797658,18625.0
18,1245,Treino,67.0,175.0,6.0,21.0,18.5,-6.0,2.9709477632979175,-1.9571951490868815,17545.0
18,1250,Treino,62.0,175.0,6.0,21.0,17.9,-6.0,3.0118812346154296,-2.07218925076148,16465.0
18,1255,Treino,57.0,175.0,6.0,21.0,17.3,-6.0,2.929442379201413,-1.8135724261629216,15385.0
18,1260,Treino,52.0,175.0,6.0,21.0,16.7,-6.0,2.7124053637210737,-1.0283320264007068,14305.0
18,1265,Treino,47.0,177.0,8.0,21.0,16.06,-8.0,2.359609099414737,0.8974279429865986,13169.0
18,1270,Treino,42.0,177.0,8.0,21.0,15.26,-8.0,1.8384776310850228,5.891765235952473,11809.0
18,1275,Treino,37.0,177.0,2.0,16.0,14.58,-2.0,0.859283042389861,-0.07019952010253894,10665.0
18,1280,Treino,32.0,177.0,2.0,16.0,14.38,-2.0,0.9665845613735585,-1.3484489509145337,10385.0
18,1285,Treino,27.0,177.0,2.0,16.0,14.18,-2.0,1.02399776785471,-1.8428347858257552,10105.0
18,1290,Treino,22.0,177.0,2.0,15.0,13.96,-2.0,1.0093440990088975,-2.0780056601200227,9794.0
18,1295,Treino,17.0,177.0,2.0,15.0,13.76,-2.0,0.9806287029560287,-1.8142903587038968,9514.0
18,1300,Treino,12.0,177.0,2.0,15.0,13.56,-2.0,0.9071147352221455,-1.0213504728132423,9234.0
18,1305,Treino,7.0,177.0,2.0,15.0,13.36,-2.0,0.7761758689832073,0.9888715908435755,8954.0
18,1310,Treino,2.0,177.0,2.0,15.0,13.16,-2.0,0.5480950312357399,8.534487742830713,8674.0
19,50,Treino,1575.0,9.0,9.0,190.0,181.22,-9.0,1.2981934071812955,45.15386592984159,1642117.0
19,55,Treino,1570.0,9.0,0.0,183.0,181.04,0.0,0.282842712474619,50.00000000000087,1638778.0
19,60,Treino,1565.0,9.0,0.0,183.0,181.04,0.0,0.282842712474619,50.00000000000087,1638778.0
19,65,Treino,1560.0,9.0,0.0,183.0,181.04,0.0,0.282842712474619,50.00000000000087,1638778.0
19,70,Treino,1555.0,9.0,0.0,183.0,181.04,0.0,0.282842712474619,50.00000000000087,1638778.0
19,75,Treino,1550.0,9.0,0.0,183.0,181.04,0.0,0.282842712474619,50.00000000000087,1638778.0
19,80,Treino,1545.0,9.0,0.0,183.0,181.04,0.0,0.28284271247461906,50.00000000000087,1638778.0
19,85,Treino,1540.0,9.0,0.0,183.0,181.04,0.0,0.28284271247461906,50.00000000000087,1638778.0
19,90,Treino,1535.0,9.0,0.0,183.0,181.04,0.0,0.28284271247461906,50.00000000000087,1638778.0
19,95,Treino,1530.0,9.0,0.0,181.0,181.0,0.0,0.0,0.0,1638050.0
19,100,Treino,1525.0,9.0,0.0,181.0,181.0,0.0,0.0,0.0,1638050.0
19,105,Treino,1520.0,9.0,0.0,181.0,181.0,0.0,0.0,0.0,1638050.0
19,110,Treino,1515.0,9.0,0.0,181.0,181.0,0.0,0.0,0.0,1638050.0
19,115,Treino,1510.0,9.0,0.0,182.0,181.02,0.0,0.1414213562373095,49.9999999999978,1638413.0
19,120,Treino,1505.0,9.0,0.0,182.0,181.02,0.0,0.1414213562373095,49.9999999999978,1638413.0
19,125,Treino,1500.0,9.0,0.0,183.0,181.08,0.0,0.34046786536608525,22.599682602657467,1639504.0
19,130,Treino,1495.0,9.0,0.0,183.0,181.1,0.0,0.3642156795423418,16.477275588568812,1639867.0
19,135,Treino,1490.0,9.0,0.0,183.0,181.14,0.0,0.4045657788144656,9.483090438069327,1640593.0
19,140,Treino,1485.0,9.0,0.0,183.0,181.14,0.0,0.4045657788144656,9.483090438069333,1640593.0
19,145,Treino,1480.0,9.0,0.0,183.0,181.16,0.0,0.42185208743524005,7.352595194902731,1640956.0
19,150,Treino,1475.0,9.0,0.0,183.0,181.16,0.0,0.42185208743524005,7.352595194902731,1640956.0
19,155,Treino,1470.0,9.0,0.0,183.0,181.16,0.0,0.42185208743524005,7.352595194902735,1640956.0
19,160,Treino,1465.0,9.0,0.0,183.0,181.16,0.0,0.42185208743524005,7.352595194902731,1640956.0
19,165,Treino,1460.0,9.0,0.0,184.0,181.2,0.0,0.5714285714285715,12.83439993351093,1641688.0
19,170,Treino,1455.0,9.0,1.0,184.0,181.2,-1.0,0.5714285714285715,12.834399933510923,1641688.0
19,175,Treino,1450.0,9.0,0.0,184.0,181.14,0.0,0.4952838806674206,23.300508640000402,1640597.0
19,180,Treino,1445.0,9.0,0.0,184.0,181.12,0.0,0.47979587496419074,27.541153774532713,1640234.0
19,185,Treino,1440.0,9.0,0.0,184.0,181.08,0.0,0.4444671196029732,40.20302574960651,1639508.0
19,190,Treino,1435.0,8.0,-1.0,184.0,181.1,1.0,0.46291004988627515,33.00000000000033,1639871.0
19,195,Treino,1430.0,8.0,-1.0,184.0,181.3,1.0,0.8390957231764807,6.7486760782419335,1643519.0
19,200,Treino,1425.0,6.0,-3.0,184.0,181.58,3.0,1.1264899430695041,0.8588577170938647,1648627.0
19,205,Treino,1420.0,7.0,-2.0,184.0,181.86,2.0,1.2937841980100115,-0.9443631868603419,1653735.0
19,210,Treino,1415.0,8.0,-1.0,184.0,182.0,1.0,1.3401187885209798,-1.3618889572709687,1656288.0
19,215,Treino,1410.0,6.0,-3.0,184.0,182.18,3.0,1.3951812112571242,-1.7330160469452298,1659573.0
19,220,Treino,1405.0,9.0,0.0,184.0,182.36,0.0,1.3815105604270381,-1.8642173227757841,1662852.0
19,225,Treino,1400.0,6.0,-3.0,184.0,182.58,3.0,1.3414886644078257,-1.809001271320328,1666861.0
19,230,Treino,1395.0,9.0,0.0,184.0,182.66,0.0,1.3032142367771977,-1.6969626729597824,1668317.0
19,235,Treino,1390.0,8.0,-1.0,184.0,182.72,1.0,1.2623269733928302,-1.57670853291161,1669408.0
19,240,Treino,1385.0,6.0,0.0,184.0,182.9,0.0,1.1994896874104761,-1.1998722184230086,1672691.0
19,245,Treino,1380.0,18.0,12.0,184.0,182.34,-12.0,2.454566755902897,11.455380512312324,1662689.0
19,250,Treino,1375.0,18.0,12.0,184.0,181.16,-12.0,3.9089640571384123,1.7852285880516394,1641696.0
19,255,Treino,1370.0,18.0,9.0,184.0,179.98,-9.0,4.657624865503351,-0.6219960472289308,1620703.0
19,260,Treino,1365.0,18.0,12.0,184.0,178.94,-12.0,5.128591325070835,-1.5752018581075775,1602265.0
19,265,Treino,1360.0,18.0,12.0,184.0,177.8,-12.0,5.264435935053793,-1.9441054060960175,1582000.0
19,270,Treino,1355.0,18.0,12.0,184.0,176.72,-12.0,5.225682261871727,-1.928383688837912,1562836.0
19,275,Treino,1350.0,18.0,11.0,184.0,175.6,-11.0,4.894811914003376,-1.531836696945419,1542942.0
19,280,Treino,1345.0,18.0,9.0,184.0,174.62,-9.0,4.503468051379508,-0.5068600756937283,1525601.0
19,285,Treino,1340.0,18.0,11.0,184.0,173.66,-11.0,3.873562933000875,2.1297332327484497,1508625.0
19,290,Treino,1335.0,18.0,9.0,182.0,172.56,-9.0,2.2420835790643956,13.324508311550279,1489094.0
19,295,Treino,1330.0,18.0,0.0,172.0,172.0,0.0,0.0,0.0,1479200.0
19,300,Treino,1325.0,18.0,0.0,172.0,172.0,0.0,0.0,0.0,1479200.0
19,305,Treino,1320.0,18.0,0.0,172.0,172.0,0.0,0.0,0.0,1479200.0
19,310,Treino,1315.0,18.0,0.0,172.0,172.0,0.0,0.0,0.0,1479200.0
19,315,Treino,1310.0,18.0,0.0,172.0,172.0,0.0,0.0,0.0,1479200.0
19,320,Treino,1305.0,36.0,18.0,172.0,171.28,-18.0,3.563075946998833,22.330729166666675,1467464.0
19,325,Treino,1300.0,36.0,18.0,172.0,169.54,-18.0,6.165109198430424,2.738712864594828,1439053.0
19,330,Treino,1295.0,35.0,17.0,172.0,167.88,-17.0,7.416583734153771,-0.39958692297454546,1411880.0
19,335,Treino,1290.0,35.0,17.0,172.0,166.2,-17.0,8.17662172643096,-1.5475991264145963,1384398.0
19,340,Treino,1285.0,35.0,17.0,172.0,164.5,-17.0,8.562495344852005,-1.9984878450032473,1356605.0
19,345,Treino,1280.0,34.0,16.0,172.0,162.86,-16.0,8.542833253669416,-2.039415381511117,1329745.0
19,350,Treino,1275.0,34.0,16.0,172.0,161.3,-16.0,8.139723707891827,-1.7015722597679068,1304131.0
19,355,Treino,1270.0,33.0,15.0,172.0,159.72,-15.0,7.395641297688912,-0.7864769432895748,1278204.0
19,360,Treino,1265.0,33.0,15.0,172.0,158.06,-15.0,6.205363052412395,1.56512783322622,1251035.0
19,365,Treino,1260.0,34.0,16.0,172.0,156.38,-16.0,4.090257214605541,11.557610339331921,1223555.0
19,370,Treino,1255.0,34.0,-2.0,157.0,155.38,2.0,0.9452350965527585,-1.034286255441999,1207191.0
19,375,Treino,1250.0,36.0,1.0,157.0,155.38,-1.0,0.9452350965527584,-1.034286255441998,1207191.0
19,380,Treino,1245.0,35.0,1.0,157.0,155.36,-1.0,0.9638358739104574,-1.122990884003138,1206882.0
19,385,Treino,1240.0,34.0,-1.0,157.0,155.4,1.0,0.9689042833036094,-1.1093140409443665,1207504.0
19,390,Treino,1235.0,36.0,2.0,157.0,155.4,-2.0,0.9897433186107867,-1.1850897606382889,1207506.0
19,395,Treino,1230.0,35.0,1.0,157.0,155.34,-1.0,1.0022423838165926,-1.2865068660810073,1206575.0
19,400,Treino,1225.0,34.0,0.0,157.0,155.26,0.0,0.9858177999477787,-1.3668708950429886,1205331.0
19,405,Treino,1220.0,42.0,6.0,157.0,154.72,-6.0,1.9487306177119925,6.767983870838979,1197100.0
19,410,Treino,1215.0,42.0,8.0,157.0,153.98,-8.0,2.7737104008448865,0.9468555933633116,1185869.0
19,415,Treino,1210.0,42.0,6.0,157.0,153.26,-6.0,3.25018052873802,-0.9045108572676219,1174949.0
19,420,Treino,1205.0,42.0,8.0,157.0,152.58,-8.0,3.546139032922473,-1.676393267223428,1164649.0
19,425,Treino,1200.0,42.0,7.0,157.0,151.92,-7.0,3.7134064893439866,-1.957458217981101,1154660.0
19,430,Treino,1195.0,42.0,8.0,157.0,151.2,-8.0,3.697765458727081,-1.8618562396022373,1143742.0
19,435,Treino,1190.0,42.0,8.0,157.0,150.44,-8.0,3.4768035988974284,-1.3425748821381587,1132202.0
19,440,Treino,1185.0,42.0,6.0,157.0,149.74,-6.0,3.161051233048772,-0.11563886315776539,1121593.0
19,445,Treino,1180.0,42.0,9.0,157.0,149.04,-9.0,2.6260857812745266,3.184737374373001,1110984.0
19,450,Treino,1175.0,42.0,7.0,155.0,148.28,-7.0,1.3856406460551023,22.33072916666664,1099442.0
19,455,Treino,1170.0,42.0,0.0,148.0,148.0,0.0,0.0,0.0,1095200.0
19,460,Treino,1165.0,42.0,0.0,148.0,148.0,0.0,0.0,0.0,1095200.0
19,465,Treino,1160.0,42.0,0.0,148.0,148.0,0.0,0.0,0.0,1095200.0
19,470,Treino,1155.0,57.0,15.0,148.0,146.48,-15.0,4.608067459823664,5.825472246338359,1073860.0
19,475,Treino,1150.0,57.0,15.0,148.0,144.98,-15.0,6.102826377664564,0.41739104299362095,1052785.0
19,480,Treino,1145.0,57.0,15.0,148.0,143.48,-15.0,6.975876801009114,-1.2362547470211251,1031710.0
19,485,Treino,1140.0,57.0,15.0,148.0,141.98,-15.0,7.449119931582659,-1.8976709784929464,1010635.0
19,490,Treino,1135.0,57.0,15.0,148.0,140.48,-15.0,7.597636582033458,-2.083413368461483,989560.0
19,495,Treino,1130.0,57.0,15.0,148.0,138.96,-15.0,7.458620543248143,-1.8989228159857952,968220.0
19,500,Treino,1125.0,57.0,15.0,148.0,137.46,-15.0,6.972862850116198,-1.2416604254629697,947145.0
19,505,Treino,1120.0,57.0,15.0,148.0,135.96,-15.0,6.08430567198954,0.40182205876501564,926070.0
19,510,Treino,1115.0,57.0,15.0,148.0,134.46,-15.0,4.56343050338051,5.760365620681103,904995.0
19,515,Treino,1110.0,57.0,-1.0,133.0,132.96,1.0,0.19794866372215744,22.3307291666675,883920.0
19,520,Treino,1105.0,57.0,0.0,133.0,132.98,0.0,0.14142135623730948,49.99999999999781,884185.0
19,525,Treino,1100.0,60.0,3.0,133.0,132.86,-3.0,0.6064281507654607,19.727032856574894,882607.0
19,530,Treino,1095.0,60.0,3.0,133.0,132.56,-3.0,1.0528871870107588,2.4819067529278422,878662.0
19,535,Treino,1090.0,60.0,3.0,133.0,132.26,-3.0,1.2906255404703126,-0.497869047736085,874717.0
19,540,Treino,1085.0,60.0,3.0,133.0,131.96,-3.0,1.4279998856685483,-1.5933844805091135,870772.0
19,545,Treino,1080.0,60.0,3.0,133.0,131.68,-3.0,1.5042796092672202,-2.0203699226305556,867092.0
19,550,Treino,1075.0,60.0,3.0,133.0,131.38,-3.0,1.5103723017176645,-2.056566279507998,863147.0
19,555,Treino,1070.0,60.0,3.0,133.0,131.08,-3.0,1.4546196641551827,-1.7081763445626708,859202.0
19,560,Treino,1065.0,60.0,3.0,133.0,130.78,-3.0,1.3292624930803567,-0.7586145884018265,855257.0
19,565,Treino,1060.0,60.0,3.0,133.0,130.48,-3.0,1.1109841197270611,1.725953014184471,851312.0
19,570,Treino,1055.0,60.0,3.0,133.0,130.18,-3.0,0.7196938124462858,13.124339821940382,847367.0
19,575,Treino,1050.0,60.0,0.0,130.0,130.0,0.0,0.0,0.0,845000.0
19,580,Treino,1045.0,60.0,0.0,130.0,129.96,0.0,0.282842712474619,50.00000000000087,844484.0
19,585,Treino,1040.0,60.0,0.0,130.0,129.96,0.0,0.282842712474619,50.00000000000087,844484.0
19,590,Treino,1035.0,60.0,0.0,130.0,129.96,0.0,0.282842712474619,50.00000000000087,844484.0
19,595,Treino,1030.0,75.0,15.0,130.0,129.66,-15.0,2.1343641217190736,48.15763161046891,840809.0
19,600,Treino,1025.0,75.0,15.0,130.0,128.16,-15.0,4.917108823655774,3.927973939300795,822434.0
19,605,Treino,1020.0,75.0,15.0,130.0,126.66,-15.0,6.261674810190278,-0.0708977471382477,804059.0
19,610,Treino,1015.0,75.0,15.0,130.0,125.16,-15.0,7.046087349641325,-1.4271941777934198,785684.0
19,615,Treino,1010.0,75.0,15.0,130.0,123.66,-15.0,7.449448685257566,-1.96659242406481,767309.0
19,620,Treino,1005.0,75.0,15.0,130.0,122.16,-15.0,7.533218950428957,-2.0726303482807666,748934.0
19,625,Treino,1000.0,75.0,15.0,130.0,120.66,-15.0,7.3083960662531515,-1.8045223705646034,730559.0
19,630,Treino,995.0,75.0,15.0,130.0,119.18,-15.0,6.81741467545747,-1.021926584159906,712471.0
19,635,Treino,990.0,75.0,15.0,130.0,117.68,-15.0,5.832491678834489,0.9850495878132683,694096.0
19,640,Treino,985.0,76.0,16.0,130.0,116.14,-16.0,4.135510727781018,8.45916601220335,675263.0
19,645,Treino,980.0,75.0,0.0,115.0,114.94,0.0,0.23989793748209526,13.124339821940389,660563.0
19,650,Treino,975.0,75.0,0.0,115.0,114.94,0.0,0.2398979374820953,13.124339821940385,660563.0
19,655,Treino,970.0,75.0,0.0,115.0,114.94,0.0,0.23989793748209534,13.124339821940385,660563.0
19,660,Treino,965.0,75.0,0.0,115.0,114.94,0.0,0.2398979374820954,13.124339821940385,660563.0
19,665,Treino,960.0,84.0,9.0,115.0,114.4,-9.0,2.1570955529345,12.72684414353357,654596.0
19,670,Treino,955.0,84.0,9.0,115.0,113.5,-9.0,3.3150861102492266,1.6795292661254777,644651.0
19,675,Treino,950.0,84.0,9.0,115.0,112.6,-9.0,3.9589732744431485,-0.7695171816129278,634706.0
19,680,Treino,945.0,84.0,9.0,115.0,111.72,-9.0,4.337967171806797,-1.7078962346898825,624990.0
19,685,Treino,940.0,84.0,9.0,115.0,110.82,-9.0,4.498026778261686,-2.051628452045301,615045.0
19,690,Treino,935.0,84.0,9.0,115.0,109.96,-9.0,4.512838827801667,-2.0203699226305596,605558.0
19,695,Treino,930.0,84.0,9.0,115.0,109.06,-9.0,4.306663086285659,-1.5796260477111557,595613.0
19,700,Treino,925.0,84.0,9.0,115.0,108.16,-9.0,3.882771995282105,-0.44297079134004713,585668.0
19,705,Treino,920.0,84.0,9.0,115.0,107.26,-9.0,3.1545884947847904,2.6843146956951873,575723.0
19,710,Treino,915.0,84.0,9.0,115.0,106.36,-9.0,1.7815379734994197,22.33072916666668,565778.0
19,715,Treino,910.0,87.0,3.0,106.0,105.88,-3.0,0.5938459911664722,22.330729166666515,560546.0
19,720,Treino,905.0,87.0,3.0,106.0,105.58,-3.0,1.0515294982615968,2.6843146956951847,557411.0
19,725,Treino,900.0,87.0,3.0,106.0,105.28,-3.0,1.2942573317607,-0.4429707913400476,554276.0
19,730,Treino,895.0,87.0,3.0,106.0,104.98,-3.0,1.4355543620952194,-1.5796260477111457,551141.0
19,735,Treino,890.0,87.0,3.0,106.0,104.68,-3.0,1.5042796092672202,-2.0203699226305556,548006.0
19,740,Treino,885.0,87.0,3.0,106.0,104.38,-3.0,1.5103723017176645,-2.056566279507998,544871.0
19,745,Treino,880.0,87.0,3.0,106.0,104.08,-3.0,1.4546196641551834,-1.7081763445626443,541736.0
19,750,Treino,875.0,87.0,3.0,106.0,103.78,-3.0,1.3292624930803567,-0.7586145884018265,538601.0
19,755,Treino,870.0,87.0,3.0,106.0,103.48,-3.0,1.1109841197270613,1.7259530141843697,535466.0
19,760,Treino,865.0,87.0,3.0,106.0,103.18,-3.0,0.7196938124462858,13.124339821940382,532331.0
19,765,Treino,860.0,87.0,0.0,103.0,103.0,0.0,0.0,0.0,530450.0
19,770,Treino,855.0,87.0,0.0,103.0,103.0,0.0,0.0,0.0,530450.0
19,775,Treino,850.0,87.0,0.0,103.0,103.0,0.0,0.0,0.0,530450.0
19,780,Treino,845.0,87.0,0.0,103.0,103.0,0.0,0.0,0.0,530450.0
19,785,Treino,840.0,87.0,0.0,103.0,103.0,0.0,0.0,0.0,530450.0
19,790,Treino,835.0,87.0,0.0,103.0,103.0,0.0,0.0,0.0,530450.0
19,795,Treino,830.0,87.0,0.0,103.0,103.0,0.0,0.0,0.0,530450.0
19,800,Treino,825.0,102.0,15.0,103.0,102.4,-15.0,2.9692299558323607,22.330729166666707,524720.0
19,805,Treino,820.0,102.0,15.0,103.0,100.9,-15.0,5.257647491307984,2.6843146956952113,510395.0
19,810,Treino,815.0,104.0,17.0,103.0,99.32,-17.0,6.625368684388938,-0.38981232008367117,495374.0
19,815,Treino,810.0,104.0,17.0,103.0,97.66,-17.0,7.536604551339105,-1.523145127976842,479657.0
19,820,Treino,805.0,102.0,15.0,103.0,96.16,-15.0,7.8177192769936115,-1.9813954269565262,465332.0
19,825,Treino,800.0,102.0,15.0,103.0,94.66,-15.0,7.800078492540692,-2.0316258350274454,451007.0
19,830,Treino,795.0,102.0,15.0,103.0,93.16,-15.0,7.481569190418568,-1.6985359837713625,436682.0
19,835,Treino,790.0,102.0,15.0,103.0,91.66,-15.0,6.820168170767564,-0.7758307523092443,422357.0
19,840,Treino,785.0,102.0,15.0,103.0,90.16,-15.0,5.697690187206372,1.6231471021876072,408032.0
19,845,Treino,780.0,102.0,15.0,103.0,88.66,-15.0,3.7176358517921892,12.16427992938753,393707.0
19,850,Treino,775.0,102.0,0.0,88.0,87.76,0.0,0.6565214453186317,3.973746776273451,385112.0
19,855,Treino,770.0,102.0,0.0,88.0,87.74,0.0,0.6642473107178667,3.3827902937977132,384937.0
19,860,Treino,765.0,102.0,-2.0,88.0,87.82,2.0,0.5602477586036453,7.200244211270581,385633.0
19,865,Treino,760.0,102.0,0.0,88.0,87.98,0.0,0.1414213562373095,50.00000000000087,387025.0
19,870,Treino,755.0,102.0,0.0,88.0,87.98,0.0,0.1414213562373095,50.00000000000087,387025.0
19,875,Treino,750.0,102.0,0.0,88.0,87.98,0.0,0.1414213562373095,50.00000000000087,387025.0
19,880,Treino,745.0,103.0,1.0,88.0,87.94,-1.0,0.2398979374820952,13.124339821940389,386675.0
19,885,Treino,740.0,102.0,0.0,88.0,87.92,0.0,0.27404751561786966,8.5344877428308,386500.0
19,890,Treino,735.0,106.0,4.0,88.0,87.52,-4.0,1.2162169516453005,4.926059733677816,383060.0
19,895,Treino,730.0,106.0,4.0,88.0,87.12,-4.0,1.598979266243797,0.22725885408225688,379620.0
19,900,Treino,725.0,106.0,4.0,88.0,86.72,-4.0,1.818723481467377,-1.2862904126021897,376180.0
19,905,Treino,720.0,106.0,4.0,88.0,86.34,-4.0,1.9442222095223578,-1.8928201376560623,372915.0
19,910,Treino,715.0,106.0,4.0,88.0,85.94,-4.0,1.973394464947573,-2.0458046435313055,369475.0
19,915,Treino,710.0,106.0,4.0,88.0,85.54,-4.0,1.9188644601238862,-1.8232312081018225,366035.0
19,920,Treino,705.0,106.0,4.0,88.0,85.14,-4.0,1.7729256346847846,-1.0964573185745246,362595.0
19,925,Treino,700.0,106.0,4.0,88.0,84.74,-4.0,1.509290953949392,0.7230588855635154,359155.0
19,930,Treino,695.0,106.0,3.0,88.0,84.34,-3.0,1.205599182048122,5.525147861122246,355733.0
19,935,Treino,690.0,106.0,0.0,84.0,83.96,0.0,0.28284271247461906,49.99999999999932,352468.0
19,940,Treino,685.0,106.0,0.0,84.0,83.96,0.0,0.2828427124746191,49.99999999999932,352468.0
19,945,Treino,680.0,106.0,0.0,84.0,83.96,0.0,0.2828427124746191,49.99999999999932,352468.0
19,950,Treino,675.0,106.0,0.0,84.0,83.96,0.0,0.2828427124746192,49.99999999999929,352468.0
19,955,Treino,670.0,106.0,0.0,84.0,83.96,0.0,0.28284271247461923,49.999999999999304,352468.0
19,960,Treino,665.0,106.0,0.0,84.0,83.96,0.0,0.2828427124746193,49.999999999999304,352468.0
19,965,Treino,660.0,106.0,0.0,84.0,83.96,0.0,0.2828427124746193,49.99999999999929,352468.0
19,970,Treino,655.0,114.0,8.0,84.0,83.48,-8.0,1.9297879760878034,12.44123134679692,348628.0
19,975,Treino,650.0,114.0,8.0,84.0,82.68,-8.0,2.9584883067581136,1.6411921921655805,342228.0
19,980,Treino,645.0,114.0,8.0,84.0,81.92,-8.0,3.544699981547616,-0.7586145884018207,336160.0
19,985,Treino,640.0,114.0,8.0,84.0,81.12,-8.0,3.8789857710804903,-1.7081763445626448,329760.0
19,990,Treino,635.0,114.0,8.0,84.0,80.32,-8.0,4.027659471247107,-2.056566279508001,323360.0
19,995,Treino,630.0,114.0,8.0,84.0,79.52,-8.0,4.0114122913792585,-2.02036992263056,316960.0
19,1000,Treino,625.0,114.0,8.0,84.0,78.72,-8.0,3.828144965587254,-1.5796260477111534,310560.0
19,1005,Treino,620.0,114.0,8.0,84.0,77.92,-8.0,3.451352884695201,-0.4429707913400551,304160.0
19,1010,Treino,615.0,114.0,8.0,84.0,77.12,-8.0,2.804078662030929,2.6843146956951793,297760.0
19,1015,Treino,610.0,114.0,8.0,84.0,76.32,-8.0,1.583589309777257,22.33072916666676,291360.0
19,1020,Treino,605.0,114.0,0.0,76.0,76.0,0.0,0.0,0.0,288800.0
19,1025,Treino,600.0,114.0,0.0,76.0,76.0,0.0,0.0,0.0,288800.0
19,1030,Treino,595.0,114.0,0.0,76.0,76.0,0.0,0.0,0.0,288800.0
19,1035,Treino,590.0,114.0,0.0,76.0,76.0,0.0,0.0,0.0,288800.0
19,1040,Treino,585.0,114.0,0.0,76.0,76.0,0.0,0.0,0.0,288800.0
19,1045,Treino,580.0,117.0,3.0,76.0,75.82,-3.0,0.7196938124462856,13.124339821940389,287459.0
19,1050,Treino,575.0,117.0,3.0,76.0,75.52,-3.0,1.1109841197270618,1.725953014184367,285224.0
19,1055,Treino,570.0,117.0,3.0,76.0,75.22,-3.0,1.3292624930803565,-0.7586145884018265,282989.0
19,1060,Treino,565.0,117.0,3.0,76.0,74.92,-3.0,1.4546196641551834,-1.7081763445626443,280754.0
19,1065,Treino,560.0,117.0,3.0,76.0,74.62,-3.0,1.5103723017176647,-2.056566279507998,278519.0
19,1070,Treino,555.0,117.0,3.0,76.0,74.32,-3.0,1.5042796092672197,-2.0203699226305556,276284.0
19,1075,Treino,550.0,117.0,3.0,76.0,73.98,-3.0,1.4775876644458183,-1.535919232261266,273759.0
19,1080,Treino,545.0,117.0,3.0,76.0,73.64,-3.0,1.3666583706401587,-0.5022929628120001,271234.0
19,1085,Treino,540.0,117.0,3.0,76.0,73.34,-3.0,1.117760150972488,2.184339149933612,268999.0
19,1090,Treino,535.0,117.0,3.0,76.0,73.02,-3.0,0.6848208465261071,13.916972942563145,266619.0
19,1095,Treino,530.0,117.0,0.0,73.0,72.88,0.0,0.3282607226593159,3.973746776273229,265580.0
19,1100,Treino,525.0,118.0,1.0,73.0,72.86,-1.0,0.35050983275386577,2.684314695695182,265435.0
19,1105,Treino,520.0,117.0,0.0,73.0,72.86,0.0,0.35050983275386577,2.684314695695183,265435.0
19,1110,Treino,515.0,117.0,0.0,73.0,72.86,0.0,0.3505098327538659,2.684314695695183,265435.0
19,1115,Treino,510.0,117.0,0.0,73.0,72.86,0.0,0.35050983275386594,2.684314695695182,265435.0
19,1120,Treino,505.0,117.0,-1.0,73.0,72.84,1.0,0.3703280399090207,1.7259530141844701,265290.0
19,1125,Treino,500.0,127.0,9.0,73.0,72.68,-9.0,1.434843374798825,44.601270817581565,264220.0
19,1130,Treino,495.0,127.0,10.0,73.0,71.72,-10.0,3.264152857565194,3.878210900162805,257710.0
19,1135,Treino,490.0,127.0,9.0,73.0,70.72,-9.0,4.150436416689164,-0.08113008923876608,250910.0
19,1140,Treino,485.0,127.0,10.0,73.0,69.74,-10.0,4.676515360647002,-1.4276923134464208,244255.0
19,1145,Treino,480.0,127.0,10.0,73.0,68.76,-10.0,4.955145748386731,-1.966012677871915,237600.0
19,1150,Treino,475.0,127.0,10.0,73.0,67.78,-10.0,5.027637900360651,-2.074789933764463,230945.0
19,1155,Treino,470.0,127.0,10.0,73.0,66.78,-10.0,4.8793191227917045,-1.808547570218045,224145.0
19,1160,Treino,465.0,127.0,10.0,73.0,65.78,-10.0,4.505280348702857,-1.0106946535162495,217345.0
19,1165,Treino,460.0,127.0,10.0,73.0,64.78,-10.0,3.8401211715575996,1.0134775454437523,210545.0
19,1170,Treino,455.0,127.0,10.0,73.0,63.8,-10.0,2.7404751561786953,8.53448774283072,203890.0
19,1175,Treino,450.0,127.0,0.0,63.0,63.0,0.0,0.0,0.0,198450.0
19,1180,Treino,445.0,127.0,0.0,63.0,63.0,0.0,0.0,0.0,198450.0
19,1185,Treino,440.0,127.0,0.0,63.0,63.0,0.0,0.0,0.0,198450.0
19,1190,Treino,435.0,141.0,14.0,63.0,62.4,-14.0,2.7774602993176543,21.80658436213991,195066.0
19,1195,Treino,430.0,141.0,14.0,63.0,61.0,-14.0,4.898979485566356,2.6471631205673756,187226.0
19,1200,Treino,425.0,141.0,14.0,63.0,59.6,-14.0,6.023762469230864,-0.4518964782610406,179386.0
19,1205,Treino,420.0,141.0,14.0,63.0,58.2,-14.0,6.676183683170242,-1.5807209702463365,171546.0
19,1210,Treino,415.0,141.0,14.0,63.0,56.8,-14.0,6.9897884701286115,-2.01730810789572,163706.0
19,1215,Treino,410.0,141.0,14.0,63.0,55.4,-14.0,7.010196655077314,-2.04967463723922,155866.0
19,1220,Treino,405.0,141.0,14.0,63.0,54.0,-14.0,6.740072064048828,-1.6957196852063654,148026.0
19,1225,Treino,400.0,141.0,14.0,63.0,52.6,-14.0,6.141195788629909,-0.7345773987456785,140186.0
19,1230,Treino,395.0,141.0,14.0,63.0,51.2,-14.0,5.0990195135927765,1.7866045574719838,132346.0
19,1235,Treino,390.0,141.0,14.0,63.0,49.8,-14.0,3.207134902949091,13.481481481481502,124506.0
19,1240,Treino,385.0,141.0,0.0,49.0,49.0,0.0,0.0,0.0,120050.0
19,1245,Treino,380.0,141.0,0.0,49.0,49.0,0.0,0.0,0.0,120050.0
19,1250,Treino,375.0,141.0,0.0,49.0,49.0,0.0,0.0,0.0,120050.0
19,1255,Treino,370.0,141.0,0.0,49.0,49.0,0.0,0.0,0.0,120050.0
19,1260,Treino,365.0,141.0,0.0,49.0,48.98,0.0,0.14142135623730953,49.99999999999932,119953.0
19,1265,Treino,360.0,142.0,1.0,49.0,48.86,-1.0,0.49528388066742046,23.30050863999986,119377.0
19,1270,Treino,355.0,141.0,0.0,49.0,48.82,0.0,0.5225526045191965,17.22546485640114,119183.0
19,1275,Treino,350.0,142.0,1.0,49.0,48.72,-1.0,0.5728553615932406,9.215093751629256,118698.0
19,1280,Treino,345.0,142.0,1.0,49.0,48.64,-1.0,0.5979557010416101,6.129165452249106,118310.0
19,1285,Treino,340.0,142.0,1.0,49.0,48.58,-1.0,0.6091144458665096,4.735032698551064,118019.0
19,1290,Treino,335.0,142.0,1.0,49.0,48.5,-1.0,0.614451804788759,3.6241860031394246,117631.0
19,1295,Treino,330.0,141.0,0.0,49.0,48.44,0.0,0.6114552731152197,3.2006359122125687,117340.0
19,1300,Treino,325.0,142.0,1.0,49.0,48.34,-1.0,0.5928141120356121,3.1555220845410528,116855.0
19,1305,Treino,320.0,141.0,0.0,49.0,48.26,0.0,0.5646020812962714,3.78552193448572,116467.0
19,1310,Treino,315.0,142.0,0.0,49.0,48.2,0.0,0.5714285714285713,3.4880734707446965,116178.0
19,1315,Treino,310.0,141.0,0.0,49.0,48.2,0.0,0.5714285714285713,3.4880734707446965,116178.0
19,1320,Treino,305.0,142.0,0.0,49.0,48.14,0.0,0.5349041493385446,4.738101832766734,115887.0
19,1325,Treino,300.0,142.0,0.0,49.0,48.14,0.0,0.5349041493385446,4.7381018327667315,115887.0
19,1330,Treino,295.0,142.0,0.0,49.0,48.12,0.0,0.5205962045225316,5.34263109860615,115790.0
19,1335,Treino,290.0,147.0,5.0,49.0,47.9,-5.0,1.129384878631564,13.514892255319133,114783.0
19,1340,Treino,285.0,147.0,5.0,49.0,47.38,-5.0,1.8504274189097663,1.9879717266832246,112411.0
19,1345,Treino,280.0,147.0,5.0,49.0,46.84,-5.0,2.2256390964743367,-0.5842892039283765,109942.0
19,1350,Treino,275.0,147.0,5.0,49.0,46.34,-5.0,2.4628670864897044,-1.5855671872413275,107667.0
19,1355,Treino,270.0,147.0,6.0,49.0,45.82,-6.0,2.5610106423449484,-1.9599201945996543,105295.0
19,1360,Treino,265.0,147.0,5.0,49.0,45.3,-5.0,2.541492410665313,-1.9800103895508054,102921.0
19,1365,Treino,260.0,147.0,5.0,49.0,44.82,-5.0,2.455231814983287,-1.6725945736733818,100737.0
19,1370,Treino,255.0,147.0,5.0,49.0,44.32,-5.0,2.2537044334760026,-0.6955937626727491,98462.0
19,1375,Treino,250.0,147.0,5.0,49.0,43.82,-5.0,1.9026297590440469,1.8697471760337745,96187.0
19,1380,Treino,245.0,147.0,5.0,49.0,43.32,-5.0,1.2847615517666933,13.7472593753577,93912.0
19,1385,Treino,240.0,147.0,0.0,43.0,43.0,0.0,0.0,0.0,92450.0
19,1390,Treino,235.0,157.0,10.0,43.0,41.94,-10.0,3.2160947290343374,5.888856079596488,88455.0
19,1395,Treino,230.0,158.0,11.0,43.0,40.88,-11.0,4.288760821933895,0.4576398894453306,84460.0
19,1400,Treino,225.0,158.0,11.0,43.0,39.8,-11.0,4.944590942821938,-1.2101886234928914,80400.0
19,1405,Treino,220.0,158.0,11.0,43.0,38.7,-11.0,5.327058383424022,-1.8819736963003508,76275.0
19,1410,Treino,215.0,158.0,11.0,43.0,37.6,-11.0,5.462301226944334,-2.074314516320089,72150.0
19,1415,Treino,210.0,157.0,10.0,43.0,36.54,-10.0,5.338386211856423,-1.89476857780351,68155.0
19,1420,Treino,205.0,157.0,10.0,43.0,35.48,-10.0,4.986676124986485,-1.2484054567603209,64160.0
19,1425,Treino,200.0,158.0,11.0,43.0,34.42,-11.0,4.35229238213517,0.35802915142913516,60165.0
19,1430,Treino,195.0,157.0,10.0,43.0,33.34,-10.0,3.2801816773975667,5.50386153679716,56105.0
19,1435,Treino,190.0,157.0,-1.0,34.0,32.36,1.0,0.5252793231671498,-0.01962019328543807,52372.0
19,1440,Treino,185.0,157.0,0.0,34.0,32.42,0.0,0.5379477252503635,-0.6268103196617285,52567.0
19,1445,Treino,180.0,157.0,0.0,34.0,32.48,0.0,0.5436085025840129,-0.9792532733848578,52762.0
19,1450,Treino,175.0,157.0,-1.0,34.0,32.56,1.0,0.5405967979549859,-1.1573394659900544,53022.0
19,1455,Treino,170.0,157.0,-1.0,34.0,32.66,1.0,0.5194188275056527,-0.9573776592457728,53347.0
19,1460,Treino,165.0,157.0,0.0,34.0,32.76,0.0,0.4763809143009446,-0.13776557202119566,53672.0
19,1465,Treino,160.0,160.0,2.0,34.0,32.76,-2.0,0.5910903104450628,8.873645298855388,53678.0
19,1470,Treino,155.0,160.0,3.0,34.0,32.52,-3.0,1.014989695333235,2.223227772396382,52928.0
19,1475,Treino,150.0,160.0,2.0,34.0,32.28,-2.0,1.26232697339283,-0.3295409142760706,52178.0
19,1480,Treino,145.0,160.0,3.0,34.0,32.06,-3.0,1.4344166132641392,-1.4052757110049612,51493.0
19,1485,Treino,140.0,160.0,3.0,33.0,31.74,-3.0,1.4957081457098695,-1.9686965028124248,50481.0
19,1490,Treino,135.0,160.0,3.0,33.0,31.44,-3.0,1.5140161485133448,-2.078005660120022,49536.0
19,1495,Treino,130.0,160.0,3.0,33.0,31.14,-3.0,1.4709430544340432,-1.814290358703898,48591.0
19,1500,Treino,125.0,160.0,3.0,33.0,30.84,-3.0,1.3606721028332192,-1.0213504728132397,47646.0
19,1505,Treino,120.0,160.0,3.0,33.0,30.54,-3.0,1.164263803474812,0.9888715908435728,46701.0
19,1510,Treino,115.0,160.0,3.0,33.0,30.24,-3.0,0.82214254685361,8.53448774283074,45756.0
19,1515,Treino,110.0,160.0,0.0,30.0,30.0,0.0,0.0,0.0,45000.0
19,1520,Treino,105.0,160.0,0.0,31.0,30.02,0.0,0.1414213562373095,50.000000000000114,45061.0
19,1525,Treino,100.0,160.0,0.0,31.0,30.02,0.0,0.14142135623730948,50.000000000000114,45061.0
19,1530,Treino,95.0,160.0,0.0,31.0,30.02,0.0,0.14142135623730948,50.000000000000114,45061.0
19,1535,Treino,90.0,160.0,0.0,31.0,30.02,0.0,0.14142135623730948,50.000000000000114,45061.0
19,1540,Treino,85.0,160.0,0.0,31.0,30.02,0.0,0.14142135623730945,50.000000000000114,45061.0
19,1545,Treino,80.0,160.0,0.0,31.0,30.02,0.0,0.14142135623730945,50.00000000000013,45061.0
19,1550,Treino,75.0,171.0,11.0,31.0,29.36,-11.0,2.647756077303564,13.034293031092364,43444.0
19,1555,Treino,70.0,171.0,11.0,31.0,28.26,-11.0,4.084865046605529,1.716342925300891,40749.0
19,1560,Treino,65.0,172.0,12.0,31.0,27.1,-12.0,4.994895353442025,-0.7321889505419961,37943.0
19,1565,Treino,60.0,171.0,12.0,31.0,25.94,-12.0,5.519575553039769,-1.6826820180186073,35137.0
19,1570,Treino,55.0,172.0,12.0,30.0,24.76,-12.0,5.744775798896926,-2.03725645653134,32270.0
19,1575,Treino,50.0,172.0,12.0,30.0,23.56,-12.0,5.778778912044113,-2.0080995852031656,29390.0
19,1580,Treino,45.0,172.0,12.0,30.0,22.38,-12.0,5.539800335310118,-1.578840043178979,26547.0
19,1585,Treino,40.0,172.0,12.0,30.0,21.2,-12.0,5.01426536422407,-0.4690068907156686,23704.0
19,1590,Treino,35.0,172.0,12.0,30.0,20.02,-12.0,4.093249794179564,2.5505338314071215,20861.0
19,1595,Treino,30.0,172.0,12.0,30.0,18.86,-12.0,2.3474693277864054,20.217092377733337,18055.0
19,1600,Treino,25.0,172.0,1.0,19.0,18.32,-1.0,0.47121207149916094,-1.425365691489364,16792.0
19,1605,Treino,20.0,172.0,1.0,19.0,18.22,-1.0,0.41845195759647996,-0.060754847988875316,16607.0
19,1610,Treino,15.0,172.0,0.0,19.0,18.18,0.0,0.38808793449160367,0.9888715908435728,16533.0
19,1615,Treino,10.0,172.0,1.0,19.0,18.14,-1.0,0.3505098327538659,2.684314695695182,16459.0
19,1620,Treino,5.0,172.0,0.0,19.0,18.12,0.0,0.32826072265931583,3.9737467762733436,16422.0
19,1625,Treino,0.0,172.0,0.0,19.0,18.14,0.0,0.35050983275386594,2.68431469569518,16459.0
20,50,Validação,2118.0,13.0,7.0,184.0,176.5,-7.0,1.5551100755055172,9.792026191474589,1557731.0
20,55,Validação,2113.0,15.0,0.0,178.0,176.5,0.0,1.0926470386270253,-1.2810860715934365,1557671.0
20,60,Validação,2108.0,13.0,-1.0,178.0,176.68,1.0,1.0388376550113054,-1.2616100763529634,1560844.0
20,65,Validação,2103.0,12.0,-2.0,178.0,176.8,2.0,1.069044967649697,-1.3051861702127558,1562968.0
20,70,Validação,2098.0,13.0,-1.0,178.0,176.9,1.0,1.092647038627025,-1.2810860715934278,1564739.0
20,75,Validação,2093.0,15.0,1.0,178.0,177.0,-1.0,1.1065666703449764,-1.1620124113475176,1566510.0
20,80,Validação,2088.0,13.0,0.0,178.0,177.12,0.0,1.1183077594731963,-0.7060704797659052,1568636.0
20,85,Validação,2083.0,12.0,0.0,178.0,177.26,0.0,1.026386568382061,0.014441299230673277,1571107.0
20,90,Validação,2078.0,18.0,4.0,178.0,176.96,-4.0,1.4563022785571036,3.584513955788049,1565846.0
20,95,Validação,2073.0,18.0,6.0,178.0,176.48,-6.0,2.0725612666653865,0.5237038981710902,1557470.0
20,100,Validação,2068.0,18.0,5.0,178.0,175.84,-5.0,2.5262701392223534,-0.735640839111666,1546298.0
20,105,Validação,2063.0,18.0,6.0,178.0,175.36,-6.0,2.7312253361329764,-1.510339506624392,1537922.0
20,110,Validação,2058.0,18.0,3.0,178.0,174.86,-3.0,2.828499277579066,-1.801847044134926,1529193.0
20,115,Validação,2053.0,18.0,6.0,178.0,174.32,-6.0,2.780691442422042,-1.7231704801792969,1519752.0
20,120,Validação,2048.0,18.0,6.0,178.0,173.74,-6.0,2.585753748712275,-1.1722931250754205,1509607.0
20,125,Validação,2043.0,18.0,6.0,178.0,173.24,-6.0,2.3435539033611286,-0.10854184584715476,1500874.0
20,130,Validação,2038.0,18.0,6.0,178.0,172.72,-6.0,1.9063802648699715,2.632592505977498,1491788.0
20,135,Validação,2033.0,18.0,3.0,176.0,172.16,-3.0,0.9553287712743128,11.306009107481444,1481998.0
20,140,Validação,2028.0,18.0,0.0,172.0,171.94,0.0,0.3136356914300024,32.438318899467774,1478173.0
20,145,Validação,2023.0,18.0,0.0,172.0,171.94,0.0,0.3136356914300025,32.438318899467774,1478173.0
20,150,Validação,2018.0,18.0,0.0,172.0,172.0,0.0,0.0,0.0,1479200.0
20,155,Validação,2013.0,27.0,9.0,172.0,171.46,-9.0,2.159081437338857,13.124339821940609,1470155.0
20,160,Validação,2008.0,27.0,9.0,172.0,170.56,-9.0,3.3329523591811854,1.7259530141844017,1455080.0
20,165,Validação,2003.0,27.0,9.0,172.0,169.66,-9.0,3.9877874792410695,-0.7586145884018269,1440005.0
20,170,Validação,1998.0,27.0,9.0,172.0,168.76,-9.0,4.363858992465549,-1.7081763445626532,1424930.0
20,175,Validação,1993.0,27.0,9.0,172.0,167.86,-9.0,4.531116905152994,-2.0565662795079973,1409855.0
20,180,Validação,1988.0,27.0,9.0,172.0,166.96,-9.0,4.512838827801667,-2.0203699226305627,1394780.0
20,185,Validação,1983.0,27.0,9.0,172.0,166.06,-9.0,4.306663086285659,-1.5796260477111557,1379705.0
20,190,Validação,1978.0,27.0,9.0,172.0,165.16,-9.0,3.882771995282105,-0.44297079134004713,1364630.0
20,195,Validação,1973.0,27.0,9.0,172.0,164.26,-9.0,3.1545884947847873,2.6843146956952237,1349555.0
20,200,Validação,1968.0,27.0,9.0,172.0,163.36,-9.0,1.7815379734994168,22.330729166666504,1334480.0
20,205,Validação,1963.0,27.0,0.0,163.0,163.0,0.0,0.0,0.0,1328450.0
20,210,Validação,1958.0,27.0,0.0,163.0,163.0,0.0,0.0,0.0,1328450.0
20,215,Validação,1953.0,27.0,0.0,163.0,163.0,0.0,0.0,0.0,1328450.0
20,220,Validação,1948.0,27.0,0.0,163.0,163.0,0.0,0.0,0.0,1328450.0
20,225,Validação,1943.0,36.0,9.0,163.0,162.28,-9.0,2.4664276405608274,8.53448774283072,1317038.0
20,230,Validação,1938.0,34.0,7.0,163.0,161.46,-7.0,3.3332585025614136,1.1396548963707431,1304011.0
20,235,Validação,1933.0,36.0,9.0,163.0,160.66,-9.0,3.8098154650259666,-0.9015723680322458,1291293.0
20,240,Validação,1928.0,36.0,9.0,163.0,159.76,-9.0,4.201846047165653,-1.7429831834584832,1277028.0
20,245,Validação,1923.0,36.0,9.0,163.0,158.86,-9.0,4.375301738865838,-2.036754607397135,1262763.0
20,250,Validação,1918.0,36.0,9.0,163.0,157.98,-9.0,4.340083700876314,-1.95042073157985,1248807.0
20,255,Validação,1913.0,36.0,9.0,163.0,157.1,-9.0,4.116913843139878,-1.4394073825670026,1234851.0
20,260,Validação,1908.0,36.0,9.0,163.0,156.22,-9.0,3.6716787018741064,-0.1509222865490747,1220895.0
20,265,Validação,1903.0,36.0,9.0,163.0,155.4,-9.0,2.899683304312066,3.378959090836144,1207870.0
20,270,Validação,1898.0,35.0,8.0,163.0,154.52,-8.0,1.3738074605910062,30.439272666200242,1193914.0
20,275,Validação,1893.0,35.0,-1.0,156.0,154.4,1.0,0.6700593942604895,0.807763319852242,1191990.0
20,280,Validação,1888.0,33.0,-2.0,157.0,154.52,2.0,0.8628382211737999,1.2750451704042352,1193858.0
20,285,Validação,1883.0,42.0,6.0,157.0,154.4,-6.0,1.2616801237611208,13.287412396659576,1192046.0
20,290,Validação,1878.0,42.0,6.0,157.0,153.8,-6.0,2.3211538298959886,2.4945077589238975,1182986.0
20,295,Validação,1873.0,42.0,6.0,157.0,153.2,-6.0,2.9067128499108295,-0.3097258159901628,1173926.0
20,300,Validação,1868.0,42.0,6.0,157.0,152.58,-6.0,3.2707110878841266,-1.3904057485375514,1164557.0
20,305,Validação,1863.0,42.0,7.0,157.0,151.96,-7.0,3.4873532446629536,-1.8164091236787605,1155188.0
20,310,Validação,1858.0,42.0,8.0,157.0,151.34,-8.0,3.5834654302498765,-1.8546829282073944,1145819.0
20,315,Validação,1853.0,42.0,6.0,157.0,150.66,-6.0,3.4911550044800554,-1.5149071551818978,1135519.0
20,320,Validação,1848.0,42.0,6.0,157.0,150.04,-6.0,3.350053304479968,-0.6711877820132202,1126150.0
20,325,Validação,1843.0,42.0,6.0,157.0,149.38,-6.0,3.002651889138493,1.3765517746806823,1116161.0
20,330,Validação,1838.0,42.0,7.0,156.0,148.58,-7.0,1.9906926289252074,8.75332098250431,1103995.0
20,335,Validação,1833.0,42.0,0.0,148.0,148.0,0.0,0.0,0.0,1095200.0
20,340,Validação,1828.0,42.0,0.0,148.0,148.0,0.0,0.0,0.0,1095200.0
20,345,Validação,1823.0,42.0,0.0,148.0,148.0,0.0,0.0,0.0,1095200.0
20,350,Validação,1818.0,42.0,0.0,148.0,148.0,0.0,0.0,0.0,1095200.0
20,355,Validação,1813.0,49.0,7.0,148.0,147.38,-7.0,2.1560545977714547,10.006073581299367,1086271.0
20,360,Validação,1808.0,48.0,6.0,148.0,146.78,-6.0,2.682444818459764,2.0050685666727848,1077571.0
20,365,Validação,1803.0,49.0,7.0,148.0,146.12,-7.0,3.0946959232116584,-0.5160401565885926,1068022.0
20,370,Validação,1798.0,48.0,6.0,148.0,145.46,-6.0,3.345481265522076,-1.384944065718799,1058479.0
20,375,Validação,1793.0,48.0,6.0,148.0,144.84,-6.0,3.3948340105495105,-1.7669479559914296,1049496.0
20,380,Validação,1788.0,48.0,6.0,148.0,144.22,-6.0,3.32762095565132,-1.7544223385700923,1040513.0
20,385,Validação,1783.0,48.0,6.0,148.0,143.62,-6.0,3.1225970353053842,-1.3220791714292102,1031813.0
20,390,Validação,1778.0,48.0,6.0,148.0,143.02,-6.0,2.7737104008448887,-0.19912898889107078,1023113.0
20,395,Validação,1773.0,48.0,6.0,148.0,142.42,-6.0,2.213963110140102,2.8105469824589244,1014413.0
20,400,Validação,1768.0,48.0,6.0,148.0,141.82,-6.0,1.1726474494989199,16.949897066508434,1005713.0
20,405,Validação,1763.0,52.0,4.0,142.0,141.6,-4.0,1.0497813183356475,7.278029507048355,1002582.0
20,410,Validação,1758.0,52.0,3.0,142.0,141.2,-3.0,1.4982983545287878,0.8216783893088966,996982.0
20,415,Validação,1753.0,52.0,1.0,142.0,140.86,-1.0,1.7729256346847855,-1.0000782742385366,992231.0
20,420,Validação,1748.0,52.0,3.0,142.0,140.52,-3.0,1.919183499856762,-1.7136174730169644,987474.0
20,425,Validação,1743.0,52.0,4.0,142.0,140.12,-4.0,2.0267597543963647,-2.0109160773007884,981882.0
20,430,Validação,1738.0,52.0,4.0,142.0,139.74,-4.0,2.0284708224549406,-1.9968585269122459,976565.0
20,435,Validação,1733.0,52.0,4.0,142.0,139.34,-4.0,1.9336968928633533,-1.5689350839858114,970965.0
20,440,Validação,1728.0,52.0,4.0,142.0,138.94,-4.0,1.742740042904524,-0.4540295899286795,965365.0
20,445,Validação,1723.0,52.0,4.0,142.0,138.54,-4.0,1.41724078002696,2.5960741133597054,959765.0
20,450,Validação,1718.0,52.0,4.0,142.0,138.14,-4.0,0.8083745343311496,20.88406254523186,954165.0
20,455,Validação,1713.0,60.0,8.0,138.0,137.5,-8.0,1.9192898346492004,12.94866407611843,945493.0
20,460,Validação,1708.0,60.0,8.0,138.0,136.7,-8.0,2.9571773634977787,1.705286895780544,934773.0
20,465,Validação,1703.0,60.0,8.0,138.0,135.9,-8.0,3.5355339059327378,-0.7636328267477119,924053.0
20,470,Validação,1698.0,60.0,7.0,138.0,135.1,-7.0,3.866391029349817,-1.7081477894264165,913333.0
20,475,Validação,1693.0,60.0,8.0,138.0,134.32,-8.0,4.027659471247107,-2.056566279508001,902888.0
20,480,Validação,1688.0,60.0,8.0,138.0,133.52,-8.0,4.011412291379258,-2.0203699226305636,892168.0
20,485,Validação,1683.0,60.0,8.0,138.0,132.72,-8.0,3.828144965587254,-1.5796260477111534,881448.0
20,490,Validação,1678.0,60.0,8.0,138.0,131.92,-8.0,3.4513528846951975,-0.44297079134003114,870728.0
20,495,Validação,1673.0,63.0,11.0,138.0,131.0,-11.0,2.9137254363387344,2.363155107091149,858466.0
20,500,Validação,1668.0,63.0,11.0,138.0,129.9,-11.0,1.971739105977464,10.702249021519282,843891.0
20,505,Validação,1663.0,63.0,3.0,130.0,129.28,-3.0,1.2942573317607,-0.4429707913400476,835748.0
20,510,Validação,1658.0,63.0,3.0,130.0,128.98,-3.0,1.4355543620952191,-1.5796260477111754,831893.0
20,515,Validação,1653.0,63.0,3.0,130.0,128.68,-3.0,1.5042796092672202,-2.0203699226305556,828038.0
20,520,Validação,1648.0,63.0,3.0,130.0,128.38,-3.0,1.5103723017176645,-2.056566279507998,824183.0
20,525,Validação,1643.0,63.0,3.0,130.0,128.08,-3.0,1.4546196641551827,-1.7081763445626708,820328.0
20,530,Validação,1638.0,63.0,3.0,130.0,127.78,-3.0,1.3292624930803567,-0.7586145884018265,816473.0
20,535,Validação,1633.0,63.0,3.0,130.0,127.48,-3.0,1.1109841197270613,1.7259530141843697,812618.0
20,540,Validação,1628.0,63.0,3.0,130.0,127.18,-3.0,0.7196938124462858,13.124339821940382,808763.0
20,545,Validação,1623.0,63.0,0.0,127.0,127.0,0.0,0.0,0.0,806450.0
20,550,Validação,1618.0,63.0,0.0,127.0,127.0,0.0,0.0,0.0,806450.0
20,555,Validação,1613.0,63.0,0.0,127.0,127.0,0.0,0.0,0.0,806450.0
20,560,Validação,1608.0,63.0,0.0,127.0,127.0,0.0,0.0,0.0,806450.0
20,565,Validação,1603.0,63.0,0.0,127.0,127.0,0.0,0.0,0.0,806450.0
20,570,Validação,1598.0,63.0,0.0,127.0,127.0,0.0,0.0,0.0,806450.0
20,575,Validação,1593.0,63.0,0.0,127.0,127.0,0.0,0.0,0.0,806450.0
20,580,Validação,1588.0,66.0,3.0,127.0,126.76,-3.0,0.8221425468536091,8.534487742830798,803438.0
20,585,Validação,1583.0,66.0,3.0,127.0,126.48,-3.0,1.129204162592543,1.211287113333781,799922.0
20,590,Validação,1578.0,66.0,3.0,127.0,126.26,-3.0,1.2422822972748377,-0.4882587600434172,797155.0
20,595,Validação,1573.0,63.0,0.0,127.0,126.24,0.0,1.2381684960011685,-0.5375038033090558,796902.0
20,600,Validação,1568.0,64.0,1.0,127.0,126.18,-1.0,1.223744671248117,-0.6610248294257586,796143.0
20,605,Validação,1563.0,64.0,1.0,127.0,126.08,-1.0,1.1924935288405258,-0.79043156103298,794878.0
20,610,Validação,1558.0,65.0,2.0,127.0,126.0,-2.0,1.178030178747903,-0.9409809136420524,793868.0
20,615,Validação,1553.0,65.0,2.0,127.0,125.8,-2.0,1.2121830534626523,-1.3774010047281373,791354.0
20,620,Validação,1548.0,65.0,2.0,127.0,125.62,-2.0,1.176122997871587,-1.439765657806239,789087.0
20,625,Validação,1543.0,63.0,0.0,127.0,125.52,0.0,1.1109841197270613,-1.3193384171701275,787824.0
20,630,Validação,1538.0,65.0,-1.0,127.0,125.6,1.0,1.0101525445522104,-0.9898000000000047,788818.0
20,635,Validação,1533.0,63.0,-1.0,127.0,125.8,1.0,0.9258200997725513,-0.6081560283687981,791324.0
20,640,Validação,1528.0,66.0,3.0,127.0,125.88,-3.0,0.8953394066281374,-0.427881593076302,792328.0
20,645,Validação,1523.0,70.0,6.0,127.0,125.54,-6.0,1.4172407800269609,7.953442300640962,788113.0
20,650,Validação,1518.0,70.0,6.0,127.0,124.9,-6.0,2.1499881347560583,1.3451547011282834,780227.0
20,655,Validação,1513.0,70.0,7.0,127.0,124.3,-7.0,2.565469285152567,-0.7417445504374642,772847.0
20,660,Validação,1508.0,70.0,5.0,127.0,123.68,-5.0,2.7659740137785014,-1.563090303407487,765212.0
20,665,Validação,1503.0,70.0,6.0,127.0,123.18,-6.0,2.911553340940683,-1.90134745327053,759081.0
20,670,Validação,1498.0,70.0,6.0,127.0,122.66,-6.0,2.9596607637928214,-1.8842004822374168,752703.0
20,675,Validação,1493.0,70.0,6.0,127.0,122.02,-6.0,2.8606407160149385,-1.4296954927849632,744845.0
20,680,Validação,1488.0,70.0,7.0,127.0,121.48,-7.0,2.6668027176178364,-0.4061578983906142,738218.0
20,685,Validação,1483.0,70.0,7.0,127.0,120.86,-7.0,2.1477087933945995,2.2143561254315793,730583.0
20,690,Validação,1478.0,70.0,6.0,126.0,120.3,-6.0,1.4033487645991802,12.43467681268614,723701.0
20,695,Validação,1473.0,72.0,2.0,120.0,119.92,-2.0,0.3958973274443148,22.33072916666676,719048.0
20,700,Validação,1468.0,70.0,0.0,120.0,119.92,0.0,0.3958973274443148,22.330729166666764,719048.0
20,705,Validação,1463.0,70.0,0.0,120.0,119.92,0.0,0.3958973274443147,22.330729166666764,719048.0
20,710,Validação,1458.0,70.0,0.0,120.0,119.92,0.0,0.39589732744431466,22.330729166666764,719048.0
20,715,Validação,1453.0,70.0,0.0,120.0,119.92,0.0,0.3958973274443146,22.33072916666676,719048.0
20,720,Validação,1448.0,75.0,5.0,120.0,119.82,-5.0,0.8002550613806241,28.40265565991155,717873.0
20,725,Validação,1443.0,75.0,5.0,120.0,119.36,-5.0,1.6507264943604902,3.5762162155318746,712474.0
20,730,Validação,1438.0,75.0,5.0,120.0,118.86,-5.0,2.089917486897704,-0.16177744811665207,706599.0
20,735,Validação,1433.0,75.0,5.0,120.0,118.36,-5.0,2.345294898997844,-1.4559289914431004,700724.0
20,740,Validação,1428.0,75.0,5.0,120.0,117.86,-5.0,2.4744407737622534,-1.9669538205830872,694849.0
20,745,Validação,1423.0,75.0,5.0,120.0,117.4,-5.0,2.523360247522242,-2.0780056601200227,689450.0
20,750,Validação,1418.0,75.0,5.0,120.0,116.88,-5.0,2.471387282892104,-1.8052373082887732,683346.0
20,755,Validação,1413.0,84.0,14.0,120.0,115.66,-14.0,3.6511669926426644,1.9747682139381135,669515.0
20,760,Validação,1408.0,84.0,14.0,120.0,114.24,-14.0,4.391829148009531,0.16082674730000868,653484.0
20,765,Validação,1403.0,84.0,14.0,120.0,112.84,-14.0,4.564101270585838,-0.8844644131898316,637664.0
20,770,Validação,1398.0,84.0,9.0,115.0,111.54,-9.0,4.42723482133773,-1.804516604475812,623019.0
20,775,Validação,1393.0,84.0,9.0,115.0,110.64,-9.0,4.547975553216292,-2.069469304087092,613074.0
20,780,Validação,1388.0,84.0,9.0,115.0,109.74,-9.0,4.484940788633781,-1.9600530001562038,603129.0
20,785,Validação,1383.0,84.0,9.0,115.0,108.84,-9.0,4.229922564061804,-1.4150926296320108,593184.0
20,790,Validação,1378.0,84.0,9.0,115.0,107.94,-9.0,3.7438929864350494,-0.045547753003008395,583239.0
20,795,Validação,1373.0,84.0,9.0,115.0,107.04,-9.0,2.9134452569605873,4.007008128516315,573294.0
20,800,Validação,1368.0,87.0,12.0,115.0,106.1,-12.0,1.3590212564600344,39.87036415249848,562951.0
20,805,Validação,1363.0,87.0,3.0,106.0,105.62,-3.0,0.9874725519305975,3.6915258266252557,557827.0
20,810,Validação,1358.0,87.0,3.0,106.0,105.34,-3.0,1.2553558727894407,-0.06075484798887398,554903.0
20,815,Validação,1353.0,87.0,3.0,106.0,105.04,-3.0,1.4136362144974834,-1.4253656914893458,551768.0
20,820,Validação,1348.0,87.0,3.0,106.0,104.74,-3.0,1.4957081457098695,-1.968696502812428,548633.0
20,825,Validação,1343.0,87.0,3.0,106.0,104.44,-3.0,1.5140161485133459,-2.0780056601200214,545498.0
20,830,Validação,1338.0,87.0,3.0,106.0,104.14,-3.0,1.4709430544340432,-1.814290358703898,542363.0
20,835,Validação,1333.0,87.0,3.0,106.0,103.84,-3.0,1.3606721028332174,-1.0213504728132499,539228.0
20,840,Validação,1328.0,87.0,3.0,106.0,103.54,-3.0,1.1642638034748114,0.9888715908435319,536093.0
20,845,Validação,1323.0,87.0,3.0,106.0,103.24,-3.0,0.8221425468536098,8.534487742830798,532958.0
20,850,Validação,1318.0,87.0,0.0,103.0,103.0,0.0,0.0,0.0,530450.0
20,855,Validação,1313.0,87.0,0.0,103.0,103.0,0.0,0.0,0.0,530450.0
20,860,Validação,1308.0,87.0,0.0,103.0,102.98,0.0,0.1414213562373095,50.00000000000087,530245.0
20,865,Validação,1303.0,87.0,0.0,103.0,102.96,0.0,0.1979486637221574,22.330729166666007,530040.0
20,870,Validação,1298.0,87.0,0.0,103.0,102.96,0.0,0.1979486637221574,22.330729166666003,530040.0
20,875,Validação,1293.0,87.0,0.0,103.0,102.96,0.0,0.1979486637221574,22.330729166666003,530040.0
20,880,Validação,1288.0,87.0,0.0,103.0,102.96,0.0,0.1979486637221574,22.330729166666003,530040.0
20,885,Validação,1283.0,87.0,0.0,103.0,102.96,0.0,0.1979486637221574,22.330729166666003,530040.0
20,890,Validação,1278.0,88.0,1.0,103.0,102.94,-1.0,0.2398979374820952,13.124339821940389,529835.0
20,895,Validação,1273.0,93.0,6.0,103.0,102.58,-6.0,1.444058905463686,12.244734617059335,526235.0
20,900,Validação,1268.0,93.0,6.0,103.0,101.98,-6.0,2.208425424854291,1.6199110056251484,520235.0
20,905,Validação,1263.0,93.0,5.0,103.0,101.38,-5.0,2.633303194523129,-0.7849549804614373,514235.0
20,910,Validação,1258.0,93.0,6.0,103.0,100.8,-6.0,2.885572839532023,-1.708841781393411,508440.0
20,915,Validação,1253.0,93.0,6.0,103.0,100.22,-6.0,3.0053693446828107,-2.0517366598878937,502645.0
20,920,Validação,1248.0,93.0,6.0,103.0,99.62,-6.0,2.9890275532831283,-2.0101784341925955,496645.0
20,925,Validação,1243.0,93.0,6.0,103.0,99.02,-6.0,2.846336707605275,-1.5610530042055861,490645.0
20,930,Validação,1238.0,93.0,6.0,103.0,98.42,-6.0,2.5562248950915354,-0.40565198640250966,484645.0
20,935,Validação,1233.0,93.0,6.0,103.0,97.82,-6.0,2.0572420611000486,2.788693250991309,478645.0
20,940,Validação,1228.0,93.0,6.0,103.0,97.24,-6.0,1.1876919823329428,22.330729166666742,472850.0
20,945,Validação,1223.0,93.0,0.0,97.0,97.0,0.0,0.0,0.0,470450.0
20,950,Validação,1218.0,93.0,0.0,97.0,97.0,0.0,0.0,0.0,470450.0
20,955,Validação,1213.0,93.0,0.0,97.0,97.0,0.0,0.0,0.0,470450.0
20,960,Validação,1208.0,93.0,0.0,97.0,97.0,0.0,0.0,0.0,470450.0
20,965,Validação,1203.0,93.0,0.0,97.0,96.96,0.0,0.282842712474619,49.99999999999932,470066.0
20,970,Validação,1198.0,95.0,2.0,97.0,96.84,-2.0,0.5480950312357394,8.5344877428308,468914.0
20,975,Validação,1193.0,95.0,2.0,97.0,96.74,-2.0,0.6642473107178669,3.382790293797714,467953.0
20,980,Validação,1188.0,95.0,2.0,97.0,96.6,-2.0,0.7824607964359515,0.5143262411347034,466608.0
20,985,Validação,1183.0,94.0,1.0,97.0,96.48,-1.0,0.886174995386904,0.12114570285161497,465458.0
20,990,Validação,1178.0,95.0,2.0,97.0,96.32,-2.0,0.957036241396813,-1.0384774183983696,463922.0
20,995,Validação,1173.0,95.0,2.0,97.0,96.18,-2.0,0.9833304508201727,-1.509977570857725,462577.0
20,1000,Validação,1168.0,96.0,3.0,97.0,96.0,-3.0,1.0301575072754257,-1.6361222145285157,460852.0
20,1005,Validação,1163.0,95.0,2.0,97.0,95.8,-2.0,1.0101525445522104,-1.6278425531914862,458932.0
20,1010,Validação,1158.0,94.0,1.0,97.0,95.58,-1.0,0.9915973508044728,-1.163289664676002,456825.0
20,1015,Validação,1153.0,95.0,0.0,97.0,95.44,0.0,0.9071147352221448,-0.5307605644207962,455480.0
20,1020,Validação,1148.0,93.0,0.0,97.0,95.44,0.0,0.8843307166024086,-0.46300753672639594,455478.0
20,1025,Validação,1143.0,95.0,0.0,97.0,95.42,0.0,0.8827138117585945,-0.3782611422162665,455287.0
20,1030,Validação,1138.0,96.0,3.0,97.0,95.26,-3.0,0.9435062700547641,-0.341959066934741,453767.0
20,1035,Validação,1133.0,96.0,1.0,97.0,95.08,-1.0,0.9222864223753697,0.08483388145867199,452052.0
20,1040,Validação,1128.0,96.0,3.0,97.0,94.92,-3.0,0.9655282999266169,0.15581372353182887,450536.0
20,1045,Validação,1123.0,96.0,1.0,97.0,94.76,-1.0,0.9380831519646863,0.5950063338153742,449016.0
20,1050,Validação,1118.0,97.0,2.0,97.0,94.6,-2.0,0.9476070829586853,0.7574127395815249,447502.0
20,1055,Validação,1113.0,97.0,2.0,97.0,94.44,-2.0,1.0133798771981823,0.7530042346578312,445996.0
20,1060,Validação,1108.0,96.0,1.0,97.0,94.3,-1.0,1.0350983390135307,1.0785815602837028,444677.0
20,1065,Validação,1103.0,96.0,2.0,97.0,94.14,-2.0,1.0103545548621087,2.25232705457975,443167.0
20,1070,Validação,1098.0,96.0,1.0,97.0,93.92,-1.0,0.8290638930598231,6.249166449288234,441082.0
20,1075,Validação,1093.0,96.0,0.0,94.0,93.7,0.0,0.46291004988627554,-1.2411347517730256,438995.0
20,1080,Validação,1088.0,96.0,0.0,94.0,93.66,0.0,0.4785181206984065,-1.579626047711176,438621.0
20,1085,Validação,1083.0,99.0,2.0,94.0,93.4,-2.0,0.857142857142857,2.653442671394849,436214.0
20,1090,Validação,1078.0,99.0,3.0,94.0,93.12,-3.0,1.0999072317097236,-0.10064423119061106,433626.0
20,1095,Validação,1073.0,99.0,3.0,94.0,92.82,-3.0,1.2237446712481175,-1.233743019468085,430851.0
20,1100,Validação,1068.0,99.0,3.0,94.0,92.56,-3.0,1.2961481396815722,-1.7062556677034675,428450.0
20,1105,Validação,1063.0,99.0,2.0,94.0,92.32,-2.0,1.3315634511692613,-1.8210295440262465,426236.0
20,1110,Validação,1058.0,99.0,3.0,94.0,92.08,-3.0,1.3223355960464154,-1.6161695174523678,424022.0
20,1115,Validação,1053.0,99.0,3.0,94.0,91.82,-3.0,1.2403093754941843,-0.9293826434573869,421621.0
20,1120,Validação,1048.0,99.0,3.0,94.0,91.56,-3.0,1.0909647481163869,0.6828905258272537,419220.0
20,1125,Validação,1043.0,99.0,2.0,94.0,91.3,-2.0,0.8390957231764803,5.408532089182096,416819.0
20,1130,Validação,1038.0,99.0,2.0,93.0,91.04,-2.0,0.2828427124746194,49.99999999999929,414418.0
20,1135,Validação,1033.0,99.0,0.0,91.0,91.0,0.0,0.0,0.0,414050.0
20,1140,Validação,1028.0,99.0,0.0,91.0,91.0,0.0,0.0,0.0,414050.0
20,1145,Validação,1023.0,99.0,0.0,91.0,91.0,0.0,0.0,0.0,414050.0
20,1150,Validação,1018.0,99.0,0.0,91.0,91.0,0.0,0.0,0.0,414050.0
20,1155,Validação,1013.0,99.0,0.0,91.0,90.94,0.0,0.4242640687119285,49.99999999999986,413513.0
20,1160,Validação,1008.0,99.0,0.0,91.0,90.94,0.0,0.42426406871192857,49.99999999999986,413513.0
20,1165,Validação,1003.0,99.0,0.0,91.0,90.94,0.0,0.4242640687119286,49.99999999999983,413513.0
20,1170,Validação,998.0,99.0,0.0,91.0,90.94,0.0,0.4242640687119286,49.99999999999983,413513.0
20,1175,Validação,993.0,99.0,0.0,91.0,90.9,0.0,0.505076272276105,26.499200000000265,413153.0
20,1180,Validação,988.0,99.0,0.0,91.0,90.9,0.0,0.5050762722761049,26.499200000000275,413153.0
20,1185,Validação,983.0,99.0,0.0,91.0,90.9,0.0,0.5050762722761047,26.499200000000283,413153.0
20,1190,Validação,978.0,99.0,0.0,91.0,90.9,0.0,0.5050762722761047,26.499200000000283,413153.0
20,1195,Validação,973.0,99.0,0.0,91.0,90.9,0.0,0.5050762722761046,26.499200000000283,413153.0
20,1200,Validação,968.0,99.0,-3.0,91.0,90.9,3.0,0.5050762722761045,26.49920000000029,413153.0
20,1205,Validação,963.0,99.0,0.0,91.0,90.96,0.0,0.2828427124746193,49.999999999999304,413690.0
20,1210,Validação,958.0,99.0,0.0,91.0,90.96,0.0,0.2828427124746193,49.99999999999929,413690.0
20,1215,Validação,953.0,99.0,0.0,91.0,90.94,0.0,0.3136356914300024,32.43831889946779,413509.0
20,1220,Validação,948.0,106.0,7.0,91.0,90.24,-7.0,2.1243006051932696,5.413271566779368,407384.0
20,1225,Validação,943.0,106.0,7.0,91.0,89.58,-7.0,2.82185349422275,0.3918678830384499,401619.0
20,1230,Validação,938.0,106.0,7.0,91.0,88.88,-7.0,3.230214499733062,-1.244577182508962,395494.0
20,1235,Validação,933.0,106.0,7.0,91.0,88.18,-7.0,3.450465807063488,-1.8989315834743297,389369.0
20,1240,Validação,928.0,106.0,7.0,91.0,87.48,-7.0,3.5181163791356957,-2.0798299817346813,383244.0
20,1245,Validação,923.0,106.0,7.0,91.0,86.78,-7.0,3.4421753918955718,-1.8906366762466187,377119.0
20,1250,Validação,918.0,106.0,7.0,91.0,86.08,-7.0,3.2124756808418007,-1.222999110118943,370994.0
20,1255,Validação,913.0,106.0,7.0,91.0,85.38,-7.0,2.7913130550743657,0.44702607095670555,364869.0
20,1260,Validação,908.0,106.0,7.0,91.0,84.68,-7.0,2.0646687731588176,5.937100143399711,358744.0
20,1265,Validação,903.0,107.0,1.0,84.0,83.94,-1.0,0.3136356914300022,32.4383188994678,352301.0
20,1270,Validação,898.0,106.0,0.0,84.0,83.92,0.0,0.34046786536608525,22.599682602658305,352134.0
20,1275,Validação,893.0,107.0,1.0,85.0,83.86,-1.0,0.45220547975269765,6.1609040804872475,351635.0
20,1280,Validação,888.0,106.0,0.0,85.0,83.8,0.0,0.49487165930539345,3.0842198581559916,351134.0
20,1285,Validação,883.0,106.0,0.0,85.0,83.8,0.0,0.4948716593053934,3.0842198581559916,351134.0
20,1290,Validação,878.0,106.0,0.0,85.0,83.8,0.0,0.4948716593053934,3.0842198581559934,351134.0
20,1295,Validação,873.0,106.0,0.0,85.0,83.78,0.0,0.5066899385990912,2.422380605413463,350967.0
20,1300,Validação,868.0,111.0,5.0,85.0,83.28,-5.0,1.5258319911792788,4.034266403721746,346892.0
20,1305,Validação,863.0,111.0,5.0,85.0,82.78,-5.0,1.9721530759811827,0.052627775863824056,342817.0
20,1310,Validação,858.0,111.0,3.0,85.0,82.28,-3.0,2.2227028958601966,-1.307454586349334,338742.0
20,1315,Validação,853.0,111.0,5.0,85.0,81.84,-5.0,2.376414723648949,-1.8529548896651749,335166.0
20,1320,Validação,848.0,111.0,6.0,85.0,81.36,-6.0,2.413905295472506,-1.9793198290917773,331258.0
20,1325,Validação,843.0,111.0,4.0,84.0,80.92,-4.0,2.389090852613358,-1.8316128748074085,327682.0
20,1330,Validação,838.0,111.0,5.0,84.0,80.48,-5.0,2.28785613933344,-1.207853407801357,324108.0
20,1335,Validação,833.0,111.0,5.0,84.0,79.98,-5.0,1.9845320221500047,0.4813401133130504,320033.0
20,1340,Validação,828.0,111.0,4.0,84.0,79.48,-4.0,1.4602208387635012,6.0694293316705,315958.0
20,1345,Validação,823.0,111.0,0.0,79.0,79.0,0.0,0.0,0.0,312050.0
20,1350,Validação,818.0,111.0,0.0,79.0,79.0,0.0,0.0,0.0,312050.0
20,1355,Validação,813.0,111.0,0.0,79.0,79.0,0.0,0.0,0.0,312050.0
20,1360,Validação,808.0,111.0,0.0,79.0,79.0,0.0,0.0,0.0,312050.0
20,1365,Validação,803.0,111.0,0.0,79.0,79.0,0.0,0.0,0.0,312050.0
20,1370,Validação,798.0,111.0,0.0,79.0,79.0,0.0,0.0,0.0,312050.0
20,1375,Validação,793.0,111.0,0.0,79.0,79.0,0.0,0.0,0.0,312050.0
20,1380,Validação,788.0,112.0,1.0,79.0,78.98,-1.0,0.1414213562373095,50.00000000000087,311893.0
20,1385,Validação,783.0,112.0,1.0,79.0,78.86,-1.0,0.40456577881446565,9.483090438068869,310953.0
20,1390,Validação,778.0,113.0,2.0,79.0,78.72,-2.0,0.5728553615932406,2.943236737873021,309858.0
20,1395,Validação,773.0,112.0,1.0,79.0,78.58,-1.0,0.6727949622466637,0.57454053632968,308763.0
20,1400,Validação,768.0,113.0,2.0,79.0,78.42,-2.0,0.7583548251421139,-0.6671133440598558,307513.0
20,1405,Validação,763.0,113.0,2.0,79.0,78.26,-2.0,0.8033094811148312,-1.2545056103340961,306263.0
20,1410,Validação,758.0,113.0,2.0,79.0,78.06,-2.0,0.8429781995389669,-1.5924135892337028,304703.0
20,1415,Validação,753.0,113.0,2.0,79.0,77.86,-2.0,0.8332380897952963,-1.511267418368372,303143.0
20,1420,Validação,748.0,113.0,2.0,79.0,77.68,-2.0,0.7677159338596802,-1.0122856214124223,301738.0
20,1425,Validação,743.0,113.0,2.0,79.0,77.48,-2.0,0.6464976285134143,-0.008550603339041452,300178.0
20,1430,Validação,738.0,113.0,1.0,78.0,77.3,-1.0,0.46291004988627554,-1.2411347517730256,298775.0
20,1435,Validação,733.0,113.0,0.0,78.0,77.22,0.0,0.41845195759647996,-0.06075484798887487,298155.0
20,1440,Validação,728.0,113.0,1.0,78.0,77.16,-1.0,0.3703280399090207,1.7259530141844701,297690.0
20,1445,Validação,723.0,117.0,5.0,78.0,76.92,-5.0,0.7782764841072132,13.835018330139476,295864.0
20,1450,Validação,718.0,115.0,2.0,78.0,76.68,-2.0,0.9354688882139943,4.303959814371957,294034.0
20,1455,Validação,713.0,115.0,2.0,78.0,76.46,-2.0,0.9940640146922746,1.5789335579927082,292355.0
20,1460,Validação,708.0,115.0,2.0,78.0,76.26,-2.0,1.065411676684805,-0.12337413450633106,290835.0
20,1465,Validação,703.0,115.0,3.0,78.0,76.06,-3.0,1.0956313993608002,-0.8256220991264605,289315.0
20,1470,Validação,698.0,115.0,2.0,77.0,75.84,-2.0,1.0567566862232525,-1.0467180027024119,287640.0
20,1475,Validação,693.0,115.0,2.0,77.0,75.66,-2.0,1.0022423838165924,-0.7378192122493208,286271.0
20,1480,Validação,688.0,115.0,2.0,77.0,75.46,-2.0,0.9082389328715629,0.207843619237019,284751.0
20,1485,Validação,683.0,115.0,2.0,77.0,75.26,-2.0,0.7507819053411948,2.7727687853105474,283231.0
20,1490,Validação,678.0,115.0,2.0,77.0,75.06,-2.0,0.46991097723995817,13.136150265116889,281711.0
20,1495,Validação,673.0,115.0,0.0,76.0,75.04,0.0,0.1979486637221574,22.330729166666003,281552.0
20,1500,Validação,668.0,115.0,0.0,76.0,75.04,0.0,0.1979486637221574,22.330729166666003,281552.0
20,1505,Validação,663.0,115.0,0.0,76.0,75.02,0.0,0.1414213562373095,50.00000000000087,281401.0
20,1510,Validação,658.0,115.0,0.0,76.0,75.02,0.0,0.14142135623730953,50.00000000000087,281401.0
20,1515,Validação,653.0,124.0,9.0,76.0,74.46,-9.0,2.1016028868170005,12.600793760036062,277431.0
20,1520,Validação,648.0,124.0,9.0,76.0,73.56,-9.0,3.2960087180387974,1.6789829817819992,271086.0
20,1525,Validação,643.0,124.0,9.0,75.0,72.64,-9.0,3.942235975914674,-0.7616618805048261,264590.0
20,1530,Validação,638.0,124.0,9.0,75.0,71.76,-9.0,4.293136430182865,-1.6950002616193647,258378.0
20,1535,Validação,633.0,124.0,9.0,75.0,70.86,-9.0,4.463045542026665,-2.0405603832358867,252033.0
20,1540,Validação,628.0,124.0,9.0,75.0,69.96,-9.0,4.444487528135851,-1.99966048252703,245688.0
20,1545,Validação,623.0,124.0,9.0,75.0,69.08,-9.0,4.2225826317116235,-1.54978646315106,239476.0
20,1550,Validação,618.0,124.0,9.0,75.0,68.18,-9.0,3.7941415635268108,-0.3951035466958812,233131.0
20,1555,Validação,613.0,124.0,9.0,75.0,67.28,-9.0,3.05086137050519,2.7954155067267568,226786.0
20,1560,Validação,608.0,124.0,9.0,75.0,66.4,-9.0,1.6035674514745484,22.515661938534194,220574.0
20,1565,Validação,603.0,124.0,0.0,67.0,66.06,0.0,0.23989793748209529,13.124339821940385,218199.0
20,1570,Validação,598.0,124.0,0.0,67.0,66.06,0.0,0.23989793748209534,13.124339821940382,218199.0
20,1575,Validação,593.0,124.0,0.0,67.0,66.06,0.0,0.23989793748209537,13.124339821940382,218199.0
20,1580,Validação,588.0,124.0,0.0,67.0,66.04,0.0,0.1979486637221574,22.330729166666003,218066.0
20,1585,Validação,583.0,123.0,-1.0,67.0,66.06,1.0,0.2398979374820952,13.124339821940389,218199.0
20,1590,Validação,578.0,124.0,0.0,67.0,66.06,0.0,0.23989793748209526,13.124339821940385,218199.0
20,1595,Validação,573.0,124.0,0.0,67.0,66.04,0.0,0.1979486637221574,22.330729166666007,218066.0
20,1600,Validação,568.0,127.0,3.0,67.0,65.74,-3.0,0.9435062700547638,5.163116716194544,216131.0
20,1605,Validação,563.0,127.0,3.0,67.0,65.44,-3.0,1.2480188381623747,0.3257312891749087,214196.0
20,1610,Validação,558.0,127.0,3.0,67.0,65.12,-3.0,1.4090089149643372,-1.2270652855082533,212128.0
20,1615,Validação,553.0,127.0,3.0,67.0,64.82,-3.0,1.5076674780898454,-1.8612528161289508,210193.0
20,1620,Validação,548.0,127.0,3.0,67.0,64.52,-3.0,1.5417985786550903,-2.023576306378257,208258.0
20,1625,Validação,543.0,127.0,3.0,67.0,64.22,-3.0,1.5157674691086902,-1.8078801359090944,206323.0
20,1630,Validação,538.0,127.0,3.0,67.0,63.92,-3.0,1.4262838827827067,-1.090718064960639,204388.0
20,1635,Validação,533.0,127.0,3.0,66.0,63.6,-3.0,1.212183053462652,0.407247340425525,202320.0
20,1640,Validação,528.0,127.0,3.0,66.0,63.3,-3.0,0.9091372900969886,5.791962174940942,200385.0
20,1645,Validação,523.0,127.0,0.0,63.0,63.0,0.0,0.0,0.0,198450.0
20,1650,Validação,518.0,127.0,0.0,63.0,63.0,0.0,0.0,0.0,198450.0
20,1655,Validação,513.0,127.0,0.0,63.0,63.0,0.0,0.0,0.0,198450.0
20,1660,Validação,508.0,127.0,0.0,63.0,63.0,0.0,0.0,0.0,198450.0
20,1665,Validação,503.0,127.0,0.0,63.0,63.0,0.0,0.0,0.0,198450.0
20,1670,Validação,498.0,135.0,8.0,63.0,62.36,-8.0,2.1923801249429573,8.534487742830711,194674.0
20,1675,Validação,493.0,135.0,8.0,63.0,61.56,-8.0,3.104703475932829,0.9888715908435737,189954.0
20,1680,Validação,488.0,135.0,8.0,63.0,60.76,-8.0,3.628458940888582,-1.0213504728132414,185234.0
20,1685,Validação,483.0,135.0,8.0,63.0,59.96,-8.0,3.922514811824117,-1.814290358703897,180514.0
20,1690,Validação,478.0,135.0,8.0,63.0,59.16,-8.0,4.037376396035585,-2.078005660120022,175794.0
20,1695,Validação,473.0,135.0,8.0,63.0,58.36,-8.0,3.988555055226317,-1.968696502812423,171074.0
20,1700,Validação,468.0,135.0,8.0,63.0,57.56,-8.0,3.769696571993286,-1.4253656914893644,166354.0
20,1705,Validação,463.0,135.0,8.0,63.0,56.76,-8.0,3.347615660771841,-0.060754847988885974,161634.0
20,1710,Validação,458.0,135.0,8.0,63.0,55.96,-8.0,2.6260857812745293,3.973746776273364,156914.0
20,1715,Validação,453.0,135.0,8.0,63.0,55.16,-8.0,1.1313708498984754,50.00000000000013,152194.0
20,1720,Validação,448.0,135.0,0.0,55.0,55.0,0.0,0.0,0.0,151250.0
20,1725,Validação,443.0,135.0,0.0,55.0,55.0,0.0,0.0,0.0,151250.0
20,1730,Validação,438.0,135.0,0.0,55.0,55.0,0.0,0.0,0.0,151250.0
20,1735,Validação,433.0,142.0,7.0,55.0,54.86,-7.0,0.9899494936611665,50.0,150529.0
20,1740,Validação,428.0,141.0,6.0,55.0,54.24,-6.0,2.0855185818165323,4.199997802755324,147312.0
20,1745,Validação,423.0,142.0,7.0,55.0,53.54,-7.0,2.7863369267530724,0.048884011201563826,143707.0
20,1750,Validação,418.0,141.0,6.0,55.0,52.88,-6.0,3.1340135316119064,-1.3473870192245259,140296.0
20,1755,Validação,413.0,141.0,6.0,55.0,52.2,-6.0,3.3380918415851206,-1.9159375131142709,136788.0
20,1760,Validação,408.0,141.0,6.0,55.0,51.56,-6.0,3.357355616358487,-2.0380666027072136,133474.0
20,1765,Validação,403.0,144.0,9.0,55.0,50.78,-9.0,3.388395562769484,-1.739482001980886,129493.0
20,1770,Validação,398.0,142.0,7.0,55.0,50.08,-7.0,3.154782569563945,-1.0456123018435068,125888.0
20,1775,Validação,393.0,142.0,7.0,55.0,49.38,-7.0,2.7247167986146863,0.7181070937123422,122283.0
20,1780,Validação,388.0,142.0,7.0,55.0,48.68,-7.0,1.9737046901909192,6.675961340936542,118678.0
20,1785,Validação,383.0,151.0,10.0,49.0,47.58,-10.0,2.268596617348465,11.013841684422006,113445.0
20,1790,Validação,378.0,151.0,9.0,49.0,46.6,-9.0,3.3926691677251184,1.51174244066023,109142.0
20,1795,Validação,373.0,151.0,9.0,49.0,45.7,-9.0,4.046918706918655,-0.8088891779702618,105227.0
20,1800,Validação,368.0,151.0,9.0,49.0,44.76,-9.0,4.391829148009531,-1.7061835197105788,101118.0
20,1805,Validação,363.0,151.0,9.0,49.0,43.84,-9.0,4.53719323469693,-2.029037027803838,97106.0
20,1810,Validação,358.0,151.0,9.0,48.0,42.88,-9.0,4.4384222238014575,-1.9873914097347767,92900.0
20,1815,Validação,353.0,151.0,9.0,48.0,42.06,-9.0,4.306663086285659,-1.5796260477111557,89361.0
20,1820,Validação,348.0,154.0,12.0,48.0,41.04,-12.0,3.9946903535077887,-0.46855218868612214,84996.0
20,1825,Validação,343.0,154.0,12.0,48.0,39.84,-12.0,3.4838402456402706,1.9082647365332708,79956.0
20,1830,Validação,338.0,154.0,12.0,48.0,38.64,-12.0,2.319042730023205,9.516009206420907,74916.0
20,1835,Validação,333.0,154.0,3.0,39.0,37.98,-3.0,1.4355543620952194,-1.579626047711161,72225.0
20,1840,Validação,328.0,154.0,3.0,39.0,37.68,-3.0,1.5042796092672215,-2.020369922630561,71100.0
20,1845,Validação,323.0,154.0,3.0,39.0,37.38,-3.0,1.510372301717666,-2.056566279508001,69975.0
20,1850,Validação,318.0,154.0,3.0,39.0,37.08,-3.0,1.4546196641551834,-1.7081763445626443,68850.0
20,1855,Validação,313.0,154.0,3.0,39.0,36.78,-3.0,1.3292624930803567,-0.7586145884018265,67725.0
20,1860,Validação,308.0,154.0,3.0,39.0,36.48,-3.0,1.1109841197270613,1.7259530141844213,66600.0
20,1865,Validação,303.0,154.0,3.0,39.0,36.18,-3.0,0.719693812446285,13.124339821940566,65475.0
20,1870,Validação,298.0,154.0,0.0,36.0,36.0,0.0,0.0,0.0,64800.0
20,1875,Validação,293.0,154.0,0.0,36.0,36.0,0.0,0.0,0.0,64800.0
20,1880,Validação,288.0,154.0,0.0,36.0,36.0,0.0,0.0,0.0,64800.0
20,1885,Validação,283.0,154.0,0.0,36.0,36.0,0.0,0.0,0.0,64800.0
20,1890,Validação,278.0,154.0,0.0,36.0,36.0,0.0,0.0,0.0,64800.0
20,1895,Validação,273.0,154.0,0.0,36.0,36.0,0.0,0.0,0.0,64800.0
20,1900,Validação,268.0,154.0,0.0,36.0,36.0,0.0,0.0,0.0,64800.0
20,1905,Validação,263.0,154.0,0.0,36.0,36.0,0.0,0.0,0.0,64800.0
20,1910,Validação,258.0,154.0,0.0,36.0,36.0,0.0,0.0,0.0,64800.0
20,1915,Validação,253.0,154.0,0.0,36.0,36.0,0.0,0.0,0.0,64800.0
20,1920,Validação,248.0,160.0,6.0,36.0,35.4,-6.0,1.8182745801939795,5.791962174940888,62820.0
20,1925,Validação,243.0,160.0,6.0,36.0,34.8,-6.0,2.4243661069253055,0.40724734042552413,60840.0
20,1930,Validação,238.0,160.0,6.0,36.0,34.2,-6.0,2.7774602993176547,-1.2411347517730456,58860.0
20,1935,Validação,233.0,160.0,6.0,36.0,33.62,-6.0,2.9477767478393004,-1.8875351605004205,56941.0
20,1940,Validação,228.0,160.0,6.0,36.0,33.02,-6.0,3.0135070084199103,-2.0782802203848867,54961.0
20,1945,Validação,223.0,160.0,6.0,36.0,32.42,-6.0,2.956072960354459,-1.8986738166996722,52981.0
20,1950,Validação,218.0,160.0,6.0,36.0,31.82,-6.0,2.7678179720730602,-1.2461005293804455,51001.0
20,1955,Validação,213.0,160.0,6.0,36.0,31.22,-6.0,2.41838198566137,0.38605015908844553,49021.0
20,1960,Validação,208.0,160.0,6.0,36.0,30.62,-6.0,1.8170395298565254,5.685327518717186,47041.0
20,1965,Validação,203.0,160.0,0.0,31.0,30.02,0.0,0.14142135623730945,50.00000000000013,45061.0
20,1970,Validação,198.0,160.0,0.0,31.0,30.02,0.0,0.14142135623730942,50.00000000000013,45061.0
20,1975,Validação,193.0,160.0,0.0,31.0,30.02,0.0,0.14142135623730942,50.00000000000013,45061.0
20,1980,Validação,188.0,160.0,0.0,31.0,30.04,0.0,0.1979486637221574,22.330729166666764,45122.0
20,1985,Validação,183.0,163.0,3.0,31.0,29.72,-3.0,0.9267014137272489,5.459948707574988,44206.0
20,1990,Validação,178.0,163.0,3.0,31.0,29.42,-3.0,1.2303973142933984,0.3664424131793744,43351.0
20,1995,Validação,173.0,163.0,3.0,31.0,29.12,-3.0,1.4090089149643374,-1.2270652855082633,42496.0
20,2000,Validação,168.0,163.0,3.0,31.0,28.82,-3.0,1.5076674780898458,-1.8612528161289423,41641.0
20,2005,Validação,163.0,163.0,3.0,31.0,28.52,-3.0,1.541798578655091,-2.0235763063782573,40786.0
20,2010,Validação,158.0,163.0,3.0,31.0,28.22,-3.0,1.5157674691086902,-1.8078801359090941,39931.0
20,2015,Validação,153.0,163.0,3.0,31.0,27.92,-3.0,1.4262838827827067,-1.090718064960639,39076.0
20,2020,Validação,148.0,163.0,3.0,31.0,27.6,-3.0,1.277753129999879,0.6481748670212699,38168.0
20,2025,Validação,143.0,163.0,3.0,31.0,27.3,-3.0,0.9948848769417242,6.3009703249265545,37313.0
20,2030,Validação,138.0,169.0,6.0,27.0,26.38,-6.0,1.817039529856526,5.685327518717191,34957.0
20,2035,Validação,133.0,169.0,6.0,27.0,25.78,-6.0,2.41838198566137,0.3860501590884473,33517.0
20,2040,Validação,128.0,169.0,6.0,27.0,25.18,-6.0,2.767817972073057,-1.2461005293804452,32077.0
20,2045,Validação,123.0,169.0,6.0,27.0,24.58,-6.0,2.956072960354459,-1.898673816699672,30637.0
20,2050,Validação,118.0,169.0,6.0,27.0,23.98,-6.0,3.013507008419911,-2.078280220384886,29197.0
20,2055,Validação,113.0,169.0,6.0,27.0,23.38,-6.0,2.9477767478393004,-1.8875351605004178,27757.0
20,2060,Validação,108.0,169.0,6.0,27.0,22.78,-6.0,2.7500649342983077,-1.2171072598529586,26317.0
20,2065,Validação,103.0,169.0,6.0,27.0,22.18,-6.0,2.3878091743397825,0.46027626914653297,24877.0
20,2070,Validação,98.0,169.0,6.0,27.0,21.6,-6.0,1.8182745801939824,5.791962174940883,23490.0
20,2075,Validação,93.0,169.0,0.0,21.0,21.0,0.0,0.0,0.0,22050.0
20,2080,Validação,88.0,175.0,6.0,21.0,20.52,-6.0,1.6442850937072182,8.534487742830708,21186.0
20,2085,Validação,83.0,175.0,6.0,21.0,19.92,-6.0,2.3285276069496215,0.9888715908435737,20106.0
20,2090,Validação,78.0,175.0,6.0,21.0,19.32,-6.0,2.721344205666436,-1.0213504728132379,19026.0
20,2095,Validação,73.0,175.0,6.0,21.0,18.74,-6.0,2.9193932833479534,-1.7997085277568174,17977.0
20,2100,Validação,68.0,175.0,6.0,21.0,18.14,-6.0,3.0102545827655875,-2.070127636708807,16897.0
20,2105,Validação,63.0,175.0,6.0,21.0,17.56,-6.0,2.963450829071835,-1.9628661171205444,15848.0
20,2110,Validação,58.0,175.0,6.0,21.0,16.96,-6.0,2.806406664641986,-1.4314977706976042,14768.0
20,2115,Validação,53.0,174.0,5.0,21.0,16.4,-5.0,2.4825924567118234,-0.12016841833177994,13750.0
20,2120,Validação,48.0,175.0,6.0,21.0,15.8,-6.0,1.958758457257444,3.7074440995733067,12670.0
20,2125,Validação,43.0,175.0,6.0,21.0,15.2,-6.0,0.8806305718527105,40.27800288795903,11590.0
20,2130,Validação,38.0,175.0,0.0,16.0,15.08,0.0,0.2740475156178698,8.534487742830713,11374.0
20,2135,Validação,33.0,175.0,0.0,16.0,15.08,0.0,0.27404751561786983,8.534487742830715,11374.0
20,2140,Validação,28.0,175.0,0.0,16.0,15.08,0.0,0.27404751561786983,8.534487742830713,11374.0
20,2145,Validação,23.0,175.0,0.0,16.0,15.06,0.0,0.2398979374820952,13.124339821940506,11343.0
20,2150,Validação,18.0,175.0,0.0,16.0,15.06,0.0,0.2398979374820952,13.124339821940506,11343.0
20,2155,Validação,13.0,175.0,0.0,16.0,15.04,0.0,0.1979486637221572,22.33072916666676,11312.0
20,2160,Validação,8.0,175.0,1.0,16.0,15.04,-1.0,0.19794866372215716,22.33072916666676,11312.0
20,2165,Validação,3.0,175.0,0.0,15.0,15.0,0.0,0.0,0.0,11250.0
21,50,Validação,700.0,19.0,13.0,183.0,169.78,-13.0,2.131302179324139,31.062784978036444,1441485.0
21,55,Validação,695.0,25.0,7.0,171.0,168.98,-7.0,2.0353007098686513,5.070174753280741,1427915.0
21,60,Validação,690.0,25.0,7.0,171.0,168.36,-7.0,2.5133114995713424,0.673849138906347,1417564.0
21,65,Validação,685.0,25.0,6.0,171.0,167.8,-6.0,2.813959371941744,-0.8740863631018607,1408230.0
21,70,Validação,680.0,25.0,6.0,171.0,167.26,-6.0,3.0088983678009296,-1.5137627127503532,1399239.0
21,75,Validação,675.0,26.0,7.0,171.0,166.68,-7.0,3.006387757249349,-1.7130206310027087,1389554.0
21,80,Validação,670.0,26.0,7.0,171.0,166.08,-7.0,3.056208134807788,-1.564096889034759,1379586.0
21,85,Validação,665.0,24.0,6.0,171.0,165.64,-6.0,2.841097804492809,-0.9734591127767809,1372226.0
21,90,Validação,660.0,24.0,4.0,171.0,165.02,-4.0,2.4368765555396497,0.1842835965879983,1361871.0
21,95,Validação,655.0,24.0,3.0,171.0,164.58,-3.0,1.928201022630545,2.796998731367202,1354511.0
21,100,Validação,650.0,24.0,6.0,171.0,164.22,-6.0,1.3745500191342772,11.268977075580375,1348503.0
21,105,Validação,645.0,24.0,-1.0,165.0,164.26,1.0,0.8992059989632128,-0.2743556835574017,1349107.0
21,110,Validação,640.0,40.0,14.0,165.0,162.78,-14.0,4.722028273994996,5.20227993558256,1325959.0
21,115,Validação,635.0,40.0,15.0,165.0,161.3,-15.0,6.2702732421013545,0.30044237466289125,1302811.0
21,120,Validação,630.0,40.0,16.0,165.0,159.82,-16.0,7.198894472948821,-1.2597741341310627,1279661.0
21,125,Validação,625.0,40.0,16.0,165.0,158.32,-16.0,7.723380881770496,-1.8899007695573682,1256184.0
21,130,Validação,620.0,40.0,16.0,165.0,156.9,-16.0,7.995534467974702,-2.072730324909508,1234013.0
21,135,Validação,615.0,40.0,16.0,165.0,155.3,-16.0,7.809596399198059,-1.8772389931596842,1208893.0
21,140,Validação,610.0,40.0,16.0,165.0,153.8,-16.0,7.406560798180407,-1.2411347517730555,1185410.0
21,145,Validação,605.0,40.0,16.0,165.0,152.2,-16.0,6.464976285134154,0.40724734042554367,1160290.0
21,150,Validação,600.0,40.0,16.0,165.0,150.56,-16.0,4.870402070315208,5.736640514906531,1134578.0
21,155,Validação,595.0,51.0,11.0,149.0,147.86,-11.0,3.3320337602719206,5.665116351041252,1093673.0
21,160,Validação,590.0,51.0,11.0,149.0,146.76,-11.0,4.433453530159263,0.38183916462520084,1077888.0
21,165,Validação,585.0,51.0,11.0,149.0,145.66,-11.0,5.073379906282339,-1.2472476247896245,1062103.0
21,170,Validação,580.0,57.0,17.0,149.0,144.44,-17.0,5.628498911788116,-1.602026666627127,1044698.0
21,175,Validação,575.0,57.0,17.0,149.0,142.7,-17.0,6.584614100852295,-1.4874466012011385,1020289.0
21,180,Validação,570.0,57.0,17.0,149.0,141.0,-17.0,6.931148268976116,-1.5845183304102752,996404.0
21,185,Validação,565.0,57.0,17.0,149.0,139.3,-17.0,6.842991349712849,-1.3245659025990792,972519.0
21,190,Validação,560.0,57.0,17.0,149.0,137.6,-17.0,6.301927142889366,-0.5189863416170439,948634.0
21,195,Validação,555.0,57.0,15.0,149.0,135.9,-15.0,5.167599213624548,1.3471016939433893,924749.0
21,200,Validação,550.0,57.0,6.0,138.0,134.24,-6.0,2.98677356465645,-1.7794238782876197,901456.0
21,205,Validação,545.0,59.0,8.0,138.0,133.6,-8.0,2.799416848895063,-1.0120096409574382,892832.0
21,210,Validação,540.0,57.0,6.0,138.0,133.0,-6.0,2.3989793748209522,0.8647826910543266,884732.0
21,215,Validação,535.0,57.0,6.0,138.0,132.4,-6.0,1.7142857142857124,7.494557722616197,876632.0
21,220,Validação,530.0,57.0,0.0,132.0,131.92,0.0,0.3958973274443148,22.330729166666003,870152.0
21,225,Validação,525.0,66.0,9.0,132.0,131.06,-9.0,2.72860882547297,5.603124834552775,859201.0
21,230,Validação,520.0,66.0,9.0,132.0,130.16,-9.0,3.627333872199823,0.3686719217482577,847726.0
21,235,Validação,515.0,66.0,9.0,132.0,129.26,-9.0,4.149305326663434,-1.251023464382064,836251.0
21,240,Validação,510.0,66.0,9.0,132.0,128.36,-9.0,4.429769423215742,-1.8984574784012749,824776.0
21,245,Validação,505.0,66.0,9.0,132.0,127.46,-9.0,4.513969247496812,-2.0743953034042795,813301.0
21,250,Validação,500.0,66.0,9.0,132.0,126.56,-9.0,4.413152882843161,-1.8793124024770995,801826.0
21,255,Validação,495.0,73.0,16.0,132.0,125.28,-16.0,4.7425128962848975,-0.7439234847597898,785856.0
21,260,Validação,490.0,73.0,16.0,132.0,123.64,-16.0,4.976516280061209,-0.1337757933792183,765556.0
21,265,Validação,485.0,73.0,16.0,132.0,122.04,-16.0,4.580170213395293,0.44399844472056227,745716.0
21,270,Validação,480.0,73.0,7.0,123.0,120.44,-7.0,3.459149358688388,-1.6298574101308503,725876.0
21,275,Validação,475.0,73.0,7.0,123.0,119.74,-7.0,3.578906457085939,-2.0061827530304264,717511.0
21,280,Validação,470.0,81.0,15.0,123.0,118.72,-15.0,4.1405905129484095,-0.3942726214631751,705562.0
21,285,Validação,465.0,81.0,15.0,123.0,117.22,-15.0,4.970484310981603,-0.5578249563558808,688237.0
21,290,Validação,460.0,81.0,15.0,123.0,115.72,-15.0,5.2607130734166,-0.8936539510700348,670912.0
21,295,Validação,455.0,81.0,15.0,123.0,114.22,-15.0,5.104179959721689,-0.9057329326273433,653587.0
21,300,Validação,450.0,81.0,15.0,123.0,112.72,-15.0,4.454028215777129,-1.0738864172813072,636262.0
21,305,Validação,445.0,81.0,8.0,116.0,111.64,-8.0,3.9936684583352724,-2.0392689557012655,623956.0
21,310,Validação,440.0,81.0,8.0,116.0,110.88,-8.0,3.8789857710804916,-1.7081763445626443,615456.0
21,315,Validação,435.0,81.0,8.0,116.0,110.08,-8.0,3.5446999815476183,-0.7586145884018212,606496.0
21,320,Validação,430.0,81.0,8.0,116.0,109.28,-8.0,2.962624319272163,1.7259530141843928,597536.0
21,325,Validação,425.0,81.0,8.0,116.0,108.48,-8.0,1.9191834998567616,13.124339821940506,588576.0
21,330,Validação,420.0,93.0,12.0,108.0,107.04,-12.0,3.2885701874144364,8.534487742830734,573408.0
21,335,Validação,415.0,93.0,12.0,108.0,105.84,-12.0,4.657055213899243,0.9888715908435737,561168.0
21,340,Validação,410.0,93.0,12.0,108.0,104.64,-12.0,5.442688411332872,-1.0213504728132379,548928.0
21,345,Validação,405.0,93.0,12.0,108.0,103.44,-12.0,5.883772217736174,-1.8142903587038983,536688.0
21,350,Validação,400.0,93.0,12.0,108.0,102.24,-12.0,6.056064594053383,-2.0780056601200223,524448.0
21,355,Validação,395.0,93.0,12.0,108.0,101.04,-12.0,5.982832582839483,-1.9686965028124248,512208.0
21,360,Validação,390.0,93.0,12.0,108.0,99.84,-12.0,5.65454485798993,-1.4253656914893638,499968.0
21,365,Validação,385.0,93.0,12.0,108.0,98.64,-12.0,5.0214234911577575,-0.06075484798889086,487728.0
21,370,Validação,380.0,93.0,12.0,108.0,97.44,-12.0,3.939128671911785,3.973746776273374,475488.0
21,375,Validação,375.0,102.0,21.0,108.0,95.34,-21.0,3.2801816773975627,6.747416000301003,455013.0
21,380,Validação,370.0,102.0,9.0,96.0,94.2,-9.0,3.636549160387959,0.40724734042553745,444330.0
21,385,Validação,365.0,102.0,9.0,96.0,93.3,-9.0,4.166190448976481,-1.2411347517730524,436095.0
21,390,Validação,360.0,102.0,9.0,96.0,92.4,-9.0,4.453844933748543,-1.90048758865248,427860.0
21,395,Validação,355.0,102.0,9.0,96.0,91.5,-9.0,4.545686450484948,-2.085106382978723,419625.0
21,400,Validação,350.0,102.0,9.0,96.0,90.6,-9.0,4.453844933748539,-1.9004875886524797,411390.0
21,405,Validação,345.0,102.0,9.0,96.0,89.7,-9.0,4.166190448976477,-1.2411347517730515,403155.0
21,410,Validação,340.0,102.0,9.0,96.0,88.8,-9.0,3.636549160387961,0.4072473404255357,394920.0
21,415,Validação,335.0,102.0,9.0,96.0,87.9,-9.0,2.7274118702909678,5.791962174940869,386685.0
21,420,Validação,330.0,112.0,10.0,87.0,86.0,-10.0,3.0304576336566322,5.791962174940899,370250.0
21,425,Validação,325.0,112.0,10.0,87.0,85.0,-10.0,4.040610178208843,0.4072473404255321,362050.0
21,430,Validação,320.0,112.0,10.0,87.0,84.0,-10.0,4.6291004988627575,-1.2411347517730495,353850.0
21,435,Validação,315.0,112.0,10.0,87.0,82.96,-10.0,5.005955636712605,-1.871148184586786,345346.0
21,440,Validação,310.0,112.0,10.0,87.0,81.96,-10.0,5.098859416275251,-2.0664755930792156,337146.0
21,445,Validação,305.0,112.0,10.0,87.0,80.96,-10.0,4.989621882529001,-1.8898208895502642,328946.0
21,450,Validação,300.0,112.0,10.0,87.0,79.96,-10.0,4.66406146912271,-1.2399871376969462,320746.0
21,455,Validação,295.0,112.0,10.0,87.0,78.96,-10.0,4.0706014197373035,0.3869082731873408,312546.0
21,460,Validação,290.0,112.0,10.0,87.0,77.96,-10.0,3.0570093428789193,5.657187347391078,304346.0
21,465,Validação,285.0,112.0,0.0,77.0,76.96,0.0,0.2828427124746193,49.99999999999929,296146.0
21,470,Validação,280.0,126.0,14.0,77.0,75.84,-14.0,3.8351755407766444,8.408608535077821,288306.0
21,475,Validação,275.0,126.0,14.0,77.0,74.44,-14.0,5.421649722573906,0.9685805108175867,278506.0
21,480,Validação,270.0,126.0,12.0,77.0,73.04,-12.0,6.330876716537767,-1.0262758976886297,268706.0
21,485,Validação,265.0,126.0,14.0,77.0,71.68,-14.0,6.864400920692202,-1.8142903587038945,259210.0
21,490,Validação,260.0,126.0,14.0,77.0,70.28,-14.0,7.065408693062276,-2.078005660120022,249410.0
21,495,Validação,255.0,126.0,14.0,77.0,68.88,-14.0,6.97997134664606,-1.9686965028124233,239610.0
21,500,Validação,250.0,126.0,14.0,77.0,67.48,-14.0,6.596969000988258,-1.4253656914893642,229810.0
21,505,Validação,245.0,136.0,24.0,77.0,65.68,-24.0,6.383780467812514,0.06064990905479961,217690.0
21,510,Validação,240.0,136.0,24.0,77.0,63.28,-24.0,6.181077113716861,1.402436806073788,202090.0
21,515,Validação,235.0,136.0,24.0,77.0,60.88,-24.0,4.8891383156326995,1.4313521228061594,186490.0
21,520,Validação,230.0,136.0,10.0,63.0,59.62,-10.0,4.759051526152183,-1.5723736883526283,178837.0
21,525,Validação,225.0,136.0,10.0,63.0,58.62,-10.0,4.993424247376314,-2.0162847865387965,173037.0
21,530,Validação,220.0,136.0,10.0,63.0,57.62,-10.0,5.017886375105495,-2.054487254342174,167237.0
21,535,Validação,215.0,136.0,10.0,63.0,56.62,-10.0,4.835624603515292,-1.7080404285536173,161437.0
21,540,Validação,210.0,135.0,9.0,63.0,55.64,-9.0,4.4113027369173725,-0.764606072450789,155744.0
21,545,Validação,205.0,136.0,10.0,63.0,54.66,-10.0,3.6845513115367132,1.6885024844207077,150051.0
21,550,Validação,200.0,141.0,15.0,63.0,53.22,-15.0,2.9780832076751564,6.3911051646274455,142053.0
21,555,Validação,195.0,142.0,6.0,54.0,52.02,-6.0,2.3429442492517913,0.9695072669003588,135573.0
21,560,Validação,190.0,142.0,6.0,54.0,51.42,-6.0,2.755995320039864,-1.0035975208150765,132573.0
21,565,Validação,185.0,142.0,6.0,54.0,50.86,-6.0,2.948607419492415,-1.756155940532857,129763.0
21,570,Validação,180.0,142.0,6.0,54.0,50.24,-6.0,3.0409450732914456,-2.026401801209972,126656.0
21,575,Validação,175.0,142.0,6.0,54.0,49.64,-6.0,3.0288409583569114,-1.9147347623151303,123656.0
21,580,Validação,170.0,142.0,6.0,54.0,49.06,-6.0,2.881397053443319,-1.3640602350000768,120751.0
21,585,Validação,165.0,141.0,5.0,54.0,48.48,-5.0,2.597015555578822,-0.004108851834738303,117846.0
21,590,Validação,160.0,142.0,7.0,54.0,47.86,-7.0,2.0702952564742034,3.909049946249378,114739.0
21,595,Validação,155.0,142.0,7.0,54.0,47.24,-7.0,1.0214035960982557,41.10469631683701,111632.0
21,600,Validação,150.0,153.0,11.0,48.0,45.98,-11.0,3.371489103572812,5.682433886538405,106265.0
21,605,Validação,145.0,153.0,11.0,48.0,44.88,-11.0,4.493260258999253,0.3887141642504437,101700.0
21,610,Validação,140.0,153.0,12.0,48.0,43.78,-12.0,5.151936430080619,-1.2427408795001498,97135.0
21,615,Validação,135.0,153.0,11.0,48.0,42.64,-11.0,5.480056606291879,-1.8973791716796458,92380.0
21,620,Validação,130.0,153.0,11.0,48.0,41.54,-11.0,5.599599111015144,-2.0789707402700226,87815.0
21,625,Validação,125.0,153.0,11.0,48.0,40.44,-11.0,5.496418128645052,-1.890518115991827,83250.0
21,630,Validação,120.0,153.0,11.0,48.0,39.32,-11.0,5.12472995804239,-1.2318617667333933,78590.0
21,635,Validação,115.0,153.0,11.0,47.0,38.2,-11.0,4.444671196029729,0.4072473404255281,73930.0
21,640,Validação,110.0,153.0,11.0,47.0,37.1,-11.0,3.333503397022297,5.791962174940883,69365.0
21,645,Validação,105.0,159.0,6.0,36.0,35.88,-6.0,0.848528137423857,50.0000000000001,64404.0
21,650,Validação,100.0,159.0,6.0,36.0,35.28,-6.0,1.9695643359558954,3.97374677627338,62424.0
21,655,Validação,95.0,159.0,6.0,36.0,34.68,-6.0,2.510711745578882,-0.06075484798889086,60444.0
21,660,Validação,90.0,159.0,6.0,36.0,34.08,-6.0,2.8272724289949664,-1.4253656914893633,58464.0
21,665,Validação,85.0,159.0,6.0,36.0,33.48,-6.0,2.991416291419739,-1.9686965028124248,56484.0
21,670,Validação,80.0,159.0,6.0,36.0,32.88,-6.0,3.0280322970266895,-2.078005660120022,54504.0
21,675,Validação,75.0,159.0,6.0,36.0,32.28,-6.0,2.9418861088680863,-1.814290358703898,52524.0
21,680,Validação,70.0,159.0,6.0,36.0,31.68,-6.0,2.7213442056664383,-1.0213504728132397,50544.0
21,685,Validação,65.0,159.0,6.0,36.0,31.08,-6.0,2.328527606949624,0.9888715908435728,48564.0
21,690,Validação,60.0,159.0,6.0,36.0,30.48,-6.0,1.6442850937072189,8.53448774283071,46584.0
21,695,Validação,55.0,159.0,0.0,30.0,30.0,0.0,0.0,0.0,45000.0
21,700,Validação,50.0,165.0,6.0,30.0,29.4,-6.0,1.8182745801939795,5.791962174940888,43380.0
21,705,Validação,45.0,165.0,6.0,30.0,28.8,-6.0,2.424366106925306,0.4072473404255339,41760.0
21,710,Validação,40.0,165.0,6.0,30.0,28.2,-6.0,2.7774602993176543,-1.24113475177305,40140.0
21,715,Validação,35.0,165.0,6.0,30.0,27.6,-6.0,2.969229955832362,-1.9004875886524817,38520.0
21,720,Validação,30.0,165.0,6.0,30.0,27.0,-6.0,3.0304576336566322,-2.085106382978723,36900.0
21,725,Validação,25.0,180.0,21.0,30.0,25.8,-21.0,4.535573676110727,5.846908244680851,34290.0
21,730,Validação,20.0,180.0,21.0,30.0,23.7,-21.0,6.56288264190581,1.1653782532241923,30195.0
21,735,Validação,15.0,180.0,21.0,30.0,21.6,-21.0,7.521398046336105,-0.6471722788816607,26100.0
21,740,Validação,10.0,180.0,21.0,30.0,19.5,-21.0,7.814821083775915,-1.4679082925679259,22005.0
21,745,Validação,5.0,180.0,15.0,24.0,17.4,-15.0,7.521398046336104,-2.020369922630561,17910.0
21,750,Validação,0.0,180.0,15.0,24.0,15.9,-15.0,7.551861508588327,-2.0565662795080004,15435.0
22,50,Treino,502.0,12.0,9.0,186.0,179.6,-9.0,1.52529689314733,6.561803795603236,1612922.0
22,55,Treino,497.0,12.0,3.0,180.0,179.18,-3.0,1.4097329317198735,-0.44955760727602456,1605371.0
22,60,Treino,492.0,18.0,9.0,180.0,178.76,-9.0,1.8687549058020385,4.300734344010902,1597928.0
22,65,Treino,487.0,18.0,9.0,180.0,177.86,-9.0,2.9416779884540563,1.084808399523003,1582133.0
22,70,Treino,482.0,18.0,9.0,180.0,176.96,-9.0,3.4873532446629523,-0.7348003213884091,1566338.0
22,75,Treino,477.0,18.0,9.0,180.0,176.06,-9.0,3.7438929864350494,-1.478947102599456,1550543.0
22,80,Treino,472.0,24.0,15.0,180.0,174.56,-15.0,4.755920048760711,-0.6956530441292048,1524668.0
22,85,Treino,467.0,24.0,15.0,180.0,173.06,-15.0,5.160327469438034,-1.159862741848515,1498793.0
22,90,Treino,462.0,24.0,15.0,180.0,171.56,-15.0,5.103660151183215,-1.4301827214924125,1472918.0
22,95,Treino,457.0,24.0,12.0,177.0,170.26,-12.0,4.918976166908338,-1.4895997271042027,1450609.0
22,100,Treino,452.0,28.0,16.0,177.0,168.68,-16.0,5.100780252439176,-0.989696065166203,1423922.0
22,105,Treino,447.0,28.0,16.0,177.0,167.08,-16.0,4.728722483560502,-0.5837606860858355,1396882.0
22,110,Treino,442.0,28.0,10.0,171.0,165.6,-10.0,3.943478211954934,-1.335322174190445,1371930.0
22,115,Treino,437.0,28.0,10.0,171.0,164.6,-10.0,3.703280399090206,-0.7230718085106331,1355330.0
22,120,Treino,432.0,35.0,17.0,171.0,163.34,-17.0,3.5891560033420884,1.0473875404724389,1334629.0
22,125,Treino,427.0,33.0,9.0,165.0,161.84,-9.0,3.1774717198760785,-0.07251181105597881,1310104.0
22,130,Treino,422.0,33.0,9.0,165.0,160.94,-9.0,3.4250577233330346,-0.9138751275045784,1295659.0
22,135,Treino,417.0,33.0,9.0,165.0,160.04,-9.0,3.422375353643211,-1.167633536707053,1281214.0
22,140,Treino,412.0,33.0,9.0,165.0,159.14,-9.0,3.1687891204363705,-1.1091814377457307,1266769.0
22,145,Treino,407.0,39.0,11.0,161.0,157.88,-11.0,3.2302144997330626,-0.15943858098206887,1246816.0
22,150,Treino,402.0,39.0,11.0,161.0,156.78,-11.0,3.8134563036164244,-0.7177536638297917,1229711.0
22,155,Treino,397.0,39.0,11.0,161.0,155.68,-11.0,4.022589276796217,-1.0825327592316984,1212606.0
22,160,Treino,392.0,45.0,17.0,161.0,154.46,-17.0,4.146353204679889,-0.5817356715610948,1193737.0
22,165,Treino,387.0,45.0,17.0,161.0,152.76,-17.0,4.587293897944891,-0.4526993735656655,1167812.0
22,170,Treino,382.0,45.0,12.0,156.0,151.32,-12.0,4.739930250068054,-1.2648617868712448,1145988.0
22,175,Treino,377.0,57.0,24.0,156.0,149.88,-24.0,5.487053407981449,0.47122727529594677,1124676.0
22,180,Treino,372.0,54.0,21.0,156.0,147.66,-21.0,6.918210220357663,0.016930795949836153,1092519.0
22,185,Treino,367.0,57.0,24.0,156.0,145.5,-24.0,7.35471527217022,-0.7481917368274473,1061163.0
22,190,Treino,362.0,54.0,21.0,156.0,143.38,-21.0,7.067863459175693,-1.2289165777138116,1030339.0
22,195,Treino,357.0,54.0,15.0,150.0,141.64,-15.0,6.696816179258282,-1.611199124496166,1005292.0
22,200,Treino,352.0,54.0,15.0,150.0,140.04,-15.0,6.420502873051079,-1.4390166288731732,982580.0
22,205,Treino,347.0,64.0,25.0,150.0,137.54,-25.0,6.914079099628404,-0.6465009798584429,948205.0
22,210,Treino,342.0,64.0,19.0,144.0,135.16,-19.0,6.674227005612632,-0.9541313212367095,915594.0
22,215,Treino,337.0,64.0,19.0,144.0,133.26,-19.0,6.589447346062542,-0.8711057881609494,890039.0
22,220,Treino,332.0,64.0,19.0,144.0,131.36,-19.0,5.910074415084527,-0.5794140871216742,864484.0
22,225,Treino,327.0,66.0,9.0,135.0,129.5,-9.0,5.047731355444215,-1.941056673661134,839761.0
22,230,Treino,322.0,66.0,12.0,135.0,128.42,-12.0,5.147180722274584,-1.776453460937645,825883.0
22,235,Treino,317.0,75.0,21.0,135.0,127.1,-21.0,5.249878521432273,-0.6240371801474778,809071.0
22,240,Treino,312.0,75.0,21.0,135.0,125.02,-21.0,5.88144782952536,0.17144115838445284,783195.0
22,245,Treino,307.0,75.0,21.0,135.0,122.92,-21.0,5.685068161420758,0.14214601153963446,757050.0
22,250,Treino,302.0,75.0,11.0,125.0,120.92,-11.0,4.864867806581202,-1.4427847613069047,732242.0
22,255,Treino,297.0,75.0,11.0,125.0,119.82,-11.0,5.061620293937508,-1.916210807964004,719097.0
22,260,Treino,292.0,87.0,23.0,125.0,118.46,-23.0,5.522532693152551,-0.5136566196173815,703133.0
22,265,Treino,287.0,87.0,23.0,125.0,116.16,-23.0,6.955720007039283,-0.20674100779585425,677028.0
22,270,Treino,282.0,87.0,21.0,123.0,113.86,-21.0,7.447804771767812,-0.8286838221473243,650923.0
22,275,Treino,277.0,87.0,21.0,123.0,111.76,-21.0,7.536469156504173,-1.123182783409327,627298.0
22,280,Treino,272.0,89.0,23.0,123.0,109.46,-23.0,7.254020700723881,-1.2401288649969373,601653.0
22,285,Treino,267.0,89.0,14.0,114.0,107.34,-14.0,6.463745044476923,-2.02576083469505,578141.0
22,290,Treino,262.0,89.0,14.0,114.0,105.94,-14.0,6.383684560771199,-1.7901665915943008,563161.0
22,295,Treino,257.0,89.0,14.0,114.0,104.54,-14.0,5.976860140814499,-1.0525893483985205,548181.0
22,300,Treino,252.0,97.0,22.0,114.0,102.46,-22.0,6.0413878659575255,0.5029603572457453,526691.0
22,305,Treino,247.0,97.0,22.0,114.0,100.22,-22.0,5.4671187800432905,1.6554351314352571,503667.0
22,310,Treino,242.0,97.0,10.0,102.0,98.28,-10.0,4.2332020977033435,-1.0030733935522202,483826.0
22,315,Treino,237.0,100.0,13.0,102.0,97.16,-13.0,4.5997337988636,-1.587410875454614,473040.0
22,320,Treino,232.0,100.0,13.0,102.0,95.86,-13.0,4.882329654697935,-1.8051817586291086,460625.0
22,325,Treino,227.0,100.0,11.0,100.0,94.56,-11.0,4.802890286279793,-1.8396706429136436,448210.0
22,330,Treino,222.0,112.0,23.0,100.0,92.5,-23.0,6.4436331493393775,0.600716964674791,429847.0
22,335,Treino,217.0,112.0,23.0,100.0,90.2,-23.0,7.409315702794253,-0.3235257472360069,409492.0
22,340,Treino,212.0,112.0,23.0,100.0,87.9,-23.0,7.581529650191621,-0.8858662377330129,389137.0
22,345,Treino,207.0,123.0,34.0,100.0,85.16,-34.0,7.8567792123641045,-0.5912029052182373,365636.0
22,350,Treino,202.0,123.0,24.0,92.0,82.44,-24.0,9.156596819021926,-1.0474009312809374,343926.0
22,355,Treino,197.0,123.0,26.0,92.0,79.88,-26.0,9.803456283476798,-1.4218736385158053,323750.0
22,360,Treino,192.0,123.0,26.0,92.0,77.28,-26.0,9.68912708521616,-1.461823325451283,303210.0
22,365,Treino,187.0,123.0,23.0,89.0,74.8,-23.0,9.039595439746504,-1.1905612288693295,283756.0
22,370,Treino,182.0,131.0,31.0,89.0,71.86,-31.0,8.771498371057781,-0.447764079813155,261963.0
22,375,Treino,177.0,132.0,32.0,89.0,68.74,-32.0,7.564174422491694,-0.555035596298898,239063.0
22,380,Treino,172.0,131.0,19.0,77.0,66.58,-19.0,7.123086925409426,-1.085886215005274,224131.0
22,385,Treino,167.0,131.0,19.0,77.0,64.68,-19.0,6.594493683276647,-0.44612662346805587,211306.0
22,390,Treino,162.0,132.0,20.0,77.0,62.74,-20.0,5.412796629002311,0.598616824934707,198251.0
22,395,Treino,157.0,132.0,9.0,66.0,61.18,-9.0,4.158541738128294,-1.9488622789234948,187997.0
22,400,Treino,152.0,132.0,9.0,66.0,60.28,-9.0,3.9848693420825474,-1.4281909555353933,182462.0
22,405,Treino,147.0,142.0,19.0,66.0,58.98,-19.0,4.321233761842769,1.3184125901881174,174847.0
22,410,Treino,142.0,142.0,19.0,66.0,57.08,-19.0,4.960414729205038,1.0084021172673232,164112.0
22,415,Treino,137.0,142.0,19.0,66.0,55.18,-19.0,4.813628611366197,-0.23319683672521174,153377.0
22,420,Treino,132.0,142.0,11.0,58.0,53.92,-11.0,5.033925720872856,-1.5781929423550505,146610.0
22,425,Treino,127.0,150.0,19.0,58.0,52.7,-19.0,5.51898393488053,-1.4084355416914924,140357.0
22,430,Treino,122.0,150.0,19.0,58.0,50.82,-19.0,6.5828782241725925,-1.1711043355511577,131257.0
22,435,Treino,117.0,150.0,19.0,58.0,48.92,-19.0,6.974706489325905,-1.329828336570753,122042.0
22,440,Treino,112.0,150.0,18.0,57.0,47.06,-18.0,6.888055322255258,-1.2003637626965487,113057.0
22,445,Treino,107.0,150.0,18.0,57.0,45.26,-18.0,6.378567429210069,-0.6223327706883985,104417.0
22,450,Treino,102.0,151.0,19.0,57.0,43.4,-19.0,5.283783431116265,0.2878758623766404,95546.0
22,455,Treino,97.0,151.0,9.0,48.0,41.9,-9.0,4.092053024972143,-1.79098886001291,88601.0
22,460,Treino,92.0,151.0,9.0,48.0,41.0,-9.0,3.8491981672307083,-1.0207962459449105,84776.0
22,465,Treino,87.0,151.0,9.0,48.0,40.1,-9.0,3.351819487614302,0.9032922125986147,80951.0
22,470,Treino,82.0,151.0,9.0,48.0,39.2,-9.0,2.449489742783179,7.795882182660282,77126.0
22,475,Treino,77.0,157.0,7.0,39.0,38.08,-7.0,1.6268160966270582,10.360737636023922,72634.0
22,480,Treino,72.0,157.0,7.0,39.0,37.38,-7.0,2.415004119656773,1.4342857976593644,70149.0
22,485,Treino,67.0,157.0,7.0,39.0,36.68,-7.0,2.831600110127394,-0.8031322098131843,67664.0
22,490,Treino,62.0,157.0,7.0,39.0,35.98,-7.0,3.0337556706807756,-1.6909522195049769,65179.0
22,495,Treino,57.0,157.0,7.0,39.0,35.28,-7.0,3.064210788294766,-2.0380000902000512,62694.0
22,500,Treino,52.0,159.0,8.0,38.0,34.42,-8.0,3.289376840679705,-1.733268348192339,59767.0
22,505,Treino,47.0,160.0,9.0,38.0,33.54,-9.0,3.39393216051884,-1.428269980370032,56811.0
22,510,Treino,42.0,160.0,9.0,38.0,32.64,-9.0,3.2811147931327076,-0.782068225474311,53796.0
22,515,Treino,37.0,172.0,21.0,38.0,30.78,-21.0,4.954033607030926,3.0663696816424624,48573.0
22,520,Treino,32.0,172.0,21.0,38.0,28.68,-21.0,5.839485579803642,0.4874389781412116,42798.0
22,525,Treino,27.0,172.0,15.0,32.0,26.94,-15.0,6.38048683447415,-1.0932819924611201,38283.0
22,530,Treino,22.0,172.0,15.0,32.0,25.44,-15.0,6.7737789772514025,-1.7794739711025258,34608.0
22,535,Treino,17.0,175.0,18.0,32.0,23.64,-18.0,7.1792217189466925,-1.9089958630223482,30468.0
22,540,Treino,12.0,175.0,18.0,32.0,21.8,-18.0,7.159979477795238,-1.7830514155444575,26274.0
22,545,Treino,7.0,175.0,18.0,32.0,19.96,-18.0,6.639277069079135,-1.3778390390172373,22080.0
22,550,Treino,2.0,175.0,15.0,30.0,18.38,-15.0,5.927762423287456,-0.30177847982303874,18613.0
23,50,Treino,457.0,24.0,23.0,189.0,179.9,-23.0,2.3754698783308426,28.818779041820246,1618477.0
23,55,Treino,452.0,24.0,14.0,180.0,178.32,-14.0,4.595650117230423,3.973746776273356,1590936.0
23,60,Treino,447.0,24.0,14.0,180.0,176.92,-14.0,5.858327406350725,-0.06075484798890507,1566716.0
23,65,Treino,442.0,24.0,14.0,180.0,175.52,-14.0,6.596969000988258,-1.4253656914893558,1542496.0
23,70,Treino,437.0,24.0,14.0,180.0,174.12,-14.0,6.97997134664606,-1.968696502812423,1518276.0
23,75,Treino,432.0,24.0,14.0,180.0,172.72,-14.0,7.065408693062277,-2.078005660120021,1494056.0
23,80,Treino,427.0,24.0,14.0,180.0,171.32,-14.0,6.86440092069221,-1.8142903587038963,1469836.0
23,85,Treino,422.0,24.0,14.0,180.0,169.92,-14.0,6.349803146555017,-1.0213504728132303,1445616.0
23,90,Treino,417.0,24.0,14.0,180.0,168.52,-14.0,5.4332310828824495,0.9888715908435497,1421396.0
23,95,Treino,412.0,24.0,14.0,180.0,167.12,-14.0,3.8366652186501784,8.534487742830704,1397176.0
23,100,Treino,407.0,39.0,15.0,166.0,164.8,-15.0,4.110712734268045,8.534487742830752,1358780.0
23,105,Treino,402.0,39.0,15.0,166.0,163.3,-15.0,5.821319017374053,0.9888715908435843,1335005.0
23,110,Treino,397.0,39.0,15.0,166.0,161.8,-15.0,6.8033605141660916,-1.0213504728132317,1311230.0
23,115,Treino,392.0,39.0,15.0,166.0,160.3,-15.0,7.354715272170222,-1.8142903587038945,1287455.0
23,120,Treino,387.0,39.0,15.0,166.0,158.8,-15.0,7.570080742566725,-2.07800566012002,1263680.0
23,125,Treino,382.0,39.0,15.0,166.0,157.3,-15.0,7.478540728549346,-1.968696502812426,1239905.0
23,130,Treino,377.0,39.0,15.0,166.0,155.8,-15.0,7.068181072487416,-1.4253656914893678,1216130.0
23,135,Treino,372.0,39.0,15.0,166.0,154.3,-15.0,6.276779363947205,-0.06075484798890152,1192355.0
23,140,Treino,367.0,39.0,15.0,166.0,152.8,-15.0,4.923910839889736,3.973746776273349,1168580.0
23,145,Treino,362.0,55.0,31.0,166.0,150.98,-31.0,3.133036604852703,24.603806983047388,1140229.0
23,150,Treino,357.0,55.0,16.0,151.0,149.08,-16.0,5.252171562549055,3.973746776273395,1112594.0
23,155,Treino,352.0,55.0,16.0,151.0,147.48,-16.0,6.695231321543684,-0.06075484798889885,1089714.0
23,160,Treino,347.0,55.0,16.0,151.0,145.88,-16.0,7.539393143986579,-1.4253656914893633,1066834.0
23,165,Treino,342.0,55.0,16.0,151.0,144.28,-16.0,7.977110110452637,-1.9686965028124228,1043954.0
23,170,Treino,337.0,55.0,16.0,151.0,142.68,-16.0,8.07475279207118,-2.0780056601200227,1021074.0
23,175,Treino,332.0,55.0,16.0,151.0,141.08,-16.0,7.845029623648239,-1.8142903587039014,998194.0
23,180,Treino,327.0,64.0,25.0,151.0,139.3,-25.0,7.478540728549353,-0.9391455192215918,972965.0
23,185,Treino,322.0,64.0,25.0,151.0,136.8,-25.0,7.32343178170074,0.39930805093410804,938340.0
23,190,Treino,317.0,64.0,25.0,151.0,134.3,-25.0,6.21141148637419,2.4376730036888876,903715.0
23,195,Treino,312.0,64.0,9.0,135.0,132.12,-9.0,4.2409086434924514,-1.425365691489358,873666.0
23,200,Treino,307.0,64.0,9.0,135.0,131.22,-9.0,4.487124437129608,-1.9686965028124235,861921.0
23,205,Treino,302.0,64.0,9.0,135.0,130.32,-9.0,4.542048445540035,-2.078005660120021,850176.0
23,210,Treino,297.0,64.0,9.0,135.0,129.42,-9.0,4.412829163302133,-1.8142903587038912,838431.0
23,215,Treino,292.0,76.0,21.0,135.0,127.32,-21.0,6.0048959616469695,0.4652852577420892,812286.0
23,220,Treino,287.0,76.0,21.0,135.0,125.22,-21.0,6.606397641371457,-0.27637953285424866,786141.0
23,225,Treino,282.0,76.0,21.0,135.0,123.12,-21.0,6.498477058637097,-0.7924095133883973,759996.0
23,230,Treino,277.0,76.0,12.0,126.0,121.2,-12.0,5.938459911664724,-1.9004875886524817,736200.0
23,235,Treino,272.0,76.0,12.0,126.0,120.0,-12.0,6.0609152673132645,-2.085106382978723,721800.0
23,240,Treino,267.0,76.0,12.0,126.0,118.8,-12.0,5.938459911664721,-1.900487588652481,707400.0
23,245,Treino,262.0,85.0,21.0,126.0,116.88,-21.0,6.498477058637097,-0.7924095133883977,685116.0
23,250,Treino,257.0,85.0,21.0,126.0,114.78,-21.0,6.606397641371461,-0.27637953285424643,660861.0
23,255,Treino,252.0,85.0,21.0,126.0,112.68,-21.0,6.004895961646969,0.46528525774208873,636606.0
23,260,Treino,247.0,85.0,9.0,114.0,110.58,-9.0,4.412829163302133,-1.8142903587038985,612351.0
23,265,Treino,242.0,85.0,9.0,114.0,109.68,-9.0,4.542048445540035,-2.0780056601200214,602496.0
23,270,Treino,237.0,85.0,9.0,114.0,108.78,-9.0,4.487124437129611,-1.9686965028124241,592641.0
23,275,Treino,232.0,85.0,9.0,114.0,107.88,-9.0,4.240908643492453,-1.4253656914893573,582786.0
23,280,Treino,227.0,85.0,9.0,114.0,106.98,-9.0,3.7660676183683175,-0.0607548479888953,572931.0
23,285,Treino,222.0,100.0,24.0,114.0,105.18,-24.0,4.864238514560178,4.867097087628721,554301.0
23,290,Treino,217.0,100.0,24.0,114.0,102.78,-24.0,5.775705628769881,1.5801677187615493,529821.0
23,295,Treino,212.0,100.0,15.0,105.0,101.1,-15.0,6.64631246540178,-0.7586145884018265,513225.0
23,300,Treino,207.0,100.0,15.0,105.0,99.6,-15.0,7.273098320775918,-1.7081763445626494,498600.0
23,305,Treino,202.0,100.0,15.0,105.0,98.1,-15.0,7.551861508588331,-2.056566279508001,483975.0
23,310,Treino,197.0,100.0,15.0,105.0,96.6,-15.0,7.521398046336106,-2.02036992263056,469350.0
23,315,Treino,192.0,100.0,15.0,105.0,95.1,-15.0,7.177771810476094,-1.579626047711151,454725.0
23,320,Treino,187.0,115.0,30.0,105.0,92.4,-30.0,8.221425468536092,0.1913061703133172,430200.0
23,325,Treino,182.0,115.0,30.0,105.0,89.4,-30.0,8.549973147111427,0.2672133252598936,403200.0
23,330,Treino,177.0,115.0,30.0,105.0,86.4,-30.0,7.76175868983207,-0.13227664953738172,376200.0
23,335,Treino,172.0,115.0,15.0,90.0,84.3,-15.0,7.3547152721702185,-1.814290358703898,357975.0
23,340,Treino,167.0,115.0,15.0,90.0,82.8,-15.0,7.57008074256673,-2.0780056601200227,345600.0
23,345,Treino,162.0,115.0,15.0,90.0,81.3,-15.0,7.478540728549353,-1.9686965028124228,333225.0
23,350,Treino,157.0,115.0,15.0,90.0,79.8,-15.0,7.068181072487417,-1.42536569148936,320850.0
23,355,Treino,152.0,121.0,21.0,90.0,78.06,-21.0,6.5134397947001546,-0.11321519580073813,306747.0
23,360,Treino,147.0,121.0,21.0,90.0,75.96,-21.0,5.6350216847635135,2.5175692553631013,290052.0
23,365,Treino,142.0,121.0,21.0,90.0,73.86,-21.0,3.475923016455705,8.598519662802286,273357.0
23,370,Treino,137.0,121.0,6.0,75.0,72.94,-6.0,2.9025674771112,-1.5530544233733194,266425.0
23,375,Treino,132.0,121.0,6.0,75.0,72.32,-6.0,3.0602120774847723,-1.9905612047372772,261968.0
23,380,Treino,127.0,121.0,6.0,75.0,71.7,-6.0,3.085515866636454,-2.0309276642086944,257511.0
23,385,Treino,122.0,121.0,6.0,75.0,71.08,-6.0,2.9818498572913694,-1.6947004488626178,253054.0
23,390,Treino,117.0,121.0,6.0,75.0,70.44,-6.0,2.7491000382685544,-0.7829903365361535,248460.0
23,395,Treino,112.0,122.0,7.0,75.0,69.78,-7.0,2.332468255575046,1.5164019525619672,243729.0
23,400,Treino,107.0,133.0,18.0,75.0,68.2,-18.0,3.675622951505315,5.574056918063917,233224.0
23,405,Treino,102.0,132.0,11.0,69.0,66.66,-11.0,4.538317588117015,0.953439858819241,223187.0
23,410,Treino,97.0,133.0,12.0,69.0,65.46,-12.0,5.300019252949244,-1.0239483881377258,215627.0
23,415,Treino,92.0,145.0,23.0,69.0,63.78,-23.0,6.737921922724742,0.19234246754661255,205619.0
23,420,Treino,87.0,145.0,24.0,69.0,61.4,-24.0,8.545197959278958,-0.6563106161698267,192076.0
23,425,Treino,82.0,145.0,24.0,69.0,59.02,-24.0,9.438285039656092,-1.318190521742273,178533.0
23,430,Treino,77.0,145.0,24.0,69.0,56.64,-24.0,9.673781102357369,-1.5104576091204382,164990.0
23,435,Treino,72.0,151.0,30.0,69.0,53.78,-30.0,9.914512142329956,-1.250652362553078,149431.0
23,440,Treino,67.0,151.0,30.0,69.0,50.82,-30.0,9.445201783693873,-0.9052161289591001,133505.0
23,445,Treino,62.0,151.0,29.0,68.0,47.88,-29.0,7.942754367269299,-1.0289701458897444,117716.0
23,450,Treino,57.0,151.0,18.0,58.0,45.86,-18.0,7.205468444882965,-1.0652371575831907,107701.0
23,455,Treino,52.0,157.0,24.0,57.0,43.44,-24.0,7.048404074682441,-0.03969371201804561,96786.0
23,460,Treino,47.0,157.0,24.0,57.0,41.06,-24.0,5.987776664819347,1.0928346804222864,86053.0
23,465,Treino,42.0,157.0,12.0,45.0,39.24,-12.0,4.640372961787639,-1.3524124927907903,78044.0
23,470,Treino,37.0,169.0,24.0,45.0,37.82,-24.0,5.081740020175475,0.8856163418056768,72783.0
23,475,Treino,32.0,169.0,24.0,45.0,35.42,-24.0,6.599598008784398,0.6206478804599791,64863.0
23,480,Treino,27.0,169.0,24.0,45.0,33.02,-24.0,7.0377698230073324,-0.6106529369466802,56943.0
23,485,Treino,22.0,169.0,18.0,39.0,31.1,-18.0,7.3934609829309625,-1.4475993860357228,51039.0
23,490,Treino,17.0,169.0,18.0,39.0,29.3,-18.0,7.4429805309212975,-1.726722377462125,45639.0
23,495,Treino,12.0,175.0,24.0,39.0,26.9,-24.0,7.796519369931322,-1.5077617601578637,39159.0
23,500,Treino,7.0,175.0,18.0,36.0,24.5,-18.0,7.376880597307968,-1.5660580650536162,32679.0
23,505,Treino,2.0,175.0,19.0,36.0,22.7,-19.0,7.276604949551458,-1.1173764985184174,28359.0
24,50,Treino,170.0,39.0,38.0,189.0,168.58,-38.0,7.5487260717370335,2.660784561592207,1423753.0
24,55,Treino,165.0,37.0,18.0,171.0,166.36,-18.0,8.351365524418684,-0.4050352938705406,1387200.0
24,60,Treino,160.0,37.0,18.0,171.0,164.5,-18.0,9.16348120285637,-1.5478148158964005,1357127.0
24,65,Treino,155.0,37.0,18.0,171.0,162.66,-18.0,9.522497528677729,-1.996941778245848,1327357.0
24,70,Treino,150.0,37.0,18.0,171.0,160.82,-18.0,9.511947374599107,-2.0412991350923138,1297587.0
24,75,Treino,145.0,39.0,20.0,171.0,158.92,-20.0,9.17814618247818,-1.7033603917969848,1266906.0
24,80,Treino,140.0,37.0,18.0,171.0,157.06,-18.0,8.379786174272619,-0.7777038570673263,1236833.0
24,85,Treino,135.0,37.0,18.0,171.0,155.18,-18.0,7.01511487679951,1.6285955072042366,1206453.0
24,90,Treino,130.0,64.0,45.0,171.0,151.2,-45.0,8.7877465709884,4.831054175130939,1146856.0
24,95,Treino,125.0,64.0,25.0,153.0,147.6,-25.0,9.995917534020515,0.9956676214553459,1094184.0
24,100,Treino,120.0,64.0,26.0,153.0,145.24,-26.0,11.571534391050536,-0.9843121495242064,1061294.0
24,105,Treino,115.0,61.0,23.0,153.0,142.66,-23.0,12.546419930052734,-1.7821822093760362,1025307.0
24,110,Treino,110.0,64.0,27.0,153.0,140.18,-27.0,12.834408471617477,-2.0483406848495718,990593.0
24,115,Treino,105.0,91.0,53.0,153.0,136.52,-53.0,14.652770163671702,-0.431336774445247,942406.0
24,120,Treino,100.0,91.0,54.0,153.0,131.2,-54.0,17.322864447113282,-0.5232909911964034,875376.0
24,125,Treino,95.0,91.0,54.0,153.0,125.9,-54.0,18.248007998638304,-0.8038180175263543,808857.0
24,130,Treino,90.0,89.0,51.0,153.0,120.64,-51.0,17.39664523136925,-0.7985357189178828,742530.0
24,135,Treino,85.0,99.0,61.0,152.0,115.32,-61.0,14.883822199465634,-1.3140335648103019,675790.0
24,140,Treino,80.0,99.0,35.0,129.0,111.3,-35.0,15.120266167617284,-1.8866363166361124,630587.0
24,145,Treino,75.0,99.0,37.0,129.0,107.7,-37.0,15.235900139513399,-1.6206070398933738,591339.0
24,150,Treino,70.0,99.0,35.0,129.0,104.04,-35.0,14.365434705769067,-0.8841435981214172,551328.0
24,155,Treino,65.0,109.0,47.0,129.0,99.7,-47.0,13.466890615771069,0.6144300389211725,505891.0
24,160,Treino,60.0,109.0,45.0,129.0,95.04,-45.0,10.736092094863373,3.159710215732442,457278.0
24,165,Treino,55.0,109.0,18.0,101.0,91.54,-18.0,7.635069463618896,-1.3870821232947106,421835.0
24,170,Treino,50.0,131.0,40.0,101.0,88.38,-40.0,10.540282302690384,1.5499735932700487,395995.0
24,175,Treino,45.0,131.0,40.0,101.0,84.42,-40.0,13.01190977214211,-0.10153386623245453,364633.0
24,180,Treino,40.0,131.0,42.0,101.0,80.34,-42.0,13.929282033155319,-0.9998913975837835,332233.0
24,185,Treino,35.0,149.0,50.0,92.0,75.26,-50.0,15.616331064573625,-0.7997352468159451,295153.0
24,190,Treino,30.0,149.0,50.0,92.0,70.26,-50.0,17.687548947072965,-1.2161792639478701,262153.0
24,195,Treino,25.0,149.0,49.0,92.0,65.26,-49.0,18.18814370485815,-1.4599786013315812,229153.0
24,200,Treino,20.0,149.0,51.0,92.0,60.26,-51.0,17.25417429528996,-1.5134856351312778,196151.0
24,205,Treino,15.0,175.0,66.0,81.0,55.0,-66.0,17.891966045675133,-0.6233130738652992,166936.0
24,210,Treino,10.0,175.0,66.0,81.0,48.4,-66.0,19.2343230625221,-0.3477596085777259,135256.0
24,215,Treino,5.0,175.0,66.0,81.0,41.8,-66.0,18.190600847241786,-0.6077773044170698,103576.0
24,220,Treino,0.0,175.0,44.0,60.0,36.52,-44.0,17.172878474561,-1.384930977555079,81136.0
25,50,Teste,2091.0,14.0,14.0,190.0,176.28,-14.0,1.9798989873223298,50.00000000000003,1553924.0
25,55,Teste,2086.0,14.0,0.0,176.0,176.0,0.0,0.0,0.0,1548800.0
25,60,Teste,2081.0,14.0,0.0,176.0,176.0,0.0,0.0,0.0,1548800.0
25,65,Teste,2076.0,14.0,0.0,176.0,176.0,0.0,0.0,0.0,1548800.0
25,70,Teste,2071.0,14.0,0.0,176.0,176.0,0.0,0.0,0.0,1548800.0
25,75,Teste,2066.0,14.0,0.0,176.0,176.0,0.0,0.0,0.0,1548800.0
25,80,Teste,2061.0,14.0,0.0,176.0,176.0,0.0,0.0,0.0,1548800.0
25,85,Teste,2056.0,14.0,0.0,176.0,176.0,0.0,0.0,0.0,1548800.0
25,90,Teste,2051.0,14.0,0.0,176.0,176.0,0.0,0.0,0.0,1548800.0
25,95,Teste,2046.0,14.0,0.0,176.0,176.0,0.0,0.0,0.0,1548800.0
25,100,Teste,2041.0,14.0,0.0,176.0,176.0,0.0,0.0,0.0,1548800.0
25,105,Teste,2036.0,14.0,0.0,176.0,176.0,0.0,0.0,0.0,1548800.0
25,110,Teste,2031.0,14.0,0.0,176.0,176.0,0.0,0.0,0.0,1548800.0
25,115,Teste,2026.0,14.0,0.0,176.0,176.0,0.0,0.0,0.0,1548800.0
25,120,Teste,2021.0,14.0,0.0,176.0,176.0,0.0,0.0,0.0,1548800.0
25,125,Teste,2016.0,14.0,0.0,176.0,176.0,0.0,0.0,0.0,1548800.0
25,130,Teste,2011.0,14.0,0.0,176.0,176.0,0.0,0.0,0.0,1548800.0
25,135,Teste,2006.0,14.0,0.0,176.0,176.0,0.0,0.0,0.0,1548800.0
25,140,Teste,2001.0,14.0,0.0,176.0,176.0,0.0,0.0,0.0,1548800.0
25,145,Teste,1996.0,14.0,0.0,176.0,176.0,0.0,0.0,0.0,1548800.0
25,150,Teste,1991.0,14.0,0.0,176.0,176.0,0.0,0.0,0.0,1548800.0
25,155,Teste,1986.0,14.0,0.0,176.0,176.0,0.0,0.0,0.0,1548800.0
25,160,Teste,1981.0,26.0,12.0,176.0,175.04,-12.0,3.2885701874144364,8.53448774283068,1532480.0
25,165,Teste,1976.0,26.0,12.0,176.0,173.84,-12.0,4.657055213899243,0.9888715908435737,1512080.0
25,170,Teste,1971.0,26.0,12.0,176.0,172.64,-12.0,5.44268841133287,-1.0213504728132499,1491680.0
25,175,Teste,1966.0,26.0,12.0,176.0,171.44,-12.0,5.883772217736174,-1.8142903587038983,1471280.0
25,180,Teste,1961.0,26.0,12.0,176.0,170.24,-12.0,6.056064594053383,-2.0780056601200214,1450880.0
25,185,Teste,1956.0,26.0,12.0,176.0,169.04,-12.0,5.982832582839479,-1.9686965028124213,1430480.0
25,190,Teste,1951.0,26.0,12.0,176.0,167.84,-12.0,5.65454485798993,-1.4253656914893638,1410080.0
25,195,Teste,1946.0,26.0,12.0,176.0,166.64,-12.0,5.021423491157761,-0.060754847988873095,1389680.0
25,200,Teste,1941.0,26.0,12.0,176.0,165.44,-12.0,3.939128671911785,3.973746776273374,1369280.0
25,205,Teste,1936.0,26.0,12.0,176.0,164.24,-12.0,1.6970562748477152,49.999999999999844,1348880.0
25,210,Teste,1931.0,26.0,0.0,164.0,164.0,0.0,0.0,0.0,1344800.0
25,215,Teste,1926.0,26.0,0.0,164.0,164.0,0.0,0.0,0.0,1344800.0
25,220,Teste,1921.0,26.0,0.0,164.0,164.0,0.0,0.0,0.0,1344800.0
25,225,Teste,1916.0,26.0,0.0,164.0,164.0,0.0,0.0,0.0,1344800.0
25,230,Teste,1911.0,26.0,0.0,164.0,164.0,0.0,0.0,0.0,1344800.0
25,235,Teste,1906.0,26.0,0.0,164.0,164.0,0.0,0.0,0.0,1344800.0
25,240,Teste,1901.0,26.0,0.0,164.0,164.0,0.0,0.0,0.0,1344800.0
25,245,Teste,1896.0,26.0,0.0,164.0,164.0,0.0,0.0,0.0,1344800.0
25,250,Teste,1891.0,26.0,0.0,164.0,164.0,0.0,0.0,0.0,1344800.0
25,255,Teste,1886.0,26.0,0.0,164.0,164.0,0.0,0.0,0.0,1344800.0
25,260,Teste,1881.0,26.0,0.0,164.0,164.0,0.0,0.0,0.0,1344800.0
25,265,Teste,1876.0,26.0,0.0,164.0,164.0,0.0,0.0,0.0,1344800.0
25,270,Teste,1871.0,26.0,0.0,164.0,164.0,0.0,0.0,0.0,1344800.0
25,275,Teste,1866.0,26.0,0.0,164.0,164.0,0.0,0.0,0.0,1344800.0
25,280,Teste,1861.0,26.0,0.0,164.0,164.0,0.0,0.0,0.0,1344800.0
25,285,Teste,1856.0,26.0,0.0,164.0,164.0,0.0,0.0,0.0,1344800.0
25,290,Teste,1851.0,26.0,0.0,164.0,164.0,0.0,0.0,0.0,1344800.0
25,295,Teste,1846.0,26.0,0.0,164.0,164.0,0.0,0.0,0.0,1344800.0
25,300,Teste,1841.0,26.0,0.0,164.0,164.0,0.0,0.0,0.0,1344800.0
25,305,Teste,1836.0,26.0,0.0,164.0,164.0,0.0,0.0,0.0,1344800.0
25,310,Teste,1831.0,26.0,0.0,164.0,164.0,0.0,0.0,0.0,1344800.0
25,315,Teste,1826.0,38.0,12.0,164.0,163.28,-12.0,2.8787752497851424,13.124339821940556,1333424.0
25,320,Teste,1821.0,38.0,12.0,164.0,162.08,-12.0,4.443936478908247,1.7259530141844204,1314464.0
25,325,Teste,1816.0,38.0,12.0,164.0,160.88,-12.0,5.317049972321426,-0.7586145884018265,1295504.0
25,330,Teste,1811.0,38.0,12.0,164.0,159.68,-12.0,5.818478656620734,-1.7081763445626443,1276544.0
25,335,Teste,1806.0,38.0,12.0,164.0,158.48,-12.0,6.041489206870663,-2.056566279508001,1257584.0
25,340,Teste,1801.0,38.0,12.0,164.0,157.28,-12.0,6.017118437068886,-2.020369922630561,1238624.0
25,345,Teste,1796.0,38.0,12.0,164.0,156.08,-12.0,5.7422174483808766,-1.5796260477111619,1219664.0
25,350,Teste,1791.0,38.0,12.0,164.0,154.88,-12.0,5.177029327042802,-0.44297079134004713,1200704.0
25,355,Teste,1786.0,38.0,12.0,164.0,153.68,-12.0,4.206117993046386,2.684314695695188,1181744.0
25,360,Teste,1781.0,38.0,12.0,164.0,152.48,-12.0,2.3753839646658856,22.330729166666742,1162784.0
25,365,Teste,1776.0,38.0,0.0,152.0,152.0,0.0,0.0,0.0,1155200.0
25,370,Teste,1771.0,38.0,0.0,152.0,152.0,0.0,0.0,0.0,1155200.0
25,375,Teste,1766.0,38.0,0.0,152.0,152.0,0.0,0.0,0.0,1155200.0
25,380,Teste,1761.0,38.0,0.0,152.0,152.0,0.0,0.0,0.0,1155200.0
25,385,Teste,1756.0,38.0,0.0,152.0,152.0,0.0,0.0,0.0,1155200.0
25,390,Teste,1751.0,38.0,0.0,152.0,152.0,0.0,0.0,0.0,1155200.0
25,395,Teste,1746.0,38.0,0.0,152.0,152.0,0.0,0.0,0.0,1155200.0
25,400,Teste,1741.0,38.0,0.0,152.0,152.0,0.0,0.0,0.0,1155200.0
25,405,Teste,1736.0,38.0,0.0,152.0,152.0,0.0,0.0,0.0,1155200.0
25,410,Teste,1731.0,38.0,0.0,152.0,152.0,0.0,0.0,0.0,1155200.0
25,415,Teste,1726.0,38.0,0.0,152.0,152.0,0.0,0.0,0.0,1155200.0
25,420,Teste,1721.0,38.0,0.0,152.0,152.0,0.0,0.0,0.0,1155200.0
25,425,Teste,1716.0,41.0,3.0,152.0,151.76,-3.0,0.8221425468536091,8.534487742830558,1151588.0
25,430,Teste,1711.0,41.0,3.0,152.0,151.46,-3.0,1.1642638034748107,0.9888715908436208,1147073.0
25,435,Teste,1706.0,41.0,3.0,152.0,151.16,-3.0,1.3606721028332176,-1.0213504728132499,1142558.0
25,440,Teste,1701.0,41.0,3.0,152.0,150.86,-3.0,1.4709430544340443,-1.8142903587038772,1138043.0
25,445,Teste,1696.0,41.0,3.0,152.0,150.56,-3.0,1.5140161485133456,-2.0780056601200214,1133528.0
25,450,Teste,1691.0,41.0,3.0,152.0,150.26,-3.0,1.4957081457098707,-1.968696502812415,1129013.0
25,455,Teste,1686.0,41.0,3.0,152.0,149.96,-3.0,1.4136362144974826,-1.4253656914893813,1124498.0
25,460,Teste,1681.0,41.0,3.0,152.0,149.66,-3.0,1.2553558727894403,-0.060754847988873095,1119983.0
25,465,Teste,1676.0,41.0,3.0,152.0,149.36,-3.0,0.984782167977948,3.973746776273231,1115468.0
25,470,Teste,1671.0,41.0,3.0,152.0,149.06,-3.0,0.4242640687119288,49.999999999999844,1110953.0
25,475,Teste,1666.0,41.0,0.0,149.0,149.0,0.0,0.0,0.0,1110050.0
25,480,Teste,1661.0,41.0,0.0,149.0,149.0,0.0,0.0,0.0,1110050.0
25,485,Teste,1656.0,41.0,0.0,149.0,149.0,0.0,0.0,0.0,1110050.0
25,490,Teste,1651.0,41.0,0.0,149.0,149.0,0.0,0.0,0.0,1110050.0
25,495,Teste,1646.0,41.0,0.0,149.0,149.0,0.0,0.0,0.0,1110050.0
25,500,Teste,1641.0,41.0,0.0,149.0,149.0,0.0,0.0,0.0,1110050.0
25,505,Teste,1636.0,41.0,0.0,149.0,149.0,0.0,0.0,0.0,1110050.0
25,510,Teste,1631.0,41.0,0.0,149.0,149.0,0.0,0.0,0.0,1110050.0
25,515,Teste,1626.0,41.0,0.0,149.0,149.0,0.0,0.0,0.0,1110050.0
25,520,Teste,1621.0,41.0,0.0,149.0,149.0,0.0,0.0,0.0,1110050.0
25,525,Teste,1616.0,41.0,0.0,149.0,149.0,0.0,0.0,0.0,1110050.0
25,530,Teste,1611.0,54.0,13.0,149.0,148.74,-13.0,1.8384776310850235,50.000000000000156,1106345.0
25,535,Teste,1606.0,55.0,14.0,149.0,147.34,-14.0,4.54281221900519,4.000633382081286,1086465.0
25,540,Teste,1601.0,55.0,14.0,149.0,145.94,-14.0,5.8218799123896146,-0.051925820417409785,1066585.0
25,545,Teste,1596.0,55.0,14.0,149.0,144.54,-14.0,6.568974697121961,-1.4210490616576115,1046705.0
25,550,Teste,1591.0,55.0,14.0,149.0,143.14,-14.0,6.957626853214496,-1.9662621327021201,1026825.0
25,555,Teste,1586.0,55.0,14.0,149.0,141.74,-14.0,7.047390601188095,-2.0766779027912525,1006945.0
25,560,Teste,1581.0,55.0,14.0,149.0,140.34,-14.0,6.850026068772085,-1.8139289189085577,987065.0
25,565,Teste,1576.0,55.0,14.0,149.0,138.94,-14.0,6.338769596696192,-1.0224113704316071,967185.0
25,570,Teste,1571.0,55.0,14.0,149.0,137.54,-14.0,5.425600690904444,0.9839784105598568,947305.0
25,575,Teste,1566.0,55.0,14.0,149.0,136.14,-14.0,3.8333126293436712,8.503077431972825,927425.0
25,580,Teste,1561.0,55.0,0.0,135.0,135.0,0.0,0.0,0.0,911250.0
25,585,Teste,1556.0,55.0,0.0,135.0,135.0,0.0,0.0,0.0,911250.0
25,590,Teste,1551.0,55.0,0.0,135.0,135.0,0.0,0.0,0.0,911250.0
25,595,Teste,1546.0,55.0,0.0,135.0,135.0,0.0,0.0,0.0,911250.0
25,600,Teste,1541.0,55.0,0.0,135.0,135.0,0.0,0.0,0.0,911250.0
25,605,Teste,1536.0,55.0,0.0,135.0,135.0,0.0,0.0,0.0,911250.0
25,610,Teste,1531.0,55.0,0.0,135.0,135.0,0.0,0.0,0.0,911250.0
25,615,Teste,1526.0,55.0,0.0,135.0,135.0,0.0,0.0,0.0,911250.0
25,620,Teste,1521.0,55.0,0.0,135.0,135.0,0.0,0.0,0.0,911250.0
25,625,Teste,1516.0,55.0,0.0,135.0,135.0,0.0,0.0,0.0,911250.0
25,630,Teste,1511.0,55.0,0.0,135.0,135.0,0.0,0.0,0.0,911250.0
25,635,Teste,1506.0,65.0,10.0,135.0,134.2,-10.0,2.740475156178697,8.534487742830652,900850.0
25,640,Teste,1501.0,65.0,10.0,135.0,133.2,-10.0,3.880879344916035,0.9888715908435461,887850.0
25,645,Teste,1496.0,65.0,10.0,135.0,132.2,-10.0,4.535573676110726,-1.021350472813249,874850.0
25,650,Teste,1491.0,65.0,10.0,135.0,131.2,-10.0,4.9031435147801465,-1.8142903587039023,861850.0
25,655,Teste,1486.0,65.0,10.0,135.0,130.2,-10.0,5.046720495044485,-2.0780056601200227,848850.0
25,660,Teste,1481.0,65.0,10.0,135.0,129.2,-10.0,4.985693819032897,-1.9686965028124204,835850.0
25,665,Teste,1476.0,65.0,10.0,135.0,128.2,-10.0,4.7121207149916104,-1.4253656914893538,822850.0
25,670,Teste,1471.0,65.0,10.0,135.0,127.2,-10.0,4.184519575964805,-0.06075484798889441,809850.0
25,675,Teste,1466.0,65.0,10.0,135.0,126.2,-10.0,3.28260722659316,3.9737467762733587,796850.0
25,680,Teste,1461.0,65.0,10.0,135.0,125.2,-10.0,1.414213562373097,49.99999999999987,783850.0
25,685,Teste,1456.0,65.0,0.0,125.0,125.0,0.0,0.0,0.0,781250.0
25,690,Teste,1451.0,65.0,0.0,125.0,125.0,0.0,0.0,0.0,781250.0
25,695,Teste,1446.0,65.0,0.0,125.0,125.0,0.0,0.0,0.0,781250.0
25,700,Teste,1441.0,65.0,0.0,125.0,125.0,0.0,0.0,0.0,781250.0
25,705,Teste,1436.0,65.0,0.0,125.0,125.0,0.0,0.0,0.0,781250.0
25,710,Teste,1431.0,65.0,0.0,125.0,125.0,0.0,0.0,0.0,781250.0
25,715,Teste,1426.0,65.0,0.0,125.0,125.0,0.0,0.0,0.0,781250.0
25,720,Teste,1421.0,65.0,0.0,125.0,125.0,0.0,0.0,0.0,781250.0
25,725,Teste,1416.0,65.0,0.0,125.0,125.0,0.0,0.0,0.0,781250.0
25,730,Teste,1411.0,65.0,0.0,125.0,125.0,0.0,0.0,0.0,781250.0
25,735,Teste,1406.0,65.0,0.0,125.0,125.0,0.0,0.0,0.0,781250.0
25,740,Teste,1401.0,65.0,0.0,125.0,125.0,0.0,0.0,0.0,781250.0
25,745,Teste,1396.0,65.0,0.0,125.0,125.0,0.0,0.0,0.0,781250.0
25,750,Teste,1391.0,79.0,14.0,125.0,124.44,-14.0,2.7712812921102037,22.330729166666643,774642.0
25,755,Teste,1386.0,79.0,14.0,125.0,123.04,-14.0,4.9071376585541175,2.684314695695214,758122.0
25,760,Teste,1381.0,79.0,14.0,125.0,121.64,-14.0,6.039867548216599,-0.442970791340052,741602.0
25,765,Teste,1376.0,79.0,14.0,125.0,120.24,-14.0,6.699253689777688,-1.5796260477111561,725082.0
25,770,Teste,1371.0,79.0,14.0,125.0,118.84,-14.0,7.019971509913697,-2.0203699226305605,708562.0
25,775,Teste,1366.0,79.0,14.0,125.0,117.44,-14.0,7.048404074682438,-2.056566279508,692042.0
25,780,Teste,1361.0,79.0,14.0,125.0,116.04,-14.0,6.78822509939086,-1.7081763445626503,675522.0
25,785,Teste,1356.0,79.0,14.0,125.0,114.64,-14.0,6.203224967708335,-0.7586145884018238,659002.0
25,790,Teste,1351.0,79.0,14.0,125.0,113.24,-14.0,5.184592558726282,1.7259530141844053,642482.0
25,795,Teste,1346.0,79.0,14.0,125.0,111.84,-14.0,3.3585711247493326,13.12433982194053,625962.0
25,800,Teste,1341.0,79.0,0.0,111.0,111.0,0.0,0.0,0.0,616050.0
25,805,Teste,1336.0,79.0,0.0,111.0,111.0,0.0,0.0,0.0,616050.0
25,810,Teste,1331.0,79.0,0.0,111.0,111.0,0.0,0.0,0.0,616050.0
25,815,Teste,1326.0,79.0,0.0,111.0,111.0,0.0,0.0,0.0,616050.0
25,820,Teste,1321.0,79.0,0.0,111.0,111.0,0.0,0.0,0.0,616050.0
25,825,Teste,1316.0,79.0,0.0,111.0,111.0,0.0,0.0,0.0,616050.0
25,830,Teste,1311.0,79.0,0.0,111.0,111.0,0.0,0.0,0.0,616050.0
25,835,Teste,1306.0,79.0,0.0,111.0,111.0,0.0,0.0,0.0,616050.0
25,840,Teste,1301.0,79.0,0.0,111.0,111.0,0.0,0.0,0.0,616050.0
25,845,Teste,1296.0,79.0,0.0,111.0,111.0,0.0,0.0,0.0,616050.0
25,850,Teste,1291.0,79.0,0.0,111.0,111.0,0.0,0.0,0.0,616050.0
25,855,Teste,1286.0,79.0,0.0,111.0,111.0,0.0,0.0,0.0,616050.0
25,860,Teste,1281.0,79.0,0.0,111.0,111.0,0.0,0.0,0.0,616050.0
25,865,Teste,1276.0,79.0,0.0,111.0,111.0,0.0,0.0,0.0,616050.0
25,870,Teste,1271.0,79.0,0.0,111.0,111.0,0.0,0.0,0.0,616050.0
25,875,Teste,1266.0,79.0,0.0,111.0,111.0,0.0,0.0,0.0,616050.0
25,880,Teste,1261.0,80.0,1.0,111.0,110.92,-1.0,0.27404751561786966,8.534487742830796,615166.0
25,885,Teste,1256.0,80.0,1.0,111.0,110.82,-1.0,0.3880879344916036,0.9888715908434369,614061.0
25,890,Teste,1251.0,80.0,1.0,111.0,110.72,-1.0,0.4535573676110726,-1.0213504728132494,612956.0
25,895,Teste,1246.0,80.0,1.0,111.0,110.62,-1.0,0.49031435147801483,-1.8142903587038774,611851.0
25,900,Teste,1241.0,80.0,1.0,111.0,110.52,-1.0,0.5046720495044482,-2.0780056601200245,610746.0
25,905,Teste,1236.0,80.0,1.0,111.0,110.42,-1.0,0.4985693819032896,-1.9686965028124281,609641.0
25,910,Teste,1231.0,80.0,1.0,111.0,110.32,-1.0,0.4712120714991614,-1.4253656914893116,608536.0
25,915,Teste,1226.0,80.0,1.0,111.0,110.22,-1.0,0.4184519575964799,-0.060754847988875316,607431.0
25,920,Teste,1221.0,80.0,1.0,111.0,110.12,-1.0,0.3282607226593159,3.9737467762732264,606326.0
25,925,Teste,1216.0,80.0,1.0,111.0,110.02,-1.0,0.14142135623730953,50.00000000000087,605221.0
25,930,Teste,1211.0,80.0,0.0,110.0,110.0,0.0,0.0,0.0,605000.0
25,935,Teste,1206.0,80.0,0.0,110.0,110.0,0.0,0.0,0.0,605000.0
25,940,Teste,1201.0,80.0,0.0,110.0,110.0,0.0,0.0,0.0,605000.0
25,945,Teste,1196.0,80.0,0.0,110.0,110.0,0.0,0.0,0.0,605000.0
25,950,Teste,1191.0,80.0,0.0,110.0,110.0,0.0,0.0,0.0,605000.0
25,955,Teste,1186.0,80.0,0.0,110.0,110.0,0.0,0.0,0.0,605000.0
25,960,Teste,1181.0,80.0,0.0,110.0,110.0,0.0,0.0,0.0,605000.0
25,965,Teste,1176.0,80.0,0.0,110.0,110.0,0.0,0.0,0.0,605000.0
25,970,Teste,1171.0,80.0,0.0,110.0,110.0,0.0,0.0,0.0,605000.0
25,975,Teste,1166.0,80.0,0.0,110.0,110.0,0.0,0.0,0.0,605000.0
25,980,Teste,1161.0,80.0,0.0,110.0,110.0,0.0,0.0,0.0,605000.0
25,985,Teste,1156.0,80.0,0.0,110.0,110.0,0.0,0.0,0.0,605000.0
25,990,Teste,1151.0,80.0,0.0,110.0,110.0,0.0,0.0,0.0,605000.0
25,995,Teste,1146.0,80.0,0.0,110.0,110.0,0.0,0.0,0.0,605000.0
25,1000,Teste,1141.0,80.0,0.0,110.0,110.0,0.0,0.0,0.0,605000.0
25,1005,Teste,1136.0,86.0,6.0,110.0,109.88,-6.0,0.848528137423857,49.999999999999844,603716.0
25,1010,Teste,1131.0,86.0,6.0,110.0,109.28,-6.0,1.9695643359558954,3.97374677627338,597296.0
25,1015,Teste,1126.0,86.0,6.0,110.0,108.68,-6.0,2.5107117455788814,-0.06075484798887398,590876.0
25,1020,Teste,1121.0,86.0,6.0,110.0,108.08,-6.0,2.8272724289949664,-1.4253656914893633,584456.0
25,1025,Teste,1116.0,86.0,6.0,110.0,107.48,-6.0,2.9914162914197395,-1.9686965028124213,578036.0
25,1030,Teste,1111.0,86.0,6.0,110.0,106.88,-6.0,3.0280322970266917,-2.0780056601200214,571616.0
25,1035,Teste,1106.0,86.0,6.0,110.0,106.28,-6.0,2.9418861088680863,-1.814290358703898,565196.0
25,1040,Teste,1101.0,86.0,6.0,110.0,105.68,-6.0,2.7213442056664348,-1.0213504728132499,558776.0
25,1045,Teste,1096.0,86.0,6.0,110.0,105.08,-6.0,2.328527606949624,0.9888715908435728,552356.0
25,1050,Teste,1091.0,86.0,6.0,110.0,104.48,-6.0,1.6442850937072178,8.53448774283068,545936.0
25,1055,Teste,1086.0,86.0,0.0,104.0,104.0,0.0,0.0,0.0,540800.0
25,1060,Teste,1081.0,86.0,0.0,104.0,104.0,0.0,0.0,0.0,540800.0
25,1065,Teste,1076.0,86.0,0.0,104.0,104.0,0.0,0.0,0.0,540800.0
25,1070,Teste,1071.0,86.0,0.0,104.0,104.0,0.0,0.0,0.0,540800.0
25,1075,Teste,1066.0,86.0,0.0,104.0,104.0,0.0,0.0,0.0,540800.0
25,1080,Teste,1061.0,86.0,0.0,104.0,104.0,0.0,0.0,0.0,540800.0
25,1085,Teste,1056.0,86.0,0.0,104.0,104.0,0.0,0.0,0.0,540800.0
25,1090,Teste,1051.0,86.0,0.0,104.0,104.0,0.0,0.0,0.0,540800.0
25,1095,Teste,1046.0,86.0,0.0,104.0,104.0,0.0,0.0,0.0,540800.0
25,1100,Teste,1041.0,86.0,0.0,104.0,104.0,0.0,0.0,0.0,540800.0
25,1105,Teste,1036.0,86.0,0.0,104.0,104.0,0.0,0.0,0.0,540800.0
25,1110,Teste,1031.0,86.0,0.0,104.0,104.0,0.0,0.0,0.0,540800.0
25,1115,Teste,1026.0,97.0,11.0,104.0,103.12,-11.0,3.0145226717965663,8.534487742830732,532132.0
25,1120,Teste,1021.0,97.0,11.0,104.0,102.02,-11.0,4.268967279407639,0.9888715908435612,521297.0
25,1125,Teste,1016.0,97.0,11.0,104.0,100.92,-11.0,4.9891310437218,-1.021350472813236,510462.0
25,1130,Teste,1011.0,97.0,11.0,104.0,99.82,-11.0,5.393457866258161,-1.8142903587038997,499627.0
25,1135,Teste,1006.0,97.0,11.0,104.0,98.72,-11.0,5.551392544548932,-2.0780056601200214,488792.0
25,1140,Teste,1001.0,97.0,11.0,104.0,97.62,-11.0,5.484263200936186,-1.9686965028124241,477957.0
25,1145,Teste,996.0,97.0,11.0,104.0,96.54,-11.0,5.171389107978865,-1.4260531843907047,467309.0
25,1150,Teste,991.0,97.0,11.0,104.0,95.44,-11.0,4.594406537146162,-0.06530431289378624,456474.0
25,1155,Teste,986.0,97.0,11.0,104.0,94.34,-11.0,3.6061738443838767,3.9526234194692815,445639.0
25,1160,Teste,981.0,96.0,10.0,104.0,93.26,-10.0,1.5624418356521035,48.31027018317289,434991.0
25,1165,Teste,976.0,97.0,0.0,94.0,93.04,0.0,0.1979486637221574,22.330729166666007,432824.0
25,1170,Teste,971.0,97.0,0.0,94.0,93.04,0.0,0.1979486637221574,22.330729166666007,432824.0
25,1175,Teste,966.0,97.0,0.0,94.0,93.04,0.0,0.1979486637221574,22.330729166666007,432824.0
25,1180,Teste,961.0,97.0,0.0,94.0,93.04,0.0,0.1979486637221574,22.330729166666003,432824.0
25,1185,Teste,956.0,97.0,0.0,94.0,93.04,0.0,0.1979486637221574,22.330729166666003,432824.0
25,1190,Teste,951.0,97.0,1.0,94.0,93.04,-1.0,0.1979486637221574,22.330729166666003,432824.0
25,1195,Teste,946.0,96.0,-1.0,94.0,93.04,1.0,0.1979486637221574,22.330729166666007,432824.0
25,1200,Teste,941.0,97.0,0.0,94.0,93.04,0.0,0.1979486637221574,22.330729166666007,432824.0
25,1205,Teste,936.0,97.0,0.0,94.0,93.04,0.0,0.1979486637221574,22.330729166666007,432824.0
25,1210,Teste,931.0,97.0,0.0,94.0,93.02,0.0,0.1414213562373095,50.00000000000087,432637.0
25,1215,Teste,926.0,97.0,0.0,94.0,93.02,0.0,0.1414213562373095,50.00000000000087,432637.0
25,1220,Teste,921.0,97.0,0.0,94.0,93.02,0.0,0.1414213562373095,50.00000000000087,432637.0
25,1225,Teste,916.0,97.0,0.0,94.0,93.02,0.0,0.1414213562373095,50.00000000000087,432637.0
25,1230,Teste,911.0,97.0,0.0,94.0,93.02,0.0,0.1414213562373095,50.00000000000087,432637.0
25,1235,Teste,906.0,97.0,0.0,94.0,93.02,0.0,0.14142135623730953,50.00000000000087,432637.0
25,1240,Teste,901.0,97.0,0.0,94.0,93.02,0.0,0.14142135623730953,50.00000000000087,432637.0
25,1245,Teste,896.0,101.0,4.0,93.0,92.84,-4.0,0.7917946548886295,22.33072916666676,430994.0
25,1250,Teste,891.0,101.0,4.0,93.0,92.44,-4.0,1.4020393310154626,2.6843146956951838,427354.0
25,1255,Teste,886.0,101.0,4.0,93.0,92.04,-4.0,1.7256764423475996,-0.4429707913400325,423714.0
25,1260,Teste,881.0,101.0,4.0,93.0,91.64,-4.0,1.914072482793626,-1.5796260477111537,420074.0
25,1265,Teste,876.0,101.0,4.0,93.0,91.24,-4.0,2.0057061456896284,-2.0203699226305645,416434.0
25,1270,Teste,871.0,101.0,4.0,93.0,90.84,-4.0,2.0138297356235535,-2.056566279508001,412794.0
25,1275,Teste,866.0,101.0,4.0,93.0,90.44,-4.0,1.9394928855402458,-1.7081763445626443,409154.0
25,1280,Teste,861.0,101.0,4.0,93.0,90.04,-4.0,1.7723499907738072,-0.7586145884018398,405514.0
25,1285,Teste,856.0,101.0,4.0,93.0,89.64,-4.0,1.4813121596360814,1.7259530141843928,401874.0
25,1290,Teste,851.0,101.0,4.0,93.0,89.24,-4.0,0.9595917499283825,13.12433982194063,398234.0
25,1295,Teste,846.0,101.0,0.0,89.0,89.0,0.0,0.0,0.0,396050.0
25,1300,Teste,841.0,101.0,0.0,89.0,89.0,0.0,0.0,0.0,396050.0
25,1305,Teste,836.0,101.0,0.0,89.0,89.0,0.0,0.0,0.0,396050.0
25,1310,Teste,831.0,101.0,0.0,89.0,89.0,0.0,0.0,0.0,396050.0
25,1315,Teste,826.0,101.0,0.0,89.0,89.0,0.0,0.0,0.0,396050.0
25,1320,Teste,821.0,101.0,0.0,89.0,89.0,0.0,0.0,0.0,396050.0
25,1325,Teste,816.0,101.0,0.0,89.0,89.0,0.0,0.0,0.0,396050.0
25,1330,Teste,811.0,101.0,0.0,89.0,89.0,0.0,0.0,0.0,396050.0
25,1335,Teste,806.0,101.0,0.0,89.0,89.0,0.0,0.0,0.0,396050.0
25,1340,Teste,801.0,101.0,0.0,89.0,89.0,0.0,0.0,0.0,396050.0
25,1345,Teste,796.0,101.0,0.0,89.0,89.0,0.0,0.0,0.0,396050.0
25,1350,Teste,791.0,101.0,0.0,89.0,89.0,0.0,0.0,0.0,396050.0
25,1355,Teste,786.0,101.0,0.0,89.0,89.0,0.0,0.0,0.0,396050.0
25,1360,Teste,781.0,112.0,11.0,89.0,88.34,-11.0,2.6388773123030473,13.124339821940566,390539.0
25,1365,Teste,776.0,112.0,11.0,89.0,87.24,-11.0,4.073608438999226,1.7259530141843866,381354.0
25,1370,Teste,771.0,112.0,11.0,89.0,86.14,-11.0,4.873962474627972,-0.7586145884018229,372169.0
25,1375,Teste,766.0,112.0,11.0,89.0,85.06,-11.0,5.308483775994798,-1.7027906653221923,363141.0
25,1380,Teste,761.0,112.0,11.0,89.0,83.98,-11.0,5.497643279865753,-2.0506210247075196,354113.0
25,1385,Teste,756.0,112.0,11.0,89.0,82.88,-11.0,5.483332816409216,-2.017492844650582,344928.0
25,1390,Teste,751.0,110.0,9.0,89.0,81.82,-9.0,5.216496595867183,-1.582072394869316,336059.0
25,1395,Teste,746.0,112.0,11.0,89.0,80.74,-11.0,4.702626274492907,-0.4663358007295546,327031.0
25,1400,Teste,741.0,112.0,11.0,89.0,79.7,-11.0,3.8185904013210434,2.521783936507319,318319.0
25,1405,Teste,736.0,110.0,9.0,89.0,78.64,-9.0,2.201669125635258,19.442680372088493,309450.0
25,1410,Teste,731.0,112.0,0.0,80.0,78.22,0.0,0.5454823740581937,5.161652619551832,305933.0
25,1415,Teste,726.0,112.0,0.0,80.0,78.22,0.0,0.5454823740581937,5.161652619551834,305933.0
25,1420,Teste,721.0,112.0,0.0,80.0,78.26,0.0,0.5646020812962714,3.5675972935415654,306247.0
25,1425,Teste,716.0,112.0,1.0,80.0,78.28,-1.0,0.6074369035848369,3.0536693442229383,306406.0
25,1430,Teste,711.0,112.0,0.0,80.0,78.26,0.0,0.5996597674804386,3.6490523585435364,306249.0
25,1435,Teste,706.0,112.0,0.0,80.0,78.3,0.0,0.6144518047887593,2.536701739116957,306563.0
25,1440,Teste,701.0,112.0,0.0,80.0,78.28,0.0,0.5728553615932405,2.943236737873015,306404.0
25,1445,Teste,696.0,110.0,-1.0,80.0,78.32,1.0,0.6207303137828696,2.085841089470585,306720.0
25,1450,Teste,691.0,112.0,0.0,80.0,78.36,0.0,0.6627093431281832,1.3677378375032827,307036.0
25,1455,Teste,686.0,110.0,-2.0,80.0,78.42,2.0,0.702473763036814,0.5489577163757109,307509.0
25,1460,Teste,681.0,112.0,0.0,80.0,78.42,0.0,0.7024737630368139,0.5489577163757109,307509.0
25,1465,Teste,676.0,110.0,-2.0,80.0,78.46,2.0,0.7342912729083654,0.11270661238019697,307825.0
25,1470,Teste,671.0,125.0,13.0,80.0,77.36,-13.0,3.9783085319655895,7.798881452331063,300004.0
25,1475,Teste,666.0,125.0,13.0,80.0,76.0,-13.0,5.466036134202569,0.914403255745138,290264.0
25,1480,Teste,661.0,127.0,15.0,80.0,74.5,-15.0,6.664710597388215,-0.9787143764776185,279689.0
25,1485,Teste,656.0,127.0,15.0,80.0,72.96,-15.0,7.3428015562098325,-1.7615300855152334,268800.0
25,1490,Teste,651.0,127.0,16.0,80.0,71.48,-16.0,7.632476261184902,-2.021756780430559,258324.0
25,1495,Teste,646.0,127.0,17.0,80.0,69.96,-17.0,7.575362859228571,-1.9132944757367474,247532.0
25,1500,Teste,641.0,127.0,15.0,80.0,68.44,-15.0,7.1118182754956205,-1.3799887130267423,236680.0
25,1505,Teste,636.0,127.0,15.0,80.0,66.84,-15.0,6.286883008230999,-0.06301004968547241,225316.0
25,1510,Teste,631.0,127.0,15.0,80.0,65.32,-15.0,5.048499473979918,3.8097211579290713,214584.0
25,1515,Teste,626.0,127.0,17.0,80.0,63.78,-17.0,2.4684953691986373,39.82890964066691,203693.0
25,1520,Teste,621.0,127.0,2.0,65.0,63.42,-2.0,0.8103916916390189,0.21127874626715393,201137.0
25,1525,Teste,616.0,127.0,0.0,65.0,63.24,0.0,0.6565214453186318,3.973746776273342,199986.0
25,1530,Teste,611.0,126.0,-1.0,65.0,63.3,1.0,0.6776309271789386,2.404822695035496,200367.0
25,1535,Teste,606.0,127.0,0.0,65.0,63.3,0.0,0.6776309271789388,2.4048226950354987,200367.0
25,1540,Teste,601.0,127.0,0.0,65.0,63.3,0.0,0.6776309271789388,2.404822695035498,200367.0
25,1545,Teste,596.0,125.0,-2.0,65.0,63.3,2.0,0.6776309271789385,2.404822695035497,200367.0
25,1550,Teste,591.0,127.0,0.0,65.0,63.28,0.0,0.6401530429259451,3.0005507764651957,200238.0
25,1555,Teste,586.0,127.0,0.0,65.0,63.3,0.0,0.6468132241526727,2.5118027516549537,200365.0
25,1560,Teste,581.0,127.0,0.0,65.0,63.38,0.0,0.7253429871306345,0.9525923100939053,200877.0
25,1565,Teste,576.0,127.0,0.0,65.0,63.4,0.0,0.7284313590846838,0.7071163288430191,201004.0
25,1570,Teste,571.0,131.0,4.0,65.0,63.1,-4.0,1.2330483215451478,5.96271300794387,199155.0
25,1575,Teste,566.0,131.0,5.0,65.0,62.7,-5.0,1.7525491637693285,0.8650449351575986,196715.0
25,1580,Teste,561.0,131.0,4.0,65.0,62.24,-4.0,2.036002485865127,-0.8161052183327206,193894.0
25,1585,Teste,556.0,131.0,4.0,65.0,61.84,-4.0,2.2347898590887048,-1.5297601632569722,191454.0
25,1590,Teste,551.0,131.0,4.0,65.0,61.4,-4.0,2.3035022137995855,-1.765377218934911,188758.0
25,1595,Teste,546.0,131.0,4.0,65.0,60.96,-4.0,2.285357114950996,-1.6589714797507675,186062.0
25,1600,Teste,541.0,131.0,4.0,65.0,60.5,-4.0,2.1499881347560588,-1.1349766605359166,183239.0
25,1605,Teste,536.0,131.0,4.0,65.0,60.08,-4.0,1.9778363771287775,0.2403229321480742,180672.0
25,1610,Teste,531.0,131.0,4.0,64.0,59.6,-4.0,1.5118578920369083,3.0917553191489278,177720.0
25,1615,Teste,526.0,131.0,4.0,64.0,59.18,-4.0,0.896478370842129,23.690733541038988,175153.0
25,1620,Teste,521.0,131.0,0.0,59.0,59.0,0.0,0.0,0.0,174050.0
25,1625,Teste,516.0,131.0,0.0,59.0,59.0,0.0,0.0,0.0,174050.0
25,1630,Teste,511.0,131.0,0.0,59.0,59.0,0.0,0.0,0.0,174050.0
25,1635,Teste,506.0,131.0,0.0,59.0,59.0,0.0,0.0,0.0,174050.0
25,1640,Teste,501.0,131.0,0.0,59.0,59.0,0.0,0.0,0.0,174050.0
25,1645,Teste,496.0,131.0,0.0,59.0,59.0,0.0,0.0,0.0,174050.0
25,1650,Teste,491.0,131.0,0.0,59.0,59.0,0.0,0.0,0.0,174050.0
25,1655,Teste,486.0,131.0,0.0,59.0,59.0,0.0,0.0,0.0,174050.0
25,1660,Teste,481.0,131.0,0.0,59.0,59.0,0.0,0.0,0.0,174050.0
25,1665,Teste,476.0,131.0,0.0,59.0,59.0,0.0,0.0,0.0,174050.0
25,1670,Teste,471.0,131.0,0.0,59.0,59.0,0.0,0.0,0.0,174050.0
25,1675,Teste,466.0,131.0,0.0,59.0,59.0,0.0,0.0,0.0,174050.0
25,1680,Teste,461.0,131.0,0.0,59.0,59.0,0.0,0.0,0.0,174050.0
25,1685,Teste,456.0,146.0,15.0,59.0,58.7,-15.0,2.1213203435596424,50.00000000000004,172505.0
25,1690,Teste,451.0,146.0,15.0,59.0,57.2,-15.0,4.923910839889738,3.973746776273379,164780.0
25,1695,Teste,446.0,146.0,15.0,59.0,55.7,-15.0,6.276779363947205,-0.06075484798888775,157055.0
25,1700,Teste,441.0,146.0,15.0,59.0,54.2,-15.0,7.068181072487416,-1.42536569148936,149330.0
25,1705,Teste,436.0,146.0,15.0,59.0,52.7,-15.0,7.4785407285493495,-1.9686965028124228,141605.0
25,1710,Teste,431.0,146.0,15.0,59.0,51.2,-15.0,7.570080742566729,-2.078005660120022,133880.0
25,1715,Teste,426.0,146.0,15.0,59.0,49.7,-15.0,7.3547152721702265,-1.8142903587038979,126155.0
25,1720,Teste,421.0,146.0,15.0,59.0,48.2,-15.0,6.80336051416609,-1.0213504728132405,118430.0
25,1725,Teste,416.0,146.0,15.0,59.0,46.7,-15.0,5.8213190173740506,0.9888715908435657,110705.0
25,1730,Teste,411.0,146.0,15.0,59.0,45.2,-15.0,4.110712734268051,8.534487742830711,102980.0
25,1735,Teste,406.0,146.0,0.0,44.0,44.0,0.0,0.0,0.0,96800.0
25,1740,Teste,401.0,146.0,0.0,44.0,44.0,0.0,0.0,0.0,96800.0
25,1745,Teste,396.0,146.0,0.0,44.0,44.0,0.0,0.0,0.0,96800.0
25,1750,Teste,391.0,146.0,0.0,44.0,44.0,0.0,0.0,0.0,96800.0
25,1755,Teste,386.0,146.0,0.0,44.0,44.0,0.0,0.0,0.0,96800.0
25,1760,Teste,381.0,146.0,0.0,44.0,44.0,0.0,0.0,0.0,96800.0
25,1765,Teste,376.0,146.0,0.0,44.0,44.0,0.0,0.0,0.0,96800.0
25,1770,Teste,371.0,146.0,0.0,44.0,44.0,0.0,0.0,0.0,96800.0
25,1775,Teste,366.0,146.0,0.0,44.0,44.0,0.0,0.0,0.0,96800.0
25,1780,Teste,361.0,146.0,0.0,44.0,44.0,0.0,0.0,0.0,96800.0
25,1785,Teste,356.0,146.0,0.0,46.0,44.04,0.0,0.282842712474619,50.000000000000114,96980.0
25,1790,Teste,351.0,146.0,0.0,46.0,44.04,0.0,0.28284271247461895,50.000000000000114,96980.0
25,1795,Teste,346.0,155.0,9.0,46.0,43.5,-9.0,2.187627547301936,12.622206528488077,94847.0
25,1800,Teste,341.0,155.0,9.0,46.0,42.6,-9.0,3.362457798839948,1.6761132646176975,91292.0
25,1805,Teste,336.0,155.0,9.0,46.0,41.7,-9.0,4.021625217216927,-0.763674025504641,87737.0
25,1810,Teste,331.0,155.0,9.0,46.0,40.8,-9.0,4.403152859263555,-1.6983925030942435,84182.0
25,1815,Teste,326.0,155.0,9.0,46.0,39.9,-9.0,4.577005526743084,-2.036929338051375,80627.0
25,1820,Teste,321.0,155.0,9.0,46.0,39.0,-9.0,4.566962103755937,-1.98942907734875,77072.0
25,1825,Teste,316.0,155.0,9.0,46.0,38.1,-9.0,4.371755356599817,-1.5300224985661435,73517.0
25,1830,Teste,311.0,155.0,9.0,46.0,37.2,-9.0,3.9641248358604617,-0.3523887814313391,69962.0
25,1835,Teste,306.0,155.0,9.0,44.0,36.26,-9.0,3.1545884947847926,2.6843146956952078,66227.0
25,1840,Teste,301.0,155.0,9.0,44.0,35.36,-9.0,1.7815379734994197,22.33072916666668,62672.0
25,1845,Teste,296.0,155.0,0.0,35.0,35.0,0.0,0.0,0.0,61250.0
25,1850,Teste,291.0,155.0,0.0,35.0,35.0,0.0,0.0,0.0,61250.0
25,1855,Teste,286.0,155.0,0.0,35.0,35.0,0.0,0.0,0.0,61250.0
25,1860,Teste,281.0,155.0,0.0,35.0,35.0,0.0,0.0,0.0,61250.0
25,1865,Teste,276.0,155.0,0.0,35.0,35.0,0.0,0.0,0.0,61250.0
25,1870,Teste,271.0,155.0,0.0,35.0,35.0,0.0,0.0,0.0,61250.0
25,1875,Teste,266.0,155.0,0.0,35.0,35.0,0.0,0.0,0.0,61250.0
25,1880,Teste,261.0,155.0,0.0,35.0,35.0,0.0,0.0,0.0,61250.0
25,1885,Teste,256.0,155.0,0.0,35.0,35.0,0.0,0.0,0.0,61250.0
25,1890,Teste,251.0,155.0,0.0,35.0,35.0,0.0,0.0,0.0,61250.0
25,1895,Teste,246.0,155.0,0.0,35.0,35.0,0.0,0.0,0.0,61250.0
25,1900,Teste,241.0,155.0,0.0,35.0,35.0,0.0,0.0,0.0,61250.0
25,1905,Teste,236.0,155.0,0.0,35.0,35.0,0.0,0.0,0.0,61250.0
25,1910,Teste,231.0,155.0,0.0,35.0,35.0,0.0,0.0,0.0,61250.0
25,1915,Teste,226.0,164.0,9.0,35.0,34.46,-9.0,2.159081437338857,13.124339821940552,59603.0
25,1920,Teste,221.0,164.0,9.0,35.0,33.56,-9.0,3.3329523591811854,1.7259530141844017,56858.0
25,1925,Teste,216.0,164.0,9.0,35.0,32.66,-9.0,3.9877874792410695,-0.7586145884018269,54113.0
25,1930,Teste,211.0,164.0,9.0,35.0,31.76,-9.0,4.363858992465549,-1.7081763445626468,51368.0
25,1935,Teste,206.0,164.0,9.0,35.0,30.86,-9.0,4.531116905152996,-2.0565662795080004,48623.0
25,1940,Teste,201.0,164.0,9.0,35.0,29.96,-9.0,4.512838827801662,-2.020369922630561,45878.0
25,1945,Teste,196.0,164.0,9.0,35.0,29.06,-9.0,4.306663086285661,-1.579626047711153,43133.0
25,1950,Teste,191.0,164.0,9.0,35.0,28.16,-9.0,3.882771995282104,-0.44297079134005246,40388.0
25,1955,Teste,186.0,164.0,9.0,35.0,27.26,-9.0,3.1545884947847918,2.6843146956951953,37643.0
25,1960,Teste,181.0,164.0,9.0,35.0,26.36,-9.0,1.7815379734994197,22.33072916666668,34898.0
25,1965,Teste,176.0,164.0,0.0,26.0,26.0,0.0,0.0,0.0,33800.0
25,1970,Teste,171.0,164.0,0.0,26.0,26.0,0.0,0.0,0.0,33800.0
25,1975,Teste,166.0,164.0,0.0,26.0,26.0,0.0,0.0,0.0,33800.0
25,1980,Teste,161.0,164.0,0.0,26.0,26.0,0.0,0.0,0.0,33800.0
25,1985,Teste,156.0,164.0,0.0,26.0,26.0,0.0,0.0,0.0,33800.0
25,1990,Teste,151.0,164.0,0.0,26.0,26.0,0.0,0.0,0.0,33800.0
25,1995,Teste,146.0,164.0,0.0,26.0,26.0,0.0,0.0,0.0,33800.0
25,2000,Teste,141.0,164.0,0.0,26.0,26.0,0.0,0.0,0.0,33800.0
25,2005,Teste,136.0,164.0,0.0,26.0,26.0,0.0,0.0,0.0,33800.0
25,2010,Teste,131.0,164.0,0.0,26.0,26.0,0.0,0.0,0.0,33800.0
25,2015,Teste,126.0,164.0,0.0,26.0,26.0,0.0,0.0,0.0,33800.0
25,2020,Teste,121.0,164.0,0.0,26.0,26.0,0.0,0.0,0.0,33800.0
25,2025,Teste,116.0,164.0,0.0,26.0,26.0,0.0,0.0,0.0,33800.0
25,2030,Teste,111.0,164.0,0.0,26.0,26.0,0.0,0.0,0.0,33800.0
25,2035,Teste,106.0,164.0,0.0,26.0,26.0,0.0,0.0,0.0,33800.0
25,2040,Teste,101.0,164.0,0.0,26.0,26.0,0.0,0.0,0.0,33800.0
25,2045,Teste,96.0,170.0,6.0,26.0,25.4,-6.0,1.8182745801939795,5.791962174940888,32420.0
25,2050,Teste,91.0,170.0,6.0,26.0,24.8,-6.0,2.424366106925306,0.4072473404255339,31040.0
25,2055,Teste,86.0,170.0,6.0,26.0,24.2,-6.0,2.7774602993176543,-1.24113475177305,29660.0
25,2060,Teste,81.0,170.0,6.0,26.0,23.6,-6.0,2.969229955832362,-1.9004875886524817,28280.0
25,2065,Teste,76.0,170.0,6.0,26.0,23.0,-6.0,3.0304576336566322,-2.085106382978723,26900.0
25,2070,Teste,71.0,170.0,6.0,26.0,22.4,-6.0,2.9692299558323607,-1.900487588652481,25520.0
25,2075,Teste,66.0,170.0,6.0,26.0,21.8,-6.0,2.777460299317655,-1.2411347517730507,24140.0
25,2080,Teste,61.0,170.0,6.0,26.0,21.2,-6.0,2.424366106925306,0.40724734042553257,22760.0
25,2085,Teste,56.0,170.0,6.0,26.0,20.6,-6.0,1.8182745801939824,5.791962174940883,21380.0
25,2090,Teste,51.0,170.0,0.0,20.0,20.0,0.0,0.0,0.0,20000.0
25,2095,Teste,46.0,170.0,0.0,20.0,20.0,0.0,0.0,0.0,20000.0
25,2100,Teste,41.0,170.0,0.0,20.0,20.0,0.0,0.0,0.0,20000.0
25,2105,Teste,36.0,170.0,0.0,20.0,20.0,0.0,0.0,0.0,20000.0
25,2110,Teste,31.0,170.0,0.0,20.0,20.0,0.0,0.0,0.0,20000.0
25,2115,Teste,26.0,170.0,0.0,20.0,20.0,0.0,0.0,0.0,20000.0
25,2120,Teste,21.0,170.0,0.0,20.0,20.0,0.0,0.0,0.0,20000.0
25,2125,Teste,16.0,170.0,0.0,20.0,20.0,0.0,0.0,0.0,20000.0
25,2130,Teste,11.0,170.0,0.0,20.0,20.0,0.0,0.0,0.0,20000.0
25,2135,Teste,6.0,170.0,0.0,20.0,20.0,0.0,0.0,0.0,20000.0
25,2140,Teste,1.0,170.0,0.0,20.0,20.0,0.0,0.0,0.0,20000.0
26,50,Treino,1230.0,21.0,15.0,183.0,168.3,-15.0,2.121320343559642,49.99999999999983,1416465.0
26,55,Treino,1225.0,21.0,0.0,168.0,168.0,0.0,0.0,0.0,1411200.0
26,60,Treino,1220.0,21.0,0.0,168.0,168.0,0.0,0.0,0.0,1411200.0
26,65,Treino,1215.0,21.0,0.0,168.0,168.0,0.0,0.0,0.0,1411200.0
26,70,Treino,1210.0,21.0,0.0,168.0,168.0,0.0,0.0,0.0,1411200.0
26,75,Treino,1205.0,21.0,0.0,168.0,168.0,0.0,0.0,0.0,1411200.0
26,80,Treino,1200.0,21.0,0.0,168.0,168.0,0.0,0.0,0.0,1411200.0
26,85,Treino,1195.0,21.0,0.0,168.0,168.0,0.0,0.0,0.0,1411200.0
26,90,Treino,1190.0,21.0,0.0,168.0,168.0,0.0,0.0,0.0,1411200.0
26,95,Treino,1185.0,21.0,0.0,168.0,168.0,0.0,0.0,0.0,1411200.0
26,100,Treino,1180.0,21.0,0.0,168.0,168.0,0.0,0.0,0.0,1411200.0
26,105,Treino,1175.0,21.0,0.0,168.0,168.0,0.0,0.0,0.0,1411200.0
26,110,Treino,1170.0,21.0,0.0,168.0,168.0,0.0,0.0,0.0,1411200.0
26,115,Treino,1165.0,21.0,0.0,168.0,168.0,0.0,0.0,0.0,1411200.0
26,120,Treino,1160.0,21.0,0.0,168.0,168.0,0.0,0.0,0.0,1411200.0
26,125,Treino,1155.0,21.0,0.0,168.0,168.0,0.0,0.0,0.0,1411200.0
26,130,Treino,1150.0,21.0,0.0,168.0,168.0,0.0,0.0,0.0,1411200.0
26,135,Treino,1145.0,21.0,0.0,168.0,168.0,0.0,0.0,0.0,1411200.0
26,140,Treino,1140.0,21.0,0.0,168.0,168.0,0.0,0.0,0.0,1411200.0
26,145,Treino,1135.0,21.0,0.0,168.0,168.0,0.0,0.0,0.0,1411200.0
26,150,Treino,1130.0,21.0,0.0,168.0,168.0,0.0,0.0,0.0,1411200.0
26,155,Treino,1125.0,21.0,0.0,168.0,168.0,0.0,0.0,0.0,1411200.0
26,160,Treino,1120.0,29.0,8.0,168.0,167.68,-8.0,1.583589309777259,22.33072916666676,1405952.0
26,165,Treino,1115.0,29.0,8.0,168.0,166.88,-8.0,2.8040786620309253,2.6843146956951838,1392832.0
26,170,Treino,1110.0,29.0,8.0,168.0,166.08,-8.0,3.4513528846951993,-0.4429707913400325,1379712.0
26,175,Treino,1105.0,29.0,8.0,168.0,165.28,-8.0,3.828144965587252,-1.5796260477111537,1366592.0
26,180,Treino,1100.0,29.0,8.0,168.0,164.48,-8.0,4.011412291379257,-2.0203699226305645,1353472.0
26,185,Treino,1095.0,29.0,8.0,168.0,163.68,-8.0,4.027659471247107,-2.056566279508001,1340352.0
26,190,Treino,1090.0,29.0,8.0,168.0,162.88,-8.0,3.8789857710804916,-1.7081763445626443,1327232.0
26,195,Treino,1085.0,29.0,8.0,168.0,162.08,-8.0,3.5446999815476143,-0.7586145884018398,1314112.0
26,200,Treino,1080.0,29.0,8.0,168.0,161.28,-8.0,2.962624319272163,1.7259530141843928,1300992.0
26,205,Treino,1075.0,29.0,8.0,168.0,160.48,-8.0,1.919183499856765,13.12433982194063,1287872.0
26,210,Treino,1070.0,29.0,0.0,160.0,160.0,0.0,0.0,0.0,1280000.0
26,215,Treino,1065.0,29.0,0.0,160.0,160.0,0.0,0.0,0.0,1280000.0
26,220,Treino,1060.0,29.0,0.0,160.0,160.0,0.0,0.0,0.0,1280000.0
26,225,Treino,1055.0,29.0,0.0,160.0,160.0,0.0,0.0,0.0,1280000.0
26,230,Treino,1050.0,42.0,13.0,160.0,158.7,-13.0,3.939594923753622,5.791962174940863,1260045.0
26,235,Treino,1045.0,42.0,13.0,160.0,157.4,-13.0,5.252793231671496,0.40724734042553923,1240090.0
26,240,Treino,1040.0,42.0,13.0,160.0,156.1,-13.0,6.017830648521585,-1.2411347517730533,1220135.0
26,245,Treino,1035.0,42.0,13.0,160.0,154.8,-13.0,6.433331570970115,-1.900487588652479,1200180.0
26,250,Treino,1030.0,42.0,13.0,160.0,153.5,-13.0,6.56599153958937,-2.085106382978723,1180225.0
26,255,Treino,1025.0,42.0,13.0,160.0,152.2,-13.0,6.433331570970119,-1.9004875886524788,1160270.0
26,260,Treino,1020.0,42.0,13.0,160.0,150.9,-13.0,6.017830648521585,-1.2411347517730524,1140315.0
26,265,Treino,1015.0,42.0,13.0,160.0,149.6,-13.0,5.252793231671498,0.4072473404255397,1120360.0
26,270,Treino,1010.0,42.0,13.0,160.0,148.3,-13.0,3.9395949237536247,5.791962174940867,1100405.0
26,275,Treino,1005.0,42.0,0.0,147.0,147.0,0.0,0.0,0.0,1080450.0
26,280,Treino,1000.0,42.0,0.0,147.0,147.0,0.0,0.0,0.0,1080450.0
26,285,Treino,995.0,42.0,0.0,147.0,147.0,0.0,0.0,0.0,1080450.0
26,290,Treino,990.0,42.0,0.0,147.0,147.0,0.0,0.0,0.0,1080450.0
26,295,Treino,985.0,42.0,0.0,147.0,147.0,0.0,0.0,0.0,1080450.0
26,300,Treino,980.0,56.0,14.0,147.0,146.44,-14.0,2.7712812921102037,22.330729166666643,1072610.0
26,305,Treino,975.0,56.0,14.0,147.0,145.04,-14.0,4.907137658554119,2.6843146956951838,1053010.0
26,310,Treino,970.0,56.0,14.0,147.0,143.64,-14.0,6.039867548216598,-0.44297079134006356,1033410.0
26,315,Treino,965.0,56.0,14.0,147.0,142.24,-14.0,6.6992536897776915,-1.5796260477111495,1013810.0
26,320,Treino,960.0,56.0,14.0,147.0,140.84,-14.0,7.019971509913697,-2.0203699226305605,994210.0
26,325,Treino,955.0,56.0,14.0,147.0,139.44,-14.0,7.048404074682438,-2.056566279508,974610.0
26,330,Treino,950.0,56.0,14.0,147.0,138.04,-14.0,6.78822509939086,-1.7081763445626448,955010.0
26,335,Treino,945.0,56.0,14.0,147.0,136.64,-14.0,6.203224967708327,-0.7586145884018114,935410.0
26,340,Treino,940.0,56.0,14.0,147.0,135.24,-14.0,5.184592558726296,1.7259530141843804,915810.0
26,345,Treino,935.0,56.0,14.0,147.0,133.84,-14.0,3.3585711247493326,13.12433982194053,896210.0
26,350,Treino,930.0,56.0,0.0,133.0,133.0,0.0,0.0,0.0,884450.0
26,355,Treino,925.0,56.0,0.0,133.0,133.0,0.0,0.0,0.0,884450.0
26,360,Treino,920.0,56.0,0.0,133.0,133.0,0.0,0.0,0.0,884450.0
26,365,Treino,915.0,56.0,0.0,133.0,133.0,0.0,0.0,0.0,884450.0
26,370,Treino,910.0,63.0,7.0,133.0,132.72,-7.0,1.3856406460551018,22.330729166666643,880824.0
26,375,Treino,905.0,63.0,7.0,133.0,132.02,-7.0,2.4535688292770597,2.684314695695238,871759.0
26,380,Treino,900.0,63.0,7.0,133.0,131.32,-7.0,3.019933774108299,-0.44297079134006356,862694.0
26,385,Treino,895.0,63.0,7.0,133.0,130.62,-7.0,3.3496268448888458,-1.5796260477111495,853629.0
26,390,Treino,890.0,63.0,7.0,133.0,129.92,-7.0,3.509985754956848,-2.0203699226305645,844564.0
26,395,Treino,885.0,63.0,7.0,133.0,129.22,-7.0,3.524202037341219,-2.056566279508,835499.0
26,400,Treino,880.0,63.0,7.0,133.0,128.52,-7.0,3.3941125496954263,-1.7081763445626548,826434.0
26,405,Treino,875.0,63.0,7.0,133.0,127.82,-7.0,3.1016124838541637,-0.7586145884018114,817369.0
26,410,Treino,870.0,63.0,7.0,133.0,127.12,-7.0,2.592296279363148,1.7259530141843804,808304.0
26,415,Treino,865.0,63.0,7.0,133.0,126.42,-7.0,1.6792855623746663,13.12433982194053,799239.0
26,420,Treino,860.0,63.0,0.0,126.0,126.0,0.0,0.0,0.0,793800.0
26,425,Treino,855.0,63.0,0.0,126.0,126.0,0.0,0.0,0.0,793800.0
26,430,Treino,850.0,63.0,0.0,126.0,126.0,0.0,0.0,0.0,793800.0
26,435,Treino,845.0,63.0,0.0,126.0,126.0,0.0,0.0,0.0,793800.0
26,440,Treino,840.0,63.0,0.0,126.0,126.0,0.0,0.0,0.0,793800.0
26,445,Treino,835.0,71.0,8.0,126.0,125.52,-8.0,1.9191834998567616,13.12433982194051,787944.0
26,450,Treino,830.0,71.0,8.0,126.0,124.72,-8.0,2.9626243192721646,1.7259530141843946,778184.0
26,455,Treino,825.0,71.0,8.0,126.0,123.92,-8.0,3.544699981547616,-0.7586145884018207,768424.0
26,460,Treino,820.0,71.0,8.0,126.0,123.12,-8.0,3.8789857710804903,-1.7081763445626448,758664.0
26,465,Treino,815.0,71.0,8.0,126.0,122.32,-8.0,4.027659471247107,-2.056566279508001,748904.0
26,470,Treino,810.0,71.0,8.0,126.0,121.52,-8.0,4.0114122913792585,-2.02036992263056,739144.0
26,475,Treino,805.0,71.0,8.0,126.0,120.72,-8.0,3.828144965587254,-1.5796260477111534,729384.0
26,480,Treino,800.0,71.0,8.0,126.0,119.92,-8.0,3.451352884695201,-0.4429707913400551,719624.0
26,485,Treino,795.0,71.0,8.0,126.0,119.12,-8.0,2.804078662030929,2.6843146956951793,709864.0
26,490,Treino,790.0,71.0,8.0,126.0,118.32,-8.0,1.583589309777257,22.33072916666676,700104.0
26,495,Treino,785.0,71.0,0.0,118.0,118.0,0.0,0.0,0.0,696200.0
26,500,Treino,780.0,71.0,0.0,118.0,118.0,0.0,0.0,0.0,696200.0
26,505,Treino,775.0,71.0,0.0,118.0,118.0,0.0,0.0,0.0,696200.0
26,510,Treino,770.0,71.0,0.0,118.0,118.0,0.0,0.0,0.0,696200.0
26,515,Treino,765.0,71.0,0.0,118.0,118.0,0.0,0.0,0.0,696200.0
26,520,Treino,760.0,71.0,0.0,118.0,118.0,0.0,0.0,0.0,696200.0
26,525,Treino,755.0,71.0,0.0,118.0,118.0,0.0,0.0,0.0,696200.0
26,530,Treino,750.0,71.0,0.0,118.0,118.0,0.0,0.0,0.0,696200.0
26,535,Treino,745.0,71.0,0.0,118.0,118.0,0.0,0.0,0.0,696200.0
26,540,Treino,740.0,71.0,0.0,118.0,118.0,0.0,0.0,0.0,696200.0
26,545,Treino,735.0,71.0,0.0,118.0,118.0,0.0,0.0,0.0,696200.0
26,550,Treino,730.0,71.0,0.0,118.0,118.0,0.0,0.0,0.0,696200.0
26,555,Treino,725.0,78.0,7.0,118.0,117.44,-7.0,1.9183326093250879,8.534487742830697,689788.0
26,560,Treino,720.0,78.0,7.0,118.0,116.74,-7.0,2.7166155414412256,0.9888715908435515,681773.0
26,565,Treino,715.0,78.0,7.0,118.0,116.04,-7.0,3.174901573277509,-1.0213504728132308,673758.0
26,570,Treino,710.0,78.0,7.0,118.0,115.34,-7.0,3.432200460346101,-1.8142903587038945,665743.0
26,575,Treino,705.0,78.0,7.0,118.0,114.64,-7.0,3.532704346531138,-2.078005660120022,657728.0
26,580,Treino,700.0,78.0,7.0,118.0,113.94,-7.0,3.48998567332303,-1.9686965028124233,649713.0
26,585,Treino,695.0,78.0,7.0,118.0,113.24,-7.0,3.2984845004941277,-1.425365691489356,641698.0
26,590,Treino,690.0,78.0,7.0,118.0,112.54,-7.0,2.9291637031753597,-0.06075484798890285,633683.0
26,595,Treino,685.0,78.0,7.0,118.0,111.84,-7.0,2.297825058615211,3.9737467762733605,625668.0
26,600,Treino,680.0,78.0,7.0,118.0,111.14,-7.0,0.9899494936611649,50.00000000000003,617653.0
26,605,Treino,675.0,78.0,0.0,111.0,111.0,0.0,0.0,0.0,616050.0
26,610,Treino,670.0,78.0,0.0,111.0,111.0,0.0,0.0,0.0,616050.0
26,615,Treino,665.0,78.0,0.0,111.0,111.0,0.0,0.0,0.0,616050.0
26,620,Treino,660.0,78.0,0.0,111.0,111.0,0.0,0.0,0.0,616050.0
26,625,Treino,655.0,88.0,10.0,111.0,110.02,-10.0,2.9725959245434357,5.864227444090734,605653.0
26,630,Treino,650.0,88.0,10.0,111.0,109.08,-10.0,3.8852940949279033,0.46847807191174606,595662.0
26,635,Treino,645.0,88.0,10.0,111.0,108.1,-10.0,4.482391854210638,-1.2036541540567416,585265.0
26,640,Treino,640.0,87.0,9.0,111.0,107.16,-9.0,4.761066592901303,-1.8696689219765077,575274.0
26,645,Treino,635.0,87.0,9.0,111.0,106.22,-9.0,4.841529527253272,-2.0620283193662208,565283.0
26,650,Treino,630.0,87.0,9.0,111.0,105.3,-9.0,4.717531350273819,-1.8878514137505327,555495.0
26,655,Treino,625.0,87.0,9.0,111.0,104.4,-9.0,4.3845740723493725,-1.2498016477586498,545910.0
26,660,Treino,620.0,87.0,9.0,111.0,103.5,-9.0,3.8132422328683253,0.3369285475727395,536325.0
26,665,Treino,615.0,87.0,9.0,111.0,102.56,-9.0,2.8796258260335126,5.353271910962647,526334.0
26,670,Treino,610.0,87.0,-1.0,102.0,101.62,1.0,0.490314351478015,-1.8142903587038774,516343.0
26,675,Treino,605.0,88.0,1.0,102.0,101.68,-1.0,0.4712120714991614,-1.4253656914893118,516952.0
26,680,Treino,600.0,88.0,0.0,102.0,101.66,0.0,0.4785181206984065,-1.579626047711176,516749.0
26,685,Treino,595.0,88.0,1.0,102.0,101.72,-1.0,0.45355736761107246,-1.0213504728132503,517358.0
26,690,Treino,590.0,87.0,0.0,102.0,101.72,0.0,0.45355736761107246,-1.0213504728132503,517358.0
26,695,Treino,585.0,87.0,0.0,102.0,101.72,0.0,0.45355736761107246,-1.0213504728132503,517358.0
26,700,Treino,580.0,88.0,1.0,102.0,101.72,-1.0,0.45355736761107246,-1.0213504728132503,517358.0
26,705,Treino,575.0,88.0,1.0,102.0,101.66,-1.0,0.4785181206984065,-1.579626047711176,516749.0
26,710,Treino,570.0,87.0,0.0,102.0,101.64,0.0,0.4848732213850614,-1.7081763445626443,516546.0
26,715,Treino,565.0,88.0,0.0,102.0,101.62,0.0,0.49031435147801494,-1.8142903587038774,516343.0
26,720,Treino,560.0,99.0,12.0,102.0,100.68,-12.0,3.2162850924503514,8.043970550333821,507330.0
26,725,Treino,555.0,99.0,11.0,102.0,99.5,-11.0,4.518668758267061,0.9198332027963501,496013.0
26,730,Treino,550.0,99.0,12.0,102.0,98.36,-12.0,5.282856370238682,-1.0330263758059912,485102.0
26,735,Treino,545.0,99.0,11.0,102.0,97.18,-11.0,5.691705386268832,-1.8085175131595395,473785.0
26,740,Treino,540.0,99.0,11.0,102.0,96.02,-11.0,5.853622635529527,-2.0637088838093263,462671.0
26,745,Treino,535.0,99.0,12.0,102.0,94.86,-12.0,5.778249152235141,-1.9479992990588826,451557.0
26,750,Treino,530.0,99.0,11.0,102.0,93.68,-11.0,5.4264657570323696,-1.396080445796139,440240.0
26,755,Treino,525.0,99.0,11.0,102.0,92.54,-11.0,4.836974935909038,-0.020061750111535215,429329.0
26,760,Treino,520.0,99.0,11.0,102.0,91.36,-11.0,3.723943488029971,4.043277598013456,418012.0
26,765,Treino,515.0,106.0,18.0,101.0,89.94,-18.0,2.1132236714825745,19.481550932492386,404679.0
26,770,Treino,510.0,106.0,7.0,90.0,89.02,-7.0,2.4535688292770597,2.6843146956951838,396523.0
26,775,Treino,505.0,106.0,7.0,90.0,88.32,-7.0,3.019933774108299,-0.44297079134006356,390468.0
26,780,Treino,500.0,106.0,7.0,90.0,87.62,-7.0,3.3496268448888458,-1.5796260477111495,384413.0
26,785,Treino,495.0,106.0,7.0,90.0,86.92,-7.0,3.5099857549568485,-2.0203699226305605,378358.0
26,790,Treino,490.0,106.0,7.0,90.0,86.22,-7.0,3.524202037341219,-2.056566279508,372303.0
26,795,Treino,485.0,106.0,7.0,90.0,85.52,-7.0,3.39411254969543,-1.7081763445626448,366248.0
26,800,Treino,480.0,106.0,7.0,90.0,84.82,-7.0,3.1016124838541637,-0.7586145884018114,360193.0
26,805,Treino,475.0,105.0,6.0,90.0,84.16,-6.0,2.5821996634731432,1.6729804238040868,354472.0
26,810,Treino,470.0,106.0,7.0,90.0,83.46,-7.0,1.6807432758109382,12.678191597798545,348417.0
26,815,Treino,465.0,106.0,0.0,84.0,83.06,0.0,0.23989793748209526,13.124339821940389,344951.0
26,820,Treino,460.0,106.0,0.0,84.0,83.1,0.0,0.30304576336566325,5.7919621749411245,345285.0
26,825,Treino,455.0,106.0,0.0,84.0,83.1,0.0,0.30304576336566325,5.791962174941121,345285.0
26,830,Treino,450.0,106.0,0.0,84.0,83.1,0.0,0.30304576336566325,5.791962174941121,345285.0
26,835,Treino,445.0,106.0,0.0,84.0,83.1,0.0,0.3030457633656633,5.791962174941119,345285.0
26,840,Treino,440.0,106.0,0.0,84.0,83.1,0.0,0.30304576336566325,5.791962174941119,345285.0
26,845,Treino,435.0,106.0,0.0,84.0,83.1,0.0,0.3030457633656633,5.791962174941121,345285.0
26,850,Treino,430.0,105.0,0.0,84.0,83.16,0.0,0.3703280399090207,1.7259530141844737,345786.0
26,855,Treino,425.0,120.0,14.0,84.0,81.72,-14.0,4.2954175867892,5.694817891303305,334812.0
26,860,Treino,420.0,120.0,15.0,84.0,80.32,-15.0,5.7265582497478436,0.39062268707157566,324172.0
26,865,Treino,415.0,120.0,14.0,84.0,78.9,-14.0,6.55354709999377,-1.2426032488368577,313365.0
26,870,Treino,410.0,120.0,14.0,84.0,77.46,-14.0,6.981637723781038,-1.897912314529589,302391.0
26,875,Treino,405.0,120.0,14.0,84.0,76.06,-14.0,7.135453305680795,-2.07990364357931,291751.0
26,880,Treino,400.0,120.0,14.0,84.0,74.66,-14.0,7.0061489028552355,-1.8920726418104574,281111.0
26,885,Treino,395.0,120.0,14.0,84.0,73.26,-14.0,6.57704728737814,-1.2272912836744558,270471.0
26,890,Treino,390.0,120.0,14.0,84.0,71.86,-14.0,5.781779967435347,0.4328712857383481,259831.0
26,895,Treino,385.0,120.0,15.0,84.0,70.46,-15.0,4.4272348213377235,5.843431350204133,249191.0
26,900,Treino,380.0,120.0,0.0,69.0,69.0,0.0,0.0,0.0,238050.0
26,905,Treino,375.0,120.0,0.0,69.0,69.0,0.0,0.0,0.0,238050.0
26,910,Treino,370.0,120.0,0.0,69.0,69.0,0.0,0.0,0.0,238050.0
26,915,Treino,365.0,120.0,0.0,69.0,69.0,0.0,0.0,0.0,238050.0
26,920,Treino,360.0,120.0,0.0,69.0,69.0,0.0,0.0,0.0,238050.0
26,925,Treino,355.0,120.0,0.0,69.0,69.0,0.0,0.0,0.0,238050.0
26,930,Treino,350.0,132.0,12.0,69.0,67.8,-12.0,3.636549160387959,5.791962174940888,230490.0
26,935,Treino,345.0,132.0,12.0,69.0,66.6,-12.0,4.848732213850611,0.40724734042552413,222930.0
26,940,Treino,340.0,132.0,12.0,69.0,65.4,-12.0,5.554920598635309,-1.2411347517730456,215370.0
26,945,Treino,335.0,132.0,12.0,69.0,64.2,-12.0,5.938459911664724,-1.9004875886524817,207810.0
26,950,Treino,330.0,132.0,12.0,69.0,63.0,-12.0,6.0609152673132645,-2.085106382978723,200250.0
26,955,Treino,325.0,132.0,12.0,69.0,61.8,-12.0,5.938459911664721,-1.900487588652481,192690.0
26,960,Treino,320.0,132.0,12.0,69.0,60.6,-12.0,5.55492059863531,-1.2411347517730507,185130.0
26,965,Treino,315.0,132.0,12.0,69.0,59.4,-12.0,4.848732213850612,0.40724734042553257,177570.0
26,970,Treino,310.0,132.0,12.0,69.0,58.2,-12.0,3.6365491603879647,5.791962174940883,170010.0
26,975,Treino,305.0,132.0,0.0,57.0,57.0,0.0,0.0,0.0,162450.0
26,980,Treino,300.0,132.0,0.0,57.0,57.0,0.0,0.0,0.0,162450.0
26,985,Treino,295.0,132.0,0.0,57.0,57.0,0.0,0.0,0.0,162450.0
26,990,Treino,290.0,132.0,0.0,57.0,57.0,0.0,0.0,0.0,162450.0
26,995,Treino,285.0,147.0,15.0,57.0,55.5,-15.0,4.545686450484948,5.791962174940899,155025.0
26,1000,Treino,280.0,147.0,15.0,57.0,54.0,-15.0,6.0609152673132645,0.4072473404255321,147600.0
26,1005,Treino,275.0,147.0,15.0,57.0,52.5,-15.0,6.943650748294136,-1.2411347517730495,140175.0
26,1010,Treino,270.0,147.0,15.0,57.0,51.0,-15.0,7.423074889580903,-1.9004875886524821,132750.0
26,1015,Treino,265.0,147.0,15.0,57.0,49.5,-15.0,7.576144084141581,-2.085106382978723,125325.0
26,1020,Treino,260.0,147.0,15.0,57.0,48.0,-15.0,7.423074889580903,-1.9004875886524821,117900.0
26,1025,Treino,255.0,147.0,15.0,57.0,46.5,-15.0,6.943650748294136,-1.2411347517730495,110475.0
26,1030,Treino,250.0,147.0,15.0,57.0,45.0,-15.0,6.0609152673132645,0.4072473404255321,103050.0
26,1035,Treino,245.0,147.0,15.0,57.0,43.5,-15.0,4.545686450484948,5.791962174940899,95625.0
26,1040,Treino,240.0,147.0,0.0,42.0,42.0,0.0,0.0,0.0,88200.0
26,1045,Treino,235.0,147.0,0.0,42.0,42.0,0.0,0.0,0.0,88200.0
26,1050,Treino,230.0,147.0,0.0,42.0,42.0,0.0,0.0,0.0,88200.0
26,1055,Treino,225.0,147.0,0.0,42.0,42.0,0.0,0.0,0.0,88200.0
26,1060,Treino,220.0,147.0,0.0,42.0,42.0,0.0,0.0,0.0,88200.0
26,1065,Treino,215.0,147.0,0.0,42.0,42.0,0.0,0.0,0.0,88200.0
26,1070,Treino,210.0,147.0,0.0,42.0,42.0,0.0,0.0,0.0,88200.0
26,1075,Treino,205.0,150.0,3.0,42.0,41.94,-3.0,0.4242640687119285,49.999999999999844,87957.0
26,1080,Treino,200.0,150.0,3.0,42.0,41.64,-3.0,0.9847821679779477,3.97374677627338,86742.0
26,1085,Treino,195.0,150.0,3.0,42.0,41.34,-3.0,1.2553558727894407,-0.06075484798887398,85527.0
26,1090,Treino,190.0,150.0,3.0,42.0,41.04,-3.0,1.4136362144974832,-1.4253656914893633,84312.0
26,1095,Treino,185.0,150.0,3.0,42.0,40.74,-3.0,1.4957081457098698,-1.9686965028124213,83097.0
26,1100,Treino,180.0,150.0,3.0,42.0,40.44,-3.0,1.5140161485133459,-2.0780056601200214,81882.0
26,1105,Treino,175.0,150.0,3.0,42.0,40.14,-3.0,1.4709430544340432,-1.814290358703898,80667.0
26,1110,Treino,170.0,150.0,3.0,42.0,39.84,-3.0,1.3606721028332174,-1.0213504728132499,79452.0
26,1115,Treino,165.0,150.0,3.0,42.0,39.54,-3.0,1.164263803474812,0.9888715908435728,78237.0
26,1120,Treino,160.0,150.0,3.0,42.0,39.24,-3.0,0.8221425468536089,8.53448774283068,77022.0
26,1125,Treino,155.0,150.0,0.0,39.0,39.0,0.0,0.0,0.0,76050.0
26,1130,Treino,150.0,150.0,0.0,39.0,39.0,0.0,0.0,0.0,76050.0
26,1135,Treino,145.0,150.0,0.0,39.0,39.0,0.0,0.0,0.0,76050.0
26,1140,Treino,140.0,150.0,0.0,39.0,39.0,0.0,0.0,0.0,76050.0
26,1145,Treino,135.0,156.0,6.0,39.0,38.76,-6.0,1.1876919823329444,22.33072916666663,75186.0
26,1150,Treino,130.0,156.0,6.0,39.0,38.16,-6.0,2.1030589965231936,2.6843146956951847,73026.0
26,1155,Treino,125.0,156.0,6.0,39.0,37.56,-6.0,2.5885146635214,-0.4429707913400476,70866.0
26,1160,Treino,120.0,156.0,6.0,39.0,36.96,-6.0,2.8711087241904383,-1.579626047711153,68706.0
26,1165,Treino,115.0,156.0,6.0,39.0,36.36,-6.0,3.008559218534443,-2.020369922630561,66546.0
26,1170,Treino,110.0,156.0,6.0,39.0,35.76,-6.0,3.02074460343533,-2.056566279508,64386.0
26,1175,Treino,105.0,156.0,6.0,39.0,35.14,-6.0,2.9277699251638425,-1.7036612651416285,62161.0
26,1180,Treino,100.0,156.0,6.0,39.0,34.54,-6.0,2.674215505793909,-0.76264124366288,60001.0
26,1185,Treino,95.0,156.0,6.0,39.0,33.92,-6.0,2.2482646369035457,1.6677579249970425,57776.0
26,1190,Treino,90.0,156.0,6.0,39.0,33.32,-6.0,1.4630133845133848,12.562803535488953,55616.0
26,1195,Treino,85.0,156.0,0.0,33.0,32.96,0.0,0.19794866372215733,22.330729166666764,54320.0
26,1200,Treino,80.0,168.0,12.0,33.0,31.76,-12.0,3.6284589408885815,5.740102733374586,51080.0
26,1205,Treino,75.0,168.0,12.0,33.0,30.56,-12.0,4.8325427455693655,0.39743406171519213,47840.0
26,1210,Treino,70.0,168.0,12.0,33.0,29.36,-12.0,5.5319480275570045,-1.2430134870208716,44600.0
26,1215,Treino,65.0,167.0,11.0,33.0,28.18,-11.0,5.885610262603642,-1.8953531457847625,41403.0
26,1220,Treino,60.0,168.0,12.0,33.0,26.98,-12.0,6.005065888608606,-2.0790822524074724,38163.0
26,1225,Treino,55.0,168.0,12.0,33.0,25.8,-12.0,5.900536122303823,-1.8960972375185265,34988.0
26,1230,Treino,50.0,168.0,12.0,33.0,24.6,-12.0,5.514359733033939,-1.2355229733757451,31748.0
26,1235,Treino,45.0,168.0,12.0,33.0,23.42,-12.0,4.840686407727651,0.4022107270331903,28573.0
26,1240,Treino,40.0,168.0,12.0,33.0,22.22,-12.0,3.6325624845391986,5.765451714199646,25333.0
26,1245,Treino,35.0,168.0,0.0,22.0,21.02,0.0,0.14142135623730945,50.00000000000013,22093.0
26,1250,Treino,30.0,168.0,0.0,22.0,21.04,0.0,0.1979486637221574,22.33072916666676,22136.0
26,1255,Treino,25.0,168.0,0.0,22.0,21.04,0.0,0.19794866372215736,22.33072916666676,22136.0
26,1260,Treino,20.0,168.0,0.0,22.0,21.04,0.0,0.19794866372215733,22.330729166666764,22136.0
26,1265,Treino,15.0,168.0,0.0,22.0,21.02,0.0,0.14142135623730948,50.000000000000114,22093.0
26,1270,Treino,10.0,168.0,0.0,22.0,21.02,0.0,0.14142135623730945,50.000000000000114,22093.0
26,1275,Treino,5.0,168.0,0.0,22.0,21.02,0.0,0.14142135623730945,50.00000000000013,22093.0
26,1280,Treino,0.0,168.0,0.0,22.0,21.04,0.0,0.1979486637221574,22.330729166666764,22136.0
27,50,Validação,864.0,18.0,18.0,189.0,171.36,-18.0,2.5455844122715656,49.99999999999986,1468530.0
27,55,Validação,859.0,18.0,0.0,171.0,171.0,0.0,0.0,0.0,1462050.0
27,60,Validação,854.0,18.0,0.0,171.0,171.0,0.0,0.0,0.0,1462050.0
27,65,Validação,849.0,18.0,0.0,171.0,171.0,0.0,0.0,0.0,1462050.0
27,70,Validação,844.0,18.0,0.0,171.0,171.0,0.0,0.0,0.0,1462050.0
27,75,Validação,839.0,18.0,0.0,171.0,171.0,0.0,0.0,0.0,1462050.0
27,80,Validação,834.0,18.0,0.0,171.0,171.0,0.0,0.0,0.0,1462050.0
27,85,Validação,829.0,18.0,0.0,171.0,171.0,0.0,0.0,0.0,1462050.0
27,90,Validação,824.0,18.0,0.0,171.0,171.0,0.0,0.0,0.0,1462050.0
27,95,Validação,819.0,18.0,0.0,171.0,171.0,0.0,0.0,0.0,1462050.0
27,100,Validação,814.0,18.0,0.0,171.0,171.0,0.0,0.0,0.0,1462050.0
27,105,Validação,809.0,18.0,0.0,171.0,171.0,0.0,0.0,0.0,1462050.0
27,110,Validação,804.0,18.0,0.0,171.0,171.0,0.0,0.0,0.0,1462050.0
27,115,Validação,799.0,18.0,0.0,171.0,171.0,0.0,0.0,0.0,1462050.0
27,120,Validação,794.0,18.0,0.0,171.0,171.0,0.0,0.0,0.0,1462050.0
27,125,Validação,789.0,18.0,0.0,171.0,171.0,0.0,0.0,0.0,1462050.0
27,130,Validação,784.0,18.0,0.0,171.0,171.0,0.0,0.0,0.0,1462050.0
27,135,Validação,779.0,29.0,11.0,171.0,169.9,-11.0,3.3335033970222954,5.791962174940922,1443845.0
27,140,Validação,774.0,29.0,11.0,171.0,168.8,-11.0,4.444671196029726,0.4072473404255499,1425640.0
27,145,Validação,769.0,29.0,11.0,171.0,167.7,-11.0,5.092010548749033,-1.2411347517730569,1407435.0
27,150,Validação,764.0,29.0,11.0,171.0,166.6,-11.0,5.443588252359329,-1.9004875886524841,1389230.0
27,155,Validação,759.0,29.0,11.0,171.0,165.5,-11.0,5.555838995037159,-2.085106382978723,1371025.0
27,160,Validação,754.0,29.0,11.0,171.0,164.4,-11.0,5.443588252359332,-1.900487588652484,1352820.0
27,165,Validação,749.0,29.0,11.0,171.0,163.3,-11.0,5.092010548749036,-1.2411347517730584,1334615.0
27,170,Validação,744.0,29.0,11.0,171.0,162.2,-11.0,4.444671196029724,0.4072473404255508,1316410.0
27,175,Validação,739.0,29.0,11.0,171.0,161.1,-11.0,3.333503397022299,5.79196217494091,1298205.0
27,180,Validação,734.0,29.0,0.0,160.0,160.0,0.0,0.0,0.0,1280000.0
27,185,Validação,729.0,29.0,0.0,160.0,160.0,0.0,0.0,0.0,1280000.0
27,190,Validação,724.0,29.0,0.0,160.0,160.0,0.0,0.0,0.0,1280000.0
27,195,Validação,719.0,29.0,0.0,160.0,160.0,0.0,0.0,0.0,1280000.0
27,200,Validação,714.0,42.0,13.0,160.0,159.22,-13.0,3.118673187267238,13.124339821940545,1268027.0
27,205,Validação,709.0,42.0,13.0,160.0,157.92,-13.0,4.814264518817268,1.725953014184375,1248072.0
27,210,Validação,704.0,42.0,13.0,160.0,156.62,-13.0,5.760137470014876,-0.7586145884018181,1228117.0
27,215,Validação,699.0,42.0,13.0,160.0,155.32,-13.0,6.303351878005795,-1.7081763445626503,1208162.0
27,220,Validação,694.0,42.0,13.0,160.0,154.02,-13.0,6.544946640776549,-2.056566279507999,1188207.0
27,225,Validação,689.0,42.0,13.0,160.0,152.72,-13.0,6.5185449734912915,-2.020369922630561,1168252.0
27,230,Validação,684.0,42.0,13.0,160.0,151.42,-13.0,6.220735569079287,-1.5796260477111488,1148297.0
27,235,Validação,679.0,42.0,13.0,160.0,150.12,-13.0,5.6084484376297015,-0.442970791340056,1128342.0
27,240,Validação,674.0,42.0,13.0,160.0,148.82,-13.0,4.556627825800257,2.6843146956952166,1108387.0
27,245,Validação,669.0,42.0,13.0,160.0,147.52,-13.0,2.5733326283880436,22.330729166666575,1088432.0
27,250,Validação,664.0,42.0,0.0,147.0,147.0,0.0,0.0,0.0,1080450.0
27,255,Validação,659.0,56.0,14.0,147.0,145.88,-14.0,3.8366652186501757,8.534487742830697,1064770.0
27,260,Validação,654.0,56.0,14.0,147.0,144.48,-14.0,5.433231082882451,0.9888715908435515,1045170.0
27,265,Validação,649.0,56.0,14.0,147.0,143.08,-14.0,6.349803146555018,-1.0213504728132308,1025570.0
27,270,Validação,644.0,56.0,14.0,147.0,141.68,-14.0,6.864400920692202,-1.8142903587038945,1005970.0
27,275,Validação,639.0,56.0,14.0,147.0,140.28,-14.0,7.065408693062276,-2.078005660120022,986370.0
27,280,Validação,634.0,56.0,14.0,147.0,138.88,-14.0,6.97997134664606,-1.9686965028124233,966770.0
27,285,Validação,629.0,56.0,14.0,147.0,137.48,-14.0,6.596969000988255,-1.425365691489356,947170.0
27,290,Validação,624.0,56.0,14.0,147.0,136.08,-14.0,5.858327406350719,-0.06075484798890285,927570.0
27,295,Validação,619.0,56.0,14.0,147.0,134.68,-14.0,4.595650117230422,3.9737467762733605,907970.0
27,300,Validação,614.0,56.0,14.0,147.0,133.28,-14.0,1.9798989873223298,50.00000000000003,888370.0
27,305,Validação,609.0,72.0,16.0,133.0,132.36,-16.0,3.167178619554518,22.33072916666676,876450.0
27,310,Validação,604.0,72.0,16.0,133.0,130.76,-16.0,5.6081573240618505,2.6843146956951838,856450.0
27,315,Validação,599.0,72.0,16.0,133.0,129.16,-16.0,6.9027057693903995,-0.4429707913400551,836450.0
27,320,Validação,594.0,72.0,16.0,133.0,127.56,-16.0,7.656289931174504,-1.5796260477111537,816450.0
27,325,Validação,589.0,72.0,16.0,133.0,125.96,-16.0,8.02282458275851,-2.020369922630562,796450.0
27,330,Validação,584.0,72.0,16.0,133.0,124.36,-16.0,8.05531894249422,-2.0565662795080004,776450.0
27,335,Validação,579.0,72.0,16.0,133.0,122.76,-16.0,7.757971542160974,-1.7081763445626486,756450.0
27,340,Validação,574.0,72.0,16.0,133.0,121.16,-16.0,7.089399963095237,-0.7586145884018212,736450.0
27,345,Validação,569.0,72.0,16.0,133.0,119.56,-16.0,5.925248638544326,1.7259530141843928,716450.0
27,350,Validação,564.0,72.0,16.0,133.0,117.96,-16.0,3.8383669997135264,13.12433982194057,696450.0
27,355,Validação,559.0,72.0,0.0,117.0,117.0,0.0,0.0,0.0,684450.0
27,360,Validação,554.0,72.0,0.0,117.0,117.0,0.0,0.0,0.0,684450.0
27,365,Validação,549.0,72.0,0.0,117.0,117.0,0.0,0.0,0.0,684450.0
27,370,Validação,544.0,72.0,0.0,117.0,117.0,0.0,0.0,0.0,684450.0
27,375,Validação,539.0,72.0,0.0,117.0,117.0,0.0,0.0,0.0,684450.0
27,380,Validação,534.0,88.0,16.0,117.0,116.04,-16.0,3.8383669997135237,13.124339821940573,673986.0
27,385,Validação,529.0,88.0,16.0,117.0,114.44,-16.0,5.925248638544329,1.7259530141843946,656546.0
27,390,Validação,524.0,88.0,16.0,117.0,112.84,-16.0,7.089399963095232,-0.7586145884018207,639106.0
27,395,Validação,519.0,88.0,16.0,117.0,111.24,-16.0,7.757971542160978,-1.708176344562649,621666.0
27,400,Validação,514.0,88.0,16.0,117.0,109.64,-16.0,8.055318942494218,-2.0565662795080004,604226.0
27,405,Validação,509.0,88.0,16.0,117.0,108.04,-16.0,8.022824582758508,-2.020369922630562,586786.0
27,410,Validação,504.0,88.0,16.0,117.0,106.44,-16.0,7.656289931174508,-1.5796260477111534,569346.0
27,415,Validação,499.0,88.0,16.0,117.0,104.84,-16.0,6.902705769390402,-0.4429707913400551,551906.0
27,420,Validação,494.0,87.0,15.0,117.0,103.26,-15.0,5.601785429664369,2.677363368500937,534669.0
27,425,Validação,489.0,88.0,16.0,117.0,101.66,-16.0,3.1662119258166688,22.22928778613477,517229.0
27,430,Validação,484.0,88.0,0.0,102.0,101.02,0.0,0.1414213562373095,50.00000000000087,510253.0
27,435,Validação,479.0,88.0,0.0,102.0,101.02,0.0,0.1414213562373095,50.00000000000087,510253.0
27,440,Validação,474.0,88.0,0.0,102.0,101.04,0.0,0.1979486637221574,22.330729166666007,510456.0
27,445,Validação,469.0,96.0,8.0,102.0,100.56,-8.0,1.9394928855402447,12.799678739362875,505800.0
27,450,Validação,464.0,96.0,8.0,102.0,99.76,-8.0,2.986773564656453,1.6917213355849716,498040.0
27,455,Validação,459.0,96.0,8.0,102.0,98.96,-8.0,3.574056176254146,-0.7640460460580911,490280.0
27,460,Validação,454.0,96.0,8.0,102.0,98.16,-8.0,3.9141814376099906,-1.704245361394167,482520.0
27,465,Validação,449.0,96.0,8.0,102.0,97.36,-8.0,4.069598586231966,-2.046761322898149,474760.0
27,470,Validação,444.0,97.0,9.0,102.0,96.52,-9.0,4.056941644909882,-2.0071588711680075,466612.0
27,475,Validação,439.0,96.0,8.0,102.0,95.72,-8.0,3.87582775885701,-1.564030654305774,458852.0
27,480,Validação,434.0,96.0,8.0,102.0,94.9,-8.0,3.518174387435643,-0.4250289963712124,450907.0
27,485,Validação,429.0,96.0,8.0,102.0,94.1,-8.0,2.8802635933794205,2.7043788997990683,443147.0
27,490,Validação,424.0,96.0,8.0,101.0,93.26,-8.0,1.61384317575109,21.242792482406657,434999.0
27,495,Validação,419.0,96.0,0.0,93.0,92.92,0.0,0.27404751561786966,8.534487742830796,431710.0
27,500,Validação,414.0,96.0,0.0,93.0,92.9,0.0,0.30304576336566325,5.791962174941123,431525.0
27,505,Validação,409.0,96.0,0.0,93.0,92.88,0.0,0.3282607226593159,3.973746776273229,431340.0
27,510,Validação,404.0,111.0,15.0,93.0,91.38,-15.0,4.517042557845538,5.701495615948405,418515.0
27,515,Validação,399.0,111.0,15.0,93.0,89.88,-15.0,6.008972882451777,0.39060370649172116,405690.0
27,520,Validação,394.0,111.0,15.0,93.0,88.4,-15.0,6.88387645894672,-1.2436177422450405,393050.0
27,525,Validação,389.0,111.0,15.0,93.0,86.9,-15.0,7.34638603362919,-1.8980893973633575,380225.0
27,530,Validação,384.0,111.0,15.0,93.0,85.42,-15.0,7.499904761300066,-2.080192856215792,367585.0
27,535,Validação,379.0,111.0,14.0,93.0,83.92,-14.0,7.328557504860069,-1.8920529851319456,354760.0
27,540,Validação,374.0,111.0,15.0,93.0,82.44,-15.0,6.8546424012474665,-1.2296630032613893,342120.0
27,545,Validação,369.0,111.0,15.0,93.0,80.96,-15.0,5.982832582839484,0.42410840590966314,329480.0
27,550,Validação,364.0,111.0,15.0,93.0,79.48,-15.0,4.486897023329067,5.824433235701802,316840.0
27,555,Validação,359.0,111.0,0.0,78.0,78.0,0.0,0.0,0.0,304200.0
27,560,Validação,354.0,111.0,0.0,78.0,78.0,0.0,0.0,0.0,304200.0
27,565,Validação,349.0,111.0,0.0,78.0,78.0,0.0,0.0,0.0,304200.0
27,570,Validação,344.0,122.0,11.0,78.0,77.56,-11.0,2.1774353009437313,22.33072916666669,301010.0
27,575,Validação,339.0,123.0,12.0,78.0,76.36,-12.0,4.109521050597761,2.7324492044914246,292370.0
27,580,Validação,334.0,123.0,12.0,78.0,75.16,-12.0,5.108456374543317,-0.42405928339547794,283730.0
27,585,Validação,329.0,123.0,12.0,78.0,73.96,-12.0,5.689087298127381,-1.5697795361623716,275090.0
27,590,Validação,324.0,123.0,12.0,78.0,72.76,-12.0,5.9746402846206745,-2.0147160477697463,266450.0
27,595,Validação,319.0,123.0,12.0,78.0,71.56,-12.0,6.007342446149224,-2.053609092185522,257810.0
27,600,Validação,314.0,123.0,12.0,78.0,70.36,-12.0,5.791478609974829,-1.7078482740773548,249170.0
27,605,Validação,309.0,123.0,12.0,78.0,69.16,-12.0,5.296745246288671,-0.7626680685872764,240530.0
27,610,Validação,304.0,123.0,12.0,78.0,67.96,-12.0,4.430690737138315,1.7083035750475792,231890.0
27,615,Validação,299.0,123.0,12.0,78.0,66.76,-12.0,2.875370428664944,12.971317021125234,223250.0
27,620,Validação,294.0,123.0,0.0,66.0,66.0,0.0,0.0,0.0,217800.0
27,625,Validação,289.0,123.0,0.0,66.0,66.0,0.0,0.0,0.0,217800.0
27,630,Validação,284.0,123.0,0.0,66.0,66.0,0.0,0.0,0.0,217800.0
27,635,Validação,279.0,138.0,15.0,66.0,65.4,-15.0,2.9692299558323607,22.330729166666707,214290.0
27,640,Validação,274.0,138.0,15.0,66.0,63.9,-15.0,5.257647491307984,2.6843146956951998,205515.0
27,645,Validação,269.0,138.0,15.0,66.0,62.4,-15.0,6.471286658803502,-0.44297079134005424,196740.0
27,650,Validação,264.0,138.0,15.0,66.0,60.9,-15.0,7.177771810476095,-1.5796260477111546,187965.0
27,655,Validação,259.0,138.0,15.0,66.0,59.4,-15.0,7.521398046336104,-2.020369922630561,179190.0
27,660,Validação,254.0,138.0,15.0,66.0,57.9,-15.0,7.55186150858833,-2.056566279508,170415.0
27,665,Validação,249.0,138.0,15.0,66.0,56.4,-15.0,7.273098320775916,-1.7081763445626463,161640.0
27,670,Validação,244.0,138.0,15.0,66.0,54.9,-15.0,6.646312465401784,-0.7586145884018216,152865.0
27,675,Validação,239.0,138.0,15.0,66.0,53.4,-15.0,5.5549205986353085,1.725953014184399,144090.0
27,680,Validação,234.0,138.0,15.0,66.0,51.9,-15.0,3.598469062231421,13.124339821940552,135315.0
27,685,Validação,229.0,138.0,0.0,51.0,51.0,0.0,0.0,0.0,130050.0
27,690,Validação,224.0,138.0,0.0,51.0,51.0,0.0,0.0,0.0,130050.0
27,695,Validação,219.0,150.0,12.0,51.0,50.04,-12.0,3.2885701874144364,8.534487742830708,125730.0
27,700,Validação,214.0,150.0,12.0,51.0,48.84,-12.0,4.657055213899243,0.9888715908435737,120330.0
27,705,Validação,209.0,150.0,12.0,51.0,47.64,-12.0,5.442688411332872,-1.0213504728132379,114930.0
27,710,Validação,204.0,150.0,12.0,51.0,46.44,-12.0,5.883772217736174,-1.8142903587038983,109530.0
27,715,Validação,199.0,150.0,12.0,51.0,45.24,-12.0,6.056064594053379,-2.078005660120022,104130.0
27,720,Validação,194.0,150.0,12.0,51.0,44.04,-12.0,5.982832582839475,-1.968696502812423,98730.0
27,725,Validação,189.0,150.0,12.0,51.0,42.84,-12.0,5.65454485798993,-1.4253656914893638,93330.0
27,730,Validação,184.0,150.0,12.0,51.0,41.64,-12.0,5.0214234911577575,-0.06075484798889086,87930.0
27,735,Validação,179.0,150.0,12.0,51.0,40.44,-12.0,3.939128671911785,3.973746776273374,82530.0
27,740,Validação,174.0,150.0,12.0,51.0,39.24,-12.0,1.697056274847716,49.99999999999994,77130.0
27,745,Validação,169.0,150.0,0.0,39.0,39.0,0.0,0.0,0.0,76050.0
27,750,Validação,164.0,150.0,0.0,39.0,39.0,0.0,0.0,0.0,76050.0
27,755,Validação,159.0,150.0,0.0,39.0,39.0,0.0,0.0,0.0,76050.0
27,760,Validação,154.0,150.0,0.0,39.0,39.0,0.0,0.0,0.0,76050.0
27,765,Validação,149.0,159.0,9.0,39.0,38.82,-9.0,1.2727922061357855,50.0,75429.0
27,770,Validação,144.0,159.0,9.0,39.0,37.92,-9.0,2.9543465039338432,3.97374677627338,72324.0
27,775,Validação,139.0,159.0,9.0,39.0,37.02,-9.0,3.7660676183683233,-0.060754847988885086,69219.0
27,780,Validação,134.0,159.0,9.0,39.0,36.12,-9.0,4.240908643492451,-1.4253656914893633,66114.0
27,785,Validação,129.0,159.0,9.0,39.0,35.22,-9.0,4.487124437129608,-1.9686965028124235,63009.0
27,790,Validação,124.0,159.0,9.0,39.0,34.32,-9.0,4.542048445540038,-2.0780056601200223,59904.0
27,795,Validação,119.0,159.0,9.0,39.0,33.42,-9.0,4.412829163302134,-1.8142903587038983,56799.0
27,800,Validação,114.0,159.0,9.0,39.0,32.52,-9.0,4.0820163084996555,-1.0213504728132432,53694.0
27,805,Validação,109.0,159.0,9.0,39.0,31.62,-9.0,3.4927914104244344,0.9888715908435639,50589.0
27,810,Validação,104.0,159.0,9.0,39.0,30.72,-9.0,2.4664276405608248,8.534487742830722,47484.0
27,815,Validação,99.0,159.0,0.0,30.0,30.0,0.0,0.0,0.0,45000.0
27,820,Validação,94.0,159.0,0.0,30.0,30.0,0.0,0.0,0.0,45000.0
27,825,Validação,89.0,159.0,0.0,30.0,30.0,0.0,0.0,0.0,45000.0
27,830,Validação,84.0,159.0,0.0,30.0,30.0,0.0,0.0,0.0,45000.0
27,835,Validação,79.0,159.0,0.0,30.0,30.0,0.0,0.0,0.0,45000.0
27,840,Validação,74.0,159.0,0.0,30.0,30.0,0.0,0.0,0.0,45000.0
27,845,Validação,69.0,177.0,18.0,30.0,28.92,-18.0,4.318162874677714,13.124339821940552,42732.0
27,850,Validação,64.0,176.0,17.0,30.0,27.16,-17.0,6.5756508174833455,1.7431327947340431,39002.0
27,855,Validação,59.0,176.0,17.0,30.0,25.46,-17.0,7.741249174100405,-0.7430906603849081,35347.0
27,860,Validação,54.0,176.0,17.0,30.0,23.72,-17.0,8.463704018589363,-1.6968874316031934,31642.0
27,865,Validação,49.0,176.0,17.0,30.0,22.02,-17.0,8.739985522801254,-2.048629568022963,27987.0
27,870,Validação,44.0,177.0,18.0,30.0,20.28,-18.0,8.710865839482855,-2.0151745666618472,24282.0
27,875,Validação,39.0,176.0,17.0,30.0,18.54,-17.0,8.318187596944375,-1.578942285708618,20577.0
27,880,Validação,34.0,177.0,18.0,30.0,16.76,-18.0,7.528341010298811,-0.4541137119459817,16822.0
27,885,Validação,29.0,176.0,17.0,30.0,15.06,-17.0,6.105902129605953,2.626232623930404,13167.0
27,890,Validação,24.0,177.0,18.0,30.0,13.32,-18.0,3.4725747666830826,21.37501768839217,9462.0
27,895,Validação,19.0,176.0,-1.0,13.0,12.64,1.0,0.48487322138506134,-1.7081763445626443,8000.0
27,900,Validação,14.0,177.0,1.0,13.0,12.66,-1.0,0.4785181206984065,-1.5796260477111537,8025.0
27,905,Validação,9.0,177.0,1.0,13.0,12.6,-1.0,0.4948716593053934,-1.900487588652483,7950.0
27,910,Validação,4.0,176.0,0.0,13.0,12.6,0.0,0.4948716593053934,-1.900487588652483,7950.0
28,50,Validação,426.0,11.0,11.0,190.0,179.22,-11.0,1.555634918610405,50.0,1606109.0
28,55,Validação,421.0,11.0,0.0,179.0,179.0,0.0,0.0,0.0,1602050.0
28,60,Validação,416.0,11.0,0.0,179.0,179.0,0.0,0.0,0.0,1602050.0
28,65,Validação,411.0,11.0,0.0,179.0,179.0,0.0,0.0,0.0,1602050.0
28,70,Validação,406.0,11.0,0.0,179.0,179.0,0.0,0.0,0.0,1602050.0
28,75,Validação,401.0,11.0,0.0,179.0,179.0,0.0,0.0,0.0,1602050.0
28,80,Validação,396.0,11.0,0.0,179.0,179.0,0.0,0.0,0.0,1602050.0
28,85,Validação,391.0,21.0,10.0,179.0,178.2,-10.0,2.740475156178697,8.534487742830652,1588130.0
28,90,Validação,386.0,21.0,10.0,179.0,177.2,-10.0,3.880879344916035,0.9888715908435461,1570730.0
28,95,Validação,381.0,21.0,10.0,179.0,176.2,-10.0,4.535573676110726,-1.021350472813249,1553330.0
28,100,Validação,376.0,21.0,10.0,179.0,175.2,-10.0,4.9031435147801465,-1.8142903587039023,1535930.0
28,105,Validação,371.0,21.0,10.0,179.0,174.2,-10.0,5.046720495044485,-2.0780056601200227,1518530.0
28,110,Validação,366.0,21.0,10.0,179.0,173.2,-10.0,4.985693819032897,-1.9686965028124204,1501130.0
28,115,Validação,361.0,21.0,10.0,179.0,172.2,-10.0,4.7121207149916104,-1.4253656914893538,1483730.0
28,120,Validação,356.0,36.0,25.0,179.0,170.9,-25.0,4.832922806867792,2.2794305945305124,1461485.0
28,125,Validação,351.0,36.0,25.0,179.0,168.4,-25.0,6.279217421667404,1.7593390949067604,1419860.0
28,130,Validação,346.0,36.0,25.0,179.0,165.9,-25.0,6.537958240856519,0.00824496349976167,1378235.0
28,135,Validação,341.0,36.0,15.0,169.0,164.2,-15.0,7.068181072487419,-1.425365691489368,1350530.0
28,140,Validação,336.0,36.0,15.0,169.0,162.7,-15.0,7.478540728549348,-1.9686965028124253,1326305.0
28,145,Validação,331.0,36.0,15.0,169.0,161.2,-15.0,7.570080742566724,-2.0780056601200205,1302080.0
28,150,Validação,326.0,36.0,15.0,169.0,159.7,-15.0,7.354715272170217,-1.8142903587038945,1277855.0
28,155,Validação,321.0,51.0,30.0,169.0,157.0,-30.0,8.571428571428571,-0.1466090425531914,1236050.0
28,160,Validação,316.0,51.0,30.0,169.0,154.0,-30.0,9.091372900969896,-0.1158392434988178,1189850.0
28,165,Validação,311.0,51.0,30.0,169.0,151.0,-30.0,8.571428571428571,-0.1466090425531914,1143650.0
28,170,Validação,306.0,51.0,15.0,154.0,148.3,-15.0,7.354715272170222,-1.8142903587038945,1102295.0
28,175,Validação,301.0,51.0,15.0,154.0,146.8,-15.0,7.570080742566725,-2.07800566012002,1080320.0
28,180,Validação,296.0,51.0,15.0,154.0,145.3,-15.0,7.478540728549346,-1.968696502812426,1058345.0
28,185,Validação,291.0,68.0,32.0,154.0,142.78,-32.0,8.75118650847543,0.02947087777621782,1023059.0
28,190,Validação,286.0,68.0,32.0,154.0,139.58,-32.0,9.86664138625186,-0.17523471492919374,978899.0
28,195,Validação,281.0,68.0,32.0,154.0,136.38,-32.0,9.860020283954793,-0.421128786913497,934739.0
28,200,Validação,276.0,68.0,32.0,154.0,133.22,-32.0,8.678592004678721,-1.1740917729632256,891069.0
28,205,Validação,271.0,68.0,17.0,139.0,131.24,-17.0,8.49624166611212,-2.052795092505683,864734.0
28,210,Validação,266.0,66.0,15.0,139.0,129.58,-15.0,8.442095687199753,-2.0163120660148834,843041.0
28,215,Validação,261.0,68.0,17.0,139.0,127.9,-17.0,8.056560262624867,-1.5801418585548532,821101.0
28,220,Validação,256.0,81.0,30.0,139.0,125.94,-30.0,7.651623810589194,-0.23531352882789314,795913.0
28,225,Validação,251.0,81.0,30.0,139.0,122.94,-30.0,7.825677254384814,1.0650441954181398,758713.0
28,230,Validação,246.0,81.0,30.0,139.0,119.94,-30.0,6.750389255594139,1.5032751839114074,721513.0
28,235,Validação,241.0,81.0,13.0,124.0,117.96,-13.0,6.220309067719961,-1.4245607664690592,697624.0
28,240,Validação,236.0,81.0,13.0,124.0,116.66,-13.0,6.595019766026918,-1.9590458861974314,682609.0
28,245,Validação,231.0,81.0,13.0,124.0,115.36,-13.0,6.69681617925828,-2.061100199370884,667594.0
28,250,Validação,226.0,81.0,14.0,124.0,114.02,-14.0,6.485431082551922,-1.7911623177796223,652089.0
28,255,Validação,221.0,96.0,28.0,124.0,111.2,-28.0,8.246211251235318,0.03897250389517559,621604.0
28,260,Validação,216.0,96.0,28.0,123.0,108.36,-28.0,8.780218955012408,-0.2892456436289388,590872.0
28,265,Validação,211.0,96.0,28.0,122.0,105.54,-28.0,8.393899631304159,-0.571682542938198,560387.0
28,270,Validação,206.0,96.0,15.0,109.0,103.0,-15.0,7.423074889580903,-1.9004875886524821,533150.0
28,275,Validação,201.0,96.0,15.0,109.0,101.5,-15.0,7.576144084141581,-2.085106382978723,517925.0
28,280,Validação,196.0,114.0,33.0,109.0,98.56,-33.0,9.852296945486408,-0.04689936506006598,490460.0
28,285,Validação,191.0,114.0,33.0,109.0,95.26,-33.0,11.259118753350137,-0.6476323874918055,459935.0
28,290,Validação,186.0,114.0,33.0,109.0,91.96,-33.0,11.586339599119404,-0.9503198053111443,429410.0
28,295,Validação,181.0,114.0,33.0,109.0,88.74,-33.0,10.843619397260918,-0.9625036191066498,399501.0
28,300,Validação,176.0,114.0,18.0,94.0,85.44,-18.0,9.008295496657627,-2.070368399917206,368976.0
28,305,Validação,171.0,114.0,18.0,94.0,83.64,-18.0,8.914010984777542,-1.9655062673352435,353676.0
28,310,Validação,166.0,114.0,18.0,94.0,81.84,-18.0,8.435493525598135,-1.427522624219627,338376.0
28,315,Validação,161.0,120.0,24.0,94.0,79.94,-24.0,7.603463228110233,-0.09968661739634532,322353.0
28,320,Validação,156.0,120.0,24.0,94.0,77.54,-24.0,6.4687947967491555,2.867309544405142,302673.0
28,325,Validação,151.0,120.0,24.0,94.0,75.14,-24.0,3.7580390023065418,12.34701163052315,282993.0
28,330,Validação,146.0,120.0,6.0,78.0,74.18,-6.0,2.925538499183369,-1.3935043815657342,275553.0
28,335,Validação,141.0,120.0,6.0,78.0,73.58,-6.0,3.1042433104723353,-1.8907784517758133,271173.0
28,340,Validação,136.0,120.0,6.0,78.0,72.98,-6.0,3.1589845953200495,-1.9585228712594074,266793.0
28,345,Validação,131.0,120.0,6.0,77.0,72.3,-6.0,2.970947763297915,-1.7926160281460424,261797.0
28,350,Validação,126.0,135.0,21.0,77.0,70.2,-21.0,5.78527335180474,2.650247078581648,248042.0
28,355,Validação,121.0,135.0,21.0,77.0,68.1,-21.0,7.00801290652059,-0.014439999852202678,234287.0
28,360,Validação,116.0,135.0,21.0,77.0,66.0,-21.0,7.4669339116411315,-1.173006294349236,220532.0
28,365,Validação,111.0,135.0,15.0,70.0,64.0,-15.0,7.423074889580903,-1.9004875886524821,207500.0
28,370,Validação,106.0,135.0,15.0,70.0,62.5,-15.0,7.576144084141581,-2.085106382978723,198125.0
28,375,Validação,101.0,150.0,30.0,70.0,60.7,-30.0,7.954590511401685,-1.096641893175597,187325.0
28,380,Validação,96.0,150.0,30.0,70.0,57.66,-30.0,9.513921056932894,-0.419490774724677,170669.0
28,385,Validação,91.0,150.0,30.0,70.0,54.62,-30.0,9.944519565456904,-0.5432786601024366,154013.0
28,390,Validação,86.0,152.0,32.0,70.0,51.58,-32.0,9.402756868849364,-0.49146973866782684,137357.0
28,395,Validação,81.0,150.0,15.0,55.0,48.42,-15.0,7.837872472677722,-1.9180295600000596,120235.0
28,400,Validação,76.0,150.0,15.0,55.0,46.88,-15.0,7.911861413119429,-2.0427535944231763,112954.0
28,405,Validação,71.0,151.0,16.0,55.0,45.36,-16.0,7.657889089437276,-1.7976075204528332,105750.0
28,410,Validação,66.0,166.0,31.0,55.0,42.64,-31.0,8.768589582441756,-0.29285386778264355,94676.0
28,415,Validação,61.0,165.0,30.0,55.0,39.64,-30.0,9.157933997471314,-0.1481161376161495,82676.0
28,420,Validação,56.0,165.0,30.0,55.0,36.64,-30.0,8.513518661517105,-0.02377639782471297,70676.0
28,425,Validação,51.0,165.0,15.0,40.0,33.9,-15.0,7.203315563130691,-1.7979009002854325,60003.0
28,430,Validação,46.0,165.0,13.0,40.0,32.4,-13.0,7.420325093268885,-2.043289914257284,55186.0
28,435,Validação,41.0,165.0,15.0,40.0,30.94,-15.0,7.28826285957114,-1.9212849507328236,50467.0
28,440,Validação,36.0,178.0,27.0,40.0,28.68,-27.0,7.9602071555446114,-0.6801968266161706,44232.0
28,445,Validação,31.0,178.0,28.0,40.0,26.08,-28.0,8.590074956314531,-0.3524125803183136,37624.0
28,450,Validação,26.0,177.0,27.0,40.0,23.38,-27.0,8.136313159947484,0.11411029185888832,30575.0
28,455,Validação,21.0,178.0,28.0,40.0,20.64,-28.0,6.583095233789561,-0.33065710811511995,23424.0
28,460,Validação,16.0,177.0,12.0,25.0,19.16,-12.0,6.165605718625787,-2.0320313171451674,20218.0
28,465,Validação,11.0,177.0,12.0,25.0,17.88,-12.0,6.159909885373191,-1.981345123649419,17844.0
28,470,Validação,6.0,177.0,11.0,25.0,16.68,-11.0,5.8079467024034575,-1.549605563229183,15564.0
28,475,Validação,1.0,177.0,11.0,25.0,15.44,-11.0,5.284401381347151,-0.45412220740445086,13288.0
29,50,Treino,835.0,9.0,9.0,188.0,179.18,-9.0,1.2727922061357828,49.99999999999986,1605353.0
29,55,Treino,830.0,16.0,7.0,179.0,178.56,-7.0,1.7631141280618872,13.450712316176492,1594336.0
29,60,Treino,825.0,16.0,7.0,179.0,177.86,-7.0,2.6419689627245813,1.7975737193926982,1582051.0
29,65,Treino,820.0,16.0,7.0,179.0,177.16,-7.0,3.1386985473964475,-0.7277502616608649,1569766.0
29,70,Treino,815.0,16.0,7.0,179.0,176.46,-7.0,3.423865818465605,-1.690980575106349,1557481.0
29,75,Treino,810.0,16.0,7.0,179.0,175.76,-7.0,3.5488428697655388,-2.0459573720848776,1545196.0
29,80,Treino,805.0,16.0,7.0,179.0,175.06,-7.0,3.5306818443063217,-2.014063601427666,1532911.0
29,85,Treino,800.0,16.0,7.0,179.0,174.36,-7.0,3.367067397178565,-1.5775650770681706,1520626.0
29,90,Treino,795.0,16.0,7.0,179.0,173.66,-7.0,3.0345628068259605,-0.4483693559681874,1508341.0
29,95,Treino,790.0,16.0,7.0,179.0,172.96,-7.0,2.4657656011875897,2.6522302484233853,1496056.0
29,100,Treino,785.0,16.0,7.0,179.0,172.26,-7.0,1.3969354213522454,21.82543425461275,1483771.0
29,105,Treino,780.0,16.0,0.0,172.0,172.0,0.0,0.0,0.0,1479200.0
29,110,Treino,775.0,27.0,11.0,172.0,171.12,-11.0,3.0145226717965663,8.534487742830732,1464548.0
29,115,Treino,770.0,27.0,11.0,172.0,170.02,-11.0,4.268967279407639,0.9888715908435879,1446233.0
29,120,Treino,765.0,27.0,11.0,172.0,168.92,-11.0,4.989131043721799,-1.0213504728132499,1427918.0
29,125,Treino,760.0,27.0,11.0,172.0,167.82,-11.0,5.393457866258161,-1.8142903587038997,1409603.0
29,130,Treino,755.0,27.0,11.0,172.0,166.72,-11.0,5.551392544548932,-2.0780056601200214,1391288.0
29,135,Treino,750.0,27.0,11.0,172.0,165.62,-11.0,5.484263200936186,-1.9686965028124241,1372973.0
29,140,Treino,745.0,27.0,11.0,172.0,164.52,-11.0,5.18333278649077,-1.4253656914893693,1354658.0
29,145,Treino,740.0,27.0,11.0,172.0,163.42,-11.0,4.602971533561279,-0.06075484798887221,1336343.0
29,150,Treino,735.0,36.0,20.0,172.0,161.6,-20.0,4.589250972631147,2.224479388417741,1306760.0
29,155,Treino,730.0,36.0,20.0,172.0,159.6,-20.0,3.917516914514881,2.0785008274298553,1274360.0
29,160,Treino,725.0,36.0,9.0,161.0,158.48,-9.0,4.082016308499655,-1.0213504728132499,1256612.0
29,165,Treino,720.0,36.0,9.0,161.0,157.58,-9.0,4.412829163302131,-1.8142903587038908,1242527.0
29,170,Treino,715.0,36.0,9.0,161.0,156.68,-9.0,4.542048445540035,-2.0780056601200214,1228442.0
29,175,Treino,710.0,36.0,9.0,161.0,155.78,-9.0,4.487124437129611,-1.9686965028124241,1214357.0
29,180,Treino,705.0,47.0,20.0,161.0,154.66,-20.0,4.658150635921813,-0.1394072019008732,1197049.0
29,185,Treino,700.0,47.0,20.0,161.0,152.66,-20.0,5.705743615347753,0.3793962335522014,1166849.0
29,190,Treino,695.0,47.0,20.0,161.0,150.66,-20.0,5.937119482973376,-0.13923874614786724,1136649.0
29,195,Treino,690.0,47.0,20.0,161.0,148.66,-20.0,5.457105459856903,-1.0500442033957706,1106449.0
29,200,Treino,685.0,47.0,11.0,152.0,147.38,-11.0,5.484263200936188,-1.9686965028124241,1087517.0
29,205,Treino,680.0,47.0,11.0,152.0,146.28,-11.0,5.551392544548934,-2.078005660120022,1071402.0
29,210,Treino,675.0,47.0,11.0,152.0,145.18,-11.0,5.393457866258165,-1.8142903587039005,1055287.0
29,215,Treino,670.0,47.0,11.0,152.0,144.08,-11.0,4.989131043721797,-1.0213504728132503,1039172.0
29,220,Treino,665.0,53.0,17.0,152.0,142.74,-17.0,4.53921687033329,0.8121843324593909,1019745.0
29,225,Treino,660.0,53.0,17.0,152.0,141.04,-17.0,3.875406496124513,3.662466416134369,995350.0
29,230,Treino,655.0,53.0,6.0,141.0,139.56,-6.0,2.5885146635214,-0.4429707913400476,974178.0
29,235,Treino,650.0,53.0,6.0,141.0,138.96,-6.0,2.8711087241904387,-1.5796260477111457,965898.0
29,240,Treino,645.0,53.0,6.0,141.0,138.36,-6.0,3.0085592185344403,-2.0203699226305556,957618.0
29,245,Treino,640.0,53.0,6.0,141.0,137.76,-6.0,3.020744603435329,-2.056566279507998,949338.0
29,250,Treino,635.0,53.0,6.0,141.0,137.16,-6.0,2.909239328310367,-1.7081763445626443,941058.0
29,255,Treino,630.0,57.0,10.0,141.0,136.4,-10.0,2.8642768079662053,-0.5690031898304673,930650.0
29,260,Treino,625.0,57.0,10.0,141.0,135.4,-10.0,2.82842712474619,0.5889057750759825,917050.0
29,265,Treino,620.0,57.0,10.0,141.0,134.4,-10.0,2.398979374820951,1.8917612988772499,903450.0
29,270,Treino,615.0,57.0,4.0,135.0,133.64,-4.0,1.914072482793626,-1.5796260477111759,893162.0
29,275,Treino,610.0,57.0,4.0,135.0,133.24,-4.0,2.0057061456896284,-2.0203699226305556,887842.0
29,280,Treino,605.0,57.0,4.0,135.0,132.84,-4.0,2.0138297356235535,-2.056566279508001,882522.0
29,285,Treino,600.0,57.0,4.0,135.0,132.44,-4.0,1.9394928855402458,-1.7081763445626443,877202.0
29,290,Treino,595.0,57.0,4.0,135.0,132.04,-4.0,1.7723499907738076,-0.7586145884018003,871882.0
29,295,Treino,590.0,66.0,13.0,135.0,130.92,-13.0,3.036109218008054,4.283717967864309,857454.0
29,300,Treino,585.0,66.0,13.0,135.0,129.62,-13.0,3.7301310367090865,0.7385984224716178,840749.0
29,305,Treino,580.0,66.0,9.0,131.0,128.48,-9.0,4.082016308499655,-1.0213504728132499,826172.0
29,310,Treino,575.0,66.0,9.0,131.0,127.58,-9.0,4.412829163302133,-1.8142903587038985,814787.0
29,315,Treino,570.0,66.0,9.0,131.0,126.68,-9.0,4.542048445540035,-2.0780056601200214,803402.0
29,320,Treino,565.0,66.0,9.0,131.0,125.78,-9.0,4.487124437129611,-1.9686965028124241,792017.0
29,325,Treino,560.0,66.0,9.0,131.0,124.88,-9.0,4.240908643492453,-1.4253656914893573,780632.0
29,330,Treino,555.0,72.0,15.0,131.0,123.74,-15.0,4.06984931777428,0.008603298649110691,766391.0
29,335,Treino,550.0,72.0,15.0,131.0,122.24,-15.0,3.8732994952097144,1.5160787736402792,747866.0
29,340,Treino,545.0,72.0,15.0,131.0,120.74,-15.0,2.9747920524134184,1.8831069762381327,729341.0
29,345,Treino,540.0,72.0,6.0,122.0,119.96,-6.0,2.8711087241904387,-1.579626047711161,719924.0
29,350,Treino,535.0,72.0,6.0,122.0,119.36,-6.0,3.008559218534443,-2.020369922630561,712784.0
29,355,Treino,530.0,72.0,6.0,122.0,118.76,-6.0,3.020744603435332,-2.056566279508001,705644.0
29,360,Treino,525.0,72.0,6.0,122.0,118.16,-6.0,2.909239328310367,-1.7081763445626443,698504.0
29,365,Treino,520.0,81.0,15.0,122.0,117.2,-15.0,3.374574803147918,1.898509974096135,687350.0
29,370,Treino,515.0,81.0,15.0,122.0,115.7,-15.0,4.166190448976479,0.8427458191051596,670175.0
29,375,Treino,510.0,81.0,15.0,122.0,114.2,-15.0,4.328359259298034,-0.31940967876512083,653000.0
29,380,Treino,505.0,81.0,9.0,116.0,112.94,-9.0,4.306663086285659,-1.5796260477111561,638681.0
29,385,Treino,500.0,81.0,9.0,116.0,112.04,-9.0,4.512838827801661,-2.020369922630559,628646.0
29,390,Treino,495.0,81.0,9.0,116.0,111.14,-9.0,4.531116905152994,-2.0565662795080004,618611.0
29,395,Treino,490.0,81.0,9.0,116.0,110.24,-9.0,4.363858992465547,-1.7081763445626434,608576.0
29,400,Treino,485.0,81.0,9.0,116.0,109.34,-9.0,3.9877874792410664,-0.7586145884018252,598541.0
29,405,Treino,480.0,84.0,12.0,116.0,108.24,-12.0,3.5141695683478407,1.420775521841061,586400.0
29,410,Treino,475.0,84.0,12.0,116.0,107.04,-12.0,2.563161313372092,7.602739200595964,573200.0
29,415,Treino,470.0,84.0,3.0,107.0,106.2,-3.0,1.3702375780893485,-0.5680215078630786,564014.0
29,420,Treino,465.0,84.0,3.0,107.0,105.9,-3.0,1.4880476182856903,-1.5973166249695472,560849.0
29,425,Treino,460.0,84.0,3.0,107.0,105.6,-3.0,1.5386185163241448,-1.984345352543834,557684.0
29,430,Treino,455.0,84.0,3.0,107.0,105.3,-3.0,1.5286381827880506,-1.9725628842464078,554519.0
29,435,Treino,450.0,90.0,9.0,107.0,104.74,-9.0,2.078166381742347,4.368997154426494,548735.0
29,440,Treino,445.0,90.0,9.0,107.0,103.84,-9.0,2.7579939471008443,0.9396118044838131,539510.0
29,445,Treino,440.0,90.0,9.0,107.0,102.94,-9.0,3.039938237825881,-0.5630871536390698,530285.0
29,450,Treino,435.0,90.0,9.0,107.0,102.04,-9.0,3.036915728639361,-1.4133722237430264,521060.0
29,455,Treino,430.0,90.0,6.0,104.0,101.34,-6.0,3.0345628068259582,-2.0040459440376956,513941.0
29,460,Treino,425.0,90.0,6.0,104.0,100.74,-6.0,3.042622392017807,-2.046494736739427,507881.0
29,465,Treino,420.0,90.0,6.0,104.0,100.14,-6.0,2.9277699251638425,-1.7036612651416283,501821.0
29,470,Treino,415.0,90.0,6.0,104.0,99.54,-6.0,2.6742155057939065,-0.7626412436628929,495761.0
29,475,Treino,410.0,96.0,12.0,104.0,98.46,-12.0,2.93612266884928,1.3103553835241364,485141.0
29,480,Treino,405.0,96.0,12.0,104.0,97.26,-12.0,2.877144275783449,1.2142514522803207,473381.0
29,485,Treino,400.0,96.0,6.0,98.0,96.34,-6.0,2.6924687101435434,-0.9937680973913676,464425.0
29,490,Treino,395.0,96.0,6.0,98.0,95.8,-6.0,2.8571428571428577,-1.7403861702127683,459282.0
29,495,Treino,390.0,96.0,6.0,98.0,95.2,-6.0,2.9623487647611024,-2.0398632958586003,453582.0
29,500,Treino,385.0,95.0,5.0,98.0,94.64,-5.0,2.912043955712208,-1.9509125081715037,448252.0
29,505,Treino,380.0,99.0,9.0,98.0,93.8,-9.0,3.057276365576101,-1.247874003895764,440380.0
29,510,Treino,375.0,99.0,9.0,98.0,92.9,-9.0,3.0118812346154296,-0.5180967808744179,431965.0
29,515,Treino,370.0,99.0,9.0,98.0,92.0,-9.0,2.6726124191242437,0.8446808510638295,423550.0
29,520,Treino,365.0,99.0,9.0,98.0,91.1,-9.0,1.8871206876604154,1.8554812200647595,415135.0
29,525,Treino,360.0,99.0,3.0,94.0,90.68,-3.0,1.6713675202525322,-1.737502367208705,411280.0
29,530,Treino,355.0,99.0,3.0,94.0,90.38,-3.0,1.6768532239566685,-1.5135097352277498,408565.0
29,535,Treino,350.0,99.0,3.0,94.0,90.06,-3.0,1.5960410203924942,-0.7825248796481001,405665.0
29,540,Treino,345.0,110.0,14.0,93.0,89.06,-14.0,3.0466441893215124,7.871033701248164,397039.0
29,545,Treino,340.0,109.0,13.0,93.0,87.74,-13.0,4.168932717135166,1.3215355566058093,385767.0
29,550,Treino,335.0,109.0,13.0,92.0,86.4,-13.0,4.593695768803865,-0.7295135184380417,374282.0
29,555,Treino,330.0,109.0,10.0,89.0,85.3,-10.0,4.990807877018121,-1.6804695264918792,365025.0
29,560,Treino,325.0,109.0,10.0,89.0,84.26,-10.0,5.197369821479369,-2.0349161540010483,356311.0
29,565,Treino,320.0,109.0,10.0,89.0,83.26,-10.0,5.150034673947073,-2.0071850740744823,347911.0
29,570,Treino,315.0,109.0,10.0,89.0,82.24,-10.0,4.9137873501454,-1.5768336057664603,339354.0
29,575,Treino,310.0,110.0,11.0,89.0,81.22,-11.0,4.432210486418529,-0.4648928330109947,330797.0
29,580,Treino,305.0,117.0,18.0,89.0,79.72,-18.0,4.228378373971447,1.8120428362925365,318640.0
29,585,Treino,300.0,117.0,18.0,89.0,77.92,-18.0,3.680283928709628,2.9092864262625557,304240.0
29,590,Treino,295.0,118.0,8.0,79.0,76.72,-8.0,3.540091086110523,-0.7460106916509801,294912.0
29,595,Treino,290.0,117.0,8.0,79.0,75.92,-8.0,3.874774516151929,-1.6726687765794097,288928.0
29,600,Treino,285.0,117.0,7.0,79.0,75.12,-7.0,3.9828202498803726,-2.015876271243419,282928.0
29,605,Treino,280.0,118.0,9.0,79.0,74.32,-9.0,4.007340203951253,-1.9755919696324715,276960.0
29,610,Treino,275.0,126.0,17.0,79.0,72.98,-17.0,4.735838179805778,-0.2161209792400549,267403.0
29,615,Treino,270.0,126.0,16.0,79.0,71.28,-16.0,5.299364613434562,-0.34230182558572597,255418.0
29,620,Treino,265.0,126.0,17.0,79.0,69.6,-17.0,5.310751512983174,-0.5116369618717607,243590.0
29,625,Treino,260.0,126.0,16.0,79.0,67.92,-16.0,4.750252410049774,-0.938541942548031,231762.0
29,630,Treino,255.0,126.0,9.0,71.0,66.72,-9.0,4.417220476124538,-2.0374622415616166,223534.0
29,635,Treino,250.0,126.0,9.0,71.0,65.82,-9.0,4.369140390866614,-1.9830702871354065,217549.0
29,640,Treino,245.0,126.0,9.0,71.0,64.96,-9.0,4.179444353265251,-1.526773946735517,211846.0
29,645,Treino,240.0,133.0,16.0,71.0,63.54,-16.0,4.450223566959117,-0.15650397534317984,202837.0
29,650,Treino,235.0,133.0,16.0,71.0,61.94,-16.0,4.353792622999129,0.5101376203243984,192757.0
29,655,Treino,230.0,133.0,14.0,71.0,60.38,-14.0,3.7026741577361806,0.4564678179915407,182959.0
29,660,Treino,225.0,133.0,7.0,62.0,59.36,-7.0,3.409231165945944,-1.8032206953639014,176750.0
29,665,Treino,220.0,133.0,7.0,62.0,58.66,-7.0,3.5144599259955402,-2.0719453449581153,172655.0
29,670,Treino,215.0,133.0,7.0,62.0,57.96,-7.0,3.4756294393965534,-1.9663745384440965,168560.0
29,675,Treino,210.0,133.0,7.0,62.0,57.26,-7.0,3.287639187710755,-1.4275507139358101,164465.0
29,680,Treino,205.0,142.0,16.0,62.0,55.84,-16.0,4.112499612306911,1.110137632761818,156734.0
29,685,Treino,200.0,143.0,17.0,62.0,54.18,-17.0,4.623321537684386,0.3733118949338827,147821.0
29,690,Treino,195.0,142.0,16.0,62.0,52.56,-16.0,4.431611859523506,-0.7483856915178526,139090.0
29,695,Treino,190.0,144.0,11.0,55.0,51.36,-11.0,4.719737107863842,-1.728225361766965,132984.0
29,700,Treino,185.0,143.0,10.0,55.0,50.36,-10.0,4.902144470347977,-2.026867940119825,127984.0
29,705,Treino,180.0,142.0,9.0,55.0,49.38,-9.0,4.860880914536594,-1.936182024821547,123077.0
29,710,Treino,175.0,142.0,9.0,55.0,48.46,-9.0,4.567900424233685,-1.4264120188792966,118441.0
29,715,Treino,170.0,142.0,9.0,55.0,47.52,-9.0,4.056941644909878,-0.14761973794618521,113714.0
29,720,Treino,165.0,150.0,17.0,55.0,46.14,-17.0,3.8012350302371534,2.3594591324687997,107153.0
29,725,Treino,160.0,150.0,17.0,55.0,44.44,-17.0,3.2017852163173868,2.586128592180213,99248.0
29,730,Treino,155.0,150.0,7.0,46.0,43.46,-7.0,3.3209907545545403,-0.8436425175822144,94979.0
29,735,Treino,150.0,150.0,8.0,46.0,42.72,-8.0,3.6198996490769955,-1.6988047926011287,91892.0
29,740,Treino,145.0,150.0,7.0,46.0,41.94,-7.0,3.711042540135303,-1.9960848194301615,88623.0
29,745,Treino,140.0,150.0,7.0,46.0,41.28,-7.0,3.7582019148328194,-1.9589890713450504,85894.0
29,750,Treino,135.0,153.0,9.0,46.0,40.52,-9.0,3.715604161602027,-1.4621412345465705,82770.0
29,755,Treino,130.0,154.0,12.0,46.0,39.44,-12.0,3.764278937375301,-0.49697749163535665,78470.0
29,760,Treino,125.0,153.0,10.0,46.0,38.28,-10.0,3.3868894886257,1.1286066780225825,73830.0
29,765,Treino,120.0,154.0,12.0,46.0,37.14,-12.0,2.523441123157189,4.496409408695972,69281.0
29,770,Treino,115.0,154.0,4.0,38.0,36.44,-4.0,1.8752958950196508,-1.8326599033354276,66566.0
29,775,Treino,110.0,154.0,4.0,38.0,36.08,-4.0,1.8934904600892444,-1.9833866038419732,65264.0
29,780,Treino,105.0,153.0,3.0,38.0,35.74,-3.0,1.8273433375995298,-1.7812790289701532,64031.0
29,785,Treino,100.0,166.0,16.0,38.0,35.14,-16.0,2.5395644813829867,13.880177187786362,62057.0
29,790,Treino,95.0,166.0,16.0,38.0,33.56,-16.0,4.4910795938579575,2.7767794365526557,57302.0
29,795,Treino,90.0,166.0,16.0,38.0,31.96,-16.0,5.402040430830423,-0.1679344181533553,52502.0
29,800,Treino,85.0,166.0,12.0,35.0,30.42,-12.0,5.806716730104327,-1.4211041677058205,47921.0
29,805,Treino,80.0,166.0,12.0,35.0,29.18,-12.0,6.143488339664351,-1.9565924246160311,44423.0
29,810,Treino,75.0,166.0,12.0,35.0,27.96,-12.0,6.236691954122174,-2.0611684605148954,40994.0
29,815,Treino,70.0,166.0,13.0,35.0,26.74,-13.0,6.083802516619394,-1.7928879145347436,37565.0
29,820,Treino,65.0,169.0,16.0,35.0,25.28,-16.0,5.872940368455015,-1.0057452272182505,33644.0
29,825,Treino,60.0,168.0,15.0,35.0,23.8,-15.0,5.202040416009464,0.7796317759131854,29648.0
29,830,Treino,55.0,168.0,14.0,35.0,22.34,-14.0,3.7990868935166224,6.699380679483742,25661.0
29,835,Treino,50.0,168.0,3.0,23.0,21.14,-3.0,1.1953993440841155,-1.2026509705707096,22415.0
29,840,Treino,45.0,168.0,2.0,22.0,20.92,-2.0,1.1752550743544647,-1.6232947406751,21950.0
29,845,Treino,40.0,168.0,2.0,22.0,20.72,-2.0,1.1435712054965432,-1.6408030706894883,21530.0
29,850,Treino,35.0,168.0,2.0,22.0,20.52,-2.0,1.0736168130317685,-1.2683694543340076,21110.0
29,855,Treino,30.0,175.0,9.0,22.0,19.62,-9.0,2.42343995685674,3.4663117753783768,19535.0
29,860,Treino,25.0,175.0,9.0,22.0,18.72,-9.0,2.9900515318745438,0.11870305360297984,17960.0
29,865,Treino,20.0,175.0,9.0,22.0,17.82,-9.0,3.217871016301153,-1.2467345439644562,16385.0
29,870,Treino,15.0,175.0,6.0,20.0,17.16,-6.0,3.4366571322868342,-1.8972821192622669,15302.0
29,875,Treino,10.0,175.0,7.0,20.0,16.5,-7.0,3.5355339059327378,-2.085106382978723,14225.0
29,880,Treino,5.0,175.0,7.0,20.0,15.8,-7.0,3.4641016151377566,-1.9004875886524824,13070.0
29,885,Treino,0.0,175.0,7.0,20.0,15.1,-7.0,3.2403703492039324,-1.2411347517730487,11915.0
31,50,Treino,443.0,12.0,12.0,188.0,176.24,-12.0,1.6970562748477152,49.999999999999844,1553168.0
31,55,Treino,438.0,12.0,0.0,176.0,176.0,0.0,0.0,0.0,1548800.0
31,60,Treino,433.0,12.0,0.0,176.0,176.0,0.0,0.0,0.0,1548800.0
31,65,Treino,428.0,12.0,0.0,176.0,176.0,0.0,0.0,0.0,1548800.0
31,70,Treino,423.0,12.0,0.0,176.0,176.0,0.0,0.0,0.0,1548800.0
31,75,Treino,418.0,12.0,0.0,176.0,176.0,0.0,0.0,0.0,1548800.0
31,80,Treino,413.0,12.0,0.0,176.0,176.0,0.0,0.0,0.0,1548800.0
31,85,Treino,408.0,30.0,18.0,176.0,174.92,-18.0,4.318162874677713,13.124339821940502,1530764.0
31,90,Treino,403.0,30.0,18.0,176.0,173.12,-18.0,6.665904718362371,1.7259530141844017,1500704.0
31,95,Treino,398.0,30.0,18.0,176.0,171.32,-18.0,7.975574958482139,-0.7586145884018269,1470644.0
31,100,Treino,393.0,30.0,18.0,176.0,169.52,-18.0,8.727717984931104,-1.7081763445626446,1440584.0
31,105,Treino,388.0,30.0,18.0,176.0,167.72,-18.0,9.062233810305992,-2.0565662795080004,1410524.0
31,110,Treino,383.0,30.0,18.0,176.0,165.92,-18.0,9.025677655603333,-2.0203699226305596,1380464.0
31,115,Treino,378.0,30.0,18.0,176.0,164.12,-18.0,8.613326172571318,-1.5796260477111557,1350404.0
31,120,Treino,373.0,30.0,18.0,176.0,162.32,-18.0,7.76554399056421,-0.44297079134004713,1320344.0
31,125,Treino,368.0,30.0,18.0,176.0,160.52,-18.0,6.309176989569581,2.6843146956951873,1290284.0
31,130,Treino,363.0,39.0,27.0,176.0,158.18,-27.0,4.260353535200806,12.420575698721,1251935.0
31,135,Treino,358.0,39.0,9.0,158.0,156.56,-9.0,3.3329523591811854,1.7259530141844017,1226096.0
31,140,Treino,353.0,39.0,9.0,158.0,155.66,-9.0,3.9877874792410695,-0.7586145884018269,1212281.0
31,145,Treino,348.0,39.0,9.0,158.0,154.76,-9.0,4.363858992465549,-1.7081763445626532,1198466.0
31,150,Treino,343.0,39.0,9.0,158.0,153.86,-9.0,4.531116905152994,-2.0565662795079973,1184651.0
31,155,Treino,338.0,39.0,9.0,158.0,152.96,-9.0,4.512838827801667,-2.0203699226305627,1170836.0
31,160,Treino,333.0,39.0,9.0,158.0,152.06,-9.0,4.306663086285659,-1.5796260477111557,1157021.0
31,165,Treino,328.0,39.0,9.0,158.0,151.16,-9.0,3.882771995282105,-0.44297079134004713,1143206.0
31,170,Treino,323.0,39.0,9.0,158.0,150.26,-9.0,3.1545884947847873,2.6843146956952237,1129391.0
31,175,Treino,318.0,39.0,9.0,158.0,149.36,-9.0,1.7815379734994168,22.330729166666504,1115576.0
31,180,Treino,313.0,48.0,9.0,149.0,148.82,-9.0,1.2727922061357855,49.99999999999983,1107449.0
31,185,Treino,308.0,48.0,9.0,149.0,147.92,-9.0,2.954346503933843,3.9737467762733276,1094444.0
31,190,Treino,303.0,48.0,9.0,149.0,147.02,-9.0,3.7660676183683224,-0.06075484798887176,1081439.0
31,195,Treino,298.0,60.0,21.0,149.0,145.4,-21.0,5.938459911664723,2.21881925975178,1058786.0
31,200,Treino,293.0,60.0,21.0,149.0,143.3,-21.0,7.767672411596511,-0.21130318501985368,1029701.0
31,205,Treino,288.0,72.0,33.0,149.0,140.72,-33.0,9.745831133864158,-0.25839097826852697,994760.0
31,210,Treino,283.0,72.0,33.0,149.0,137.42,-33.0,11.799498432785443,-0.9289024658167007,951035.0
31,215,Treino,278.0,72.0,33.0,149.0,134.12,-33.0,12.698449206296722,-1.4087802318644118,907310.0
31,220,Treino,273.0,72.0,33.0,149.0,130.82,-33.0,12.69049137853107,-1.5063454891164068,863585.0
31,225,Treino,268.0,72.0,33.0,149.0,127.52,-33.0,11.773786171675043,-1.3269195317015046,819860.0
31,230,Treino,263.0,72.0,24.0,140.0,124.4,-24.0,10.069148678117772,-1.2921878561181954,778736.0
31,235,Treino,258.0,72.0,24.0,140.0,122.0,-24.0,8.824825835131714,-0.18594487324178344,748016.0
31,240,Treino,253.0,72.0,24.0,140.0,119.6,-24.0,6.527805519311927,1.9822146886938121,717296.0
31,245,Treino,248.0,81.0,21.0,128.0,117.02,-21.0,5.5420102445791635,0.8840118776255803,686189.0
31,250,Treino,243.0,81.0,21.0,128.0,114.92,-21.0,4.914950121199351,1.8357339090241975,661514.0
31,255,Treino,238.0,81.0,9.0,116.0,113.3,-9.0,4.166190448976481,-1.2411347517730524,642695.0
31,260,Treino,233.0,81.0,9.0,116.0,112.4,-9.0,4.453844933748543,-1.90048758865248,632660.0
31,265,Treino,228.0,81.0,9.0,116.0,111.5,-9.0,4.545686450484948,-2.085106382978723,622625.0
31,270,Treino,223.0,81.0,9.0,116.0,110.6,-9.0,4.453844933748539,-1.9004875886524797,612590.0
31,275,Treino,218.0,81.0,9.0,116.0,109.7,-9.0,4.166190448976477,-1.2411347517730515,602555.0
31,280,Treino,213.0,99.0,27.0,116.0,107.0,-27.0,7.042147167923565,2.3457446808510642,574880.0
31,285,Treino,208.0,99.0,27.0,116.0,104.3,-27.0,8.182235610872906,0.11917617643911083,547205.0
31,290,Treino,203.0,99.0,18.0,107.0,101.6,-18.0,8.332380897952962,-1.2411347517730524,519530.0
31,295,Treino,198.0,99.0,18.0,107.0,99.8,-18.0,8.907689867497083,-1.9004875886524824,501890.0
31,300,Treino,193.0,99.0,18.0,107.0,98.0,-18.0,9.091372900969896,-2.085106382978723,484250.0
31,305,Treino,188.0,99.0,18.0,107.0,96.2,-18.0,8.907689867497085,-1.900487588652483,466610.0
31,310,Treino,183.0,99.0,18.0,107.0,94.4,-18.0,8.332380897952953,-1.2411347517730515,448970.0
31,315,Treino,178.0,99.0,18.0,107.0,92.6,-18.0,7.273098320775922,0.4072473404255357,431330.0
31,320,Treino,173.0,99.0,18.0,107.0,90.8,-18.0,5.45482374058194,5.791962174940899,413690.0
31,325,Treino,168.0,99.0,0.0,89.0,89.0,0.0,0.0,0.0,396050.0
31,330,Treino,163.0,111.0,12.0,89.0,88.28,-12.0,2.8787752497851424,13.124339821940556,390074.0
31,335,Treino,158.0,111.0,12.0,89.0,87.08,-12.0,4.443936478908248,1.7259530141843946,380114.0
31,340,Treino,153.0,111.0,12.0,89.0,85.88,-12.0,5.317049972321426,-0.7586145884018265,370154.0
31,345,Treino,148.0,111.0,12.0,89.0,84.68,-12.0,5.818478656620734,-1.7081763445626443,360194.0
31,350,Treino,143.0,111.0,12.0,89.0,83.48,-12.0,6.041489206870663,-2.056566279508,350234.0
31,355,Treino,138.0,120.0,21.0,89.0,81.36,-21.0,7.342245666590806,-1.1828421996615623,333614.0
31,360,Treino,133.0,120.0,21.0,89.0,79.26,-21.0,7.852752019879037,-1.2463791087896763,317129.0
31,365,Treino,128.0,120.0,21.0,89.0,77.16,-21.0,7.773214080601225,-1.0127311156734184,300644.0
31,370,Treino,123.0,129.0,30.0,89.0,74.88,-30.0,7.375192837326702,-0.17944372516002716,283016.0
31,375,Treino,118.0,129.0,30.0,89.0,71.88,-30.0,7.113195556176435,0.02738966235332274,260816.0
31,380,Treino,113.0,129.0,18.0,77.0,69.6,-18.0,6.975174637562114,-1.2534611245228557,244592.0
31,385,Treino,108.0,129.0,18.0,77.0,67.8,-18.0,7.157128599928773,-1.4045890997339787,232352.0
31,390,Treino,103.0,129.0,18.0,77.0,66.0,-18.0,6.869037302955033,-1.1503655629225111,220112.0
31,395,Treino,98.0,144.0,33.0,77.0,63.0,-33.0,8.13408048313529,0.6565765207797787,201692.0
31,400,Treino,93.0,144.0,23.0,68.0,59.7,-23.0,8.47866470041367,-0.35798486236049865,181727.0
31,405,Treino,88.0,143.0,23.0,68.0,57.4,-23.0,9.080142046897542,-1.1775583237041842,168778.0
31,410,Treino,83.0,144.0,24.0,68.0,55.06,-24.0,9.063067012522273,-1.4529044073146882,155605.0
31,415,Treino,78.0,143.0,23.0,68.0,52.72,-23.0,8.405634650491953,-1.4889567936928858,142432.0
31,420,Treino,73.0,153.0,24.0,59.0,50.36,-24.0,7.553239607706653,-1.7132337386811531,129602.0
31,425,Treino,68.0,154.0,25.0,59.0,47.92,-25.0,8.29024506666155,-1.0814443543849612,118184.0
31,430,Treino,63.0,153.0,24.0,59.0,45.48,-24.0,8.261639902437711,-0.6104598634996479,106766.0
31,435,Treino,58.0,154.0,25.0,59.0,43.02,-25.0,7.481923794952029,0.3039495673637793,95279.0
31,440,Treino,53.0,154.0,25.0,59.0,40.56,-25.0,5.599416879261186,0.3635970551598735,83792.0
31,445,Treino,48.0,154.0,10.0,45.0,39.3,-10.0,5.071931564593351,-2.034642107816031,78485.0
31,450,Treino,43.0,154.0,11.0,45.0,38.36,-11.0,4.984711319502416,-1.7778934167882106,74792.0
31,455,Treino,38.0,153.0,9.0,45.0,37.34,-9.0,4.58306554567119,-0.9951372463974315,70743.0
31,460,Treino,33.0,154.0,10.0,45.0,36.32,-10.0,3.930207451553273,0.9588017244173788,66714.0
31,465,Treino,28.0,154.0,10.0,45.0,35.3,-10.0,2.786629886161593,7.988987492306308,62685.0
31,470,Treino,23.0,153.0,0.0,35.0,34.5,0.0,0.5050762722761054,-2.085106382978723,59525.0
31,475,Treino,18.0,171.0,18.0,35.0,33.22,-18.0,4.353230093263847,8.63853599774326,56107.0
31,480,Treino,13.0,169.0,15.0,35.0,31.62,-15.0,6.164049821674191,1.07180128609944,51853.0
31,485,Treino,8.0,169.0,16.0,35.0,30.02,-16.0,7.243547445267183,-0.9591146439614349,47631.0
31,490,Treino,3.0,169.0,15.0,35.0,28.48,-15.0,7.775524130899733,-1.770004114336441,43518.0
32,50,Treino,632.0,12.0,8.0,184.0,176.16,-8.0,1.1313708498984754,50.00000000000013,1551680.0
32,55,Treino,627.0,12.0,0.0,176.0,176.0,0.0,0.0,0.0,1548800.0
32,60,Treino,622.0,12.0,0.0,176.0,176.0,0.0,0.0,0.0,1548800.0
32,65,Treino,617.0,12.0,0.0,176.0,176.0,0.0,0.0,0.0,1548800.0
32,70,Treino,612.0,12.0,0.0,176.0,176.0,0.0,0.0,0.0,1548800.0
32,75,Treino,607.0,12.0,0.0,176.0,176.0,0.0,0.0,0.0,1548800.0
32,80,Treino,602.0,12.0,0.0,176.0,176.0,0.0,0.0,0.0,1548800.0
32,85,Treino,597.0,12.0,0.0,176.0,176.0,0.0,0.0,0.0,1548800.0
32,90,Treino,592.0,12.0,0.0,176.0,176.0,0.0,0.0,0.0,1548800.0
32,95,Treino,587.0,12.0,0.0,176.0,176.0,0.0,0.0,0.0,1548800.0
32,100,Treino,582.0,24.0,12.0,176.0,174.8,-12.0,3.636549160387958,5.79196217494094,1528400.0
32,105,Treino,577.0,24.0,12.0,176.0,173.6,-12.0,4.848732213850611,0.40724734042552413,1508000.0
32,110,Treino,572.0,24.0,12.0,176.0,172.4,-12.0,5.554920598635309,-1.2411347517730456,1487600.0
32,115,Treino,567.0,24.0,12.0,176.0,171.2,-12.0,5.938459911664724,-1.9004875886524863,1467200.0
32,120,Treino,562.0,24.0,12.0,176.0,170.0,-12.0,6.0609152673132645,-2.085106382978723,1446800.0
32,125,Treino,557.0,24.0,12.0,176.0,168.8,-12.0,5.938459911664726,-1.900487588652486,1426400.0
32,130,Treino,552.0,24.0,12.0,176.0,167.6,-12.0,5.554920598635313,-1.2411347517730456,1406000.0
32,135,Treino,547.0,33.0,21.0,176.0,166.22,-21.0,5.1001800688499115,0.49879706957441305,1382729.0
32,140,Treino,542.0,33.0,21.0,176.0,164.12,-21.0,4.959591819939236,2.186854547267246,1347974.0
32,145,Treino,537.0,33.0,9.0,164.0,162.02,-9.0,3.7660676183683224,-0.06075484798887176,1313219.0
32,150,Treino,532.0,33.0,9.0,164.0,161.12,-9.0,4.2409086434924514,-1.425365691489358,1298864.0
32,155,Treino,527.0,33.0,9.0,164.0,160.22,-9.0,4.487124437129608,-1.9686965028124235,1284509.0
32,160,Treino,522.0,33.0,9.0,164.0,159.32,-9.0,4.542048445540035,-2.078005660120021,1270154.0
32,165,Treino,517.0,33.0,9.0,164.0,158.42,-9.0,4.412829163302133,-1.8142903587038912,1255799.0
32,170,Treino,512.0,33.0,9.0,164.0,157.52,-9.0,4.082016308499652,-1.0213504728132494,1241444.0
32,175,Treino,507.0,47.0,23.0,164.0,156.06,-23.0,4.661654256609264,3.582339665412479,1218801.0
32,180,Treino,502.0,47.0,23.0,164.0,153.76,-23.0,5.748327174589355,1.6587921188508288,1183726.0
32,185,Treino,497.0,47.0,14.0,155.0,151.64,-14.0,6.039867548216598,-0.44297079134006356,1151522.0
32,190,Treino,492.0,47.0,14.0,155.0,150.24,-14.0,6.6992536897776915,-1.5796260477111495,1130802.0
32,195,Treino,487.0,47.0,14.0,155.0,148.84,-14.0,7.019971509913697,-2.0203699226305605,1110082.0
32,200,Treino,482.0,47.0,14.0,155.0,147.44,-14.0,7.048404074682438,-2.056566279508,1089362.0
32,205,Treino,477.0,47.0,14.0,155.0,146.04,-14.0,6.78822509939086,-1.7081763445626448,1068642.0
32,210,Treino,472.0,47.0,14.0,155.0,144.64,-14.0,6.203224967708327,-0.7586145884018114,1047922.0
32,215,Treino,467.0,60.0,27.0,155.0,142.46,-27.0,6.338125648383267,1.5122735294290717,1016711.0
32,220,Treino,462.0,60.0,27.0,155.0,139.76,-27.0,6.166267683360586,1.8321499186616208,978506.0
32,225,Treino,457.0,60.0,13.0,141.0,137.62,-13.0,5.760137470014876,-0.7586145884018181,948589.0
32,230,Treino,452.0,60.0,13.0,141.0,136.32,-13.0,6.303351878005795,-1.7081763445626503,931104.0
32,235,Treino,447.0,60.0,13.0,141.0,135.02,-13.0,6.544946640776549,-2.056566279507999,913619.0
32,240,Treino,442.0,60.0,13.0,141.0,133.72,-13.0,6.5185449734912915,-2.020369922630561,896134.0
32,245,Treino,437.0,60.0,13.0,141.0,132.42,-13.0,6.220735569079287,-1.5796260477111488,878649.0
32,250,Treino,432.0,60.0,13.0,141.0,131.12,-13.0,5.6084484376297015,-0.442970791340056,861164.0
32,255,Treino,427.0,72.0,25.0,141.0,128.62,-25.0,6.2003620697438535,1.3530761445905073,829039.0
32,260,Treino,422.0,72.0,25.0,141.0,126.12,-25.0,5.716570971611339,1.2009364119978843,796914.0
32,265,Treino,417.0,72.0,12.0,128.0,124.4,-12.0,5.554920598635309,-1.2411347517730456,775280.0
32,270,Treino,412.0,72.0,12.0,128.0,123.2,-12.0,5.938459911664724,-1.9004875886524817,760640.0
32,275,Treino,407.0,72.0,12.0,128.0,122.0,-12.0,6.0609152673132645,-2.085106382978723,746000.0
32,280,Treino,402.0,72.0,12.0,128.0,120.8,-12.0,5.938459911664721,-1.900487588652481,731360.0
32,285,Treino,397.0,72.0,12.0,128.0,119.6,-12.0,5.554920598635313,-1.2411347517730456,716720.0
32,290,Treino,392.0,77.0,17.0,128.0,118.1,-17.0,5.139880090716011,0.2578611432747717,698675.0
32,295,Treino,387.0,77.0,17.0,128.0,116.42,-17.0,4.2909016225839895,3.3623696676812482,678583.0
32,300,Treino,382.0,75.0,3.0,116.0,114.8,-3.0,2.070196678027062,-0.4948226950354675,659162.0
32,305,Treino,377.0,75.0,3.0,116.0,114.34,-3.0,2.2732696940840116,-1.5022384886851117,653935.0
32,310,Treino,372.0,77.0,5.0,116.0,113.84,-5.0,2.402039949369566,-1.9496595228846103,648260.0
32,315,Treino,367.0,76.0,4.0,116.0,113.36,-4.0,2.4054360205541934,-1.9768254972575807,642808.0
32,320,Treino,362.0,77.0,5.0,116.0,112.86,-5.0,2.3212417507244094,-1.621233606268605,637133.0
32,325,Treino,357.0,75.0,3.0,116.0,112.4,-3.0,2.1092604371761983,-0.704497794619348,631906.0
32,330,Treino,352.0,77.0,5.0,116.0,111.9,-5.0,1.7525491637693273,1.7124725268402488,626231.0
32,335,Treino,347.0,87.0,15.0,116.0,110.6,-15.0,3.0572763655761004,6.257180460554029,612076.0
32,340,Treino,342.0,87.0,10.0,113.0,109.4,-10.0,4.010191099319486,0.8850303525503911,599206.0
32,345,Treino,337.0,87.0,10.0,113.0,108.38,-10.0,4.67686446505453,-1.0315769785832871,588383.0
32,350,Treino,332.0,87.0,10.0,113.0,107.3,-10.0,4.998979487692197,-1.797375934499089,576889.0
32,355,Treino,327.0,87.0,10.0,113.0,106.26,-10.0,5.114245809900189,-2.0586315342620196,565841.0
32,360,Treino,322.0,87.0,10.0,113.0,105.26,-10.0,5.066134057219003,-1.9381511726444969,555241.0
32,365,Treino,317.0,87.0,10.0,113.0,104.24,-10.0,4.779035851871103,-1.3814850788640864,544418.0
32,370,Treino,312.0,98.0,21.0,113.0,102.58,-21.0,5.31109735384702,0.7909197719280492,527515.0
32,375,Treino,307.0,98.0,21.0,111.0,100.44,-21.0,5.628498911788113,0.7065454123299859,505962.0
32,380,Treino,302.0,98.0,21.0,111.0,98.34,-21.0,5.188724038032583,-0.3163754296677128,484857.0
32,385,Treino,297.0,98.0,11.0,101.0,97.04,-11.0,5.333605435235671,-1.7081763445626441,472232.0
32,390,Treino,292.0,97.0,10.0,101.0,96.0,-10.0,5.477225575051661,-2.047890432768852,462270.0
32,395,Treino,287.0,97.0,10.0,101.0,94.98,-10.0,5.400264543784606,-2.011138772191541,452489.0
32,400,Treino,282.0,97.0,10.0,101.0,93.96,-10.0,5.118832775115032,-1.5796666295547828,442708.0
32,405,Treino,277.0,97.0,10.0,101.0,92.92,-10.0,4.60629560315808,-0.4729269630623687,432746.0
32,410,Treino,272.0,98.0,11.0,101.0,91.86,-11.0,3.7526045376946584,2.5285152928012673,422603.0
32,415,Treino,267.0,105.0,18.0,101.0,90.2,-18.0,3.0371845179241843,7.099523207385568,407254.0
32,420,Treino,262.0,105.0,7.0,91.0,89.06,-7.0,2.9025674771112,0.8318315404171184,396997.0
32,425,Treino,257.0,105.0,7.0,91.0,88.36,-7.0,3.4032397529892795,-1.0471787581904293,390942.0
32,430,Treino,252.0,105.0,7.0,91.0,87.66,-7.0,3.7066404834390667,-1.7996189843415664,384887.0
32,435,Treino,247.0,105.0,7.0,91.0,86.96,-7.0,3.859575952175609,-2.0474097493322,378832.0
32,440,Treino,242.0,105.0,8.0,91.0,86.2,-8.0,3.811904018321809,-1.9243894411435276,372234.0
32,445,Treino,237.0,105.0,8.0,91.0,85.42,-8.0,3.574798410186145,-1.360557368198315,365455.0
32,450,Treino,232.0,105.0,8.0,91.0,84.64,-8.0,3.1282778727247966,0.03853502686444754,358676.0
32,455,Treino,227.0,117.0,19.0,91.0,82.92,-19.0,4.284952313215469,3.6038948104934283,344686.0
32,460,Treino,222.0,117.0,19.0,90.0,81.0,-19.0,4.785181206984064,0.9323172560742252,329172.0
32,465,Treino,217.0,117.0,12.0,83.0,79.7,-12.0,5.3538084861267174,-0.9874274228844762,319009.0
32,470,Treino,212.0,117.0,12.0,83.0,78.54,-12.0,5.768351372014401,-1.7824207913603636,310057.0
32,475,Treino,207.0,117.0,12.0,83.0,77.34,-12.0,5.964555169276827,-2.0603360295309514,300817.0
32,480,Treino,202.0,117.0,12.0,83.0,76.16,-12.0,5.894861131112589,-1.9608752831330978,291720.0
32,485,Treino,197.0,115.0,10.0,83.0,75.0,-10.0,5.565931353936616,-1.4341397469704227,282768.0
32,490,Treino,192.0,117.0,12.0,83.0,73.84,-12.0,4.941948719165061,-0.11555112142859425,273814.0
32,495,Treino,187.0,129.0,24.0,83.0,72.22,-24.0,4.734976240700683,3.332467615164015,261885.0
32,500,Treino,182.0,129.0,24.0,83.0,69.82,-24.0,4.745309176826464,2.5713380620061335,244845.0
32,505,Treino,177.0,129.0,12.0,73.0,68.38,-12.0,5.356247544233,-0.4759004696388174,235197.0
32,510,Treino,172.0,129.0,12.0,73.0,67.16,-12.0,5.943131861782186,-1.5720435316753674,227254.0
32,515,Treino,167.0,129.0,12.0,73.0,65.92,-12.0,6.21663338248645,-1.9968037217497652,219166.0
32,520,Treino,162.0,129.0,12.0,73.0,64.68,-12.0,6.231716113101247,-2.025854189542752,211078.0
32,525,Treino,157.0,129.0,13.0,73.0,63.48,-13.0,6.048241437789664,-1.6625814696431218,203278.0
32,530,Treino,152.0,129.0,12.0,73.0,62.26,-12.0,5.568900525348295,-0.6871968074467598,195335.0
32,535,Treino,147.0,129.0,13.0,73.0,61.02,-13.0,4.683841088992966,1.8197061603293632,187247.0
32,540,Treino,142.0,144.0,29.0,73.0,59.18,-29.0,4.420222544956166,8.240360371024297,176071.0
32,545,Treino,137.0,144.0,15.0,59.0,56.9,-15.0,5.257647491307984,2.6843146956951998,163235.0
32,550,Treino,132.0,144.0,15.0,59.0,55.5,-15.0,6.299497874385525,-0.4062654772641827,155957.0
32,555,Treino,127.0,144.0,15.0,59.0,54.06,-15.0,6.964662993443753,-1.5486056615664936,148501.0
32,560,Treino,122.0,143.0,14.0,59.0,52.66,-14.0,7.241067685396248,-1.9951965243963563,141223.0
32,565,Treino,117.0,143.0,14.0,59.0,51.26,-14.0,7.238812621090929,-2.037238457331153,133947.0
32,570,Treino,112.0,143.0,14.0,59.0,49.82,-14.0,6.980117535996549,-1.704173824506754,126489.0
32,575,Treino,107.0,143.0,14.0,59.0,48.38,-14.0,6.388414258225115,-0.783338149435763,119031.0
32,580,Treino,102.0,152.0,23.0,59.0,46.3,-23.0,6.027995910240612,1.041828789764084,108965.0
32,585,Treino,97.0,152.0,23.0,59.0,44.02,-23.0,4.999959183506873,3.508344212475495,98113.0
32,590,Treino,92.0,152.0,8.0,46.0,42.32,-8.0,3.856825383760111,-1.0105422036949592,90278.0
32,595,Treino,87.0,152.0,10.0,46.0,41.52,-10.0,4.243794990143533,-1.7620708993207066,87078.0
32,600,Treino,82.0,152.0,10.0,46.0,40.62,-10.0,4.360724523212505,-2.0041189469102223,83431.0
32,605,Treino,77.0,152.0,8.0,46.0,39.76,-8.0,4.330998847888115,-1.8879983093714112,79962.0
32,610,Treino,72.0,152.0,8.0,46.0,38.86,-8.0,4.065835757647289,-1.3283478445141472,76315.0
32,615,Treino,67.0,163.0,20.0,45.0,36.82,-20.0,5.401020311771035,1.0014194128203524,69215.0
32,620,Treino,62.0,163.0,20.0,45.0,34.82,-20.0,5.8473437192821605,0.10450820246531434,62297.0
32,625,Treino,57.0,165.0,21.0,44.0,32.78,-21.0,5.636216707642654,-0.9701032375195457,55283.0
32,630,Treino,52.0,163.0,12.0,37.0,31.4,-12.0,5.760527186758845,-1.8238582575234568,50924.0
32,635,Treino,47.0,163.0,11.0,36.0,30.28,-11.0,5.806540998507368,-2.033534805407287,47496.0
32,640,Treino,42.0,164.0,12.0,36.0,29.12,-12.0,5.709426505386349,-1.869862094473747,43996.0
32,645,Treino,37.0,164.0,12.0,36.0,27.98,-12.0,5.343277294404434,-1.2480336934584282,40543.0
32,650,Treino,32.0,177.0,25.0,36.0,25.76,-25.0,6.377767506529771,0.9925373121628249,35172.0
32,655,Treino,27.0,177.0,25.0,36.0,23.26,-25.0,6.769710451107694,0.48969864324511336,29297.0
32,660,Treino,22.0,177.0,12.0,25.0,20.76,-12.0,6.182793767829409,-1.0454633624275331,23422.0
32,665,Treino,17.0,177.0,14.0,25.0,19.4,-14.0,6.670067159959286,-1.8075693736826368,20998.0
32,670,Treino,12.0,177.0,14.0,25.0,18.04,-14.0,6.854046920154068,-2.0570685583550197,18574.0
32,675,Treino,7.0,177.0,14.0,25.0,16.72,-14.0,6.8034805018296,-1.9450270548712123,16246.0
32,680,Treino,2.0,177.0,14.0,25.0,15.38,-14.0,6.4583121570862,-1.399837250566262,13871.0
33,50,Treino,1607.0,13.0,13.0,189.0,176.0,-13.0,1.958758457257441,41.649740423605564,1548988.0
33,55,Treino,1602.0,13.0,0.0,176.0,175.74,0.0,0.5646020812962715,3.567597293541798,1544243.0
33,60,Treino,1597.0,13.0,0.0,176.0,175.74,0.0,0.5646020812962715,3.567597293541798,1544243.0
33,65,Treino,1592.0,14.0,0.0,176.0,175.72,0.0,0.5728553615932405,2.9432367378730184,1543892.0
33,70,Treino,1587.0,13.0,0.0,176.0,175.64,0.0,0.6627093431281833,1.3677378375031308,1542492.0
33,75,Treino,1582.0,13.0,-1.0,176.0,175.64,1.0,0.6627093431281833,1.3677378375031317,1542492.0
33,80,Treino,1577.0,15.0,0.0,176.0,175.6,0.0,0.6998542122237648,0.7764849290779625,1541792.0
33,85,Treino,1572.0,14.0,1.0,176.0,175.6,-1.0,0.6700593942604895,0.807763319852242,1541790.0
33,90,Treino,1567.0,13.0,0.0,176.0,175.6,0.0,0.6388765649999396,0.7727925531914361,1541788.0
33,95,Treino,1562.0,13.0,0.0,176.0,175.58,0.0,0.6727949622466641,0.5745405363298044,1541439.0
33,100,Treino,1557.0,15.0,2.0,176.0,175.38,-2.0,1.0669429914193054,12.25786128018145,1537963.0
33,105,Treino,1552.0,13.0,0.0,176.0,175.28,0.0,1.19591140208322,7.455387674110886,1536224.0
33,110,Treino,1547.0,14.0,1.0,176.0,175.26,-1.0,1.191980002571609,7.415970042504453,1535873.0
33,115,Treino,1542.0,13.0,-1.0,176.0,175.26,1.0,1.1919800025716092,7.4159700425044495,1535873.0
33,120,Treino,1537.0,27.0,14.0,176.0,174.46,-14.0,3.399939975460551,9.393597915304253,1522381.0
33,125,Treino,1532.0,27.0,13.0,176.0,173.06,-13.0,5.01593379509087,1.2410616235225547,1498721.0
33,130,Treino,1527.0,27.0,13.0,176.0,171.74,-13.0,5.944676919183194,-0.8835067072772897,1476463.0
33,135,Treino,1522.0,27.0,14.0,176.0,170.4,-14.0,6.46497628513415,-1.7192675762988125,1453856.0
33,140,Treino,1517.0,27.0,14.0,176.0,169.04,-14.0,6.657694642981437,-2.001402988486093,1430898.0
33,145,Treino,1512.0,27.0,12.0,176.0,167.66,-12.0,6.62589231572562,-1.9003018910274938,1407645.0
33,150,Treino,1507.0,27.0,14.0,176.0,166.46,-14.0,6.411755784876558,-1.4720331503974597,1387461.0
33,155,Treino,1502.0,27.0,14.0,176.0,165.2,-14.0,5.8693253097640445,-0.37775367227489465,1366240.0
33,160,Treino,1497.0,27.0,13.0,176.0,163.82,-13.0,4.697763254128158,2.8249302416693896,1342931.0
33,165,Treino,1492.0,27.0,11.0,175.0,162.44,-11.0,2.4088273038123433,22.403290564991494,1319622.0
33,170,Treino,1487.0,27.0,0.0,162.0,161.96,0.0,0.282842712474619,50.00000000000087,1311556.0
33,175,Treino,1482.0,27.0,0.0,162.0,161.96,0.0,0.282842712474619,50.00000000000087,1311556.0
33,180,Treino,1477.0,27.0,0.0,162.0,161.96,0.0,0.28284271247461906,50.00000000000087,1311556.0
33,185,Treino,1472.0,27.0,0.0,162.0,161.96,0.0,0.28284271247461906,50.00000000000087,1311556.0
33,190,Treino,1467.0,27.0,0.0,162.0,161.96,0.0,0.28284271247461906,50.00000000000087,1311556.0
33,195,Treino,1462.0,27.0,0.0,162.0,162.0,0.0,0.0,0.0,1312200.0
33,200,Treino,1457.0,27.0,0.0,162.0,162.0,0.0,0.0,0.0,1312200.0
33,205,Treino,1452.0,27.0,0.0,162.0,162.0,0.0,0.0,0.0,1312200.0
33,210,Treino,1447.0,27.0,0.0,162.0,162.0,0.0,0.0,0.0,1312200.0
33,215,Treino,1442.0,27.0,0.0,162.0,162.0,0.0,0.0,0.0,1312200.0
33,220,Treino,1437.0,27.0,0.0,162.0,162.0,0.0,0.0,0.0,1312200.0
33,225,Treino,1432.0,27.0,0.0,162.0,162.0,0.0,0.0,0.0,1312200.0
33,230,Treino,1427.0,27.0,0.0,162.0,161.98,0.0,0.1414213562373095,49.9999999999978,1311877.0
33,235,Treino,1422.0,27.0,0.0,162.0,161.98,0.0,0.1414213562373095,49.9999999999978,1311877.0
33,240,Treino,1417.0,27.0,0.0,162.0,161.98,0.0,0.1414213562373095,49.9999999999978,1311877.0
33,245,Treino,1412.0,27.0,0.0,162.0,161.96,0.0,0.19794866372215741,22.3307291666675,1311554.0
33,250,Treino,1407.0,27.0,0.0,162.0,161.96,0.0,0.19794866372215741,22.3307291666675,1311554.0
33,255,Treino,1402.0,27.0,0.0,162.0,161.96,0.0,0.19794866372215741,22.3307291666675,1311554.0
33,260,Treino,1397.0,33.0,6.0,162.0,161.72,-6.0,1.19591140208322,20.961201729397136,1307738.0
33,265,Treino,1392.0,33.0,6.0,162.0,161.12,-6.0,2.0960604446807114,2.585238882029934,1298198.0
33,270,Treino,1387.0,33.0,6.0,162.0,160.52,-6.0,2.5733326283880458,-0.46705138161109305,1288658.0
33,275,Treino,1382.0,33.0,5.0,162.0,159.92,-5.0,2.848845093603184,-1.5828586254571122,1279118.0
33,280,Treino,1377.0,33.0,6.0,162.0,159.34,-6.0,2.9939394565334423,-2.016523017814832,1269901.0
33,285,Treino,1372.0,33.0,6.0,162.0,158.74,-6.0,3.0021081028544723,-2.0475739724276196,1260361.0
33,290,Treino,1367.0,33.0,6.0,162.0,158.14,-6.0,2.885643563489813,-1.6917405687242506,1250821.0
33,295,Treino,1362.0,33.0,6.0,162.0,157.56,-6.0,2.6585249861607134,-0.7586145884018265,1241604.0
33,300,Treino,1357.0,33.0,6.0,162.0,156.96,-6.0,2.2219682394541227,1.7259530141843697,1232064.0
33,305,Treino,1352.0,33.0,6.0,162.0,156.36,-6.0,1.4393876248925717,13.124339821940382,1222524.0
33,310,Treino,1347.0,33.0,0.0,156.0,156.0,0.0,0.0,0.0,1216800.0
33,315,Treino,1342.0,33.0,0.0,156.0,156.0,0.0,0.0,0.0,1216800.0
33,320,Treino,1337.0,33.0,0.0,156.0,156.0,0.0,0.0,0.0,1216800.0
33,325,Treino,1332.0,33.0,0.0,156.0,156.0,0.0,0.0,0.0,1216800.0
33,330,Treino,1327.0,33.0,0.0,156.0,156.0,0.0,0.0,0.0,1216800.0
33,335,Treino,1322.0,36.0,3.0,156.0,155.82,-3.0,0.7196938124462856,13.124339821940389,1214019.0
33,340,Treino,1317.0,36.0,3.0,156.0,155.52,-3.0,1.1109841197270618,1.7259530141844737,1209384.0
33,345,Treino,1312.0,36.0,3.0,156.0,155.22,-3.0,1.3292624930803565,-0.7586145884018265,1204749.0
33,350,Treino,1307.0,36.0,3.0,156.0,154.92,-3.0,1.4546196641551832,-1.70817634456267,1200114.0
33,355,Treino,1302.0,36.0,3.0,156.0,154.62,-3.0,1.5103723017176647,-2.056566279507998,1195479.0
33,360,Treino,1297.0,36.0,3.0,156.0,154.32,-3.0,1.5042796092672197,-2.0203699226305556,1190844.0
33,365,Treino,1292.0,36.0,3.0,156.0,154.02,-3.0,1.435554362095219,-1.5796260477111754,1186209.0
33,370,Treino,1287.0,36.0,3.0,156.0,153.7,-3.0,1.3131983079178728,-0.4543124197778545,1181269.0
33,375,Treino,1282.0,36.0,3.0,156.0,153.4,-3.0,1.0690449676496971,2.543550531914849,1176634.0
33,380,Treino,1277.0,36.0,3.0,156.0,153.1,-3.0,0.6144518047887584,19.936449963477198,1171999.0
33,385,Treino,1272.0,36.0,0.0,153.0,152.98,0.0,0.1414213562373095,49.9999999999978,1170145.0
33,390,Treino,1267.0,36.0,0.0,153.0,152.98,0.0,0.14142135623730948,49.9999999999978,1170145.0
33,395,Treino,1262.0,36.0,0.0,153.0,152.98,0.0,0.14142135623730948,49.99999999999781,1170145.0
33,400,Treino,1257.0,36.0,0.0,153.0,152.98,0.0,0.14142135623730948,49.99999999999781,1170145.0
33,405,Treino,1252.0,36.0,0.0,153.0,152.98,0.0,0.14142135623730948,49.99999999999781,1170145.0
33,410,Treino,1247.0,50.0,14.0,153.0,152.7,-14.0,1.9820624179302297,49.46049586776843,1166057.0
33,415,Treino,1242.0,50.0,14.0,153.0,151.3,-14.0,4.590362575159894,3.9607659818956655,1145617.0
33,420,Treino,1237.0,50.0,14.0,153.0,149.92,-14.0,5.858327406350725,-0.06075484798890507,1125482.0
33,425,Treino,1232.0,50.0,14.0,153.0,148.52,-14.0,6.596969000988258,-1.4253656914893558,1105042.0
33,430,Treino,1227.0,50.0,14.0,153.0,147.12,-14.0,6.97997134664606,-1.968696502812423,1084602.0
33,435,Treino,1222.0,50.0,14.0,153.0,145.72,-14.0,7.065408693062277,-2.078005660120021,1064162.0
33,440,Treino,1217.0,50.0,14.0,153.0,144.32,-14.0,6.86440092069221,-1.8142903587038963,1043722.0
33,445,Treino,1212.0,50.0,14.0,153.0,142.92,-14.0,6.349803146555017,-1.0213504728132303,1023282.0
33,450,Treino,1207.0,50.0,14.0,153.0,141.52,-14.0,5.4332310828824495,0.9888715908435497,1002842.0
33,455,Treino,1202.0,50.0,14.0,153.0,140.12,-14.0,3.8366652186501784,8.534487742830704,982402.0
33,460,Treino,1197.0,50.0,0.0,139.0,139.0,0.0,0.0,0.0,966050.0
33,465,Treino,1192.0,50.0,0.0,139.0,139.0,0.0,0.0,0.0,966050.0
33,470,Treino,1187.0,50.0,0.0,139.0,139.0,0.0,0.0,0.0,966050.0
33,475,Treino,1182.0,50.0,0.0,139.0,139.0,0.0,0.0,0.0,966050.0
33,480,Treino,1177.0,50.0,0.0,139.0,139.0,0.0,0.0,0.0,966050.0
33,485,Treino,1172.0,59.0,9.0,139.0,138.46,-9.0,2.159081437338857,13.124339821940609,958787.0
33,490,Treino,1167.0,59.0,9.0,139.0,137.56,-9.0,3.3329523591811854,1.7259530141844017,946682.0
33,495,Treino,1162.0,59.0,9.0,139.0,136.66,-9.0,3.9877874792410695,-0.7586145884018269,934577.0
33,500,Treino,1157.0,59.0,9.0,139.0,135.76,-9.0,4.363858992465549,-1.7081763445626532,922472.0
33,505,Treino,1152.0,59.0,9.0,139.0,134.86,-9.0,4.531116905152994,-2.0565662795079973,910367.0
33,510,Treino,1147.0,59.0,9.0,139.0,133.96,-9.0,4.512838827801667,-2.0203699226305627,898262.0
33,515,Treino,1142.0,59.0,9.0,139.0,133.06,-9.0,4.306663086285659,-1.5796260477111557,886157.0
33,520,Treino,1137.0,59.0,9.0,139.0,132.16,-9.0,3.882771995282105,-0.44297079134004713,874052.0
33,525,Treino,1132.0,59.0,9.0,139.0,131.26,-9.0,3.1545884947847873,2.6843146956952237,861947.0
33,530,Treino,1127.0,59.0,9.0,139.0,130.36,-9.0,1.7815379734994168,22.330729166666504,849842.0
33,535,Treino,1122.0,59.0,0.0,130.0,130.0,0.0,0.0,0.0,845000.0
33,540,Treino,1117.0,59.0,0.0,130.0,130.0,0.0,0.0,0.0,845000.0
33,545,Treino,1112.0,59.0,0.0,130.0,130.0,0.0,0.0,0.0,845000.0
33,550,Treino,1107.0,59.0,0.0,130.0,130.0,0.0,0.0,0.0,845000.0
33,555,Treino,1102.0,59.0,0.0,130.0,130.0,0.0,0.0,0.0,845000.0
33,560,Treino,1097.0,59.0,0.0,130.0,130.0,0.0,0.0,0.0,845000.0
33,565,Treino,1092.0,71.0,12.0,130.0,129.52,-12.0,2.3753839646658887,22.330729166666767,839048.0
33,570,Treino,1087.0,71.0,12.0,130.0,128.32,-12.0,4.206117993046387,2.6843146956951847,824168.0
33,575,Treino,1082.0,71.0,12.0,130.0,127.12,-12.0,5.1770293270428,-0.4429707913400476,809288.0
33,580,Treino,1077.0,71.0,12.0,130.0,125.92,-12.0,5.7422174483808766,-1.579626047711153,794408.0
33,585,Treino,1072.0,71.0,12.0,130.0,124.72,-12.0,6.017118437068886,-2.020369922630561,779528.0
33,590,Treino,1067.0,71.0,12.0,130.0,123.52,-12.0,6.04148920687066,-2.056566279508,764648.0
33,595,Treino,1062.0,71.0,12.0,130.0,122.32,-12.0,5.818478656620734,-1.7081763445626443,749768.0
33,600,Treino,1057.0,71.0,12.0,130.0,121.12,-12.0,5.317049972321427,-0.7586145884018265,734888.0
33,605,Treino,1052.0,71.0,12.0,130.0,119.92,-12.0,4.443936478908252,1.7259530141843937,720008.0
33,610,Treino,1047.0,71.0,12.0,130.0,118.72,-12.0,2.87877524978514,13.124339821940566,705128.0
33,615,Treino,1042.0,71.0,0.0,118.0,118.0,0.0,0.0,0.0,696200.0
33,620,Treino,1037.0,71.0,0.0,118.0,118.0,0.0,0.0,0.0,696200.0
33,625,Treino,1032.0,71.0,0.0,118.0,118.0,0.0,0.0,0.0,696200.0
33,630,Treino,1027.0,71.0,0.0,118.0,118.0,0.0,0.0,0.0,696200.0
33,635,Treino,1022.0,71.0,0.0,118.0,118.0,0.0,0.0,0.0,696200.0
33,640,Treino,1017.0,71.0,0.0,118.0,118.0,0.0,0.0,0.0,696200.0
33,645,Treino,1012.0,80.0,9.0,118.0,117.46,-9.0,2.1590814373388567,13.124339821940502,690071.0
33,650,Treino,1007.0,80.0,9.0,118.0,116.56,-9.0,3.3329523591811854,1.7259530141844017,679856.0
33,655,Treino,1002.0,80.0,9.0,118.0,115.66,-9.0,3.9877874792410695,-0.7586145884018269,669641.0
33,660,Treino,997.0,80.0,9.0,118.0,114.76,-9.0,4.363858992465552,-1.7081763445626446,659426.0
33,665,Treino,992.0,80.0,9.0,118.0,113.86,-9.0,4.531116905152996,-2.0565662795080004,649211.0
33,670,Treino,987.0,80.0,9.0,118.0,112.96,-9.0,4.512838827801667,-2.0203699226305596,638996.0
33,675,Treino,982.0,80.0,9.0,118.0,112.06,-9.0,4.306663086285659,-1.5796260477111557,628781.0
33,680,Treino,977.0,80.0,9.0,118.0,111.16,-9.0,3.882771995282105,-0.44297079134004713,618566.0
33,685,Treino,972.0,80.0,9.0,118.0,110.26,-9.0,3.1545884947847904,2.6843146956951873,608351.0
33,690,Treino,967.0,80.0,9.0,118.0,109.36,-9.0,1.7815379734994197,22.33072916666668,598136.0
33,695,Treino,962.0,80.0,0.0,109.0,109.0,0.0,0.0,0.0,594050.0
33,700,Treino,957.0,80.0,0.0,109.0,109.0,0.0,0.0,0.0,594050.0
33,705,Treino,952.0,80.0,0.0,109.0,109.0,0.0,0.0,0.0,594050.0
33,710,Treino,947.0,80.0,0.0,109.0,109.0,0.0,0.0,0.0,594050.0
33,715,Treino,942.0,80.0,0.0,109.0,109.0,0.0,0.0,0.0,594050.0
33,720,Treino,937.0,80.0,0.0,109.0,109.0,0.0,0.0,0.0,594050.0
33,725,Treino,932.0,86.0,6.0,109.0,108.76,-6.0,1.1876919823329444,22.330729166666767,591506.0
33,730,Treino,927.0,86.0,6.0,109.0,108.16,-6.0,2.1030589965231936,2.6843146956951847,585146.0
33,735,Treino,922.0,86.0,6.0,109.0,107.56,-6.0,2.5885146635214,-0.4429707913400476,578786.0
33,740,Treino,917.0,86.0,6.0,109.0,106.96,-6.0,2.8711087241904387,-1.579626047711161,572426.0
33,745,Treino,912.0,86.0,6.0,109.0,106.36,-6.0,3.008559218534443,-2.020369922630561,566066.0
33,750,Treino,907.0,86.0,6.0,109.0,105.76,-6.0,3.020744603435332,-2.056566279508001,559706.0
33,755,Treino,902.0,86.0,6.0,109.0,105.16,-6.0,2.909239328310367,-1.7081763445626443,553346.0
33,760,Treino,897.0,86.0,6.0,109.0,104.56,-6.0,2.6585249861607134,-0.7586145884018265,546986.0
33,765,Treino,892.0,86.0,6.0,109.0,103.96,-6.0,2.2219682394541227,1.7259530141844213,540626.0
33,770,Treino,887.0,86.0,6.0,109.0,103.36,-6.0,1.43938762489257,13.124339821940566,534266.0
33,775,Treino,882.0,86.0,0.0,103.0,103.0,0.0,0.0,0.0,530450.0
33,780,Treino,877.0,86.0,0.0,103.0,103.0,0.0,0.0,0.0,530450.0
33,785,Treino,872.0,86.0,0.0,103.0,103.0,0.0,0.0,0.0,530450.0
33,790,Treino,867.0,86.0,0.0,103.0,103.0,0.0,0.0,0.0,530450.0
33,795,Treino,862.0,86.0,0.0,105.0,103.04,0.0,0.28284271247461906,49.99999999999932,530866.0
33,800,Treino,857.0,96.0,10.0,105.0,102.24,-10.0,2.76685926712611,8.312301417189904,523026.0
33,805,Treino,852.0,96.0,10.0,105.0,101.24,-10.0,3.910008090184229,0.9597097040065883,513226.0
33,810,Treino,847.0,96.0,10.0,105.0,100.24,-10.0,4.569463863518345,-1.0229060492171826,503426.0
33,815,Treino,842.0,96.0,10.0,105.0,99.24,-10.0,4.942774565784209,-1.8052373082887794,493626.0
33,820,Treino,837.0,96.0,10.0,105.0,98.24,-10.0,5.093252839767128,-2.0610566118617397,483826.0
33,825,Treino,832.0,96.0,10.0,105.0,97.24,-10.0,5.0408939926265015,-1.941942089304231,474026.0
33,830,Treino,827.0,96.0,10.0,105.0,96.24,-10.0,4.779035851871103,-1.3814850788640864,464226.0
33,835,Treino,822.0,96.0,10.0,105.0,95.24,-10.0,4.269301907280655,0.02322837383719234,454426.0
33,840,Treino,817.0,96.0,12.0,105.0,94.24,-12.0,3.4020402042040034,4.203716379684377,444626.0
33,845,Treino,812.0,96.0,10.0,103.0,93.2,-10.0,1.414213562373097,49.99999999999987,434410.0
33,850,Treino,807.0,96.0,0.0,93.0,93.0,0.0,0.0,0.0,432450.0
33,855,Treino,802.0,96.0,0.0,93.0,93.0,0.0,0.0,0.0,432450.0
33,860,Treino,797.0,96.0,0.0,93.0,93.0,0.0,0.0,0.0,432450.0
33,865,Treino,792.0,96.0,0.0,93.0,93.0,0.0,0.0,0.0,432450.0
33,870,Treino,787.0,108.0,12.0,93.0,92.52,-12.0,2.3753839646658887,22.33072916666663,428274.0
33,875,Treino,782.0,108.0,12.0,93.0,91.32,-12.0,4.206117993046387,2.6843146956951847,417834.0
33,880,Treino,777.0,108.0,12.0,93.0,90.12,-12.0,5.1770293270428,-0.4429707913400476,407394.0
33,885,Treino,772.0,108.0,12.0,93.0,88.92,-12.0,5.7422174483808766,-1.579626047711153,396954.0
33,890,Treino,767.0,108.0,12.0,93.0,87.72,-12.0,6.017118437068886,-2.020369922630561,386514.0
33,895,Treino,762.0,108.0,12.0,93.0,86.52,-12.0,6.04148920687066,-2.056566279508,376074.0
33,900,Treino,757.0,108.0,12.0,93.0,85.32,-12.0,5.818478656620734,-1.7081763445626443,365634.0
33,905,Treino,752.0,108.0,12.0,93.0,84.12,-12.0,5.317049972321427,-0.7586145884018265,355194.0
33,910,Treino,747.0,108.0,12.0,93.0,82.92,-12.0,4.443936478908252,1.7259530141843937,344754.0
33,915,Treino,742.0,108.0,12.0,93.0,81.72,-12.0,2.87877524978514,13.124339821940566,334314.0
33,920,Treino,737.0,108.0,0.0,81.0,81.0,0.0,0.0,0.0,328050.0
33,925,Treino,732.0,108.0,0.0,81.0,81.0,0.0,0.0,0.0,328050.0
33,930,Treino,727.0,108.0,0.0,81.0,81.0,0.0,0.0,0.0,328050.0
33,935,Treino,722.0,108.0,0.0,81.0,81.0,0.0,0.0,0.0,328050.0
33,940,Treino,717.0,108.0,0.0,81.0,81.0,0.0,0.0,0.0,328050.0
33,945,Treino,712.0,108.0,0.0,81.0,81.0,0.0,0.0,0.0,328050.0
33,950,Treino,707.0,108.0,0.0,81.0,81.0,0.0,0.0,0.0,328050.0
33,955,Treino,702.0,116.0,8.0,81.0,80.68,-8.0,1.583589309777259,22.33072916666676,325586.0
33,960,Treino,697.0,116.0,8.0,81.0,79.9,-8.0,2.7571798665169687,2.7446390281442383,319573.0
33,965,Treino,692.0,116.0,8.0,81.0,79.14,-8.0,3.3503578852390787,-0.38435086224600834,313707.0
33,970,Treino,687.0,116.0,8.0,81.0,78.34,-8.0,3.7504285469415746,-1.5487764757079292,307547.0
33,975,Treino,682.0,116.0,8.0,81.0,77.54,-8.0,3.9497352016641964,-2.0027181221377397,301387.0
33,980,Treino,677.0,115.0,7.0,81.0,76.78,-7.0,3.944978725273072,-2.041889637102648,295521.0
33,985,Treino,672.0,114.0,6.0,81.0,76.08,-6.0,3.7516798958355095,-1.7061130938567577,290098.0
33,990,Treino,667.0,115.0,7.0,81.0,75.34,-7.0,3.420287611727818,-0.8116278194902296,284379.0
33,995,Treino,662.0,115.0,7.0,81.0,74.62,-7.0,2.8634929433708605,1.4193726860727045,278809.0
33,1000,Treino,657.0,116.0,8.0,81.0,73.86,-8.0,1.9060590821088923,10.467940058168619,272943.0
33,1005,Treino,652.0,115.0,-1.0,75.0,73.44,1.0,0.5771145679064046,-0.12776387150603297,269688.0
33,1010,Treino,647.0,115.0,0.0,75.0,73.52,0.0,0.6141195788629905,-0.3661494050758831,270278.0
33,1015,Treino,642.0,116.0,0.0,75.0,73.5,0.0,0.614451804788759,-0.25968636836951964,270131.0
33,1020,Treino,637.0,116.0,0.0,75.0,73.58,0.0,0.6417450698633198,-0.5072570094169793,270721.0
33,1025,Treino,632.0,116.0,0.0,75.0,73.58,0.0,0.6417450698633198,-0.5072570094169788,270721.0
33,1030,Treino,627.0,114.0,-2.0,75.0,73.6,2.0,0.6700593942604895,-0.56543432389658,270870.0
33,1035,Treino,622.0,126.0,11.0,75.0,72.5,-11.0,3.2592098704428096,5.1827125384527175,263333.0
33,1040,Treino,617.0,126.0,10.0,75.0,71.44,-10.0,4.30547823791305,0.3057721272927334,256092.0
33,1045,Treino,612.0,126.0,11.0,75.0,70.36,-11.0,4.8979795917942175,-1.2495429941724774,248702.0
33,1050,Treino,607.0,126.0,11.0,75.0,69.32,-11.0,5.238943654234592,-1.877755972953036,241608.0
33,1055,Treino,602.0,126.0,11.0,75.0,68.26,-11.0,5.336856829288802,-2.0412016269392277,234367.0
33,1060,Treino,597.0,126.0,10.0,75.0,67.16,-10.0,5.164083181169798,-1.8440890826322975,226830.0
33,1065,Treino,592.0,126.0,12.0,75.0,66.14,-12.0,4.861384702375425,-1.1557088902094739,219883.0
33,1070,Treino,587.0,126.0,10.0,75.0,65.06,-10.0,4.171868861304052,0.5132204231171773,212493.0
33,1075,Treino,582.0,126.0,10.0,75.0,64.06,-10.0,3.222434116107429,6.071673209882352,205693.0
33,1080,Treino,577.0,126.0,0.0,63.0,63.0,0.0,0.0,0.0,198450.0
33,1085,Treino,572.0,126.0,0.0,63.0,63.0,0.0,0.0,0.0,198450.0
33,1090,Treino,567.0,126.0,0.0,63.0,63.0,0.0,0.0,0.0,198450.0
33,1095,Treino,562.0,126.0,0.0,63.0,63.0,0.0,0.0,0.0,198450.0
33,1100,Treino,557.0,126.0,0.0,63.0,63.0,0.0,0.0,0.0,198450.0
33,1105,Treino,552.0,126.0,0.0,63.0,63.0,0.0,0.0,0.0,198450.0
33,1110,Treino,547.0,132.0,6.0,63.0,62.88,-6.0,0.848528137423857,50.0000000000001,197730.0
33,1115,Treino,542.0,132.0,6.0,63.0,62.28,-6.0,1.9695643359558954,3.97374677627338,194130.0
33,1120,Treino,537.0,132.0,6.0,63.0,61.68,-6.0,2.510711745578882,-0.06075484798889086,190530.0
33,1125,Treino,532.0,132.0,6.0,63.0,61.08,-6.0,2.8272724289949664,-1.4253656914893633,186930.0
33,1130,Treino,527.0,132.0,6.0,63.0,60.48,-6.0,2.991416291419739,-1.9686965028124248,183330.0
33,1135,Treino,522.0,132.0,6.0,63.0,59.88,-6.0,3.0280322970266895,-2.078005660120022,179730.0
33,1140,Treino,517.0,132.0,6.0,63.0,59.28,-6.0,2.9418861088680863,-1.814290358703898,176130.0
33,1145,Treino,512.0,132.0,6.0,63.0,58.68,-6.0,2.7213442056664383,-1.0213504728132397,172530.0
33,1150,Treino,507.0,132.0,6.0,63.0,58.08,-6.0,2.328527606949624,0.9888715908435728,168930.0
33,1155,Treino,502.0,132.0,6.0,63.0,57.48,-6.0,1.64428509370722,8.53448774283074,165330.0
33,1160,Treino,497.0,132.0,0.0,57.0,57.0,0.0,0.0,0.0,162450.0
33,1165,Treino,492.0,132.0,0.0,57.0,57.0,0.0,0.0,0.0,162450.0
33,1170,Treino,487.0,132.0,0.0,57.0,57.0,0.0,0.0,0.0,162450.0
33,1175,Treino,482.0,132.0,0.0,57.0,57.0,0.0,0.0,0.0,162450.0
33,1180,Treino,477.0,132.0,0.0,57.0,57.0,0.0,0.0,0.0,162450.0
33,1185,Treino,472.0,132.0,0.0,57.0,57.0,0.0,0.0,0.0,162450.0
33,1190,Treino,467.0,132.0,0.0,57.0,57.0,0.0,0.0,0.0,162450.0
33,1195,Treino,462.0,141.0,9.0,57.0,56.28,-9.0,2.4664276405608274,8.53448774283072,158670.0
33,1200,Treino,457.0,141.0,9.0,57.0,55.38,-9.0,3.4927914104244326,0.9888715908435728,153945.0
33,1205,Treino,452.0,141.0,9.0,57.0,54.5,-9.0,4.051958458195096,-1.008344679797458,149317.0
33,1210,Treino,447.0,141.0,9.0,57.0,53.6,-9.0,4.389226141639205,-1.8073030952220863,144592.0
33,1215,Treino,442.0,141.0,9.0,57.0,52.7,-9.0,4.523182913996447,-2.0741152954087427,139867.0
33,1220,Treino,437.0,141.0,9.0,57.0,51.82,-9.0,4.457005492388771,-1.9655062673352433,135239.0
33,1225,Treino,432.0,141.0,9.0,57.0,50.96,-9.0,4.194067724969719,-1.4291626155291055,130708.0
33,1230,Treino,427.0,141.0,9.0,57.0,50.06,-9.0,3.7329749585037844,-0.08614218624197756,125983.0
33,1235,Treino,422.0,141.0,9.0,57.0,49.16,-9.0,2.937165091633462,3.85561263945705,121258.0
33,1240,Treino,417.0,141.0,9.0,57.0,48.26,-9.0,1.2906255404703122,45.33092249203014,116533.0
33,1245,Treino,412.0,141.0,0.0,49.0,48.08,0.0,0.2740475156178697,8.534487742830796,115588.0
33,1250,Treino,407.0,141.0,0.0,49.0,48.08,0.0,0.2740475156178697,8.534487742830796,115588.0
33,1255,Treino,402.0,141.0,0.0,49.0,48.06,0.0,0.2398979374820955,13.124339821940382,115491.0
33,1260,Treino,397.0,141.0,0.0,49.0,48.06,0.0,0.23989793748209556,13.124339821940382,115491.0
33,1265,Treino,392.0,147.0,6.0,49.0,47.98,-6.0,0.9145089013302411,39.16095700811556,115145.0
33,1270,Treino,387.0,148.0,7.0,49.0,47.32,-7.0,2.1327380121738884,3.9822230908901437,112182.0
33,1275,Treino,382.0,147.0,6.0,49.0,46.66,-6.0,2.6619771691319203,0.03703068866907655,109205.0
33,1280,Treino,377.0,147.0,6.0,49.0,46.06,-6.0,2.9582813543387947,-1.3550672504002292,106505.0
33,1285,Treino,372.0,147.0,6.0,49.0,45.42,-6.0,3.162858433345975,-1.8968861394469374,103639.0
33,1290,Treino,367.0,147.0,6.0,49.0,44.76,-6.0,3.248610377954718,-2.0093033435271113,100690.0
33,1295,Treino,362.0,147.0,6.0,49.0,44.14,-6.0,3.16234219578864,-1.756728887637439,97907.0
33,1300,Treino,357.0,147.0,6.0,49.0,43.54,-6.0,2.9291637031753615,-0.9830582550415907,95207.0
33,1305,Treino,352.0,147.0,6.0,49.0,42.92,-6.0,2.546225698189863,0.9522577550448421,92424.0
33,1310,Treino,347.0,147.0,7.0,49.0,42.3,-7.0,1.897904322226633,7.782390295567964,89641.0
33,1315,Treino,342.0,147.0,-1.0,42.0,41.76,1.0,0.4314191105868998,-0.4429707913400778,87204.0
33,1320,Treino,337.0,148.0,1.0,42.0,41.78,-1.0,0.41845195759648,-0.06075484798887487,87287.0
33,1325,Treino,332.0,147.0,0.0,42.0,41.8,0.0,0.4040610178208841,0.4072473404254846,87370.0
33,1330,Treino,327.0,148.0,0.0,42.0,41.76,0.0,0.4314191105868998,-0.4429707913400778,87204.0
33,1335,Treino,322.0,148.0,0.0,42.0,41.76,0.0,0.4314191105868998,-0.4429707913400778,87204.0
33,1340,Treino,317.0,147.0,-1.0,42.0,41.74,1.0,0.44308749769345196,-0.7586145884018012,87121.0
33,1345,Treino,312.0,161.0,14.0,42.0,41.46,-14.0,1.9919224638626916,44.90703156618579,86141.0
33,1350,Treino,307.0,160.0,13.0,42.0,40.08,-13.0,4.475967572970755,4.01883996531696,81302.0
33,1355,Treino,302.0,162.0,15.0,42.0,38.64,-15.0,5.837108593704069,0.012691483723405561,76322.0
33,1360,Treino,297.0,162.0,15.0,42.0,37.26,-15.0,6.533461750785688,-1.3695737268376431,71507.0
33,1365,Treino,292.0,162.0,15.0,42.0,35.86,-15.0,6.913488738011532,-1.9167426232525195,66639.0
33,1370,Treino,287.0,162.0,15.0,42.0,34.38,-15.0,7.067863459175695,-2.038774542039672,61547.0
33,1375,Treino,282.0,161.0,13.0,42.0,32.94,-13.0,6.831529544572526,-1.7876818775898349,56539.0
33,1380,Treino,277.0,162.0,15.0,42.0,31.6,-15.0,6.288960200872898,-1.0274409551644084,51866.0
33,1385,Treino,272.0,160.0,12.0,42.0,30.34,-12.0,5.328437378627919,0.8474822937671327,47417.0
33,1390,Treino,267.0,162.0,15.0,42.0,28.96,-15.0,3.9173085304133224,7.398225415613744,42686.0
33,1395,Treino,262.0,160.0,0.0,29.0,27.86,0.0,0.9478224237370494,-1.8690480175167952,38853.0
33,1400,Treino,257.0,162.0,2.0,29.0,27.88,-2.0,0.9398219544799163,-1.865494788931118,38908.0
33,1405,Treino,252.0,162.0,1.0,29.0,27.92,-1.0,0.9222864223753697,-1.8433725498280382,39018.0
33,1410,Treino,247.0,162.0,2.0,29.0,27.82,-2.0,0.9409070742900066,-1.806267296959497,38741.0
33,1415,Treino,242.0,160.0,-2.0,29.0,27.88,2.0,0.9398219544799163,-1.865494788931118,38908.0
33,1420,Treino,237.0,162.0,0.0,29.0,27.92,0.0,0.9441549509633316,-1.9038317281463768,39020.0
33,1425,Treino,232.0,165.0,5.0,29.0,27.82,-5.0,1.2237446712481177,1.7088435431629883,38771.0
33,1430,Treino,227.0,165.0,5.0,29.0,27.4,-5.0,1.6413036132965795,0.15930887697086638,37670.0
33,1435,Treino,222.0,165.0,5.0,29.0,26.9,-5.0,1.8322507626258087,-0.9232058407096715,36345.0
33,1440,Treino,217.0,165.0,3.0,29.0,26.56,-3.0,2.001631987215656,-1.5005819202017117,35468.0
33,1445,Treino,212.0,165.0,5.0,29.0,26.16,-5.0,2.0539658006413073,-1.6605266435234145,34424.0
33,1450,Treino,207.0,165.0,4.0,29.0,25.72,-4.0,1.9798989873223318,-1.4477323956601507,33268.0
33,1455,Treino,202.0,165.0,3.0,29.0,25.34,-3.0,1.8910098802880282,-0.8234513704234545,32281.0
33,1460,Treino,197.0,165.0,5.0,29.0,25.04,-5.0,1.8401419643548154,0.19531545621559632,31516.0
33,1465,Treino,192.0,165.0,5.0,29.0,24.6,-5.0,1.4427864197660103,3.705152273675414,30360.0
33,1470,Treino,187.0,165.0,3.0,29.0,24.26,-3.0,1.0654116766848036,15.89514415704964,29483.0
33,1475,Treino,182.0,165.0,0.0,24.0,24.0,0.0,0.0,0.0,28800.0
33,1480,Treino,177.0,165.0,0.0,24.0,24.0,0.0,0.0,0.0,28800.0
33,1485,Treino,172.0,165.0,0.0,24.0,24.0,0.0,0.0,0.0,28800.0
33,1490,Treino,167.0,165.0,0.0,24.0,24.0,0.0,0.0,0.0,28800.0
33,1495,Treino,162.0,165.0,0.0,24.0,24.0,0.0,0.0,0.0,28800.0
33,1500,Treino,157.0,165.0,0.0,24.0,24.0,0.0,0.0,0.0,28800.0
33,1505,Treino,152.0,172.0,7.0,24.0,23.58,-7.0,1.6792855623746665,13.12433982194053,27939.0
33,1510,Treino,147.0,172.0,7.0,24.0,22.88,-7.0,2.5922962793631443,1.7259530141843946,26504.0
33,1515,Treino,142.0,172.0,7.0,24.0,22.18,-7.0,3.1016124838541645,-0.7586145884018234,25069.0
33,1520,Treino,137.0,172.0,7.0,24.0,21.48,-7.0,3.394112549695428,-1.708176344562647,23634.0
33,1525,Treino,132.0,172.0,7.0,24.0,20.78,-7.0,3.5242020373412197,-2.056566279508,22199.0
33,1530,Treino,127.0,172.0,7.0,24.0,20.08,-7.0,3.5099857549568494,-2.020369922630561,20764.0
33,1535,Treino,122.0,172.0,7.0,24.0,19.38,-7.0,3.3496268448888458,-1.579626047711153,19329.0
33,1540,Treino,117.0,172.0,7.0,24.0,18.68,-7.0,3.019933774108302,-0.44297079134005335,17894.0
33,1545,Treino,112.0,172.0,7.0,24.0,17.98,-7.0,2.453568829277058,2.6843146956951998,16459.0
33,1550,Treino,107.0,172.0,7.0,24.0,17.28,-7.0,1.3856406460551023,22.33072916666664,15024.0
33,1555,Treino,102.0,172.0,0.0,17.0,17.0,0.0,0.0,0.0,14450.0
33,1560,Treino,97.0,172.0,0.0,17.0,17.0,0.0,0.0,0.0,14450.0
33,1565,Treino,92.0,172.0,0.0,17.0,17.0,0.0,0.0,0.0,14450.0
33,1570,Treino,87.0,172.0,0.0,17.0,17.0,0.0,0.0,0.0,14450.0
33,1575,Treino,82.0,172.0,0.0,17.0,17.0,0.0,0.0,0.0,14450.0
33,1580,Treino,77.0,176.0,4.0,17.0,16.76,-4.0,0.9595917499283809,13.124339821940573,14090.0
33,1585,Treino,72.0,175.0,3.0,17.0,16.38,-3.0,1.4692772067258382,2.8959410229865723,13521.0
33,1590,Treino,67.0,175.0,3.0,17.0,16.06,-3.0,1.6463937089584495,0.1008125629725849,13029.0
33,1595,Treino,62.0,176.0,4.0,17.0,15.68,-4.0,1.8343658193456598,-1.097313746895475,12458.0
33,1600,Treino,57.0,176.0,4.0,17.0,15.36,-4.0,1.8599978055725481,-1.575217589103461,11966.0
33,1605,Treino,52.0,175.0,3.0,17.0,15.0,-3.0,1.8735538640862859,-1.6576574600416556,11422.0
33,1610,Treino,47.0,175.0,3.0,17.0,14.66,-3.0,1.791248566941904,-1.4238124491727373,10903.0
33,1615,Treino,42.0,175.0,3.0,17.0,14.32,-3.0,1.6343256738371539,-0.698025267030618,10384.0
33,1620,Treino,37.0,175.0,3.0,17.0,14.0,-3.0,1.3702375780893485,1.0213055041628119,9892.0
33,1625,Treino,32.0,175.0,3.0,17.0,13.7,-3.0,0.931314629314665,5.207859824780979,9427.0
33,1630,Treino,27.0,175.0,0.0,14.0,13.58,0.0,0.6417450698633202,0.5372613101657855,9241.0
33,1635,Treino,22.0,175.0,-1.0,14.0,13.66,1.0,0.5573259772323192,1.139818022816458,9345.0
33,1640,Treino,17.0,175.0,-1.0,14.0,13.62,1.0,0.6023762469230864,0.8879868823567367,9293.0
33,1645,Treino,12.0,176.0,1.0,14.0,13.68,-1.0,0.5510657577710257,1.5286960520586552,9372.0
33,1650,Treino,7.0,175.0,0.0,14.0,13.66,0.0,0.557325977232319,1.139818022816458,9345.0
33,1655,Treino,2.0,175.0,0.0,14.0,13.72,0.0,0.496518491342365,1.439306156784844,9424.0
34,50,Treino,1186.0,8.0,6.0,185.0,177.34,-6.0,1.858351255213906,4.8630129364371655,1572643.0
34,55,Treino,1181.0,11.0,-2.0,180.0,177.32,2.0,1.5706491573582566,-0.1838198874316208,1572240.0
34,60,Treino,1176.0,9.0,0.0,180.0,177.6,0.0,1.5518257844571746,-0.2719069171856989,1577206.0
34,65,Treino,1171.0,7.0,-2.0,180.0,177.88,2.0,1.5989792662437958,-0.2775084048138847,1582190.0
34,70,Treino,1166.0,10.0,0.0,180.0,178.12,0.0,1.5732457026212794,-0.009833803720838752,1586458.0
34,75,Treino,1161.0,10.0,1.0,180.0,178.16,-1.0,1.5696093365508992,0.08228786341774219,1587170.0
34,80,Treino,1156.0,10.0,-1.0,180.0,178.1,1.0,1.5551100755055183,0.06086154132872457,1586099.0
34,85,Treino,1151.0,10.0,0.0,180.0,178.06,0.0,1.5960410203924935,-0.06244198087202646,1585393.0
34,90,Treino,1146.0,10.0,0.0,180.0,177.94,0.0,1.5960410203924935,-0.2262523085556869,1583257.0
34,95,Treino,1141.0,22.0,14.0,180.0,177.62,-14.0,2.415004119656772,14.538330265276922,1577729.0
34,100,Treino,1136.0,22.0,13.0,180.0,176.2,-13.0,4.57589067944199,2.6715566661597308,1553348.0
34,105,Treino,1131.0,24.0,16.0,180.0,174.8,-16.0,5.649634266652912,-0.2575589228974673,1529316.0
34,110,Treino,1126.0,22.0,15.0,180.0,173.4,-15.0,6.1544740652965775,-1.3958009146635502,1505234.0
34,115,Treino,1121.0,22.0,15.0,180.0,171.96,-15.0,6.256294789233954,-1.8663198279028832,1480430.0
34,120,Treino,1116.0,22.0,14.0,179.0,170.56,-14.0,6.074906566846801,-1.9799064968229623,1456344.0
34,125,Treino,1111.0,22.0,12.0,178.0,169.3,-12.0,5.772029671667688,-1.6968822431645048,1434757.0
34,130,Treino,1106.0,22.0,11.0,178.0,168.1,-11.0,5.257647491307981,-0.8464162469777854,1414235.0
34,135,Treino,1101.0,22.0,13.0,178.0,167.02,-13.0,4.609174524350144,1.1670139926708822,1395825.0
34,140,Treino,1096.0,22.0,12.0,178.0,165.88,-12.0,3.342002332709652,8.422121901148145,1376356.0
34,145,Treino,1091.0,23.0,1.0,165.0,164.84,-1.0,0.509501557146486,8.9291891059387,1358624.0
34,150,Treino,1086.0,22.0,0.0,165.0,164.82,0.0,0.5225526045191968,7.424471129978217,1358295.0
34,155,Treino,1081.0,24.0,2.0,165.0,164.74,-2.0,0.5996597674804387,3.6490523585437646,1356981.0
34,160,Treino,1076.0,22.0,0.0,165.0,164.64,0.0,0.6627093431281831,1.3677378375031308,1355338.0
34,165,Treino,1071.0,22.0,0.0,165.0,164.54,0.0,0.7342912729083656,0.1127066123800895,1353697.0
34,170,Treino,1066.0,22.0,0.0,165.0,164.48,0.0,0.7623808036643618,-0.3758850278817776,1352712.0
34,175,Treino,1061.0,22.0,0.0,165.0,164.48,0.0,0.7623808036643617,-0.3758850278817776,1352712.0
34,180,Treino,1056.0,23.0,1.0,165.0,164.46,-1.0,0.761577310586391,-0.4857051986680827,1352383.0
34,185,Treino,1051.0,22.0,0.0,165.0,164.46,0.0,0.761577310586391,-0.4857051986680827,1352383.0
34,190,Treino,1046.0,22.0,0.0,165.0,164.44,0.0,0.7602362683228606,-0.5825395739994956,1352054.0
34,195,Treino,1041.0,31.0,9.0,165.0,163.98,-9.0,2.161726445341731,9.69924315180374,1344701.0
34,200,Treino,1036.0,31.0,9.0,165.0,163.12,-9.0,3.2679020293560495,1.394532507030899,1330930.0
34,205,Treino,1031.0,31.0,7.0,165.0,162.32,-7.0,3.9250113739598618,-0.7931500729802909,1318144.0
34,210,Treino,1026.0,31.0,7.0,165.0,161.52,-7.0,4.301115185243788,-1.6896165280203692,1305342.0
34,215,Treino,1021.0,31.0,8.0,165.0,160.72,-8.0,4.49961449595906,-2.0304298377135073,1292538.0
34,220,Treino,1016.0,31.0,9.0,165.0,159.88,-9.0,4.5113914772744454,-2.0040484577088895,1279078.0
34,225,Treino,1011.0,31.0,9.0,165.0,158.98,-9.0,4.288046984208019,-1.560983126085555,1264633.0
34,230,Treino,1006.0,31.0,9.0,165.0,158.1,-9.0,3.8769333557462597,-0.43285007560949396,1250517.0
34,235,Treino,1001.0,31.0,9.0,165.0,157.2,-9.0,3.1298431857438094,2.691674146719893,1236072.0
34,240,Treino,996.0,31.0,9.0,165.0,156.32,-9.0,1.8006801436101387,21.731210127785385,1221956.0
34,245,Treino,991.0,31.0,-1.0,156.0,155.96,1.0,0.19794866372215744,22.3307291666675,1216178.0
34,250,Treino,986.0,31.0,-1.0,156.0,155.98,1.0,0.14142135623730948,49.99999999999781,1216489.0
34,255,Treino,981.0,31.0,0.0,156.0,156.0,0.0,0.0,0.0,1216800.0
34,260,Treino,976.0,31.0,0.0,156.0,156.0,0.0,0.0,0.0,1216800.0
34,265,Treino,971.0,31.0,0.0,156.0,155.98,0.0,0.1414213562373095,49.9999999999978,1216489.0
34,270,Treino,966.0,32.0,1.0,156.0,155.94,-1.0,0.2398979374820952,13.124339821940389,1215867.0
34,275,Treino,961.0,31.0,0.0,156.0,155.92,0.0,0.27404751561786966,8.534487742830082,1215556.0
34,280,Treino,956.0,31.0,0.0,156.0,155.92,0.0,0.27404751561786966,8.534487742830084,1215556.0
34,285,Treino,951.0,31.0,0.0,156.0,155.92,0.0,0.27404751561786966,8.534487742830086,1215556.0
34,290,Treino,946.0,37.0,6.0,156.0,155.68,-6.0,1.2027180102770965,19.771188205946252,1211884.0
34,295,Treino,941.0,37.0,6.0,156.0,155.08,-6.0,2.0882567673853267,2.4959379429222315,1202704.0
34,300,Treino,936.0,37.0,6.0,156.0,154.48,-6.0,2.5574221714971705,-0.48810636209596137,1193524.0
34,305,Treino,931.0,37.0,6.0,156.0,153.88,-6.0,2.825828395789274,-1.5848353043747352,1184344.0
34,310,Treino,926.0,37.0,6.0,156.0,153.28,-6.0,2.9488150508435798,-2.0045203018654663,1175164.0
34,315,Treino,921.0,37.0,6.0,156.0,152.7,-6.0,2.964070560178063,-2.0300943798228817,1166295.0
34,320,Treino,916.0,37.0,5.0,156.0,152.14,-5.0,2.885643563489813,-1.6917405687242506,1157737.0
34,325,Treino,911.0,37.0,6.0,156.0,151.52,-6.0,2.6896627510313817,-0.7667431147720563,1148270.0
34,330,Treino,906.0,38.0,7.0,156.0,150.84,-7.0,2.297825058615211,1.5716517726309691,1137894.0
34,335,Treino,901.0,38.0,7.0,156.0,150.14,-7.0,1.56505199757134,10.548284646389046,1127221.0
34,340,Treino,896.0,38.0,1.0,150.0,149.7,-1.0,0.5439837932759934,1.982214688693654,1120519.0
34,345,Treino,891.0,37.0,0.0,150.0,149.66,0.0,0.5573259772323188,1.139818022816418,1119921.0
34,350,Treino,886.0,38.0,1.0,150.0,149.56,-1.0,0.6114552731152199,0.19060427382020162,1118428.0
34,355,Treino,881.0,37.0,0.0,150.0,149.56,0.0,0.6114552731152199,0.19060427382020162,1118428.0
34,360,Treino,876.0,39.0,2.0,150.0,149.48,-2.0,0.6464976285134149,-0.26208593490281773,1117234.0
34,365,Treino,871.0,37.0,0.0,150.0,149.48,0.0,0.6464976285134149,-0.26208593490281773,1117234.0
34,370,Treino,866.0,37.0,0.0,150.0,149.48,0.0,0.6464976285134149,-0.26208593490281773,1117234.0
34,375,Treino,861.0,38.0,0.0,150.0,149.5,0.0,0.6468132241526726,-0.14512638120672827,1117533.0
34,380,Treino,856.0,38.0,0.0,150.0,149.56,0.0,0.6439672954048364,0.330413460029066,1118430.0
34,385,Treino,851.0,50.0,13.0,150.0,149.4,-13.0,1.8844151368961313,40.08700698256895,1116192.0
34,390,Treino,846.0,49.0,11.0,150.0,148.28,-11.0,3.9333218032806907,3.7771106501478044,1100106.0
34,395,Treino,841.0,49.0,10.0,150.0,147.12,-10.0,4.96781477849863,-0.09391178039093218,1083424.0
34,400,Treino,836.0,49.0,12.0,150.0,146.02,-12.0,5.615176228902584,-1.422779442481658,1067637.0
34,405,Treino,831.0,49.0,12.0,150.0,144.82,-12.0,5.9167351725458195,-1.9578669680328253,1050357.0
34,410,Treino,826.0,49.0,12.0,150.0,143.7,-12.0,6.0381440586880135,-2.0710832361224116,1034271.0
34,415,Treino,821.0,49.0,12.0,150.0,142.5,-12.0,5.852785835891855,-1.8053853066195047,1016991.0
34,420,Treino,816.0,49.0,12.0,150.0,141.3,-12.0,5.395576419434646,-1.0080181748915358,999711.0
34,425,Treino,811.0,49.0,12.0,150.0,140.12,-12.0,4.627513106520653,1.000099946453597,982730.0
34,430,Treino,806.0,49.0,12.0,150.0,138.94,-12.0,3.2975562999015517,8.493404545613371,965749.0
34,435,Treino,801.0,49.0,0.0,138.0,138.0,0.0,0.0,0.0,952200.0
34,440,Treino,796.0,49.0,0.0,138.0,138.0,0.0,0.0,0.0,952200.0
34,445,Treino,791.0,49.0,0.0,138.0,138.0,0.0,0.0,0.0,952200.0
34,450,Treino,786.0,49.0,0.0,138.0,138.0,0.0,0.0,0.0,952200.0
34,455,Treino,781.0,49.0,0.0,138.0,138.0,0.0,0.0,0.0,952200.0
34,460,Treino,776.0,49.0,0.0,138.0,137.98,0.0,0.1414213562373095,49.9999999999978,951925.0
34,465,Treino,771.0,49.0,0.0,138.0,137.98,0.0,0.1414213562373095,49.9999999999978,951925.0
34,470,Treino,766.0,49.0,0.0,138.0,137.98,0.0,0.1414213562373095,49.9999999999978,951925.0
34,475,Treino,761.0,49.0,0.0,138.0,137.98,0.0,0.1414213562373095,49.9999999999978,951925.0
34,480,Treino,756.0,67.0,18.0,138.0,136.54,-18.0,4.928923382878427,8.515521120167692,933349.0
34,485,Treino,751.0,67.0,18.0,138.0,134.74,-18.0,6.977544156003571,0.9859403734062449,910129.0
34,490,Treino,746.0,67.0,18.0,138.0,132.94,-18.0,8.152650752099854,-1.0219672321433602,886909.0
34,495,Treino,741.0,67.0,18.0,138.0,131.14,-18.0,8.810962559476108,-1.8140469005399409,863689.0
34,500,Treino,736.0,67.0,18.0,138.0,129.34,-18.0,9.065768763061746,-2.07717510358591,840469.0
34,505,Treino,731.0,67.0,18.0,138.0,127.54,-18.0,8.951593177092176,-1.9671905501411309,817249.0
34,510,Treino,726.0,67.0,18.0,138.0,125.76,-18.0,8.4818172869849,-1.4253656914893627,794304.0
34,515,Treino,721.0,67.0,18.0,138.0,123.96,-18.0,7.532135236736642,-0.06075484798888375,771084.0
34,520,Treino,716.0,67.0,18.0,138.0,122.16,-18.0,5.908693007867691,3.973746776273379,747864.0
34,525,Treino,711.0,67.0,18.0,138.0,120.36,-18.0,2.545584412271568,50.00000000000003,724644.0
34,530,Treino,706.0,67.0,0.0,120.0,120.0,0.0,0.0,0.0,720000.0
34,535,Treino,701.0,67.0,0.0,120.0,120.0,0.0,0.0,0.0,720000.0
34,540,Treino,696.0,67.0,0.0,120.0,120.0,0.0,0.0,0.0,720000.0
34,545,Treino,691.0,67.0,0.0,120.0,120.0,0.0,0.0,0.0,720000.0
34,550,Treino,686.0,67.0,0.0,120.0,120.0,0.0,0.0,0.0,720000.0
34,555,Treino,681.0,67.0,0.0,120.0,120.0,0.0,0.0,0.0,720000.0
34,560,Treino,676.0,67.0,0.0,120.0,120.0,0.0,0.0,0.0,720000.0
34,565,Treino,671.0,67.0,0.0,120.0,120.0,0.0,0.0,0.0,720000.0
34,570,Treino,666.0,67.0,0.0,120.0,120.0,0.0,0.0,0.0,720000.0
34,575,Treino,661.0,73.0,6.0,120.0,119.52,-6.0,1.6442850937072182,8.53448774283068,714384.0
34,580,Treino,656.0,73.0,6.0,120.0,118.92,-6.0,2.3285276069496215,0.9888715908435737,707364.0
34,585,Treino,651.0,73.0,6.0,120.0,118.32,-6.0,2.721344205666435,-1.0213504728132499,700344.0
34,590,Treino,646.0,73.0,6.0,120.0,117.72,-6.0,2.941886108868087,-1.8142903587038983,693324.0
34,595,Treino,641.0,73.0,6.0,120.0,117.12,-6.0,3.0280322970266913,-2.0780056601200214,686304.0
34,600,Treino,636.0,73.0,6.0,120.0,116.52,-6.0,2.9914162914197395,-1.9686965028124213,679284.0
34,605,Treino,631.0,73.0,6.0,120.0,115.92,-6.0,2.827272428994965,-1.4253656914893638,672264.0
34,610,Treino,626.0,73.0,6.0,120.0,115.32,-6.0,2.5107117455788805,-0.060754847988873095,665244.0
34,615,Treino,621.0,73.0,6.0,120.0,114.72,-6.0,1.9695643359558925,3.973746776273374,658224.0
34,620,Treino,616.0,73.0,6.0,120.0,114.12,-6.0,0.8485281374238576,49.999999999999844,651204.0
34,625,Treino,611.0,73.0,0.0,114.0,114.0,0.0,0.0,0.0,649800.0
34,630,Treino,606.0,73.0,0.0,114.0,114.0,0.0,0.0,0.0,649800.0
34,635,Treino,601.0,73.0,0.0,114.0,114.0,0.0,0.0,0.0,649800.0
34,640,Treino,596.0,73.0,0.0,114.0,114.0,0.0,0.0,0.0,649800.0
34,645,Treino,591.0,73.0,0.0,114.0,114.0,0.0,0.0,0.0,649800.0
34,650,Treino,586.0,73.0,0.0,114.0,114.0,0.0,0.0,0.0,649800.0
34,655,Treino,581.0,73.0,0.0,114.0,114.0,0.0,0.0,0.0,649800.0
34,660,Treino,576.0,73.0,0.0,114.0,114.0,0.0,0.0,0.0,649800.0
34,665,Treino,571.0,88.0,15.0,114.0,113.7,-15.0,2.1213203435596424,50.00000000000004,646605.0
34,670,Treino,566.0,88.0,15.0,114.0,112.2,-15.0,4.923910839889738,3.973746776273379,630630.0
34,675,Treino,561.0,88.0,15.0,114.0,110.7,-15.0,6.276779363947205,-0.06075484798888775,614655.0
34,680,Treino,556.0,88.0,15.0,114.0,109.2,-15.0,7.068181072487416,-1.42536569148936,598680.0
34,685,Treino,551.0,88.0,15.0,114.0,107.7,-15.0,7.4785407285493495,-1.9686965028124228,582705.0
34,690,Treino,546.0,88.0,15.0,114.0,106.2,-15.0,7.570080742566729,-2.078005660120022,566730.0
34,695,Treino,541.0,88.0,15.0,114.0,104.7,-15.0,7.3547152721702265,-1.8142903587038979,550755.0
34,700,Treino,536.0,88.0,15.0,114.0,103.2,-15.0,6.80336051416609,-1.0213504728132405,534780.0
34,705,Treino,531.0,88.0,15.0,114.0,101.7,-15.0,5.8213190173740506,0.9888715908435657,518805.0
34,710,Treino,526.0,88.0,15.0,114.0,100.2,-15.0,4.110712734268051,8.534487742830711,502830.0
34,715,Treino,521.0,88.0,0.0,99.0,99.0,0.0,0.0,0.0,490050.0
34,720,Treino,516.0,88.0,0.0,99.0,99.0,0.0,0.0,0.0,490050.0
34,725,Treino,511.0,88.0,0.0,99.0,99.0,0.0,0.0,0.0,490050.0
34,730,Treino,506.0,88.0,0.0,99.0,99.0,0.0,0.0,0.0,490050.0
34,735,Treino,501.0,88.0,0.0,99.0,99.0,0.0,0.0,0.0,490050.0
34,740,Treino,496.0,88.0,0.0,99.0,99.0,0.0,0.0,0.0,490050.0
34,745,Treino,491.0,88.0,0.0,99.0,99.0,0.0,0.0,0.0,490050.0
34,750,Treino,486.0,88.0,0.0,99.0,99.0,0.0,0.0,0.0,490050.0
34,755,Treino,481.0,88.0,0.0,99.0,99.0,0.0,0.0,0.0,490050.0
34,760,Treino,476.0,88.0,0.0,99.0,99.0,0.0,0.0,0.0,490050.0
34,765,Treino,471.0,105.0,17.0,99.0,97.32,-17.0,5.092771988869346,5.817302814568041,474830.0
34,770,Treino,466.0,105.0,17.0,99.0,95.62,-17.0,6.829975946412361,0.4144705955619372,459445.0
34,775,Treino,461.0,105.0,17.0,99.0,93.92,-17.0,7.839825070934756,-1.237769287229373,444060.0
34,780,Treino,456.0,105.0,17.0,99.0,92.22,-17.0,8.389230219362759,-1.8986121144715673,428675.0
34,785,Treino,451.0,105.0,17.0,99.0,90.52,-17.0,8.56723707039838,-2.0840487031165162,413290.0
34,790,Treino,446.0,105.0,17.0,99.0,88.82,-17.0,8.397497197598435,-1.900080914595197,397905.0
34,795,Treino,441.0,105.0,17.0,99.0,87.12,-17.0,7.857506485092148,-1.2415810894950259,382520.0
34,800,Treino,436.0,105.0,17.0,99.0,85.42,-17.0,6.860386137761022,0.4047845300138331,367135.0
34,805,Treino,431.0,105.0,17.0,99.0,83.72,-17.0,5.146982472422901,5.778809034241148,351750.0
34,810,Treino,426.0,105.0,1.0,83.0,82.02,-1.0,0.14142135623730953,50.00000000000087,336365.0
34,815,Treino,421.0,105.0,0.0,82.0,82.0,0.0,0.0,0.0,336200.0
34,820,Treino,416.0,105.0,0.0,82.0,82.0,0.0,0.0,0.0,336200.0
34,825,Treino,411.0,105.0,0.0,82.0,82.0,0.0,0.0,0.0,336200.0
34,830,Treino,406.0,105.0,0.0,82.0,82.0,0.0,0.0,0.0,336200.0
34,835,Treino,401.0,105.0,0.0,82.0,82.0,0.0,0.0,0.0,336200.0
34,840,Treino,396.0,105.0,0.0,82.0,82.0,0.0,0.0,0.0,336200.0
34,845,Treino,391.0,105.0,0.0,82.0,82.0,0.0,0.0,0.0,336200.0
34,850,Treino,386.0,105.0,0.0,82.0,82.0,0.0,0.0,0.0,336200.0
34,855,Treino,381.0,115.0,10.0,82.0,81.4,-10.0,2.3989793748209522,13.124339821940588,331580.0
34,860,Treino,376.0,115.0,10.0,82.0,80.4,-10.0,3.703280399090206,1.7259530141844115,323880.0
34,865,Treino,371.0,115.0,10.0,82.0,79.4,-10.0,4.430874976934521,-0.7586145884018172,316180.0
34,870,Treino,366.0,115.0,10.0,82.0,78.4,-10.0,4.848732213850611,-1.7081763445626443,308480.0
34,875,Treino,361.0,115.0,10.0,82.0,77.4,-10.0,5.034574339058886,-2.056566279507999,300780.0
34,880,Treino,356.0,115.0,10.0,82.0,76.4,-10.0,5.0142653642240695,-2.0203699226305623,293080.0
34,885,Treino,351.0,115.0,10.0,82.0,75.4,-10.0,4.785181206984064,-1.5796260477111566,285380.0
34,890,Treino,346.0,115.0,10.0,82.0,74.4,-10.0,4.314191105868996,-0.4429707913400591,277680.0
34,895,Treino,341.0,115.0,10.0,82.0,73.4,-10.0,3.505098327538659,2.68431469569518,269980.0
34,900,Treino,336.0,115.0,10.0,82.0,72.4,-10.0,1.979486637221572,22.33072916666661,262280.0
34,905,Treino,331.0,115.0,0.0,72.0,72.0,0.0,0.0,0.0,259200.0
34,910,Treino,326.0,115.0,0.0,72.0,72.0,0.0,0.0,0.0,259200.0
34,915,Treino,321.0,115.0,0.0,72.0,72.0,0.0,0.0,0.0,259200.0
34,920,Treino,316.0,115.0,0.0,72.0,72.0,0.0,0.0,0.0,259200.0
34,925,Treino,311.0,115.0,0.0,72.0,72.0,0.0,0.0,0.0,259200.0
34,930,Treino,306.0,115.0,0.0,72.0,72.0,0.0,0.0,0.0,259200.0
34,935,Treino,301.0,115.0,0.0,72.0,72.0,0.0,0.0,0.0,259200.0
34,940,Treino,296.0,115.0,0.0,72.0,72.0,0.0,0.0,0.0,259200.0
34,945,Treino,291.0,115.0,0.0,72.0,72.0,0.0,0.0,0.0,259200.0
34,950,Treino,286.0,130.0,15.0,72.0,71.4,-15.0,2.9692299558323607,22.330729166666707,255330.0
34,955,Treino,281.0,130.0,15.0,72.0,69.9,-15.0,5.257647491307984,2.6843146956952113,245655.0
34,960,Treino,276.0,130.0,15.0,72.0,68.4,-15.0,6.471286658803499,-0.44297079134004713,235980.0
34,965,Treino,271.0,130.0,15.0,72.0,66.9,-15.0,7.1777718104761,-1.5796260477111514,226305.0
34,970,Treino,266.0,130.0,15.0,72.0,65.4,-15.0,7.521398046336104,-2.02036992263056,216630.0
34,975,Treino,261.0,130.0,15.0,72.0,63.9,-15.0,7.55186150858833,-2.056566279508,206955.0
34,980,Treino,256.0,130.0,15.0,72.0,62.4,-15.0,7.273098320775916,-1.7081763445626463,197280.0
34,985,Treino,251.0,130.0,15.0,72.0,60.9,-15.0,6.646312465401784,-0.7586145884018216,187605.0
34,990,Treino,246.0,130.0,15.0,72.0,59.4,-15.0,5.5549205986353085,1.725953014184399,177930.0
34,995,Treino,241.0,130.0,15.0,72.0,57.9,-15.0,3.598469062231421,13.124339821940552,168255.0
34,1000,Treino,236.0,130.0,0.0,57.0,57.0,0.0,0.0,0.0,162450.0
34,1005,Treino,231.0,130.0,0.0,57.0,57.0,0.0,0.0,0.0,162450.0
34,1010,Treino,226.0,130.0,0.0,57.0,57.0,0.0,0.0,0.0,162450.0
34,1015,Treino,221.0,130.0,0.0,57.0,57.0,0.0,0.0,0.0,162450.0
34,1020,Treino,216.0,130.0,0.0,57.0,57.0,0.0,0.0,0.0,162450.0
34,1025,Treino,211.0,130.0,0.0,57.0,57.0,0.0,0.0,0.0,162450.0
34,1030,Treino,206.0,130.0,0.0,57.0,57.0,0.0,0.0,0.0,162450.0
34,1035,Treino,201.0,130.0,0.0,57.0,57.0,0.0,0.0,0.0,162450.0
34,1040,Treino,196.0,130.0,0.0,57.0,57.0,0.0,0.0,0.0,162450.0
34,1045,Treino,191.0,145.0,15.0,57.0,56.4,-15.0,2.9692299558323607,22.330729166666657,159480.0
34,1050,Treino,186.0,145.0,15.0,57.0,54.9,-15.0,5.257647491307984,2.6843146956951998,152055.0
34,1055,Treino,181.0,145.0,15.0,57.0,53.4,-15.0,6.471286658803502,-0.44297079134005424,144630.0
34,1060,Treino,176.0,145.0,15.0,57.0,51.9,-15.0,7.177771810476095,-1.5796260477111546,137205.0
34,1065,Treino,171.0,145.0,15.0,57.0,50.4,-15.0,7.521398046336104,-2.020369922630561,129780.0
34,1070,Treino,166.0,145.0,15.0,57.0,48.9,-15.0,7.55186150858833,-2.056566279508,122355.0
34,1075,Treino,161.0,145.0,15.0,57.0,47.4,-15.0,7.273098320775916,-1.7081763445626463,114930.0
34,1080,Treino,156.0,145.0,15.0,57.0,45.9,-15.0,6.646312465401784,-0.7586145884018216,107505.0
34,1085,Treino,151.0,145.0,15.0,57.0,44.4,-15.0,5.5549205986353085,1.725953014184399,100080.0
34,1090,Treino,146.0,145.0,15.0,57.0,42.9,-15.0,3.598469062231421,13.124339821940552,92655.0
34,1095,Treino,141.0,145.0,0.0,42.0,42.0,0.0,0.0,0.0,88200.0
34,1100,Treino,136.0,145.0,0.0,42.0,42.0,0.0,0.0,0.0,88200.0
34,1105,Treino,131.0,145.0,0.0,42.0,42.0,0.0,0.0,0.0,88200.0
34,1110,Treino,126.0,145.0,0.0,42.0,42.0,0.0,0.0,0.0,88200.0
34,1115,Treino,121.0,145.0,0.0,42.0,42.0,0.0,0.0,0.0,88200.0
34,1120,Treino,116.0,145.0,0.0,42.0,42.0,0.0,0.0,0.0,88200.0
34,1125,Treino,111.0,145.0,0.0,42.0,42.0,0.0,0.0,0.0,88200.0
34,1130,Treino,106.0,145.0,0.0,42.0,42.0,0.0,0.0,0.0,88200.0
34,1135,Treino,101.0,145.0,0.0,42.0,42.0,0.0,0.0,0.0,88200.0
34,1140,Treino,96.0,163.0,18.0,42.0,40.92,-18.0,4.318162874677714,13.124339821940552,84636.0
34,1145,Treino,91.0,163.0,18.0,42.0,39.12,-18.0,6.66590471836237,1.7259530141843928,78696.0
34,1150,Treino,86.0,163.0,18.0,42.0,37.32,-18.0,7.975574958482135,-0.7586145884018216,72756.0
34,1155,Treino,81.0,163.0,18.0,42.0,35.52,-18.0,8.727717984931099,-1.7081763445626468,66816.0
34,1160,Treino,76.0,163.0,18.0,42.0,33.72,-18.0,9.062233810305992,-2.0565662795080004,60876.0
34,1165,Treino,71.0,163.0,18.0,42.0,31.92,-18.0,9.025677655603324,-2.020369922630561,54936.0
34,1170,Treino,66.0,163.0,18.0,42.0,30.12,-18.0,8.613326172571318,-1.5796260477111546,48996.0
34,1175,Treino,61.0,163.0,18.0,42.0,28.32,-18.0,7.765543990564208,-0.44297079134005246,43056.0
34,1180,Treino,56.0,163.0,18.0,42.0,26.52,-18.0,6.3091769895695835,2.6843146956952033,37116.0
34,1185,Treino,51.0,163.0,18.0,42.0,24.72,-18.0,3.5630759469988393,22.33072916666668,31176.0
34,1190,Treino,46.0,163.0,0.0,24.0,24.0,0.0,0.0,0.0,28800.0
34,1195,Treino,41.0,163.0,0.0,24.0,24.0,0.0,0.0,0.0,28800.0
34,1200,Treino,36.0,163.0,0.0,24.0,24.0,0.0,0.0,0.0,28800.0
34,1205,Treino,31.0,163.0,0.0,24.0,24.0,0.0,0.0,0.0,28800.0
34,1210,Treino,26.0,163.0,0.0,24.0,24.0,0.0,0.0,0.0,28800.0
34,1215,Treino,21.0,163.0,0.0,24.0,24.0,0.0,0.0,0.0,28800.0
34,1220,Treino,16.0,163.0,0.0,24.0,24.0,0.0,0.0,0.0,28800.0
34,1225,Treino,11.0,163.0,0.0,24.0,24.0,0.0,0.0,0.0,28800.0
34,1230,Treino,6.0,163.0,0.0,24.0,24.0,0.0,0.0,0.0,28800.0
34,1235,Treino,1.0,172.0,9.0,24.0,23.28,-9.0,2.4664276405608274,8.53448774283072,27396.0
35,50,Treino,906.0,5.0,3.0,188.0,183.44,-3.0,2.0717733703180925,-0.5578055816544119,1682722.0
35,55,Treino,901.0,3.0,-3.0,188.0,183.48,3.0,2.052773136764122,-0.6172310474881395,1683452.0
35,60,Treino,896.0,2.0,0.0,188.0,183.66,0.0,2.066348450375044,-0.7098613347812002,1686759.0
35,65,Treino,891.0,5.0,-3.0,188.0,183.98,3.0,1.9111915291839523,-0.6021443484948761,1692611.0
35,70,Treino,886.0,4.0,-2.0,188.0,184.22,2.0,1.854833729277453,-0.45303119976691697,1697019.0
35,75,Treino,881.0,2.0,-5.0,189.0,184.62,5.0,2.0691120051355156,-0.21877350891520164,1704437.0
35,80,Treino,876.0,3.0,-6.0,189.0,185.0,6.0,2.030381486221699,-0.23106386107327825,1711452.0
35,85,Treino,871.0,21.0,20.0,189.0,183.42,-20.0,5.51839225329484,3.964781408887273,1683637.0
35,90,Treino,866.0,21.0,17.0,189.0,181.64,-17.0,7.210423294206287,0.1319322969004446,1652202.0
35,95,Treino,861.0,21.0,15.0,189.0,179.94,-15.0,8.170154745867949,-1.2650257585221447,1622191.0
35,100,Treino,856.0,21.0,15.0,189.0,178.38,-15.0,8.799095500825814,-1.8333218568379432,1594765.0
35,105,Treino,851.0,22.0,16.0,189.0,176.72,-16.0,9.098194483365523,-1.9691392086086248,1565554.0
35,110,Treino,846.0,21.0,18.0,189.0,175.02,-18.0,8.961345562230834,-1.7382207771127782,1535535.0
35,115,Treino,841.0,21.0,19.0,189.0,173.28,-19.0,8.470934700130652,-1.0065478506993344,1504814.0
35,120,Treino,836.0,24.0,20.0,189.0,171.52,-20.0,7.746598990419439,0.6233628062973522,1473896.0
35,125,Treino,831.0,22.0,22.0,189.0,169.46,-22.0,5.6576118131744755,6.175886537695261,1437403.0
35,130,Treino,826.0,21.0,0.0,168.0,167.48,0.0,0.8861749953869043,1.8806662853583331,1402516.0
35,135,Treino,821.0,23.0,0.0,168.0,167.42,0.0,0.9055385138137416,1.1694003863774576,1401513.0
35,140,Treino,816.0,21.0,0.0,168.0,167.36,0.0,0.9424241429983226,0.9889223101142912,1400512.0
35,145,Treino,811.0,22.0,1.0,168.0,167.32,-1.0,0.9354688882139943,0.848333677950313,1399842.0
35,150,Treino,806.0,21.0,0.0,168.0,167.32,0.0,0.9354688882139943,0.8483336779503139,1399842.0
35,155,Treino,801.0,21.0,0.0,168.0,167.34,0.0,0.9391702807939195,0.9137898897529046,1400177.0
35,160,Treino,796.0,21.0,0.0,168.0,167.34,0.0,0.9391702807939194,0.9137898897529046,1400177.0
35,165,Treino,791.0,22.0,1.0,168.0,167.34,-1.0,0.9391702807939194,0.9137898897529055,1400177.0
35,170,Treino,786.0,21.0,-1.0,168.0,167.46,1.0,0.8621283582636917,2.0999437184538214,1402179.0
35,175,Treino,781.0,21.0,-2.0,168.0,167.54,2.0,0.8381222939355786,3.2836380581493083,1403517.0
35,180,Treino,776.0,42.0,20.0,168.0,165.62,-20.0,6.298331492692071,5.633972807980047,1373443.0
35,185,Treino,771.0,42.0,18.0,168.0,163.58,-18.0,8.391176123446218,0.38336635371378813,1341371.0
35,190,Treino,766.0,42.0,21.0,168.0,161.58,-21.0,9.64701497662275,-1.2424958006267945,1309965.0
35,195,Treino,761.0,42.0,21.0,168.0,159.52,-21.0,10.329747018653832,-1.8994322540678445,1277560.0
35,200,Treino,756.0,42.0,20.0,168.0,157.42,-20.0,10.529046316097705,-2.0825428376820385,1244485.0
35,205,Treino,751.0,42.0,21.0,168.0,155.34,-21.0,10.32059561641434,-1.897060036287479,1211745.0
35,210,Treino,746.0,42.0,21.0,168.0,153.24,-21.0,9.631072163596752,-1.2352323492711221,1178670.0
35,215,Treino,741.0,42.0,21.0,168.0,151.16,-21.0,8.40641154726801,0.4159082314614282,1145930.0
35,220,Treino,736.0,42.0,21.0,168.0,149.06,-21.0,6.244703878536776,5.817957220365937,1112855.0
35,225,Treino,731.0,42.0,0.0,147.0,147.0,0.0,0.0,0.0,1080450.0
35,230,Treino,726.0,42.0,0.0,147.0,147.0,0.0,0.0,0.0,1080450.0
35,235,Treino,721.0,42.0,0.0,147.0,147.0,0.0,0.0,0.0,1080450.0
35,240,Treino,716.0,42.0,0.0,147.0,147.0,0.0,0.0,0.0,1080450.0
35,245,Treino,711.0,42.0,0.0,147.0,147.0,0.0,0.0,0.0,1080450.0
35,250,Treino,706.0,42.0,0.0,147.0,147.0,0.0,0.0,0.0,1080450.0
35,255,Treino,701.0,42.0,0.0,147.0,147.0,0.0,0.0,0.0,1080450.0
35,260,Treino,696.0,42.0,0.0,147.0,147.0,0.0,0.0,0.0,1080450.0
35,265,Treino,691.0,42.0,0.0,147.0,147.0,0.0,0.0,0.0,1080450.0
35,270,Treino,686.0,60.0,18.0,147.0,146.28,-18.0,3.563075946998833,22.330729166666675,1070514.0
35,275,Treino,681.0,60.0,18.0,147.0,144.48,-18.0,6.309176989569582,2.6843146956951847,1045674.0
35,280,Treino,676.0,60.0,18.0,147.0,142.68,-18.0,7.765543990564199,-0.44297079134004713,1020834.0
35,285,Treino,671.0,60.0,18.0,147.0,140.88,-18.0,8.613326172571318,-1.5796260477111561,995994.0
35,290,Treino,666.0,60.0,18.0,147.0,139.08,-18.0,9.025677655603323,-2.020369922630559,971154.0
35,295,Treino,661.0,60.0,18.0,147.0,137.28,-18.0,9.062233810305989,-2.0565662795080004,946314.0
35,300,Treino,656.0,60.0,18.0,147.0,135.48,-18.0,8.727717984931093,-1.7081763445626434,921474.0
35,305,Treino,651.0,60.0,18.0,147.0,133.68,-18.0,7.975574958482133,-0.7586145884018252,896634.0
35,310,Treino,646.0,60.0,18.0,147.0,131.88,-18.0,6.665904718362367,1.7259530141844035,871794.0
35,315,Treino,641.0,60.0,18.0,147.0,130.08,-18.0,4.318162874677719,13.124339821940499,846954.0
35,320,Treino,636.0,60.0,0.0,129.0,129.0,0.0,0.0,0.0,832050.0
35,325,Treino,631.0,60.0,0.0,129.0,129.0,0.0,0.0,0.0,832050.0
35,330,Treino,626.0,60.0,0.0,129.0,129.0,0.0,0.0,0.0,832050.0
35,335,Treino,621.0,60.0,0.0,129.0,129.0,0.0,0.0,0.0,832050.0
35,340,Treino,616.0,60.0,0.0,129.0,129.0,0.0,0.0,0.0,832050.0
35,345,Treino,611.0,60.0,0.0,129.0,129.0,0.0,0.0,0.0,832050.0
35,350,Treino,606.0,60.0,0.0,129.0,129.0,0.0,0.0,0.0,832050.0
35,355,Treino,601.0,80.0,20.0,129.0,127.8,-20.0,4.7979587496419045,13.124339821940534,817770.0
35,360,Treino,596.0,80.0,20.0,129.0,125.8,-20.0,7.4065607981804105,1.7259530141843937,793970.0
35,365,Treino,591.0,80.0,20.0,129.0,123.8,-20.0,8.861749953869042,-0.7586145884018243,770170.0
35,370,Treino,586.0,80.0,20.0,129.0,121.8,-20.0,9.697464427701227,-1.708176344562649,746370.0
35,375,Treino,581.0,80.0,20.0,129.0,119.8,-20.0,10.069148678117772,-2.056566279508001,722570.0
35,380,Treino,576.0,80.0,20.0,129.0,117.8,-20.0,10.028530728448137,-2.02036992263056,698770.0
35,385,Treino,571.0,80.0,20.0,129.0,115.8,-20.0,9.570362413968123,-1.579626047711153,674970.0
35,390,Treino,566.0,80.0,20.0,129.0,113.8,-20.0,8.628382211737998,-0.44297079134004935,651170.0
35,395,Treino,561.0,80.0,20.0,129.0,111.8,-20.0,7.010196655077323,2.6843146956952015,627370.0
35,400,Treino,556.0,80.0,20.0,129.0,109.8,-20.0,3.9589732744431467,22.330729166666696,603570.0
35,405,Treino,551.0,80.0,0.0,109.0,109.0,0.0,0.0,0.0,594050.0
35,410,Treino,546.0,80.0,0.0,109.0,109.0,0.0,0.0,0.0,594050.0
35,415,Treino,541.0,80.0,0.0,109.0,109.0,0.0,0.0,0.0,594050.0
35,420,Treino,536.0,80.0,0.0,109.0,109.0,0.0,0.0,0.0,594050.0
35,425,Treino,531.0,80.0,0.0,109.0,109.0,0.0,0.0,0.0,594050.0
35,430,Treino,526.0,80.0,0.0,109.0,109.0,0.0,0.0,0.0,594050.0
35,435,Treino,521.0,80.0,0.0,109.0,109.0,0.0,0.0,0.0,594050.0
35,440,Treino,516.0,80.0,0.0,109.0,109.0,0.0,0.0,0.0,594050.0
35,445,Treino,511.0,80.0,0.0,109.0,109.0,0.0,0.0,0.0,594050.0
35,450,Treino,506.0,99.0,19.0,109.0,107.48,-19.0,5.206902796739524,8.534487742830724,578926.0
35,455,Treino,501.0,99.0,19.0,109.0,105.58,-19.0,7.373670755340468,0.9888715908435675,560021.0
35,460,Treino,496.0,99.0,19.0,109.0,103.68,-19.0,8.61758998461038,-1.0213504728132352,541116.0
35,465,Treino,491.0,99.0,19.0,109.0,101.78,-19.0,9.315972678082277,-1.8142903587038977,522211.0
35,470,Treino,486.0,99.0,19.0,109.0,99.88,-19.0,9.588768940584519,-2.078005660120022,503306.0
35,475,Treino,481.0,99.0,19.0,109.0,97.98,-19.0,9.472818256162514,-1.9686965028124248,484401.0
35,480,Treino,476.0,99.0,19.0,109.0,96.08,-19.0,8.953029358484057,-1.4253656914893602,465496.0
35,485,Treino,471.0,99.0,19.0,109.0,94.18,-19.0,7.950587194333128,-0.06075484798889441,446591.0
35,490,Treino,466.0,99.0,19.0,109.0,92.28,-19.0,6.236953730527001,3.973746776273371,427686.0
35,495,Treino,461.0,99.0,19.0,109.0,90.38,-19.0,2.687005768508885,49.999999999999986,408781.0
35,500,Treino,456.0,99.0,0.0,90.0,90.0,0.0,0.0,0.0,405000.0
35,505,Treino,451.0,99.0,0.0,90.0,90.0,0.0,0.0,0.0,405000.0
35,510,Treino,446.0,99.0,0.0,90.0,90.0,0.0,0.0,0.0,405000.0
35,515,Treino,441.0,99.0,0.0,90.0,90.0,0.0,0.0,0.0,405000.0
35,520,Treino,436.0,99.0,0.0,90.0,90.0,0.0,0.0,0.0,405000.0
35,525,Treino,431.0,99.0,0.0,90.0,90.0,0.0,0.0,0.0,405000.0
35,530,Treino,426.0,99.0,0.0,90.0,90.0,0.0,0.0,0.0,405000.0
35,535,Treino,421.0,99.0,0.0,90.0,90.0,0.0,0.0,0.0,405000.0
35,540,Treino,416.0,99.0,0.0,90.0,90.0,0.0,0.0,0.0,405000.0
35,545,Treino,411.0,116.0,17.0,90.0,88.28,-17.0,5.213953022654594,5.818016308131355,391000.0
35,550,Treino,406.0,116.0,17.0,90.0,86.58,-17.0,6.910772425004611,0.41510422395898017,377145.0
35,555,Treino,401.0,116.0,17.0,90.0,84.88,-17.0,7.901536921022753,-1.2373624093860685,363290.0
35,560,Treino,396.0,116.0,17.0,90.0,83.18,-17.0,8.438710608540491,-1.8983148446317148,349435.0
35,565,Treino,391.0,116.0,17.0,90.0,81.48,-17.0,8.607637804382144,-2.0838050788263294,335580.0
35,570,Treino,386.0,116.0,17.0,90.0,79.78,-17.0,8.430484044495305,-1.8998591060782397,321725.0
35,575,Treino,381.0,116.0,17.0,90.0,78.08,-17.0,7.883954254933087,-1.2413542605195405,307870.0
35,580,Treino,376.0,116.0,17.0,90.0,76.38,-17.0,6.880584930047137,0.4050589740320132,294015.0
35,585,Treino,371.0,116.0,17.0,90.0,74.68,-17.0,5.160446112656603,5.779291803547805,280160.0
35,590,Treino,366.0,116.0,-1.0,73.0,72.98,1.0,0.14142135623730953,50.00000000000087,266305.0
35,595,Treino,361.0,116.0,0.0,73.0,73.0,0.0,0.0,0.0,266450.0
35,600,Treino,356.0,116.0,0.0,73.0,73.0,0.0,0.0,0.0,266450.0
35,605,Treino,351.0,116.0,0.0,73.0,73.0,0.0,0.0,0.0,266450.0
35,610,Treino,346.0,116.0,0.0,73.0,73.0,0.0,0.0,0.0,266450.0
35,615,Treino,341.0,116.0,0.0,73.0,73.0,0.0,0.0,0.0,266450.0
35,620,Treino,336.0,116.0,0.0,73.0,73.0,0.0,0.0,0.0,266450.0
35,625,Treino,331.0,128.0,12.0,73.0,72.52,-12.0,2.3753839646658887,22.33072916666663,263234.0
35,630,Treino,326.0,128.0,12.0,73.0,71.34,-12.0,4.158149117291568,2.7118071929491014,255317.0
35,635,Treino,321.0,128.0,12.0,73.0,70.16,-12.0,5.108456374543317,-0.42405928339547794,247400.0
35,640,Treino,316.0,128.0,12.0,73.0,68.98,-12.0,5.662227152501973,-1.5655268868116712,239483.0
35,645,Treino,311.0,128.0,12.0,73.0,67.78,-12.0,5.9531847076388695,-2.0121531741428687,231443.0
35,650,Treino,306.0,128.0,12.0,73.0,66.58,-12.0,5.990093863187443,-2.0522156266641987,223403.0
35,655,Treino,301.0,128.0,12.0,73.0,65.38,-12.0,5.7778253094155065,-1.707646045077686,215363.0
35,660,Treino,296.0,128.0,12.0,73.0,64.18,-12.0,5.286447825548348,-0.7644963428627665,207323.0
35,665,Treino,291.0,128.0,12.0,73.0,62.98,-12.0,4.423914602268364,1.7001210280947303,199283.0
35,670,Treino,286.0,128.0,12.0,73.0,61.78,-12.0,2.87345344383332,12.899915067613097,191243.0
35,675,Treino,281.0,128.0,0.0,62.0,61.06,0.0,0.23989793748209556,13.124339821940382,186419.0
35,680,Treino,276.0,128.0,0.0,62.0,61.06,0.0,0.23989793748209523,13.124339821940382,186419.0
35,685,Treino,271.0,128.0,0.0,62.0,61.04,0.0,0.1979486637221574,22.33072916666676,186296.0
35,690,Treino,266.0,128.0,0.0,62.0,61.02,0.0,0.14142135623730956,49.99999999999932,186173.0
35,695,Treino,261.0,128.0,0.0,62.0,61.02,0.0,0.1414213562373096,49.99999999999932,186173.0
35,700,Treino,256.0,128.0,0.0,62.0,61.04,0.0,0.1979486637221574,22.33072916666676,186296.0
35,705,Treino,251.0,128.0,0.0,63.0,61.1,0.0,0.36421567954234174,16.47727558856849,186667.0
35,710,Treino,246.0,128.0,0.0,63.0,61.1,0.0,0.3642156795423418,16.477275588568478,186667.0
35,715,Treino,241.0,147.0,19.0,63.0,59.2,-19.0,5.802884574739972,5.726452306429874,176882.0
35,720,Treino,236.0,147.0,19.0,63.0,57.3,-19.0,7.736080323749891,0.39614779974653036,167097.0
35,725,Treino,231.0,147.0,19.0,63.0,55.4,-19.0,8.868656111525004,-1.242104562675977,157312.0
35,730,Treino,226.0,147.0,19.0,63.0,53.48,-19.0,9.474433912333954,-1.8974813537590205,147404.0
35,735,Treino,221.0,147.0,19.0,63.0,51.58,-19.0,9.682911520312677,-2.0791751974072445,137619.0
35,740,Treino,216.0,147.0,19.0,63.0,49.68,-19.0,9.507118707707868,-1.890922633611155,127834.0
35,745,Treino,211.0,147.0,19.0,63.0,47.78,-19.0,8.924376157240248,-1.2253198837029544,118049.0
35,750,Treino,206.0,147.0,20.0,63.0,45.86,-20.0,7.803740599670066,0.4358285830867539,108141.0
35,755,Treino,201.0,147.0,19.0,61.0,43.9,-19.0,5.757869503947593,5.791962174940895,97985.0
35,760,Treino,196.0,147.0,0.0,42.0,42.0,0.0,0.0,0.0,88200.0
35,765,Treino,191.0,147.0,0.0,42.0,42.0,0.0,0.0,0.0,88200.0
35,770,Treino,186.0,147.0,0.0,42.0,42.0,0.0,0.0,0.0,88200.0
35,775,Treino,181.0,147.0,0.0,42.0,42.0,0.0,0.0,0.0,88200.0
35,780,Treino,176.0,147.0,0.0,42.0,42.0,0.0,0.0,0.0,88200.0
35,785,Treino,171.0,147.0,0.0,42.0,42.0,0.0,0.0,0.0,88200.0
35,790,Treino,166.0,147.0,0.0,42.0,42.0,0.0,0.0,0.0,88200.0
35,795,Treino,161.0,162.0,15.0,42.0,41.1,-15.0,3.598469062231428,13.124339821940548,85095.0
35,800,Treino,156.0,162.0,15.0,42.0,39.6,-15.0,5.5549205986353085,1.7259530141844,79920.0
35,805,Treino,151.0,162.0,15.0,42.0,38.12,-15.0,6.613653163212091,-0.7529746546241265,74800.0
35,810,Treino,146.0,162.0,15.0,42.0,36.62,-15.0,7.247490769154492,-1.705193473422371,69625.0
35,815,Treino,141.0,162.0,15.0,42.0,35.12,-15.0,7.531268153505093,-2.0548602776411364,64450.0
35,820,Treino,136.0,162.0,15.0,42.0,33.62,-15.0,7.504801184330371,-2.019530314299627,59275.0
35,825,Treino,131.0,162.0,15.0,42.0,32.12,-15.0,7.164652461770854,-1.5797048063814934,54100.0
35,830,Treino,126.0,162.0,15.0,42.0,30.62,-15.0,6.461471368418954,-0.44475286170993833,48925.0
35,835,Treino,121.0,162.0,15.0,42.0,29.12,-15.0,5.251394372654075,2.6763936278211418,43750.0
35,840,Treino,116.0,162.0,15.0,42.0,27.62,-15.0,2.9684738056270437,22.215330208033045,38575.0
35,845,Treino,111.0,162.0,0.0,28.0,27.02,0.0,0.14142135623730942,50.00000000000013,36505.0
35,850,Treino,106.0,162.0,0.0,28.0,27.02,0.0,0.14142135623730942,50.00000000000013,36505.0
35,855,Treino,101.0,162.0,0.0,27.0,27.0,0.0,0.0,0.0,36450.0
35,860,Treino,96.0,162.0,0.0,27.0,27.0,0.0,0.0,0.0,36450.0
35,865,Treino,91.0,162.0,0.0,27.0,27.0,0.0,0.0,0.0,36450.0
35,870,Treino,86.0,162.0,0.0,28.0,27.02,0.0,0.1414213562373095,50.000000000000114,36505.0
35,875,Treino,81.0,162.0,0.0,29.0,27.06,0.0,0.31363569143000214,32.438318899468086,36617.0
35,880,Treino,76.0,174.0,12.0,29.0,25.86,-12.0,3.6701220576933604,5.673883646840844,34097.0
35,885,Treino,71.0,174.0,12.0,29.0,24.66,-12.0,4.889013088506905,0.3883678164796138,31577.0
35,890,Treino,66.0,174.0,12.0,29.0,23.46,-12.0,5.603242501499666,-1.2414319007123147,29057.0
35,895,Treino,61.0,174.0,12.0,29.0,22.26,-12.0,5.995951014762259,-1.892727794217604,26537.0
35,900,Treino,56.0,174.0,12.0,29.0,21.06,-12.0,6.129254041238692,-2.070872219802938,24017.0
35,905,Treino,51.0,174.0,12.0,29.0,19.86,-12.0,6.0204074714631215,-1.8778852057159316,21497.0
35,910,Treino,46.0,174.0,12.0,29.0,18.66,-12.0,5.655447076284341,-1.2036084013162793,18977.0
35,915,Treino,41.0,174.0,12.0,29.0,17.46,-12.0,4.978361340105102,0.4802058246722378,16457.0
35,920,Treino,36.0,174.0,12.0,29.0,16.24,-12.0,3.7664469263457825,6.003939767459842,13882.0
35,925,Treino,31.0,174.0,0.0,15.0,15.0,0.0,0.0,0.0,11250.0
35,930,Treino,26.0,174.0,0.0,15.0,15.0,0.0,0.0,0.0,11250.0
35,935,Treino,21.0,174.0,0.0,15.0,15.0,0.0,0.0,0.0,11250.0
35,940,Treino,16.0,174.0,0.0,15.0,15.0,0.0,0.0,0.0,11250.0
35,945,Treino,11.0,174.0,0.0,15.0,15.0,0.0,0.0,0.0,11250.0
35,950,Treino,6.0,174.0,0.0,15.0,15.0,0.0,0.0,0.0,11250.0
35,955,Treino,1.0,174.0,0.0,15.0,15.0,0.0,0.0,0.0,11250.0
36,50,Treino,1291.0,9.0,9.0,188.0,179.14,-9.0,1.2937841980100115,47.568371016614975,1604639.0
36,55,Treino,1286.0,9.0,0.0,179.0,178.96,0.0,0.19794866372215744,22.3307291666675,1601336.0
36,60,Treino,1281.0,12.0,2.0,179.0,178.9,-2.0,0.4629100498862757,33.000000000000284,1600271.0
36,65,Treino,1276.0,9.0,0.0,179.0,178.92,0.0,0.4444671196029728,40.203025749606496,1600628.0
36,70,Treino,1271.0,9.0,0.0,179.0,178.92,0.0,0.4444671196029729,40.20302574960648,1600628.0
36,75,Treino,1266.0,9.0,0.0,179.0,178.92,0.0,0.444467119602973,40.20302574960648,1600628.0
36,80,Treino,1261.0,9.0,0.0,179.0,178.92,0.0,0.44446711960297314,40.20302574960648,1600628.0
36,85,Treino,1256.0,9.0,0.0,179.0,178.94,0.0,0.4242640687119286,49.99999999999983,1600985.0
36,90,Treino,1251.0,9.0,0.0,179.0,178.94,0.0,0.4242640687119287,49.99999999999983,1600985.0
36,95,Treino,1246.0,9.0,0.0,179.0,178.94,0.0,0.4242640687119287,49.999999999999844,1600985.0
36,100,Treino,1241.0,9.0,0.0,179.0,178.92,0.0,0.4444671196029735,40.20302574960648,1600628.0
36,105,Treino,1236.0,9.0,0.0,179.0,178.9,0.0,0.4629100498862749,33.00000000000034,1600271.0
36,110,Treino,1231.0,9.0,0.0,179.0,178.96,0.0,0.19794866372215741,22.330729166667517,1601336.0
36,115,Treino,1226.0,17.0,8.0,179.0,178.8,-8.0,1.1428571428571428,46.870605468750284,1598536.0
36,120,Treino,1221.0,16.0,7.0,179.0,178.04,-7.0,2.5149349811046156,4.02827020430767,1585222.0
36,125,Treino,1216.0,17.0,8.0,179.0,177.28,-8.0,3.194638365404492,0.0841111282431668,1571910.0
36,130,Treino,1211.0,16.0,7.0,179.0,176.52,-7.0,3.592736436484148,-1.2898849842849773,1558598.0
36,135,Treino,1206.0,16.0,7.0,179.0,175.82,-7.0,3.7235598503560645,-1.8599427285529904,1546313.0
36,140,Treino,1201.0,16.0,7.0,179.0,175.1,-7.0,3.737564414843181,-1.99511629413704,1533685.0
36,145,Treino,1196.0,16.0,7.0,179.0,174.36,-7.0,3.629583660837753,-1.7495204305882535,1520716.0
36,150,Treino,1191.0,16.0,7.0,179.0,173.68,-7.0,3.352976137641279,-1.0246117553009877,1508788.0
36,155,Treino,1186.0,17.0,8.0,179.0,172.98,-8.0,2.9031299084447,0.771478508450314,1496517.0
36,160,Treino,1181.0,16.0,7.0,179.0,172.28,-7.0,2.0804238186740003,6.978369415390533,1484232.0
36,165,Treino,1176.0,16.0,-1.0,172.0,171.7,1.0,0.5802884574739973,2.4067756872397483,1474061.0
36,170,Treino,1171.0,17.0,1.0,172.0,171.74,-1.0,0.5646020812962715,3.567597293541799,1474747.0
36,175,Treino,1166.0,17.0,0.0,172.0,171.78,0.0,0.5066899385990911,4.774206435911969,1475431.0
36,180,Treino,1161.0,25.0,9.0,172.0,170.92,-9.0,2.7689237576195924,5.488349296290494,1461058.0
36,185,Treino,1156.0,25.0,9.0,172.0,170.02,-9.0,3.6224357573774215,0.35826180339119684,1445983.0
36,190,Treino,1151.0,25.0,9.0,172.0,169.1,-9.0,4.1906114696778936,-1.221459924792181,1430601.0
36,195,Treino,1146.0,25.0,9.0,172.0,168.24,-9.0,4.460987352959577,-1.873386610402463,1416210.0
36,200,Treino,1141.0,26.0,10.0,172.0,167.32,-10.0,4.542048445540035,-2.0530303765960456,1400810.0
36,205,Treino,1136.0,25.0,9.0,172.0,166.44,-9.0,4.436214602563763,-1.8696757144958036,1386078.0
36,210,Treino,1131.0,25.0,9.0,172.0,165.54,-9.0,4.111755174161626,-1.205059265098403,1371003.0
36,215,Treino,1126.0,25.0,9.0,172.0,164.68,-9.0,3.6108679492524742,0.4237480865734842,1356614.0
36,220,Treino,1121.0,25.0,9.0,172.0,163.8,-9.0,2.710523708715758,5.709499113475131,1341882.0
36,225,Treino,1116.0,25.0,-1.0,163.0,162.92,1.0,0.2740475156178696,8.534487742830084,1327150.0
36,230,Treino,1111.0,25.0,0.0,163.0,162.94,0.0,0.2398979374820955,13.124339821940382,1327475.0
36,235,Treino,1106.0,25.0,0.0,163.0,162.94,0.0,0.23989793748209554,13.124339821940382,1327475.0
36,240,Treino,1101.0,25.0,0.0,163.0,162.98,0.0,0.14142135623730948,49.99999999999781,1328125.0
36,245,Treino,1096.0,25.0,0.0,163.0,162.98,0.0,0.14142135623730948,49.99999999999781,1328125.0
36,250,Treino,1091.0,25.0,0.0,163.0,162.94,0.0,0.31363569143000214,32.4383188994678,1327477.0
36,255,Treino,1086.0,32.0,7.0,163.0,162.52,-7.0,1.6932037017176063,12.044346274033154,1320778.0
36,260,Treino,1081.0,32.0,7.0,163.0,161.82,-7.0,2.5848064704723868,1.5907274617056402,1309613.0
36,265,Treino,1076.0,32.0,7.0,163.0,161.12,-7.0,3.081478574334346,-0.7952529145695024,1298448.0
36,270,Treino,1071.0,32.0,7.0,163.0,160.42,-7.0,3.36300400213371,-1.7130003333422001,1287283.0
36,275,Treino,1066.0,32.0,7.0,163.0,159.7,-7.0,3.5065536310381664,-2.032217823457851,1275807.0
36,280,Treino,1061.0,32.0,7.0,163.0,159.0,-7.0,3.475864303027554,-1.98226973626696,1264642.0
36,285,Treino,1056.0,32.0,7.0,163.0,158.3,-7.0,3.296565931204096,-1.5180699540364861,1253477.0
36,290,Treino,1051.0,32.0,7.0,163.0,157.6,-7.0,2.941608611710574,-0.32776089440854017,1242312.0
36,295,Treino,1046.0,32.0,6.0,163.0,156.9,-6.0,2.3321182453306424,2.9855057408964294,1231147.0
36,300,Treino,1041.0,32.0,7.0,163.0,156.26,-7.0,1.3969354213522454,21.825434254612755,1220955.0
36,305,Treino,1036.0,32.0,0.0,156.0,155.98,0.0,0.14142135623730948,49.99999999999781,1216489.0
36,310,Treino,1031.0,32.0,0.0,156.0,155.98,0.0,0.14142135623730948,49.99999999999781,1216489.0
36,315,Treino,1026.0,32.0,0.0,156.0,155.98,0.0,0.14142135623730948,49.99999999999781,1216489.0
36,320,Treino,1021.0,36.0,4.0,156.0,155.82,-4.0,0.8002550613806239,20.7892033385855,1214025.0
36,325,Treino,1016.0,36.0,4.0,156.0,155.44,-4.0,1.4020393310154626,2.6843146956951838,1208176.0
36,330,Treino,1011.0,36.0,4.0,156.0,155.02,-4.0,1.7669297711925425,-0.32635649958963286,1201713.0
36,335,Treino,1006.0,36.0,4.0,156.0,154.62,-4.0,1.9471591027516395,-1.5153612763610933,1195553.0
36,340,Treino,1001.0,36.0,4.0,156.0,154.22,-4.0,2.03329430095245,-1.9799896804178214,1189393.0
36,345,Treino,996.0,36.0,4.0,156.0,153.82,-4.0,2.037305142804571,-2.0306009718874716,1183233.0
36,350,Treino,991.0,36.0,4.0,156.0,153.42,-4.0,1.9596959364312903,-1.6946525921961741,1177073.0
36,355,Treino,986.0,36.0,4.0,156.0,153.02,-4.0,1.7898808534055448,-0.7636341381040124,1170913.0
36,360,Treino,981.0,36.0,4.0,156.0,152.62,-4.0,1.4967993062749931,1.6651977207373712,1164753.0
36,365,Treino,976.0,36.0,4.0,156.0,152.2,-4.0,0.9897433186107853,11.945921985815781,1158290.0
36,370,Treino,971.0,36.0,0.0,152.0,151.96,0.0,0.19794866372215744,22.330729166667517,1154594.0
36,375,Treino,966.0,36.0,-1.0,152.0,151.96,1.0,0.19794866372215744,22.330729166667513,1154594.0
36,380,Treino,961.0,42.0,6.0,152.0,151.62,-6.0,1.4412296337304673,12.813791936294699,1149533.0
36,385,Treino,956.0,42.0,6.0,152.0,151.02,-6.0,2.2176472180384033,1.6887648298287825,1140593.0
36,390,Treino,951.0,42.0,6.0,152.0,150.42,-6.0,2.6502984044543103,-0.7680291517784186,1131653.0
36,395,Treino,946.0,42.0,6.0,152.0,149.82,-6.0,2.897500682326344,-1.7086438115501257,1122713.0
36,400,Treino,941.0,42.0,6.0,152.0,149.22,-6.0,3.0053693446828107,-2.0517366598878937,1113773.0
36,405,Treino,936.0,42.0,6.0,152.0,148.62,-6.0,2.9890275532831283,-2.0101784341925955,1104833.0
36,410,Treino,931.0,42.0,6.0,152.0,148.02,-6.0,2.846336707605275,-1.5610530042056001,1095893.0
36,415,Treino,926.0,42.0,6.0,152.0,147.44,-6.0,2.588514663521401,-0.44297079134004713,1087256.0
36,420,Treino,921.0,42.0,6.0,152.0,146.84,-6.0,2.103058996523193,2.684314695695188,1078316.0
36,425,Treino,916.0,42.0,6.0,152.0,146.24,-6.0,1.187691982332946,22.33072916666648,1069376.0
36,430,Treino,911.0,42.0,0.0,146.0,146.0,0.0,0.0,0.0,1065800.0
36,435,Treino,906.0,42.0,0.0,146.0,146.0,0.0,0.0,0.0,1065800.0
36,440,Treino,901.0,57.0,15.0,146.0,144.5,-15.0,4.545686450484948,5.791962174940899,1045025.0
36,445,Treino,896.0,57.0,15.0,146.0,143.0,-15.0,6.0609152673132645,0.4072473404255321,1024250.0
36,450,Treino,891.0,57.0,15.0,146.0,141.5,-15.0,6.943650748294136,-1.2411347517730495,1003475.0
36,455,Treino,886.0,57.0,15.0,146.0,140.0,-15.0,7.423074889580903,-1.9004875886524821,982700.0
36,460,Treino,881.0,57.0,15.0,146.0,138.5,-15.0,7.576144084141581,-2.085106382978723,961925.0
36,465,Treino,876.0,57.0,15.0,146.0,137.0,-15.0,7.423074889580903,-1.9004875886524821,941150.0
36,470,Treino,871.0,57.0,15.0,146.0,135.5,-15.0,6.943650748294136,-1.2411347517730495,920375.0
36,475,Treino,866.0,57.0,15.0,146.0,134.0,-15.0,6.0609152673132645,0.4072473404255321,899600.0
36,480,Treino,861.0,57.0,15.0,146.0,132.5,-15.0,4.545686450484948,5.791962174940899,878825.0
36,485,Treino,856.0,57.0,0.0,131.0,131.0,0.0,0.0,0.0,858050.0
36,490,Treino,851.0,57.0,0.0,131.0,131.0,0.0,0.0,0.0,858050.0
36,495,Treino,846.0,57.0,0.0,131.0,131.0,0.0,0.0,0.0,858050.0
36,500,Treino,841.0,57.0,0.0,131.0,131.0,0.0,0.0,0.0,858050.0
36,505,Treino,836.0,62.0,5.0,131.0,130.56,-5.0,1.5140161485133452,9.002122779769872,852408.0
36,510,Treino,831.0,62.0,5.0,131.0,130.06,-5.0,2.0344983837470574,1.176348625486792,845983.0
36,515,Treino,826.0,62.0,5.0,131.0,129.56,-5.0,2.340068026222088,-0.9257297063519574,839558.0
36,520,Treino,821.0,62.0,5.0,131.0,129.08,-5.0,2.48948810409051,-1.7309873881323148,833386.0
36,525,Treino,816.0,62.0,5.0,131.0,128.58,-5.0,2.556224895091533,-2.0274915065082872,826961.0
36,530,Treino,811.0,62.0,5.0,131.0,128.08,-5.0,2.5220658846530184,-1.941542324303068,820536.0
36,535,Treino,806.0,62.0,5.0,131.0,127.58,-5.0,2.382675566908524,-1.4243997014010397,814111.0
36,540,Treino,801.0,62.0,5.0,131.0,127.08,-5.0,2.11737226441702,-0.11270668424429164,807686.0
36,545,Treino,796.0,62.0,5.0,131.0,126.62,-5.0,1.6768532239566682,3.3180253406378704,801769.0
36,550,Treino,791.0,62.0,5.0,131.0,126.12,-5.0,0.7989789402348327,29.82972424178602,795344.0
36,555,Treino,786.0,62.0,0.0,128.0,126.06,0.0,0.3136356914300022,32.4383188994678,794561.0
36,560,Treino,781.0,74.0,12.0,128.0,125.82,-12.0,1.7342880677790573,46.64239881724032,791681.0
36,565,Treino,776.0,74.0,12.0,128.0,124.62,-12.0,3.973843048162392,3.8964230542936678,777281.0
36,570,Treino,771.0,74.0,12.0,128.0,123.4,-12.0,5.050762722761054,-0.07113782468084429,762628.0
36,575,Treino,766.0,74.0,12.0,128.0,122.2,-12.0,5.689230786211393,-1.4235743702366308,748228.0
36,580,Treino,761.0,74.0,12.0,128.0,121.0,-12.0,6.023762469230862,-1.960778985387758,733828.0
36,585,Treino,756.0,74.0,12.0,128.0,119.8,-12.0,6.104531605491853,-2.064439648807742,719428.0
36,590,Treino,751.0,74.0,14.0,128.0,118.6,-14.0,5.94189552659583,-1.7926160281460424,705028.0
36,595,Treino,746.0,74.0,12.0,126.0,117.36,-12.0,5.442688411332877,-1.0213504728132397,690120.0
36,600,Treino,741.0,74.0,12.0,126.0,116.16,-12.0,4.657055213899248,0.9888715908435728,675720.0
36,605,Treino,736.0,74.0,12.0,126.0,114.96,-12.0,3.28857018741444,8.53448774283074,661320.0
36,610,Treino,731.0,74.0,0.0,114.0,114.0,0.0,0.0,0.0,649800.0
36,615,Treino,726.0,74.0,0.0,114.0,114.0,0.0,0.0,0.0,649800.0
36,620,Treino,721.0,74.0,0.0,114.0,114.0,0.0,0.0,0.0,649800.0
36,625,Treino,716.0,74.0,0.0,114.0,114.0,0.0,0.0,0.0,649800.0
36,630,Treino,711.0,74.0,0.0,114.0,114.0,0.0,0.0,0.0,649800.0
36,635,Treino,706.0,78.0,4.0,114.0,113.6,-4.0,1.212183053462653,5.791962174940842,645320.0
36,640,Treino,701.0,78.0,4.0,114.0,113.2,-4.0,1.6162440712835373,0.40724734042554367,640840.0
36,645,Treino,696.0,78.0,4.0,114.0,112.8,-4.0,1.8516401995451028,-1.2411347517730555,636360.0
36,650,Treino,691.0,78.0,4.0,114.0,112.4,-4.0,1.9794866372215738,-1.9004875886524764,631880.0
36,655,Treino,686.0,78.0,4.0,114.0,112.0,-4.0,2.0203050891044216,-2.085106382978723,627400.0
36,660,Treino,681.0,78.0,4.0,114.0,111.6,-4.0,1.9794866372215734,-1.9004875886524766,622920.0
36,665,Treino,676.0,78.0,4.0,114.0,111.2,-4.0,1.8516401995451017,-1.2411347517730555,618440.0
36,670,Treino,671.0,78.0,4.0,114.0,110.8,-4.0,1.6162440712835384,0.40724734042554367,613960.0
36,675,Treino,666.0,78.0,4.0,114.0,110.4,-4.0,1.2121830534626552,5.791962174940846,609480.0
36,680,Treino,661.0,78.0,0.0,110.0,110.0,0.0,0.0,0.0,605000.0
36,685,Treino,656.0,78.0,0.0,110.0,110.0,0.0,0.0,0.0,605000.0
36,690,Treino,651.0,78.0,0.0,110.0,110.0,0.0,0.0,0.0,605000.0
36,695,Treino,646.0,89.0,11.0,110.0,109.56,-11.0,2.1774353009437313,22.33072916666669,600402.0
36,700,Treino,641.0,89.0,11.0,110.0,108.46,-11.0,3.8556081602925216,2.6843146956951864,588907.0
36,705,Treino,636.0,89.0,11.0,110.0,107.36,-11.0,4.7456102164558995,-0.44297079134005246,577412.0
36,710,Treino,631.0,89.0,11.0,110.0,106.26,-11.0,5.263699327682473,-1.579626047711152,565917.0
36,715,Treino,626.0,89.0,11.0,110.0,105.16,-11.0,5.515691900646479,-2.020369922630562,554422.0
36,720,Treino,621.0,89.0,11.0,110.0,104.06,-11.0,5.53803177296477,-2.056566279508,542927.0
36,725,Treino,616.0,89.0,11.0,110.0,102.96,-11.0,5.333605435235671,-1.708176344562645,531432.0
36,730,Treino,611.0,89.0,11.0,110.0,101.86,-11.0,4.873962474627972,-0.7586145884018212,519937.0
36,735,Treino,606.0,89.0,11.0,110.0,100.76,-11.0,4.07360843899923,1.7259530141843875,508442.0
36,740,Treino,601.0,89.0,11.0,110.0,99.68,-11.0,2.6375622635072604,13.031250777132229,497146.0
36,745,Treino,596.0,89.0,0.0,100.0,99.04,0.0,0.1979486637221574,22.330729166666007,490448.0
36,750,Treino,591.0,88.0,-1.0,100.0,99.06,1.0,0.2398979374820952,13.124339821940389,490647.0
36,755,Treino,586.0,88.0,-1.0,100.0,99.08,1.0,0.27404751561786966,8.534487742830796,490846.0
36,760,Treino,581.0,89.0,0.0,100.0,99.1,0.0,0.30304576336566325,5.791962174941123,491045.0
36,765,Treino,576.0,89.0,0.0,100.0,99.1,0.0,0.30304576336566325,5.791962174941123,491045.0
36,770,Treino,571.0,98.0,9.0,100.0,98.4,-9.0,2.523360247522242,8.163421539930365,484440.0
36,775,Treino,566.0,98.0,9.0,100.0,97.5,-9.0,3.5642785571070426,0.9361135904808675,475935.0
36,780,Treino,561.0,98.0,9.0,100.0,96.6,-9.0,4.16986271980755,-1.0288495594986413,467430.0
36,785,Treino,556.0,98.0,9.0,100.0,95.7,-9.0,4.51866875826706,-1.805551178284983,458925.0
36,790,Treino,551.0,98.0,9.0,100.0,94.82,-9.0,4.610059984558174,-2.0533564688139965,450583.0
36,795,Treino,546.0,98.0,9.0,100.0,93.96,-9.0,4.512838827801666,-1.9370782577427912,442422.0
36,800,Treino,541.0,98.0,9.0,100.0,93.04,-9.0,4.275988965450341,-1.3983405128280244,433718.0
36,805,Treino,536.0,98.0,9.0,100.0,92.12,-9.0,3.804615886106815,-0.04733811831273149,425014.0
36,810,Treino,531.0,98.0,9.0,100.0,91.2,-9.0,2.989778505208049,3.9050095889080003,416310.0
36,815,Treino,526.0,98.0,10.0,100.0,90.3,-10.0,1.4321384039831033,45.36155361648409,407805.0
36,820,Treino,521.0,98.0,0.0,91.0,90.12,0.0,0.3282607226593159,3.973746776273229,406086.0
36,825,Treino,516.0,97.0,-1.0,91.0,90.14,1.0,0.35050983275386594,2.684314695695181,406267.0
36,830,Treino,511.0,97.0,-1.0,91.0,90.16,1.0,0.37032803990902063,1.725953014184472,406448.0
36,835,Treino,506.0,98.0,0.0,91.0,90.2,0.0,0.40406101782088405,0.4072473404254846,406810.0
36,840,Treino,501.0,108.0,10.0,91.0,89.98,-10.0,1.4913355198120446,43.11475179283228,404929.0
36,845,Treino,496.0,108.0,10.0,91.0,88.92,-10.0,3.3432234231565885,3.8512751339413613,395886.0
36,850,Treino,491.0,108.0,10.0,91.0,87.92,-10.0,4.261072012284884,-0.0833485402203129,387386.0
36,855,Treino,486.0,108.0,10.0,91.0,86.92,-10.0,4.805778834287074,-1.4252481630585023,378886.0
36,860,Treino,481.0,108.0,10.0,91.0,85.92,-10.0,5.09837909415876,-1.9581966756258211,370386.0
36,865,Treino,476.0,108.0,10.0,91.0,84.92,-10.0,5.181757640501721,-2.0594784596559936,361886.0
36,870,Treino,471.0,108.0,10.0,91.0,83.9,-10.0,5.039638794960752,-1.7887894395083825,353205.0
36,875,Treino,466.0,108.0,10.0,91.0,82.88,-10.0,4.671406727777677,-0.9855846170527109,344524.0
36,880,Treino,461.0,108.0,11.0,91.0,81.86,-11.0,4.015327775270303,1.046245974145231,335843.0
36,885,Treino,456.0,108.0,10.0,91.0,80.82,-10.0,2.81171020656722,8.642155960547155,326981.0
36,890,Treino,451.0,108.0,0.0,80.0,80.0,0.0,0.0,0.0,320000.0
36,895,Treino,446.0,108.0,0.0,80.0,80.0,0.0,0.0,0.0,320000.0
36,900,Treino,441.0,108.0,0.0,80.0,80.0,0.0,0.0,0.0,320000.0
36,905,Treino,436.0,108.0,0.0,80.0,80.0,0.0,0.0,0.0,320000.0
36,910,Treino,431.0,114.0,6.0,80.0,79.64,-6.0,1.4393876248925712,13.124339821940556,317228.0
36,915,Treino,426.0,114.0,6.0,80.0,79.04,-6.0,2.2219682394541236,1.7259530141844204,312608.0
36,920,Treino,421.0,114.0,6.0,80.0,78.44,-6.0,2.658524986160713,-0.7586145884018265,307988.0
36,925,Treino,416.0,114.0,6.0,80.0,77.84,-6.0,2.909239328310367,-1.7081763445626443,303368.0
36,930,Treino,411.0,114.0,6.0,80.0,77.24,-6.0,3.0207446034353316,-2.056566279508001,298748.0
36,935,Treino,406.0,114.0,6.0,80.0,76.64,-6.0,3.008559218534443,-2.020369922630561,294128.0
36,940,Treino,401.0,114.0,6.0,80.0,76.04,-6.0,2.8711087241904383,-1.5796260477111619,289508.0
36,945,Treino,396.0,114.0,6.0,80.0,75.44,-6.0,2.588514663521401,-0.44297079134004713,284888.0
36,950,Treino,391.0,114.0,6.0,80.0,74.84,-6.0,2.103058996523193,2.684314695695188,280268.0
36,955,Treino,386.0,114.0,6.0,80.0,74.24,-6.0,1.1876919823329428,22.330729166666742,275648.0
36,960,Treino,381.0,114.0,0.0,74.0,74.0,0.0,0.0,0.0,273800.0
36,965,Treino,376.0,114.0,0.0,74.0,74.0,0.0,0.0,0.0,273800.0
36,970,Treino,371.0,114.0,0.0,74.0,74.0,0.0,0.0,0.0,273800.0
36,975,Treino,366.0,114.0,0.0,74.0,74.0,0.0,0.0,0.0,273800.0
36,980,Treino,361.0,120.0,6.0,74.0,73.76,-6.0,1.1876919823329444,22.330729166666767,272096.0
36,985,Treino,356.0,120.0,6.0,74.0,73.16,-6.0,2.1030589965231936,2.6843146956951847,267836.0
36,990,Treino,351.0,120.0,6.0,74.0,72.56,-6.0,2.5885146635214,-0.4429707913400476,263576.0
36,995,Treino,346.0,120.0,6.0,74.0,71.96,-6.0,2.8711087241904387,-1.579626047711161,259316.0
36,1000,Treino,341.0,120.0,6.0,74.0,71.36,-6.0,3.008559218534443,-2.020369922630561,255056.0
36,1005,Treino,336.0,120.0,6.0,74.0,70.76,-6.0,3.020744603435332,-2.056566279508001,250796.0
36,1010,Treino,331.0,120.0,6.0,74.0,70.16,-6.0,2.909239328310367,-1.7081763445626443,246536.0
36,1015,Treino,326.0,120.0,6.0,74.0,69.56,-6.0,2.6585249861607134,-0.7586145884018265,242276.0
36,1020,Treino,321.0,120.0,6.0,74.0,68.96,-6.0,2.2219682394541227,1.7259530141844213,238016.0
36,1025,Treino,316.0,120.0,6.0,74.0,68.36,-6.0,1.43938762489257,13.124339821940566,233756.0
36,1030,Treino,311.0,120.0,0.0,68.0,68.0,0.0,0.0,0.0,231200.0
36,1035,Treino,306.0,120.0,0.0,68.0,68.0,0.0,0.0,0.0,231200.0
36,1040,Treino,301.0,120.0,0.0,68.0,68.0,0.0,0.0,0.0,231200.0
36,1045,Treino,296.0,129.0,9.0,68.0,67.82,-9.0,1.2727922061357855,49.99999999999983,230057.0
36,1050,Treino,291.0,129.0,9.0,68.0,66.92,-9.0,2.9543465039338432,3.97374677627338,224342.0
36,1055,Treino,286.0,129.0,9.0,68.0,66.02,-9.0,3.766067618368323,-0.06075484798889752,218627.0
36,1060,Treino,281.0,129.0,9.0,68.0,65.12,-9.0,4.2409086434924514,-1.425365691489358,212912.0
36,1065,Treino,276.0,129.0,9.0,68.0,64.22,-9.0,4.487124437129608,-1.9686965028124235,207197.0
36,1070,Treino,271.0,129.0,9.0,68.0,63.3,-9.0,4.563609384275226,-2.0734657330963744,201365.0
36,1075,Treino,266.0,129.0,9.0,68.0,62.4,-9.0,4.4308749769345175,-1.812172422906929,195650.0
36,1080,Treino,261.0,129.0,9.0,68.0,61.5,-9.0,4.0970372570571385,-1.0225961492154916,189935.0
36,1085,Treino,256.0,129.0,9.0,68.0,60.6,-9.0,3.5050983275386614,0.9787492951911876,184220.0
36,1090,Treino,251.0,129.0,9.0,68.0,59.7,-9.0,2.476419403337103,8.462350808741048,178505.0
36,1095,Treino,246.0,129.0,0.0,59.0,58.98,0.0,0.14142135623730961,49.999999999999304,173933.0
36,1100,Treino,241.0,129.0,0.0,59.0,58.98,0.0,0.14142135623730964,49.999999999999304,173933.0
36,1105,Treino,236.0,129.0,0.0,59.0,58.98,0.0,0.14142135623730964,49.99999999999929,173933.0
36,1110,Treino,231.0,129.0,0.0,59.0,58.98,0.0,0.14142135623730967,49.99999999999929,173933.0
36,1115,Treino,226.0,129.0,0.0,59.0,58.98,0.0,0.1414213562373097,49.99999999999929,173933.0
36,1120,Treino,221.0,143.0,14.0,59.0,57.6,-14.0,4.247448213519573,5.886520039842706,166772.0
36,1125,Treino,216.0,143.0,14.0,59.0,56.24,-14.0,5.582626110148725,0.4531476908311607,159674.0
36,1130,Treino,211.0,142.0,13.0,59.0,54.86,-13.0,6.39837351781446,-1.2036534351953818,152487.0
36,1135,Treino,206.0,143.0,14.0,59.0,53.52,-14.0,6.7920722094188015,-1.8730453433425507,145480.0
36,1140,Treino,201.0,142.0,13.0,59.0,52.18,-13.0,6.90368136044318,-2.065845498823487,138473.0
36,1145,Treino,196.0,142.0,13.0,59.0,50.82,-13.0,6.7663332245849706,-1.888640579450977,131377.0
36,1150,Treino,191.0,142.0,13.0,59.0,49.46,-13.0,6.334904924950592,-1.248030757751372,124281.0
36,1155,Treino,186.0,143.0,14.0,59.0,48.14,-14.0,5.518096388710697,0.34437892673242443,117365.0
36,1160,Treino,181.0,142.0,13.0,59.0,46.8,-13.0,4.160062793874583,5.375059604316112,110360.0
36,1165,Treino,176.0,143.0,-1.0,46.0,45.44,1.0,0.6749149606295836,-0.43243838298857495,103262.0
36,1170,Treino,171.0,142.0,0.0,46.0,45.52,0.0,0.6464976285134147,-0.008550603338990825,103624.0
36,1175,Treino,166.0,142.0,-1.0,46.0,45.56,1.0,0.6439672954048364,0.3304134600290669,103806.0
36,1180,Treino,161.0,148.0,6.0,46.0,45.38,-6.0,1.3536044096999624,14.058456419520251,103057.0
36,1185,Treino,156.0,148.0,6.0,46.0,44.82,-6.0,2.106258894488578,2.0174793188704943,100659.0
36,1190,Treino,151.0,148.0,6.0,46.0,44.24,-6.0,2.5679341335567223,-0.5396057385693913,98182.0
36,1195,Treino,146.0,148.0,5.0,46.0,43.7,-5.0,2.815771906346717,-1.5492905211134045,95873.0
36,1200,Treino,141.0,148.0,6.0,46.0,43.16,-6.0,2.944105144528778,-1.955882270726097,93564.0
36,1205,Treino,136.0,148.0,4.0,46.0,42.56,-4.0,2.956556187491779,-1.9626570327204211,90996.0
36,1210,Treino,131.0,148.0,6.0,46.0,42.0,-6.0,2.842821248876057,-1.6246613458895856,88596.0
36,1215,Treino,126.0,148.0,6.0,46.0,41.46,-6.0,2.6435134320268006,-0.7121153590952205,86289.0
36,1220,Treino,121.0,148.0,5.0,46.0,40.88,-5.0,2.219027181594013,1.715696219914478,83800.0
36,1225,Treino,116.0,148.0,6.0,46.0,40.3,-6.0,1.474269102896451,12.314646846215677,81311.0
36,1230,Treino,111.0,149.0,1.0,40.0,39.92,-1.0,0.2740475156178697,8.534487742830796,79684.0
36,1235,Treino,106.0,153.0,5.0,40.0,39.82,-5.0,0.7475128829686359,36.82091130775147,79309.0
36,1240,Treino,101.0,153.0,5.0,40.0,39.34,-5.0,1.6364471221745813,3.679443200647455,77513.0
36,1245,Treino,96.0,153.0,5.0,40.0,38.84,-5.0,2.0737425498998916,-0.12816785503247852,75638.0
36,1250,Treino,91.0,153.0,5.0,40.0,38.34,-5.0,2.3265109200741976,-1.4392275531410195,73763.0
36,1255,Treino,86.0,153.0,5.0,40.0,37.86,-5.0,2.466179396622745,-1.9614175201456958,71967.0
36,1260,Treino,81.0,153.0,5.0,40.0,37.36,-5.0,2.488832198900865,-2.0567482867996216,70092.0
36,1265,Treino,76.0,153.0,5.0,40.0,36.86,-5.0,2.4075561323907375,-1.7746076661039816,68217.0
36,1270,Treino,71.0,153.0,5.0,40.0,36.36,-5.0,2.2109190996746424,-0.9463681454425199,66342.0
36,1275,Treino,66.0,153.0,5.0,40.0,35.86,-5.0,1.8627388218339533,1.1626714115870147,64467.0
36,1280,Treino,61.0,153.0,5.0,40.0,35.4,-5.0,1.3702375780893477,8.53448774283072,62750.0
36,1285,Treino,56.0,153.0,0.0,35.0,35.0,0.0,0.0,0.0,61250.0
36,1290,Treino,51.0,153.0,0.0,35.0,35.0,0.0,0.0,0.0,61250.0
36,1295,Treino,46.0,168.0,15.0,35.0,33.52,-15.0,4.48689702332906,5.82443323570182,57166.0
36,1300,Treino,41.0,168.0,15.0,35.0,32.02,-15.0,6.022034370475121,0.41646887215679795,53041.0
36,1305,Treino,36.0,168.0,15.0,35.0,30.52,-15.0,6.91416764952328,-1.2368469113518998,48916.0
36,1310,Treino,31.0,168.0,15.0,35.0,29.02,-15.0,7.399641469527496,-1.8981036244385885,44791.0
36,1315,Treino,26.0,168.0,15.0,35.0,27.52,-15.0,7.557237374510207,-2.083767938076744,40666.0
36,1320,Treino,21.0,168.0,15.0,35.0,26.02,-15.0,7.40791082945407,-1.899983109147088,36541.0
36,1325,Treino,16.0,168.0,15.0,35.0,24.52,-15.0,6.931854892083216,-1.2417256745288008,32416.0
36,1330,Treino,11.0,168.0,15.0,35.0,23.02,-15.0,6.052457756809146,0.40406425216353625,28291.0
36,1335,Treino,6.0,168.0,15.0,35.0,21.52,-15.0,4.541149724059591,5.775042409079385,24166.0
36,1340,Treino,1.0,168.0,0.0,21.0,20.02,0.0,0.14142135623730942,50.00000000000013,20041.0
37,50,Teste,1323.0,9.0,9.0,188.0,179.08,-9.0,1.3528503544859092,40.67224797034463,1603572.0
37,55,Teste,1318.0,9.0,0.0,179.0,178.9,0.0,0.4164965639175214,17.294117647059075,1600269.0
37,60,Teste,1313.0,9.0,0.0,179.0,178.88,0.0,0.43518703462079494,13.65271286082913,1599912.0
37,65,Teste,1308.0,9.0,0.0,179.0,178.84,0.0,0.5841442371503106,14.341938434696132,1599204.0
37,70,Teste,1303.0,9.0,0.0,179.0,178.88,0.0,0.5205962045225315,22.527534838147584,1599916.0
37,75,Teste,1298.0,9.0,0.0,179.0,178.86,0.0,0.5349041493385446,19.345273416472264,1599559.0
37,80,Teste,1293.0,9.0,0.0,179.0,178.76,0.0,0.8703740692415896,20.193381771182302,1597794.0
37,85,Teste,1288.0,9.0,0.0,179.0,178.76,0.0,0.8703740692415898,20.193381771182306,1597794.0
37,90,Teste,1283.0,9.0,0.0,179.0,178.76,0.0,0.8703740692415901,20.193381771182306,1597794.0
37,95,Teste,1278.0,11.0,2.0,179.0,178.72,-2.0,0.9044109595053953,16.438098608490733,1597082.0
37,100,Teste,1273.0,9.0,0.0,179.0,178.74,0.0,0.8762163557254669,19.16956805671281,1597437.0
37,105,Teste,1268.0,9.0,0.0,179.0,178.74,0.0,0.8762163557254671,19.1695680567128,1597437.0
37,110,Teste,1263.0,9.0,-3.0,179.0,178.76,3.0,0.8703740692415906,20.193381771182302,1597794.0
37,115,Teste,1258.0,9.0,0.0,179.0,178.82,0.0,0.7743331561638659,32.20464186804688,1598859.0
37,120,Teste,1253.0,9.0,-1.0,179.0,178.82,1.0,0.774333156163866,32.20464186804688,1598859.0
37,125,Teste,1248.0,18.0,9.0,179.0,178.12,-9.0,2.5365893862203466,6.672180984810737,1586652.0
37,130,Teste,1243.0,18.0,9.0,179.0,177.28,-9.0,3.5745129538362086,1.0784404627971593,1572036.0
37,135,Teste,1238.0,18.0,9.0,179.0,176.38,-9.0,4.1299799871037575,-0.9664137359294052,1556331.0
37,140,Teste,1233.0,18.0,9.0,179.0,175.46,-9.0,4.463959988117077,-1.7667231050384828,1540287.0
37,145,Teste,1228.0,18.0,9.0,179.0,174.6,-9.0,4.598136268408881,-2.0454089799978243,1525294.0
37,150,Teste,1223.0,18.0,9.0,179.0,173.72,-9.0,4.549231825713175,-1.950918385504799,1509946.0
37,155,Teste,1218.0,18.0,9.0,179.0,172.76,-9.0,4.354495682976526,-1.4046576232906975,1493230.0
37,160,Teste,1213.0,18.0,9.0,179.0,171.86,-9.0,3.8651240178640274,-0.10590053712168412,1477525.0
37,165,Teste,1208.0,18.0,9.0,179.0,170.96,-9.0,3.0436283395624626,3.646533629343998,1461820.0
37,170,Teste,1203.0,18.0,9.0,179.0,170.04,-9.0,1.3991250910508897,36.237788175312375,1445776.0
37,175,Teste,1198.0,18.0,-2.0,170.0,169.8,2.0,0.6060915267313266,11.125394011032572,1441620.0
37,180,Teste,1193.0,27.0,9.0,170.0,169.48,-9.0,1.8321393762150169,18.07430445072422,1436338.0
37,185,Teste,1188.0,27.0,9.0,170.0,168.58,-9.0,3.1369424864452498,2.3504737389080725,1421443.0
37,190,Teste,1183.0,27.0,9.0,170.0,167.7,-9.0,3.839908587347318,-0.5255588516788006,1406887.0
37,195,Teste,1178.0,27.0,9.0,170.0,166.8,-9.0,4.237827706911807,-1.5959161657068672,1391992.0
37,200,Teste,1173.0,27.0,9.0,170.0,165.9,-9.0,4.418190598340606,-2.0020387239764643,1377097.0
37,205,Teste,1168.0,27.0,9.0,170.0,165.06,-9.0,4.455723217139402,-2.033841925734384,1363213.0
37,210,Teste,1163.0,27.0,9.0,170.0,164.16,-9.0,4.268345758043048,-1.6671063813599516,1348318.0
37,215,Teste,1158.0,27.0,9.0,170.0,163.26,-9.0,3.864067857603337,-0.6807291932104276,1333423.0
37,220,Teste,1153.0,27.0,8.0,170.0,162.38,-8.0,3.206434856627519,1.8918022094145694,1318867.0
37,225,Teste,1148.0,27.0,9.0,170.0,161.52,-9.0,2.168795395925528,12.990919718240093,1304666.0
37,230,Teste,1143.0,27.0,0.0,161.0,160.94,0.0,0.3136356914300022,32.4383188994678,1295089.0
37,235,Teste,1138.0,27.0,0.0,161.0,160.94,0.0,0.3136356914300022,32.4383188994678,1295089.0
37,240,Teste,1133.0,33.0,6.0,161.0,160.46,-6.0,1.6562805638304305,7.72953830976067,1287505.0
37,245,Teste,1128.0,33.0,6.0,161.0,159.86,-6.0,2.32124175072441,0.8493849145806776,1278025.0
37,250,Teste,1123.0,33.0,6.0,161.0,159.26,-6.0,2.7015490643219446,-1.060986704973399,1268545.0
37,255,Teste,1118.0,33.0,6.0,161.0,158.64,-6.0,2.939943078721498,-1.795129509646894,1258756.0
37,260,Teste,1113.0,33.0,6.0,161.0,158.04,-6.0,3.0099155863137907,-2.0436672193545897,1249276.0
37,265,Teste,1108.0,33.0,6.0,161.0,157.44,-6.0,2.956556187491779,-1.9148363651278364,1239796.0
37,270,Teste,1103.0,33.0,6.0,161.0,156.84,-6.0,2.772753733259793,-1.3361081410150033,1230316.0
37,275,Teste,1098.0,33.0,4.0,161.0,156.26,-4.0,2.464523798022733,0.0749822425312856,1221157.0
37,280,Teste,1093.0,33.0,6.0,161.0,155.7,-6.0,1.982062417930229,3.9111376824336803,1212317.0
37,285,Teste,1088.0,39.0,12.0,161.0,154.86,-12.0,1.4847524359024868,14.750727233146787,1199189.0
37,290,Teste,1083.0,39.0,6.0,155.0,154.14,-6.0,2.099659836395274,2.633538029072227,1188173.0
37,295,Teste,1078.0,39.0,6.0,155.0,153.54,-6.0,2.581013880834666,-0.4553920562684377,1179053.0
37,300,Teste,1073.0,39.0,5.0,155.0,152.94,-5.0,2.860069929215019,-1.5814037291803391,1169933.0
37,305,Teste,1068.0,39.0,6.0,155.0,152.36,-6.0,3.0085592185344403,-2.0203699226305556,1161122.0
37,310,Teste,1063.0,39.0,6.0,155.0,151.76,-6.0,3.020744603435329,-2.056566279507998,1152002.0
37,315,Teste,1058.0,39.0,6.0,155.0,151.16,-6.0,2.909239328310367,-1.7081763445626443,1142882.0
37,320,Teste,1053.0,39.0,6.0,155.0,150.56,-6.0,2.6585249861607134,-0.7586145884018265,1133762.0
37,325,Teste,1048.0,39.0,6.0,155.0,149.96,-6.0,2.2219682394541227,1.7259530141843697,1124642.0
37,330,Teste,1043.0,39.0,6.0,155.0,149.36,-6.0,1.4393876248925717,13.124339821940382,1115522.0
37,335,Teste,1038.0,47.0,8.0,149.0,148.84,-8.0,1.131370849898476,50.0000000000001,1107730.0
37,340,Teste,1033.0,47.0,8.0,149.0,148.04,-8.0,2.626085781274527,3.973746776273342,1096130.0
37,345,Teste,1028.0,47.0,8.0,149.0,147.24,-8.0,3.347615660771842,-0.06075484798887398,1084530.0
37,350,Teste,1023.0,47.0,8.0,149.0,146.44,-8.0,3.7696965719932893,-1.4253656914893633,1072930.0
37,355,Teste,1018.0,47.0,8.0,149.0,145.64,-8.0,3.9885550552263176,-1.9686965028124281,1061330.0
37,360,Teste,1013.0,47.0,8.0,149.0,144.84,-8.0,4.03737639603559,-2.0780056601200227,1049730.0
37,365,Teste,1008.0,47.0,8.0,149.0,144.04,-8.0,3.9225148118241173,-1.814290358703893,1038130.0
37,370,Teste,1003.0,47.0,8.0,149.0,143.24,-8.0,3.6284589408885783,-1.0213504728132499,1026530.0
37,375,Teste,998.0,47.0,8.0,149.0,142.44,-8.0,3.1047034759328294,0.9888715908435755,1014930.0
37,380,Teste,993.0,47.0,8.0,149.0,141.64,-8.0,2.1923801249429578,8.534487742830796,1003330.0
37,385,Teste,988.0,47.0,0.0,141.0,141.0,0.0,0.0,0.0,994050.0
37,390,Teste,983.0,51.0,4.0,141.0,140.84,-4.0,0.7917946548886295,22.33072916666676,991826.0
37,395,Teste,978.0,51.0,4.0,141.0,140.44,-4.0,1.4020393310154626,2.6843146956951838,986266.0
37,400,Teste,973.0,51.0,4.0,141.0,140.04,-4.0,1.7256764423475999,-0.4429707913400769,980706.0
37,405,Teste,968.0,51.0,4.0,141.0,139.64,-4.0,1.914072482793626,-1.5796260477111759,975146.0
37,410,Teste,963.0,51.0,4.0,141.0,139.24,-4.0,2.0057061456896284,-2.0203699226305556,969586.0
37,415,Teste,958.0,51.0,4.0,141.0,138.84,-4.0,2.0138297356235535,-2.056566279508001,964026.0
37,420,Teste,953.0,51.0,4.0,141.0,138.44,-4.0,1.9394928855402458,-1.7081763445626443,958466.0
37,425,Teste,948.0,51.0,4.0,141.0,138.04,-4.0,1.7723499907738076,-0.7586145884018003,952906.0
37,430,Teste,943.0,51.0,4.0,141.0,137.64,-4.0,1.4813121596360828,1.7259530141844701,947346.0
37,435,Teste,938.0,57.0,10.0,141.0,137.12,-10.0,1.3036839481771243,13.439474523858369,940178.0
37,440,Teste,933.0,57.0,6.0,137.0,136.28,-6.0,1.9695643359558954,3.97374677627338,928802.0
37,445,Teste,928.0,57.0,6.0,137.0,135.68,-6.0,2.5107117455788814,-0.06075484798887398,920762.0
37,450,Teste,923.0,57.0,6.0,137.0,135.08,-6.0,2.827272428994967,-1.4253656914893458,912722.0
37,455,Teste,918.0,57.0,6.0,137.0,134.48,-6.0,2.991416291419739,-1.968696502812428,904682.0
37,460,Teste,913.0,57.0,6.0,137.0,133.88,-6.0,3.0280322970266917,-2.0780056601200214,896642.0
37,465,Teste,908.0,57.0,6.0,137.0,133.28,-6.0,2.9418861088680863,-1.814290358703898,888602.0
37,470,Teste,903.0,57.0,6.0,137.0,132.68,-6.0,2.7213442056664348,-1.0213504728132499,880562.0
37,475,Teste,898.0,57.0,6.0,137.0,132.08,-6.0,2.328527606949623,0.9888715908435319,872522.0
37,480,Teste,893.0,57.0,6.0,137.0,131.48,-6.0,1.6442850937072195,8.534487742830798,864482.0
37,485,Teste,888.0,69.0,12.0,131.0,129.88,-12.0,3.4144949128976725,6.224648082067512,844012.0
37,490,Teste,883.0,69.0,12.0,131.0,128.78,-12.0,4.509807905769244,0.6015486159415118,830211.0
37,495,Teste,878.0,69.0,12.0,131.0,127.64,-12.0,5.220681009608002,-1.1017602836400946,815934.0
37,500,Teste,873.0,67.0,10.0,131.0,126.66,-10.0,5.423343347163674,-1.7656587374237127,803579.0
37,505,Teste,868.0,68.0,11.0,131.0,125.56,-11.0,5.5591806766751475,-1.995431219332598,789780.0
37,510,Teste,863.0,67.0,10.0,131.0,124.52,-10.0,5.418185553658858,-1.8591697463618293,776700.0
37,515,Teste,858.0,66.0,9.0,131.0,123.56,-9.0,5.014916525237686,-1.2820062041522224,764586.0
37,520,Teste,853.0,66.0,9.0,131.0,122.58,-9.0,4.375674875061549,0.11277399046601211,752231.0
37,525,Teste,848.0,67.0,10.0,131.0,121.58,-10.0,3.356930084442741,4.065968134301274,739637.0
37,530,Teste,843.0,66.0,-2.0,122.0,120.64,2.0,1.1563489339913169,-1.388276889504385,727766.0
37,535,Teste,838.0,75.0,6.0,122.0,120.48,-6.0,1.8870125401095277,8.434375263720398,725946.0
37,540,Teste,833.0,75.0,6.0,122.0,119.78,-6.0,2.943619873418386,1.4808240016146632,717787.0
37,545,Teste,828.0,75.0,9.0,122.0,119.12,-9.0,3.5722284818486365,-0.6383251858297103,710104.0
37,550,Teste,823.0,75.0,6.0,122.0,118.3,-6.0,3.924023341377248,-1.588892066716211,700499.0
37,555,Teste,818.0,75.0,9.0,122.0,117.6,-9.0,4.1649656391752155,-1.969763204005007,692338.0
37,560,Teste,813.0,75.0,8.0,122.0,116.84,-8.0,4.234744528834039,-1.9888333581077149,683458.0
37,565,Teste,808.0,75.0,8.0,122.0,116.0,-8.0,4.0708019567928595,-1.5994857945202012,673612.0
37,570,Teste,803.0,75.0,9.0,122.0,115.18,-9.0,3.7399661681324803,-0.6072543733715592,664007.0
37,575,Teste,798.0,75.0,8.0,122.0,114.38,-8.0,3.200063774874702,1.8162932065870203,654641.0
37,580,Teste,793.0,75.0,9.0,122.0,113.52,-9.0,2.082384818090125,13.339170050873705,644552.0
37,585,Teste,788.0,75.0,0.0,113.0,113.0,0.0,0.0,0.0,638450.0
37,590,Teste,783.0,75.0,0.0,113.0,113.0,0.0,0.0,0.0,638450.0
37,595,Teste,778.0,83.0,8.0,113.0,112.2,-8.0,2.424366106925306,5.791962174940911,629730.0
37,600,Teste,773.0,83.0,8.0,113.0,111.4,-8.0,3.2324881425670746,0.40724734042554367,621010.0
37,605,Teste,768.0,83.0,8.0,113.0,110.6,-8.0,3.7032803990902057,-1.2411347517730555,612290.0
37,610,Teste,763.0,83.0,8.0,113.0,109.8,-8.0,3.9589732744431476,-1.900487588652483,603570.0
37,615,Teste,758.0,83.0,8.0,113.0,109.0,-8.0,4.040610178208843,-2.085106382978723,594850.0
37,620,Teste,753.0,83.0,8.0,113.0,108.2,-8.0,3.958973274443147,-1.900487588652484,586130.0
37,625,Teste,748.0,83.0,8.0,113.0,107.4,-8.0,3.7032803990902035,-1.2411347517730555,577410.0
37,630,Teste,743.0,83.0,8.0,113.0,106.6,-8.0,3.232488142567077,0.40724734042554367,568690.0
37,635,Teste,738.0,83.0,8.0,113.0,105.8,-8.0,2.424366106925304,5.791962174940917,559970.0
37,640,Teste,733.0,83.0,0.0,105.0,105.0,0.0,0.0,0.0,551250.0
37,645,Teste,728.0,93.0,10.0,105.0,104.2,-10.0,2.740475156178697,8.534487742830729,543250.0
37,650,Teste,723.0,93.0,10.0,105.0,103.2,-10.0,3.880879344916036,0.9888715908435746,533250.0
37,655,Teste,718.0,93.0,10.0,105.0,102.2,-10.0,4.535573676110726,-1.021350472813236,523250.0
37,660,Teste,713.0,93.0,10.0,105.0,101.2,-10.0,4.903143514780147,-1.8142903587038963,513250.0
37,665,Teste,708.0,93.0,10.0,105.0,100.2,-10.0,5.046720495044484,-2.078005660120021,503250.0
37,670,Teste,703.0,93.0,10.0,105.0,99.2,-10.0,4.9856938190329,-1.9686965028124244,493250.0
37,675,Teste,698.0,93.0,10.0,105.0,98.2,-10.0,4.712120714991612,-1.4253656914893638,483250.0
37,680,Teste,693.0,93.0,10.0,105.0,97.2,-10.0,4.184519575964805,-0.06075484798889441,473250.0
37,685,Teste,688.0,93.0,10.0,105.0,96.2,-10.0,3.28260722659316,3.9737467762733587,463250.0
37,690,Teste,683.0,93.0,10.0,105.0,95.2,-10.0,1.414213562373097,49.99999999999987,453250.0
37,695,Teste,678.0,96.0,3.0,95.0,94.7,-3.0,0.9091372900969895,5.79196217494094,448445.0
37,700,Teste,673.0,96.0,3.0,95.0,94.4,-3.0,1.2121830534626528,0.40724734042556276,445640.0
37,705,Teste,668.0,96.0,3.0,95.0,94.1,-3.0,1.3887301496588274,-1.2411347517730658,442835.0
37,710,Teste,663.0,96.0,3.0,95.0,93.8,-3.0,1.484614977916181,-1.9004875886524863,440030.0
37,715,Teste,658.0,96.0,3.0,95.0,93.5,-3.0,1.5152288168283161,-2.085106382978723,437225.0
37,720,Teste,653.0,96.0,3.0,95.0,93.2,-3.0,1.4846149779161815,-1.900487588652486,434420.0
37,725,Teste,648.0,96.0,3.0,95.0,92.9,-3.0,1.3887301496588287,-1.2411347517730655,431615.0
37,730,Teste,643.0,96.0,3.0,95.0,92.6,-3.0,1.2121830534626539,0.40724734042556365,428810.0
37,735,Teste,638.0,96.0,3.0,95.0,92.3,-3.0,0.9091372900969886,5.791962174940942,426005.0
37,740,Teste,633.0,104.0,8.0,92.0,91.84,-8.0,1.131370849898476,50.0000000000001,421792.0
37,745,Teste,628.0,104.0,8.0,92.0,91.04,-8.0,2.6260857812745275,3.973746776273395,414752.0
37,750,Teste,623.0,104.0,8.0,92.0,90.24,-8.0,3.347615660771842,-0.06075484798889885,407712.0
37,755,Teste,618.0,103.0,7.0,92.0,89.46,-7.0,3.74280261683293,-1.4129182715251483,400841.0
37,760,Teste,613.0,104.0,8.0,92.0,88.66,-8.0,3.9672640035003215,-1.9618015625363436,393801.0
37,765,Teste,608.0,104.0,8.0,92.0,87.9,-8.0,3.9859446938010583,-2.0674067317868996,387099.0
37,770,Teste,603.0,104.0,8.0,92.0,87.12,-8.0,3.8684490379457874,-1.8110440389753557,380228.0
37,775,Teste,598.0,104.0,8.0,92.0,86.36,-8.0,3.567197493717398,-1.0392273096097293,373526.0
37,780,Teste,593.0,104.0,8.0,92.0,85.6,-8.0,3.0505937862946633,0.8869493600322329,366824.0
37,785,Teste,588.0,104.0,8.0,92.0,84.82,-8.0,2.1730257284087835,7.822233108957112,359953.0
37,790,Teste,583.0,104.0,0.0,85.0,84.2,0.0,0.40406101782088416,0.4072473404254846,354490.0
37,795,Teste,578.0,108.0,4.0,85.0,84.18,-4.0,0.747512882968636,19.798826407055,354341.0
37,800,Teste,573.0,108.0,4.0,85.0,83.78,-4.0,1.4748227150462276,2.920565104793914,351061.0
37,805,Teste,568.0,108.0,4.0,85.0,83.36,-4.0,1.8489931071272498,-0.24552555562232614,347612.0
37,810,Teste,563.0,108.0,4.0,85.0,82.96,-4.0,2.0894291770036824,-1.4235801374600794,344332.0
37,815,Teste,558.0,108.0,4.0,85.0,82.52,-4.0,2.196843747056124,-1.8891500777076269,340714.0
37,820,Teste,553.0,108.0,5.0,85.0,82.1,-5.0,2.2337851101588404,-1.9534710771818786,337265.0
37,825,Teste,548.0,108.0,4.0,85.0,81.66,-4.0,2.162859030004838,-1.6471434171227917,333647.0
37,830,Teste,543.0,108.0,4.0,85.0,81.22,-4.0,1.9927419321535982,-0.7965229863049719,330029.0
37,835,Teste,538.0,108.0,4.0,85.0,80.8,-4.0,1.7379321515137758,1.3225870529816905,326580.0
37,840,Teste,533.0,108.0,4.0,85.0,80.38,-4.0,1.3075916481713017,8.95442396825429,323131.0
37,845,Teste,528.0,117.0,9.0,80.0,79.46,-9.0,2.1590814373388567,13.124339821940502,315923.0
37,850,Teste,523.0,117.0,9.0,80.0,78.56,-9.0,3.3329523591811854,1.7259530141844017,309128.0
37,855,Teste,518.0,117.0,9.0,80.0,77.66,-9.0,3.9877874792410695,-0.7586145884018269,302333.0
37,860,Teste,513.0,117.0,9.0,80.0,76.76,-9.0,4.363858992465552,-1.7081763445626446,295538.0
37,865,Teste,508.0,117.0,9.0,80.0,75.86,-9.0,4.531116905152996,-2.0565662795080004,288743.0
37,870,Teste,503.0,117.0,9.0,80.0,74.96,-9.0,4.512838827801667,-2.0203699226305596,281948.0
37,875,Teste,498.0,117.0,9.0,80.0,74.06,-9.0,4.306663086285659,-1.5796260477111557,275153.0
37,880,Teste,493.0,117.0,9.0,80.0,73.16,-9.0,3.882771995282105,-0.44297079134004713,268358.0
37,885,Teste,488.0,117.0,9.0,80.0,72.26,-9.0,3.1545884947847904,2.6843146956951873,261563.0
37,890,Teste,483.0,117.0,9.0,80.0,71.36,-9.0,1.7815379734994197,22.33072916666668,254768.0
37,895,Teste,478.0,117.0,0.0,71.0,71.0,0.0,0.0,0.0,252050.0
37,900,Teste,473.0,124.0,7.0,71.0,70.58,-7.0,1.6792855623746665,13.12433982194053,249215.0
37,905,Teste,468.0,124.0,7.0,71.0,69.88,-7.0,2.5922962793631443,1.7259530141843813,244490.0
37,910,Teste,463.0,124.0,7.0,71.0,69.18,-7.0,3.1016124838541637,-0.7586145884018114,239765.0
37,915,Teste,458.0,124.0,7.0,71.0,68.48,-7.0,3.394112549695429,-1.7081763445626448,235040.0
37,920,Teste,453.0,124.0,7.0,71.0,67.78,-7.0,3.5242020373412197,-2.056566279508,230315.0
37,925,Teste,448.0,124.0,7.0,71.0,67.08,-7.0,3.5099857549568494,-2.020369922630561,225590.0
37,930,Teste,443.0,124.0,7.0,71.0,66.38,-7.0,3.3496268448888475,-1.5796260477111488,220865.0
37,935,Teste,438.0,124.0,7.0,71.0,65.68,-7.0,3.0199337741082988,-0.44297079134006445,216140.0
37,940,Teste,433.0,124.0,7.0,71.0,64.98,-7.0,2.453568829277057,2.6843146956951864,211415.0
37,945,Teste,428.0,124.0,7.0,71.0,64.28,-7.0,1.3856406460551023,22.33072916666664,206690.0
37,950,Teste,423.0,133.0,9.0,64.0,63.82,-9.0,1.2727922061357855,50.0,203729.0
37,955,Teste,418.0,133.0,9.0,64.0,62.92,-9.0,2.9543465039338432,3.97374677627338,198374.0
37,960,Teste,413.0,133.0,9.0,64.0,62.02,-9.0,3.7660676183683233,-0.060754847988885086,193019.0
37,965,Teste,408.0,133.0,9.0,64.0,61.12,-9.0,4.240908643492451,-1.4253656914893633,187664.0
37,970,Teste,403.0,133.0,9.0,64.0,60.22,-9.0,4.487124437129608,-1.9686965028124235,182309.0
37,975,Teste,398.0,133.0,9.0,64.0,59.32,-9.0,4.542048445540038,-2.0780056601200223,176954.0
37,980,Teste,393.0,133.0,9.0,64.0,58.42,-9.0,4.412829163302134,-1.8142903587038983,171599.0
37,985,Teste,388.0,133.0,9.0,64.0,57.52,-9.0,4.0820163084996555,-1.0213504728132432,166244.0
37,990,Teste,383.0,133.0,9.0,64.0,56.62,-9.0,3.4927914104244366,0.9888715908435701,160889.0
37,995,Teste,378.0,133.0,9.0,64.0,55.72,-9.0,2.4664276405608248,8.534487742830722,155534.0
37,1000,Teste,373.0,138.0,5.0,55.0,54.6,-5.0,1.3702375780893485,8.534487742830729,149150.0
37,1005,Teste,368.0,138.0,5.0,55.0,54.1,-5.0,1.940439672458018,0.9888715908435746,146525.0
37,1010,Teste,363.0,138.0,5.0,55.0,53.6,-5.0,2.267786838055363,-1.021350472813236,143900.0
37,1015,Teste,358.0,138.0,5.0,55.0,53.1,-5.0,2.4515717573900737,-1.8142903587038963,141275.0
37,1020,Teste,353.0,138.0,5.0,55.0,52.6,-5.0,2.523360247522242,-2.078005660120021,138650.0
37,1025,Teste,348.0,138.0,5.0,55.0,52.1,-5.0,2.49284690951645,-1.9686965028124244,136025.0
37,1030,Teste,343.0,138.0,5.0,55.0,51.6,-5.0,2.356060357495806,-1.4253656914893638,133400.0
37,1035,Teste,338.0,138.0,5.0,55.0,51.1,-5.0,2.0922597879824023,-0.06075484798889441,130775.0
37,1040,Teste,333.0,138.0,5.0,55.0,50.6,-5.0,1.64130361329658,3.9737467762733587,128150.0
37,1045,Teste,328.0,138.0,5.0,55.0,50.1,-5.0,0.7071067811865485,49.99999999999987,125525.0
37,1050,Teste,323.0,138.0,0.0,50.0,49.98,0.0,0.14142135623730953,49.99999999999932,124901.0
37,1055,Teste,318.0,138.0,0.0,50.0,49.94,0.0,0.23989793748209523,13.124339821940389,124703.0
37,1060,Teste,313.0,147.0,9.0,50.0,49.04,-9.0,2.717742160135798,5.656443561828429,120608.0
37,1065,Teste,308.0,147.0,9.0,50.0,48.14,-9.0,3.614088080423777,0.3812896424708043,116513.0
37,1070,Teste,303.0,147.0,9.0,50.0,47.24,-9.0,4.13328944457717,-1.24635661701967,112418.0
37,1075,Teste,298.0,147.0,9.0,50.0,46.34,-9.0,4.410608732108882,-1.8970381756577612,108323.0
37,1080,Teste,293.0,147.0,9.0,50.0,45.44,-9.0,4.491079593857954,-2.0752284602481312,104228.0
37,1085,Teste,288.0,147.0,9.0,50.0,44.54,-9.0,4.385551416240586,-1.8828355523929448,100133.0
37,1090,Teste,283.0,147.0,9.0,50.0,43.64,-9.0,4.07961582825178,-1.2099517544581218,96038.0
37,1095,Teste,278.0,147.0,8.0,50.0,42.74,-8.0,3.5214213271440986,0.47057772592546465,91943.0
37,1100,Teste,273.0,147.0,9.0,50.0,41.86,-9.0,2.6108877214230315,5.938123513168643,87947.0
37,1105,Teste,268.0,150.0,3.0,41.0,40.88,-3.0,0.5938459911664722,22.330729166666767,83576.0
37,1110,Teste,263.0,150.0,3.0,41.0,40.58,-3.0,1.0515294982615968,2.6843146956951847,82391.0
37,1115,Teste,258.0,150.0,3.0,41.0,40.28,-3.0,1.2942573317607,-0.4429707913400476,81206.0
37,1120,Teste,253.0,150.0,3.0,41.0,39.98,-3.0,1.4355543620952194,-1.579626047711161,80021.0
37,1125,Teste,248.0,150.0,3.0,41.0,39.68,-3.0,1.5042796092672215,-2.020369922630561,78836.0
37,1130,Teste,243.0,150.0,3.0,41.0,39.38,-3.0,1.510372301717666,-2.056566279508001,77651.0
37,1135,Teste,238.0,150.0,3.0,41.0,39.08,-3.0,1.4546196641551834,-1.7081763445626443,76466.0
37,1140,Teste,233.0,150.0,3.0,41.0,38.78,-3.0,1.3292624930803567,-0.7586145884018265,75281.0
37,1145,Teste,228.0,150.0,3.0,41.0,38.48,-3.0,1.1109841197270613,1.7259530141844213,74096.0
37,1150,Teste,223.0,150.0,3.0,41.0,38.18,-3.0,0.719693812446285,13.124339821940566,72911.0
37,1155,Teste,218.0,150.0,0.0,38.0,38.0,0.0,0.0,0.0,72200.0
37,1160,Teste,213.0,150.0,0.0,38.0,38.0,0.0,0.0,0.0,72200.0
37,1165,Teste,208.0,159.0,9.0,38.0,37.28,-9.0,2.4664276405608274,8.53448774283072,69788.0
37,1170,Teste,203.0,158.0,8.0,38.0,36.46,-8.0,3.3332585025614145,1.1396548963707263,67011.0
37,1175,Teste,198.0,158.0,8.0,38.0,35.66,-8.0,3.804454961097635,-0.9311818451502276,64291.0
37,1180,Teste,193.0,158.0,8.0,38.0,34.86,-8.0,4.065835757647284,-1.7573513599805046,61571.0
37,1185,Teste,188.0,158.0,8.0,38.0,34.06,-8.0,4.157167402971227,-2.0415881640924645,58851.0
37,1190,Teste,183.0,158.0,8.0,38.0,33.26,-8.0,4.0898580385522205,-1.94890279740034,56131.0
37,1195,Teste,178.0,158.0,8.0,38.0,32.46,-8.0,3.8556081602925216,-1.4261388421763694,53411.0
37,1200,Teste,173.0,158.0,8.0,38.0,31.64,-8.0,3.433092257568912,-0.11037413010502561,50632.0
37,1205,Teste,168.0,159.0,9.0,38.0,30.8,-9.0,2.7180425129200625,3.6679265434315678,47794.0
37,1210,Teste,163.0,162.0,12.0,38.0,29.6,-12.0,1.726149424799224,11.940794648311327,43954.0
37,1215,Teste,158.0,162.0,5.0,31.0,29.12,-5.0,1.6116919744194809,0.15922938694223143,42526.0
37,1220,Teste,153.0,162.0,4.0,30.0,28.74,-4.0,1.8273433375995296,-1.2768160058703695,41463.0
37,1225,Teste,148.0,162.0,4.0,30.0,28.34,-4.0,1.9442222095223574,-1.8928201376560656,40343.0
37,1230,Teste,143.0,162.0,4.0,30.0,27.94,-4.0,1.9733944649475716,-2.045804643531305,39223.0
37,1235,Teste,138.0,162.0,4.0,30.0,27.54,-4.0,1.9188644601238862,-1.8232312081018152,38103.0
37,1240,Teste,133.0,162.0,4.0,30.0,27.14,-4.0,1.7729256346847846,-1.0964573185745246,36983.0
37,1245,Teste,128.0,162.0,4.0,30.0,26.74,-4.0,1.5092909539493946,0.7230588855634981,35863.0
37,1250,Teste,123.0,162.0,4.0,30.0,26.36,-4.0,1.1021315155420506,6.571613170751515,34802.0
37,1255,Teste,118.0,162.0,0.0,26.0,26.0,0.0,0.0,0.0,33800.0
37,1260,Teste,113.0,162.0,0.0,26.0,26.0,0.0,0.0,0.0,33800.0
37,1265,Teste,108.0,171.0,9.0,26.0,25.46,-9.0,2.159081437338857,13.124339821940552,32639.0
37,1270,Teste,103.0,171.0,9.0,26.0,24.56,-9.0,3.332952359181185,1.7259530141843928,30704.0
37,1275,Teste,98.0,171.0,9.0,26.0,23.66,-9.0,3.9877874792410677,-0.7586145884018216,28769.0
37,1280,Teste,93.0,171.0,9.0,26.0,22.76,-9.0,4.363858992465549,-1.7081763445626468,26834.0
37,1285,Teste,88.0,171.0,9.0,26.0,21.86,-9.0,4.531116905152996,-2.0565662795080004,24899.0
37,1290,Teste,83.0,171.0,9.0,26.0,20.96,-9.0,4.512838827801662,-2.020369922630561,22964.0
37,1295,Teste,78.0,171.0,9.0,26.0,20.06,-9.0,4.306663086285661,-1.579626047711153,21029.0
37,1300,Teste,73.0,171.0,9.0,26.0,19.16,-9.0,3.882771995282104,-0.44297079134005246,19094.0
37,1305,Teste,68.0,171.0,9.0,26.0,18.26,-9.0,3.1545884947847918,2.6843146956951953,17159.0
37,1310,Teste,63.0,171.0,9.0,26.0,17.36,-9.0,1.7815379734994197,22.33072916666668,15224.0
37,1315,Teste,58.0,171.0,0.0,17.0,17.0,0.0,0.0,0.0,14450.0
37,1320,Teste,53.0,177.0,6.0,17.0,16.88,-6.0,0.848528137423857,49.99999999999997,14282.0
37,1325,Teste,48.0,177.0,6.0,17.0,16.28,-6.0,1.9695643359558954,3.97374677627338,13442.0
37,1330,Teste,43.0,177.0,6.0,17.0,15.68,-6.0,2.510711745578882,-0.06075484798889086,12602.0
37,1335,Teste,38.0,177.0,6.0,17.0,15.08,-6.0,2.8272724289949664,-1.4253656914893613,11762.0
37,1340,Teste,33.0,177.0,6.0,17.0,14.48,-6.0,2.991416291419741,-1.9686965028124235,10922.0
37,1345,Teste,28.0,177.0,6.0,17.0,13.88,-6.0,3.0280322970266895,-2.0780056601200214,10082.0
37,1350,Teste,23.0,177.0,6.0,17.0,13.28,-6.0,2.9418861088680877,-1.8142903587038972,9242.0
37,1355,Teste,18.0,177.0,6.0,17.0,12.68,-6.0,2.7213442056664383,-1.0213504728132397,8402.0
37,1360,Teste,13.0,177.0,6.0,17.0,12.08,-6.0,2.3285276069496232,0.9888715908435683,7562.0
37,1365,Teste,8.0,177.0,6.0,17.0,11.48,-6.0,1.6442850937072189,8.53448774283071,6722.0
37,1370,Teste,3.0,177.0,0.0,11.0,11.0,0.0,0.0,0.0,6050.0
38,50,Teste,564.0,6.0,0.0,182.0,181.34,0.0,1.0806271799472817,4.309361857205507,1644267.0
38,55,Teste,559.0,9.0,3.0,182.0,181.36,-3.0,1.0644534862969808,4.882902680500596,1644628.0
38,60,Teste,554.0,6.0,0.0,182.0,181.5,0.0,0.8390957231764807,1.745471852417917,1647147.0
38,65,Teste,549.0,6.0,-1.0,182.0,181.44,1.0,0.9071147352221448,1.2844220966311868,1646064.0
38,70,Teste,544.0,6.0,0.0,182.0,181.54,0.0,0.8854838409892418,2.4179580337273823,1647877.0
38,75,Teste,539.0,6.0,0.0,182.0,181.62,0.0,0.8302937763840227,4.4195531661384795,1649325.0
38,80,Teste,534.0,21.0,15.0,182.0,181.04,-15.0,3.009915586313791,18.673198499546224,1639218.0
38,85,Teste,529.0,22.0,13.0,182.0,179.56,-13.0,5.237852808242737,2.457118038190572,1613434.0
38,90,Teste,524.0,21.0,15.0,182.0,178.12,-15.0,6.397193262099643,-0.48039718003238896,1588342.0
38,95,Teste,519.0,21.0,15.0,182.0,176.66,-15.0,7.078596655569866,-1.580880953267825,1562893.0
38,100,Teste,514.0,21.0,15.0,182.0,175.22,-15.0,7.426620622971865,-2.0064122580629,1537805.0
38,105,Teste,509.0,21.0,15.0,182.0,173.8,-15.0,7.496938150515388,-2.0415334697635883,1513076.0
38,110,Teste,504.0,21.0,12.0,182.0,172.3,-12.0,7.194811055368235,-1.6826583674469897,1486901.0
38,115,Teste,499.0,21.0,15.0,182.0,170.82,-15.0,6.656866947072055,-0.7570071392481683,1461145.0
38,120,Teste,494.0,21.0,14.0,182.0,169.32,-14.0,5.545507466519586,1.7146806689154488,1434970.0
38,125,Teste,489.0,21.0,15.0,182.0,167.82,-15.0,3.6348090368950503,12.850006665009104,1408825.0
38,130,Teste,484.0,21.0,0.0,167.0,166.88,0.0,0.4351870346207948,13.65271286082913,1392456.0
38,135,Teste,479.0,21.0,0.0,167.0,166.88,0.0,0.4351870346207949,13.65271286082913,1392456.0
38,140,Teste,474.0,21.0,0.0,167.0,166.88,0.0,0.43518703462079494,13.65271286082913,1392456.0
38,145,Teste,469.0,21.0,0.0,167.0,166.88,0.0,0.4351870346207951,13.65271286082913,1392456.0
38,150,Teste,464.0,21.0,0.0,167.0,166.88,0.0,0.4351870346207952,13.652712860829126,1392456.0
38,155,Teste,459.0,41.0,20.0,167.0,165.28,-20.0,5.4624506722659545,8.389018146407656,1367336.0
38,160,Teste,454.0,41.0,20.0,167.0,163.28,-20.0,7.717036546578257,0.9661861464639996,1335936.0
38,165,Teste,449.0,41.0,20.0,167.0,161.32,-20.0,9.027034227185334,-1.0243758143945763,1305200.0
38,170,Teste,444.0,41.0,20.0,167.0,159.32,-20.0,9.748762349495388,-1.8133120876403905,1273800.0
38,175,Teste,439.0,41.0,20.0,167.0,157.34,-20.0,10.0399406454055,-2.074937313820282,1242733.0
38,180,Teste,434.0,41.0,19.0,167.0,155.38,-19.0,9.948623122865616,-1.967467196241945,1211997.0
38,185,Teste,429.0,41.0,20.0,167.0,153.4,-20.0,9.424241429983224,-1.4253656914893638,1180930.0
38,190,Teste,424.0,41.0,20.0,167.0,151.4,-20.0,8.36903915192961,-0.06075484798889441,1149530.0
38,195,Teste,419.0,41.0,20.0,167.0,149.4,-20.0,6.56521445318632,3.9737467762733587,1118130.0
38,200,Teste,414.0,41.0,20.0,167.0,147.4,-20.0,2.828427124746194,49.99999999999987,1086730.0
38,205,Teste,409.0,41.0,0.0,147.0,147.0,0.0,0.0,0.0,1080450.0
38,210,Teste,404.0,51.0,10.0,147.0,146.2,-10.0,2.740475156178697,8.534487742830652,1069090.0
38,215,Teste,399.0,51.0,10.0,147.0,145.2,-10.0,3.880879344916035,0.9888715908435461,1054890.0
38,220,Teste,394.0,51.0,10.0,147.0,144.2,-10.0,4.535573676110726,-1.021350472813249,1040690.0
38,225,Teste,389.0,51.0,10.0,147.0,143.2,-10.0,4.9031435147801465,-1.8142903587039023,1026490.0
38,230,Teste,384.0,51.0,10.0,147.0,142.2,-10.0,5.046720495044485,-2.0780056601200227,1012290.0
38,235,Teste,379.0,51.0,10.0,147.0,141.2,-10.0,4.985693819032897,-1.9686965028124204,998090.0
38,240,Teste,374.0,51.0,10.0,147.0,140.2,-10.0,4.7121207149916104,-1.4253656914893538,983890.0
38,245,Teste,369.0,51.0,10.0,147.0,139.2,-10.0,4.184519575964799,-0.06075484798887265,969690.0
38,250,Teste,364.0,51.0,10.0,147.0,138.2,-10.0,3.2826072265931603,3.9737467762734138,955490.0
38,255,Teste,359.0,68.0,27.0,147.0,135.82,-27.0,4.996692783783109,7.415519148552924,923577.0
38,260,Teste,354.0,67.0,16.0,137.0,133.92,-16.0,6.6573267908372955,1.092703405428093,898900.0
38,265,Teste,349.0,67.0,16.0,137.0,132.2,-16.0,7.793246683991918,-0.9657979093846691,876818.0
38,270,Teste,344.0,67.0,16.0,137.0,130.52,-16.0,8.38667553507421,-1.7680884438288562,855220.0
38,275,Teste,339.0,66.0,15.0,137.0,128.78,-15.0,8.676240133672124,-2.0432310295908347,832903.0
38,280,Teste,334.0,69.0,18.0,137.0,127.06,-18.0,8.581922148044809,-1.9513428939407071,810821.0
38,285,Teste,329.0,69.0,18.0,137.0,125.3,-18.0,8.152250221470721,-1.4333235704348044,788261.0
38,290,Teste,324.0,66.0,15.0,137.0,123.64,-15.0,7.2273855605479,-0.13667588133572517,766902.0
38,295,Teste,319.0,87.0,36.0,137.0,120.44,-36.0,8.096761761371527,2.2958817975113917,728502.0
38,300,Teste,314.0,87.0,36.0,137.0,116.84,-36.0,7.931749684730633,1.1096729912402026,685662.0
38,305,Teste,309.0,87.0,18.0,122.0,114.62,-18.0,8.628122031816563,-1.0378851999289642,660535.0
38,310,Teste,304.0,87.0,18.0,122.0,112.72,-18.0,9.304464585589535,-1.8018949125219552,639532.0
38,315,Teste,299.0,87.0,18.0,122.0,110.84,-18.0,9.581785441393372,-2.0498429281505364,618774.0
38,320,Teste,294.0,87.0,18.0,122.0,108.92,-18.0,9.42606027165634,-1.9314637831317705,597532.0
38,325,Teste,289.0,87.0,19.0,122.0,107.06,-19.0,8.940643267730582,-1.3836098847161957,577009.0
38,330,Teste,284.0,87.0,20.0,122.0,105.18,-20.0,7.965973555936373,0.007881377063495787,556251.0
38,335,Teste,279.0,102.0,34.0,122.0,103.04,-34.0,6.8570238084904,3.617967957416657,533166.0
38,340,Teste,274.0,102.0,35.0,121.0,99.6,-35.0,5.806400409400451,5.232494063518063,497660.0
38,345,Teste,269.0,102.0,15.0,101.0,97.7,-15.0,6.276779363947205,-0.06075484798888775,479195.0
38,350,Teste,264.0,102.0,15.0,101.0,96.2,-15.0,7.068181072487416,-1.42536569148936,465170.0
38,355,Teste,259.0,102.0,15.0,101.0,94.7,-15.0,7.4785407285493495,-1.9686965028124228,451145.0
38,360,Teste,254.0,102.0,15.0,101.0,93.2,-15.0,7.570080742566729,-2.078005660120022,437120.0
38,365,Teste,249.0,102.0,15.0,101.0,91.7,-15.0,7.3547152721702265,-1.8142903587038979,423095.0
38,370,Teste,244.0,102.0,15.0,101.0,90.2,-15.0,6.80336051416609,-1.0213504728132405,409070.0
38,375,Teste,239.0,102.0,15.0,101.0,88.7,-15.0,5.8213190173740506,0.9888715908435657,395045.0
38,380,Teste,234.0,113.0,26.0,101.0,86.98,-26.0,4.456089619147891,7.056209895845242,379249.0
38,385,Teste,229.0,112.0,10.0,86.0,84.74,-10.0,3.451175487409755,4.061962839623958,359627.0
38,390,Teste,224.0,112.0,10.0,86.0,83.68,-10.0,4.4190681444515105,-0.012064189906108247,351074.0
38,395,Teste,219.0,112.0,10.0,86.0,82.64,-10.0,4.955969395896349,-1.3902723986263001,342672.0
38,400,Teste,214.0,112.0,10.0,86.0,81.62,-10.0,5.20944981230636,-1.9421882641911565,334421.0
38,405,Teste,209.0,112.0,10.0,86.0,80.6,-10.0,5.252793231671494,-2.0594216107629273,326170.0
38,410,Teste,204.0,112.0,10.0,86.0,79.6,-10.0,5.074948476666176,-1.805908715853047,318070.0
38,415,Teste,199.0,112.0,10.0,86.0,78.64,-10.0,4.658807765503783,-1.0374450643607975,310276.0
38,420,Teste,194.0,112.0,10.0,86.0,77.66,-10.0,3.9775389786312085,0.8858269294563801,302329.0
38,425,Teste,189.0,112.0,10.0,86.0,76.7,-10.0,2.823010406481357,7.708165471479202,294535.0
38,430,Teste,184.0,131.0,18.0,77.0,75.5,-18.0,2.727411870290969,45.64913668885883,285377.0
38,435,Teste,179.0,131.0,19.0,77.0,73.72,-19.0,6.017118437068883,3.9334048788477105,273506.0
38,440,Teste,174.0,130.0,18.0,77.0,72.04,-18.0,7.507710322442808,-0.034744343226281504,262250.0
38,445,Teste,169.0,129.0,17.0,77.0,70.36,-17.0,8.370892230502903,-1.3964308993559342,250960.0
38,450,Teste,164.0,129.0,16.0,77.0,68.68,-16.0,8.793411262567735,-1.9425435831380533,239636.0
38,455,Teste,159.0,131.0,19.0,77.0,66.96,-19.0,8.91904634785031,-2.0535429881217175,228080.0
38,460,Teste,154.0,129.0,17.0,77.0,65.24,-17.0,8.660395428592837,-1.7928632645661937,216488.0
38,465,Teste,149.0,130.0,18.0,77.0,63.4,-18.0,8.010197582214966,-1.0097134709257451,204122.0
38,470,Teste,144.0,129.0,17.0,77.0,61.68,-17.0,6.810675893217132,0.9740711258084112,192494.0
38,475,Teste,139.0,138.0,26.0,76.0,59.5,-26.0,5.100020007963955,6.363307483139076,178287.0
38,480,Teste,134.0,139.0,9.0,59.0,57.24,-9.0,3.25488643646529,2.3451996520640135,164340.0
38,485,Teste,129.0,139.0,10.0,59.0,56.4,-10.0,4.010191099319487,-0.461042312103523,159836.0
38,490,Teste,124.0,139.0,10.0,59.0,55.48,-10.0,4.441180207180638,-1.5459835819139327,154868.0
38,495,Teste,119.0,139.0,10.0,59.0,54.54,-10.0,4.6344319159605165,-1.964839246836715,149783.0
38,500,Teste,114.0,138.0,9.0,59.0,53.6,-9.0,4.589250972631144,-1.981863639153232,144680.0
38,505,Teste,109.0,138.0,9.0,59.0,52.68,-9.0,4.405191742218983,-1.6320246180689588,139710.0
38,510,Teste,104.0,139.0,9.0,59.0,51.74,-9.0,3.973432177010969,-0.6749023742835987,134625.0
38,515,Teste,99.0,139.0,10.0,59.0,50.86,-10.0,3.4167056576504247,1.7994085242567985,129909.0
38,520,Teste,94.0,156.0,25.0,59.0,48.5,-25.0,5.323225966824774,5.976099208681747,119001.0
38,525,Teste,89.0,156.0,17.0,50.0,46.24,-17.0,6.753865106555729,0.9599228870652468,109142.0
38,530,Teste,84.0,156.0,18.0,50.0,44.52,-18.0,7.897920160215779,-1.0260413070394714,102158.0
38,535,Teste,79.0,156.0,18.0,50.0,42.78,-18.0,8.533941836297346,-1.8113884584162734,95075.0
38,540,Teste,74.0,156.0,18.0,50.0,41.04,-18.0,8.780683809548393,-2.0714666196510736,87992.0
38,545,Teste,69.0,156.0,17.0,50.0,39.3,-17.0,8.671440338895287,-1.9594651765214588,80909.0
38,550,Teste,64.0,156.0,17.0,50.0,37.54,-17.0,8.162157577903693,-1.4139077190198492,73727.0
38,555,Teste,59.0,156.0,17.0,50.0,35.8,-17.0,7.23088613419644,-0.04557847829360151,66644.0
38,560,Teste,54.0,156.0,17.0,50.0,34.06,-17.0,5.636651198601336,3.9929300549942974,59561.0
38,565,Teste,49.0,156.0,17.0,49.0,32.34,-17.0,2.404163056034267,49.99999999999993,52577.0
38,570,Teste,44.0,171.0,15.0,32.0,31.4,-15.0,2.9692299558323607,22.330729166666657,49730.0
38,575,Teste,39.0,171.0,15.0,32.0,29.9,-15.0,5.257647491307984,2.6843146956951998,46055.0
38,580,Teste,34.0,171.0,15.0,32.0,28.4,-15.0,6.471286658803502,-0.44297079134005424,42380.0
38,585,Teste,29.0,171.0,15.0,32.0,26.9,-15.0,7.177771810476095,-1.5796260477111546,38705.0
38,590,Teste,24.0,171.0,15.0,32.0,25.4,-15.0,7.521398046336104,-2.020369922630561,35030.0
38,595,Teste,19.0,171.0,15.0,32.0,23.9,-15.0,7.55186150858833,-2.056566279508,31355.0
38,600,Teste,14.0,171.0,15.0,32.0,22.4,-15.0,7.273098320775916,-1.7081763445626463,27680.0
38,605,Teste,9.0,171.0,15.0,32.0,20.9,-15.0,6.646312465401784,-0.7586145884018216,24005.0
38,610,Teste,4.0,171.0,15.0,32.0,19.4,-15.0,5.5549205986353085,1.725953014184399,20330.0
39,50,Treino,928.0,9.0,9.0,188.0,179.02,-9.0,1.3775162505060192,38.7086492166266,1602501.0
39,55,Treino,923.0,11.0,2.0,179.0,178.74,-2.0,0.63277813115286,3.5584906906811504,1597419.0
39,60,Treino,918.0,11.0,2.0,179.0,178.54,-2.0,0.8134080483135291,-0.1282440239436422,1593859.0
39,65,Treino,913.0,11.0,2.0,179.0,178.36,-2.0,0.920514496776401,-1.3652109045781362,1590656.0
39,70,Treino,908.0,11.0,2.0,179.0,178.16,-2.0,0.9764575708934317,-1.920191461663005,1587096.0
39,75,Treino,903.0,11.0,2.0,179.0,178.0,-2.0,0.989743318610787,-2.038951684397163,1584248.0
39,80,Treino,898.0,11.0,2.0,179.0,177.8,-2.0,0.968904283303609,-1.8505811848932356,1580688.0
39,85,Treino,893.0,11.0,1.0,179.0,177.62,-1.0,0.9233921492109897,-1.3066433370064257,1577485.0
39,90,Treino,888.0,12.0,3.0,179.0,177.42,-3.0,0.8592830423898609,-0.07019952010245856,1573929.0
39,95,Treino,883.0,11.0,2.0,179.0,177.22,-2.0,0.6788345354580992,3.6018293477945145,1570369.0
39,100,Treino,878.0,11.0,2.0,179.0,177.06,-2.0,0.4242640687119288,17.87603930461062,1567521.0
39,105,Treino,873.0,11.0,0.0,177.0,176.98,0.0,0.1414213562373095,49.9999999999978,1566097.0
39,110,Treino,868.0,11.0,0.0,177.0,176.98,0.0,0.14142135623730948,49.9999999999978,1566097.0
39,115,Treino,863.0,17.0,6.0,177.0,176.64,-6.0,1.3666583706401598,13.260153836594348,1560176.0
39,120,Treino,858.0,16.0,5.0,177.0,176.02,-5.0,2.2811561694429767,3.4545444006447186,1549407.0
39,125,Treino,853.0,16.0,5.0,177.0,175.4,-5.0,2.7553287888551306,0.08402036700837368,1538630.0
39,130,Treino,848.0,16.0,5.0,177.0,174.9,-5.0,2.8731693373026808,-1.020425572226185,1529905.0
39,135,Treino,843.0,16.0,5.0,177.0,174.38,-5.0,2.919952473753571,-1.531996203358778,1520837.0
39,140,Treino,838.0,16.0,5.0,177.0,173.88,-5.0,2.8900956837489824,-1.6390886334889596,1512122.0
39,145,Treino,833.0,16.0,5.0,177.0,173.38,-5.0,2.732196544757292,-1.332256116498529,1503397.0
39,150,Treino,828.0,16.0,5.0,177.0,172.84,-5.0,2.4937472827462046,-0.49218638820302196,1493988.0
39,155,Treino,823.0,16.0,5.0,177.0,172.32,-5.0,2.074529698362438,1.6229103923613089,1484920.0
39,160,Treino,818.0,16.0,5.0,177.0,171.78,-5.0,1.359621796151941,8.566296289387596,1475509.0
39,165,Treino,813.0,16.0,0.0,172.0,171.54,0.0,0.8621283582636919,4.865850925912108,1471335.0
39,170,Treino,808.0,32.0,16.0,172.0,170.7,-16.0,3.807886552931954,12.18778122729847,1457635.0
39,175,Treino,803.0,32.0,16.0,172.0,169.22,-16.0,5.849437440245595,1.6620632422059654,1433447.0
39,180,Treino,798.0,32.0,16.0,172.0,167.62,-16.0,6.974852789025115,-0.7727357206326695,1407207.0
39,185,Treino,793.0,32.0,16.0,172.0,166.04,-16.0,7.621023553303059,-1.7068208453754148,1381310.0
39,190,Treino,788.0,32.0,16.0,172.0,164.46,-16.0,7.900426234949453,-2.047141497951765,1355413.0
39,195,Treino,783.0,32.0,14.0,172.0,162.84,-14.0,7.848982775636914,-2.002134414271841,1328862.0
39,200,Treino,778.0,32.0,16.0,172.0,161.28,-16.0,7.483423858973996,-1.5591414626629454,1303306.0
39,205,Treino,773.0,32.0,16.0,172.0,159.7,-16.0,6.707443322039131,-0.4107042432016508,1277409.0
39,210,Treino,768.0,32.0,15.0,172.0,158.14,-15.0,5.424848347358368,2.748757193305514,1251855.0
39,215,Treino,763.0,32.0,16.0,172.0,156.62,-16.0,3.174451583682271,22.230906316367477,1226985.0
39,220,Treino,758.0,32.0,0.0,156.0,155.98,0.0,0.14142135623730948,49.99999999999781,1216489.0
39,225,Treino,753.0,32.0,0.0,156.0,155.98,0.0,0.14142135623730948,49.99999999999781,1216489.0
39,230,Treino,748.0,45.0,13.0,156.0,154.94,-13.0,3.55946567877362,8.498040528509938,1200941.0
39,235,Treino,743.0,45.0,13.0,156.0,153.64,-13.0,5.037654134979243,0.98317826754199,1181506.0
39,240,Treino,738.0,45.0,13.0,156.0,152.34,-13.0,5.885332858653184,-1.0225971302855195,1162071.0
39,245,Treino,733.0,45.0,13.0,156.0,151.06,-13.0,6.3740865692141915,-1.8142903587038968,1142947.0
39,250,Treino,728.0,45.0,13.0,156.0,149.76,-13.0,6.560736643557832,-2.0780056601200227,1123512.0
39,255,Treino,723.0,45.0,13.0,156.0,148.46,-13.0,6.481401964742765,-1.968696502812425,1104077.0
39,260,Treino,718.0,45.0,13.0,156.0,147.16,-13.0,6.125756929489093,-1.4253656914893595,1084642.0
39,265,Treino,713.0,45.0,13.0,156.0,145.86,-13.0,5.43987544875425,-0.060754847988907734,1065207.0
39,270,Treino,708.0,47.0,15.0,156.0,144.44,-15.0,4.338531680517857,3.822171955196187,1044068.0
39,275,Treino,703.0,47.0,15.0,156.0,142.94,-15.0,2.0244424780513723,36.916409631495,1021793.0
39,280,Treino,698.0,47.0,2.0,143.0,142.48,-2.0,0.8861749953869041,-0.7586145884018789,1015066.0
39,285,Treino,693.0,47.0,2.0,143.0,142.28,-2.0,0.9697464427701226,-1.7081763445626448,1012226.0
39,290,Treino,688.0,47.0,2.0,143.0,142.08,-2.0,1.0069148678117767,-2.056566279507991,1009386.0
39,295,Treino,683.0,47.0,2.0,143.0,141.88,-2.0,1.0028530728448144,-2.020369922630556,1006546.0
39,300,Treino,678.0,47.0,2.0,143.0,141.68,-2.0,0.957036241396813,-1.5796260477111759,1003706.0
39,305,Treino,673.0,47.0,2.0,143.0,141.48,-2.0,0.8628382211737994,-0.4429707913399876,1000866.0
39,310,Treino,668.0,47.0,2.0,143.0,141.28,-2.0,0.7010196655077322,2.6843146956951793,998026.0
39,315,Treino,663.0,47.0,2.0,143.0,141.08,-2.0,0.3958973274443148,22.330729166666003,995186.0
39,320,Treino,658.0,47.0,0.0,141.0,141.0,0.0,0.0,0.0,994050.0
39,325,Treino,653.0,47.0,0.0,141.0,141.0,0.0,0.0,0.0,994050.0
39,330,Treino,648.0,63.0,16.0,141.0,139.72,-16.0,4.384760249885915,8.534487742830711,977026.0
39,335,Treino,643.0,63.0,16.0,141.0,138.12,-16.0,6.209406951865658,0.9888715908435737,955746.0
39,340,Treino,638.0,63.0,16.0,141.0,136.52,-16.0,7.256917881777163,-1.021350472813233,934466.0
39,345,Treino,633.0,63.0,16.0,141.0,134.96,-16.0,7.795760229189993,-1.809774054379306,913688.0
39,350,Treino,628.0,62.0,15.0,141.0,133.42,-15.0,7.974679316692404,-2.0721228647552943,893161.0
39,355,Treino,623.0,61.0,14.0,141.0,131.98,-14.0,7.773555381246478,-1.9596586174339097,873897.0
39,360,Treino,618.0,61.0,14.0,141.0,130.48,-14.0,7.315736463268759,-1.431037896043534,853874.0
39,365,Treino,613.0,62.0,15.0,141.0,128.98,-15.0,6.47913448490378,-0.10448453579169392,833849.0
39,370,Treino,608.0,62.0,15.0,141.0,127.44,-15.0,5.099659852602418,3.7553599365169896,813322.0
39,375,Treino,603.0,62.0,15.0,141.0,125.96,-15.0,2.276409632804809,40.794748590264646,793550.0
39,380,Treino,598.0,78.0,15.0,128.0,125.1,-15.0,3.1831828507367415,20.19695870709283,782997.0
39,385,Treino,593.0,78.0,15.0,128.0,123.6,-15.0,5.576920370269467,2.5580293953141,765372.0
39,390,Treino,588.0,78.0,15.0,128.0,122.1,-15.0,6.890543653205796,-0.46321467900764546,747747.0
39,395,Treino,583.0,78.0,15.0,128.0,120.56,-15.0,7.672266514491513,-1.577806917700836,729620.0
39,400,Treino,578.0,78.0,16.0,128.0,119.0,-16.0,8.071112509614592,-2.0105110594585565,711242.0
39,405,Treino,573.0,78.0,16.0,127.0,117.34,-16.0,8.039722809720667,-2.047968971970606,691601.0
39,410,Treino,568.0,78.0,16.0,127.0,115.74,-16.0,7.734919494851692,-1.6994166412318792,672719.0
39,415,Treino,563.0,78.0,16.0,127.0,114.14,-16.0,7.059542680453376,-0.7419368572076204,653839.0
39,420,Treino,558.0,78.0,16.0,127.0,112.58,-16.0,5.9730346438927455,1.7391412723657895,635461.0
39,425,Treino,553.0,78.0,16.0,126.0,110.96,-16.0,3.8383669997135264,13.12433982194057,616328.0
39,430,Treino,548.0,78.0,0.0,110.0,110.0,0.0,0.0,0.0,605000.0
39,435,Treino,543.0,78.0,0.0,110.0,110.0,0.0,0.0,0.0,605000.0
39,440,Treino,538.0,89.0,11.0,110.0,109.78,-11.0,1.5556349186104046,50.00000000000003,602701.0
39,445,Treino,533.0,89.0,11.0,110.0,108.68,-11.0,3.610867949252475,3.973746776273395,591206.0
39,450,Treino,528.0,89.0,11.0,110.0,107.58,-11.0,4.602971533561283,-0.06075484798889308,579711.0
39,455,Treino,523.0,89.0,11.0,110.0,106.48,-11.0,5.183332786490775,-1.4253656914893593,568216.0
39,460,Treino,518.0,89.0,11.0,110.0,105.38,-11.0,5.484263200936188,-1.9686965028124241,556721.0
39,465,Treino,513.0,89.0,11.0,110.0,104.28,-11.0,5.551392544548934,-2.078005660120022,545226.0
39,470,Treino,508.0,89.0,11.0,110.0,103.2,-11.0,5.37947725250364,-1.8137847256626995,533930.0
39,475,Treino,503.0,89.0,11.0,110.0,102.1,-11.0,4.978525312350463,-1.0231484074757207,522435.0
39,480,Treino,498.0,89.0,11.0,110.0,101.0,-11.0,4.261838254336085,0.9808568389441481,510940.0
39,485,Treino,493.0,89.0,11.0,110.0,99.9,-11.0,3.0118812346154296,8.483529733016887,499445.0
39,490,Treino,488.0,89.0,0.0,100.0,99.02,0.0,0.1414213562373095,50.00000000000087,490249.0
39,495,Treino,483.0,89.0,0.0,100.0,99.02,0.0,0.1414213562373095,50.00000000000087,490249.0
39,500,Treino,478.0,102.0,13.0,100.0,97.72,-13.0,3.9488567190713697,5.770473817630892,478224.0
39,505,Treino,473.0,102.0,13.0,100.0,96.42,-13.0,5.264784818363754,0.40358927739356565,466199.0
39,510,Treino,468.0,102.0,13.0,100.0,95.12,-13.0,6.032700008102103,-1.2414447939968327,454174.0
39,515,Treino,463.0,102.0,13.0,100.0,93.82,-13.0,6.451356446515727,-1.899351024295612,442149.0
39,520,Treino,458.0,102.0,13.0,99.0,92.5,-13.0,6.56599153958937,-2.085106382978723,429925.0
39,525,Treino,453.0,102.0,13.0,99.0,91.2,-13.0,6.433331570970112,-1.9004875886524826,417900.0
39,530,Treino,448.0,102.0,13.0,99.0,89.9,-13.0,6.017830648521585,-1.2411347517730524,405875.0
39,535,Treino,443.0,102.0,13.0,99.0,88.6,-13.0,5.252793231671498,0.4072473404255397,393850.0
39,540,Treino,438.0,102.0,13.0,99.0,87.3,-13.0,3.939594923753616,5.79196217494091,381825.0
39,545,Treino,433.0,102.0,0.0,86.0,86.0,0.0,0.0,0.0,369800.0
39,550,Treino,428.0,102.0,0.0,86.0,86.0,0.0,0.0,0.0,369800.0
39,555,Treino,423.0,114.0,12.0,86.0,85.04,-12.0,3.2885701874144364,8.534487742830734,362120.0
39,560,Treino,418.0,114.0,12.0,86.0,83.84,-12.0,4.657055213899243,0.9888715908435737,352520.0
39,565,Treino,413.0,114.0,12.0,86.0,82.64,-12.0,5.442688411332872,-1.0213504728132379,342920.0
39,570,Treino,408.0,114.0,12.0,86.0,81.44,-12.0,5.883772217736174,-1.8142903587038983,333320.0
39,575,Treino,403.0,114.0,12.0,86.0,80.24,-12.0,6.056064594053383,-2.0780056601200223,323720.0
39,580,Treino,398.0,114.0,12.0,86.0,79.04,-12.0,5.982832582839483,-1.9686965028124248,314120.0
39,585,Treino,393.0,114.0,12.0,86.0,77.84,-12.0,5.65454485798993,-1.4253656914893638,304520.0
39,590,Treino,388.0,114.0,12.0,86.0,76.64,-12.0,5.0214234911577575,-0.06075484798889086,294920.0
39,595,Treino,383.0,114.0,12.0,86.0,75.44,-12.0,3.939128671911785,3.973746776273374,285320.0
39,600,Treino,378.0,114.0,12.0,86.0,74.24,-12.0,1.6970562748477171,50.00000000000007,275720.0
39,605,Treino,373.0,114.0,0.0,74.0,74.0,0.0,0.0,0.0,273800.0
39,610,Treino,368.0,114.0,0.0,74.0,74.0,0.0,0.0,0.0,273800.0
39,615,Treino,363.0,126.0,12.0,74.0,73.52,-12.0,2.3753839646658887,22.33072916666663,270536.0
39,620,Treino,358.0,126.0,12.0,74.0,72.32,-12.0,4.206117993046387,2.6843146956951847,262376.0
39,625,Treino,353.0,126.0,12.0,74.0,71.12,-12.0,5.1770293270428,-0.4429707913400476,254216.0
39,630,Treino,348.0,126.0,12.0,74.0,69.92,-12.0,5.7422174483808766,-1.579626047711153,246056.0
39,635,Treino,343.0,126.0,12.0,74.0,68.72,-12.0,6.017118437068886,-2.020369922630561,237896.0
39,640,Treino,338.0,126.0,12.0,74.0,67.52,-12.0,6.04148920687066,-2.056566279508,229736.0
39,645,Treino,333.0,126.0,12.0,74.0,66.32,-12.0,5.818478656620734,-1.7081763445626443,221576.0
39,650,Treino,328.0,126.0,12.0,74.0,65.12,-12.0,5.317049972321427,-0.7586145884018265,213416.0
39,655,Treino,323.0,126.0,12.0,74.0,63.92,-12.0,4.443936478908252,1.7259530141843937,205256.0
39,660,Treino,318.0,126.0,12.0,74.0,62.72,-12.0,2.87877524978514,13.124339821940566,197096.0
39,665,Treino,313.0,138.0,12.0,62.0,61.12,-12.0,3.021285035428819,8.770635429740308,187230.0
39,670,Treino,308.0,137.0,11.0,62.0,60.06,-11.0,4.191390592874973,1.0804303523421357,181221.0
39,675,Treino,303.0,137.0,11.0,62.0,59.0,-11.0,4.869731585445518,-0.9675392160799055,175212.0
39,680,Treino,298.0,137.0,11.0,62.0,57.94,-11.0,5.254385923071451,-1.7641155257325285,169205.0
39,685,Treino,293.0,136.0,10.0,62.0,56.9,-10.0,5.380425595790422,-2.0424283245720254,163299.0
39,690,Treino,288.0,136.0,10.0,62.0,55.88,-10.0,5.282392778787633,-1.946862838764825,157496.0
39,695,Treino,283.0,136.0,10.0,62.0,54.82,-10.0,5.0048547859624675,-1.4263101955001392,151489.0
39,700,Treino,278.0,137.0,11.0,62.0,53.76,-11.0,4.456410196193197,-0.12625834069942998,145480.0
39,705,Treino,273.0,136.0,10.0,62.0,52.74,-10.0,3.5039918926380897,3.6086867452422187,139677.0
39,710,Treino,268.0,136.0,10.0,62.0,51.66,-10.0,1.6239282179772772,34.83680514980489,133567.0
39,715,Treino,263.0,136.0,-1.0,52.0,51.5,1.0,0.614451804788759,-0.25968636836951964,132631.0
39,720,Treino,258.0,150.0,14.0,52.0,50.98,-14.0,2.744121732291163,19.915759070256758,130317.0
39,725,Treino,253.0,150.0,14.0,52.0,49.64,-14.0,4.779889845883011,2.523568895407574,124326.0
39,730,Treino,248.0,150.0,13.0,52.0,48.3,-13.0,5.87019451751553,-0.47156751062744684,118333.0
39,735,Treino,243.0,150.0,14.0,52.0,46.94,-14.0,6.500894757882276,-1.5800905226484088,112239.0
39,740,Treino,238.0,150.0,14.0,52.0,45.56,-14.0,6.785819548055748,-2.007862482338121,106042.0
39,745,Treino,233.0,150.0,14.0,52.0,44.22,-14.0,6.81921055937278,-2.0388434183742428,100049.0
39,750,Treino,228.0,150.0,14.0,52.0,42.88,-14.0,6.582723212923294,-1.6829691182300053,94058.0
39,755,Treino,223.0,150.0,13.0,52.0,41.5,-13.0,5.973581293444306,-0.7184588605945441,87861.0
39,760,Treino,218.0,153.0,16.0,52.0,40.0,-16.0,5.178448274397674,1.622143401531475,81314.0
39,765,Treino,213.0,153.0,17.0,52.0,38.34,-17.0,3.5777658060953748,10.367651528470368,74125.0
39,770,Treino,208.0,153.0,3.0,38.0,37.22,-3.0,1.3292624930803565,-0.7586145884018265,69353.0
39,775,Treino,203.0,153.0,3.0,38.0,36.92,-3.0,1.4546196641551834,-1.7081763445626443,68258.0
39,780,Treino,198.0,153.0,3.0,38.0,36.62,-3.0,1.5103723017176658,-2.056566279508001,67163.0
39,785,Treino,193.0,153.0,3.0,38.0,36.32,-3.0,1.5042796092672215,-2.020369922630561,66068.0
39,790,Treino,188.0,153.0,3.0,38.0,36.02,-3.0,1.4355543620952191,-1.5796260477111619,64973.0
39,795,Treino,183.0,153.0,3.0,38.0,35.72,-3.0,1.2942573317607005,-0.44297079134004713,63878.0
39,800,Treino,178.0,153.0,3.0,38.0,35.42,-3.0,1.0515294982615966,2.684314695695188,62783.0
39,805,Treino,173.0,153.0,3.0,38.0,35.12,-3.0,0.5938459911664714,22.330729166666742,61688.0
39,810,Treino,168.0,158.0,5.0,35.0,34.9,-5.0,0.7071067811865476,49.99999999999994,60925.0
39,815,Treino,163.0,158.0,5.0,35.0,34.4,-5.0,1.6413036132965795,3.973746776273365,59300.0
39,820,Treino,158.0,158.0,5.0,35.0,33.9,-5.0,2.092259787982401,-0.06075484798889397,57675.0
39,825,Treino,153.0,158.0,5.0,35.0,33.4,-5.0,2.3560603574958066,-1.4253656914893642,56050.0
39,830,Treino,148.0,158.0,5.0,35.0,32.9,-5.0,2.49284690951645,-1.9686965028124237,54425.0
39,835,Treino,143.0,158.0,5.0,35.0,32.4,-5.0,2.523360247522242,-2.0780056601200214,52800.0
39,840,Treino,138.0,158.0,5.0,35.0,31.9,-5.0,2.4515717573900737,-1.8142903587038963,51175.0
39,845,Treino,133.0,158.0,5.0,35.0,31.4,-5.0,2.267786838055365,-1.0213504728132365,49550.0
39,850,Treino,128.0,158.0,5.0,35.0,30.9,-5.0,1.9404396724580188,0.9888715908435719,47925.0
39,855,Treino,123.0,158.0,5.0,35.0,30.4,-5.0,1.3702375780893477,8.53448774283072,46300.0
39,860,Treino,118.0,158.0,0.0,30.0,30.0,0.0,0.0,0.0,45000.0
39,865,Treino,113.0,158.0,0.0,30.0,30.0,0.0,0.0,0.0,45000.0
39,870,Treino,108.0,158.0,0.0,30.0,30.0,0.0,0.0,0.0,45000.0
39,875,Treino,103.0,171.0,13.0,30.0,29.22,-13.0,3.118673187267238,13.124339821940545,43167.0
39,880,Treino,98.0,171.0,13.0,30.0,27.98,-13.0,4.6838410889929625,1.8076511129680766,40219.0
39,885,Treino,93.0,171.0,13.0,30.0,26.72,-13.0,5.602623292271401,-0.7010764581308235,37236.0
39,890,Treino,88.0,171.0,13.0,30.0,25.46,-13.0,6.131917168656577,-1.6651072472157438,34253.0
39,895,Treino,83.0,169.0,11.0,30.0,24.24,-11.0,6.329587148415587,-2.0184432620611266,31342.0
39,900,Treino,78.0,169.0,11.0,30.0,23.06,-11.0,6.2512366123570695,-1.9921088195301322,28503.0
39,905,Treino,73.0,171.0,13.0,30.0,21.88,-13.0,5.933784283100232,-1.5811630381207133,25662.0
39,910,Treino,68.0,171.0,13.0,30.0,20.68,-13.0,5.350719959186116,-0.5227671021741731,22786.0
39,915,Treino,63.0,171.0,13.0,30.0,19.54,-13.0,4.3528550330530775,2.2545735474009776,20019.0
39,920,Treino,58.0,171.0,13.0,30.0,18.34,-13.0,2.576265292461716,16.209497687559175,17143.0
39,925,Treino,53.0,171.0,0.0,19.0,17.82,0.0,0.9409070742900065,-1.806267296959497,15921.0
39,930,Treino,48.0,171.0,0.0,19.0,17.76,0.0,0.9380831519646863,-1.7070013780085667,15814.0
39,935,Treino,43.0,171.0,0.0,19.0,17.72,0.0,0.9267014137272493,-1.5964774009418154,15742.0
39,940,Treino,38.0,171.0,0.0,19.0,17.68,0.0,0.9133924207511879,-1.4625039426981226,15670.0
39,945,Treino,33.0,171.0,0.0,19.0,17.6,0.0,0.8806305718527107,-1.10933724288325,15526.0
39,950,Treino,28.0,171.0,2.0,19.0,17.48,-2.0,0.8141603913585715,-0.2746737989222594,15310.0
39,955,Treino,23.0,171.0,0.0,19.0,17.36,0.0,0.7494215456345146,1.113047287636797,15096.0
39,960,Treino,18.0,171.0,2.0,19.0,17.26,-2.0,0.6642473107178679,3.382790293797763,14917.0
39,965,Treino,13.0,171.0,1.0,19.0,17.1,-1.0,0.4164965639175209,17.29411764705877,14629.0
39,970,Treino,8.0,171.0,0.0,17.0,17.0,0.0,0.0,0.0,14450.0
39,975,Treino,3.0,171.0,0.0,17.0,17.0,0.0,0.0,0.0,14450.0
40,50,Teste,863.0,3.0,-3.0,184.0,182.42,3.0,1.83046776669188,-0.7501543607942107,1664017.0
40,55,Teste,858.0,3.0,0.0,184.0,182.58,0.0,1.7623036871419997,-0.32386345721372223,1666925.0
40,60,Teste,853.0,3.0,-1.0,184.0,182.5,1.0,1.8210783977117089,-0.28549918166939436,1665475.0
40,65,Teste,848.0,4.0,1.0,184.0,182.62,-1.0,1.794435844492635,0.11651773417621714,1667661.0
40,70,Teste,843.0,3.0,-3.0,184.0,182.66,3.0,1.7096365528547703,0.46909171662359483,1668377.0
40,75,Teste,838.0,4.0,-1.0,184.0,182.66,1.0,1.673442010726785,0.7551449433352806,1668371.0
40,80,Teste,833.0,3.0,-5.0,184.0,182.6,5.0,1.714285714285715,0.9559754235618412,1667282.0
40,85,Teste,828.0,8.0,2.0,184.0,182.56,-2.0,1.7746514460879477,0.6665325501139434,1666562.0
40,90,Teste,823.0,8.0,5.0,184.0,182.54,-5.0,1.8318051763442613,0.46276412625747465,1666207.0
40,95,Teste,818.0,8.0,0.0,184.0,182.12,0.0,2.163142083514022,-0.039936433032186525,1658614.0
40,100,Teste,813.0,10.0,6.0,184.0,181.68,-6.0,2.35120464130754,-0.8807747503236456,1650652.0
40,105,Teste,808.0,8.0,5.0,184.0,181.18,-5.0,2.471800137221321,-1.3712600464233198,1641609.0
40,110,Teste,803.0,8.0,5.0,184.0,180.84,-5.0,2.5262701392223534,-1.378834607338671,1635468.0
40,115,Teste,798.0,8.0,2.0,184.0,180.34,-2.0,2.479384387055689,-1.1860897882391277,1626427.0
40,120,Teste,793.0,8.0,4.0,184.0,179.96,-4.0,2.3295790983588005,-0.7488006657907893,1619546.0
40,125,Teste,788.0,8.0,3.0,184.0,179.62,-3.0,2.1560545977714534,0.2233754846870828,1613395.0
40,130,Teste,783.0,8.0,5.0,184.0,179.28,-5.0,1.906380264869972,1.7967907738298106,1607244.0
40,135,Teste,778.0,8.0,4.0,184.0,178.9,-4.0,1.5811388300841913,3.5169952236213504,1600383.0
40,140,Teste,773.0,11.0,0.0,179.0,178.48,0.0,1.0544366906997673,2.6918731227433046,1592810.0
40,145,Teste,768.0,9.0,1.0,179.0,178.5,-1.0,0.9948848769417228,3.520680742521307,1593161.0
40,150,Teste,763.0,8.0,0.0,179.0,178.56,0.0,0.9722685444099168,4.635812727801367,1594230.0
40,155,Teste,758.0,8.0,-3.0,179.0,178.62,3.0,0.9452350965527585,6.095064911315818,1595299.0
40,160,Teste,753.0,8.0,0.0,179.0,178.64,0.0,0.8750510189207749,7.886861737675355,1595650.0
40,165,Teste,748.0,8.0,0.0,179.0,178.7,0.0,0.7889543583705187,11.732575891861394,1596715.0
40,170,Teste,743.0,8.0,0.0,179.0,178.7,0.0,0.7889543583705187,11.732575891861396,1596715.0
40,175,Teste,738.0,8.0,0.0,179.0,178.7,0.0,0.7889543583705187,11.732575891861398,1596715.0
40,180,Teste,733.0,17.0,5.0,179.0,178.2,-5.0,2.2223355980148636,9.771150165594362,1588004.0
40,185,Teste,728.0,17.0,9.0,179.0,177.34,-9.0,3.3903223614113323,1.5844763348682847,1573037.0
40,190,Teste,723.0,17.0,8.0,179.0,176.54,-8.0,4.021422227855946,-0.7394878377256093,1559111.0
40,195,Teste,718.0,18.0,10.0,179.0,175.66,-10.0,4.4244681451386825,-1.6825352322542972,1543781.0
40,200,Teste,713.0,17.0,9.0,179.0,174.76,-9.0,4.569463863518343,-2.035668828970606,1528076.0
40,205,Teste,708.0,17.0,9.0,179.0,173.86,-9.0,4.531116905152993,-2.0014037125237314,1512371.0
40,210,Teste,703.0,17.0,9.0,179.0,172.96,-9.0,4.393687494112248,-1.5713819205615889,1496704.0
40,215,Teste,698.0,20.0,12.0,179.0,171.88,-12.0,4.113888869750018,-0.5060508901113572,1477966.0
40,220,Teste,693.0,20.0,12.0,179.0,170.68,-12.0,3.5653662833843414,1.8166298333505848,1457206.0
40,225,Teste,688.0,20.0,12.0,179.0,169.48,-12.0,2.358138317938671,9.434195603148181,1436446.0
40,230,Teste,683.0,20.0,3.0,170.0,168.8,-3.0,1.4568627181693665,-1.6647982106886392,1424776.0
40,235,Teste,678.0,20.0,3.0,170.0,168.52,-3.0,1.54179857865509,-1.9158061859695594,1420066.0
40,240,Teste,673.0,22.0,5.0,170.0,168.14,-5.0,1.6289473250400404,-1.4995622419693955,1413683.0
40,245,Teste,668.0,20.0,3.0,170.0,167.86,-3.0,1.5519572895448603,-1.1681478269953174,1408967.0
40,250,Teste,663.0,26.0,9.0,170.0,166.96,-9.0,2.432433903290601,1.6047245276770026,1394072.0
40,255,Teste,658.0,26.0,9.0,170.0,166.06,-9.0,2.7878014159358413,-0.1220315392914455,1379177.0
40,260,Teste,653.0,26.0,9.0,170.0,165.16,-9.0,2.9510288762686527,-1.044321115681241,1364318.0
40,265,Teste,648.0,26.0,6.0,167.0,164.44,-6.0,2.9634508290718333,-1.7974766609875912,1352456.0
40,270,Teste,643.0,26.0,6.0,167.0,163.84,-6.0,2.9922348483625245,-1.9695265969162492,1342616.0
40,275,Teste,638.0,26.0,6.0,167.0,163.24,-6.0,2.896584899779849,-1.7554174217826812,1332776.0
40,280,Teste,633.0,26.0,5.0,167.0,162.66,-5.0,2.6924687101435474,-1.051075732462841,1323269.0
40,285,Teste,628.0,26.0,4.0,167.0,162.08,-4.0,2.3285276069496224,0.7116682298221595,1313762.0
40,290,Teste,623.0,35.0,15.0,167.0,160.84,-15.0,3.215777431632344,3.6316196657443625,1293982.0
40,295,Teste,618.0,35.0,9.0,161.0,159.34,-9.0,3.4853044255524526,0.9385070864864273,1270057.0
40,300,Teste,613.0,35.0,9.0,161.0,158.44,-9.0,4.0665886019049005,-1.0347995795568479,1255972.0
40,305,Teste,608.0,35.0,9.0,161.0,157.54,-9.0,4.390202449890028,-1.8141764976302364,1241887.0
40,310,Teste,603.0,35.0,9.0,161.0,156.68,-9.0,4.542048445540035,-2.0780056601200214,1228442.0
40,315,Teste,598.0,35.0,9.0,161.0,155.78,-9.0,4.487124437129611,-1.9686965028124241,1214357.0
40,320,Teste,593.0,35.0,9.0,161.0,154.88,-9.0,4.240908643492453,-1.4253656914893573,1200272.0
40,325,Teste,588.0,41.0,15.0,161.0,153.62,-15.0,4.20830083506008,-0.030759122541524242,1180823.0
40,330,Teste,583.0,41.0,15.0,161.0,152.12,-15.0,3.972558934716506,1.3022949969797102,1157798.0
40,335,Teste,578.0,41.0,15.0,161.0,150.62,-15.0,3.043158938756011,1.5577583820480276,1134773.0
40,340,Teste,573.0,41.0,6.0,152.0,149.84,-6.0,2.909239328310367,-1.7081763445626443,1123016.0
40,345,Teste,568.0,41.0,6.0,152.0,149.24,-6.0,3.0207446034353294,-2.056566279507998,1114076.0
40,350,Teste,563.0,41.0,6.0,152.0,148.64,-6.0,3.0085592185344394,-2.0203699226305556,1105136.0
40,355,Teste,558.0,41.0,6.0,152.0,148.04,-6.0,2.8711087241904387,-1.579626047711145,1096196.0
40,360,Teste,553.0,52.0,17.0,152.0,147.22,-17.0,3.125210197012389,3.7341770896920474,1084165.0
40,365,Teste,548.0,51.0,16.0,152.0,145.62,-16.0,4.203448535647457,1.7682147838926872,1061125.0
40,370,Teste,543.0,51.0,16.0,152.0,144.02,-16.0,4.510712871846856,-0.03508703247688949,1038085.0
40,375,Teste,538.0,51.0,10.0,146.0,142.78,-10.0,4.743588583874156,-1.4153134110913197,1020409.0
40,380,Teste,533.0,51.0,10.0,146.0,141.78,-10.0,5.011374816457098,-1.962728037748825,1006309.0
40,385,Teste,528.0,51.0,10.0,146.0,140.78,-10.0,5.068067296558816,-2.074396880239031,992209.0
40,390,Teste,523.0,51.0,10.0,146.0,139.78,-10.0,4.920967218682413,-1.8126409224301931,978109.0
40,395,Teste,518.0,51.0,10.0,146.0,138.78,-10.0,4.5503532045011905,-1.022432780157347,964009.0
40,400,Teste,513.0,59.0,18.0,146.0,137.3,-18.0,4.536698430914408,0.8443276297506417,943573.0
40,405,Teste,508.0,59.0,18.0,146.0,135.5,-18.0,4.286904596606759,1.8570548531472904,918913.0
40,410,Teste,503.0,59.0,8.0,136.0,133.92,-8.0,3.544699981547616,-0.7586145884018394,897344.0
40,415,Teste,498.0,59.0,8.0,136.0,133.12,-8.0,3.8789857710804903,-1.7081763445626448,886784.0
40,420,Teste,493.0,59.0,8.0,136.0,132.32,-8.0,4.027659471247107,-2.056566279508001,876224.0
40,425,Teste,488.0,59.0,8.0,136.0,131.52,-8.0,4.011412291379258,-2.0203699226305636,865664.0
40,430,Teste,483.0,67.0,16.0,136.0,130.38,-16.0,4.4026429909910325,-0.34804557486013143,850897.0
40,435,Teste,478.0,67.0,16.0,136.0,128.78,-16.0,4.954033607030922,-0.22767181251663038,830417.0
40,440,Teste,473.0,67.0,16.0,136.0,127.18,-16.0,4.9474380094290105,-0.26331422941345384,809937.0
40,445,Teste,468.0,67.0,16.0,136.0,125.58,-16.0,4.380336395617979,-0.5594951106730832,789457.0
40,450,Teste,463.0,67.0,8.0,128.0,124.46,-8.0,4.036618103596835,-2.011639908245291,775313.0
40,455,Teste,458.0,67.0,8.0,128.0,123.66,-8.0,4.048733740067278,-2.05130384676216,765393.0
40,460,Teste,453.0,67.0,8.0,128.0,122.86,-8.0,3.8966757156136427,-1.7060395601428862,755473.0
40,465,Teste,448.0,67.0,8.0,128.0,122.06,-8.0,3.5594656787736203,-0.761351601316858,745553.0
40,470,Teste,443.0,77.0,18.0,128.0,121.06,-18.0,3.371004815984065,2.8074417941148395,733333.0
40,475,Teste,438.0,77.0,18.0,128.0,119.26,-18.0,3.952834167933645,2.6306884212806523,711913.0
40,480,Teste,433.0,77.0,10.0,120.0,117.8,-10.0,4.184519575964802,-0.06075484798889397,694700.0
40,485,Teste,428.0,77.0,10.0,120.0,116.8,-10.0,4.712120714991613,-1.4253656914893642,683200.0
40,490,Teste,423.0,77.0,10.0,120.0,115.8,-10.0,4.9856938190329,-1.9686965028124237,671700.0
40,495,Teste,418.0,77.0,10.0,120.0,114.8,-10.0,5.046720495044484,-2.0780056601200214,660200.0
40,500,Teste,413.0,77.0,10.0,120.0,113.8,-10.0,4.903143514780147,-1.8142903587038963,648700.0
40,505,Teste,408.0,89.0,22.0,120.0,112.08,-22.0,5.74221744838088,0.4906218702109406,629712.0
40,510,Teste,403.0,89.0,22.0,120.0,109.88,-22.0,6.470151245748213,0.14723019323364328,605732.0
40,515,Teste,398.0,89.0,22.0,120.0,107.68,-22.0,6.393363906490567,-0.33140556774104235,581752.0
40,520,Teste,393.0,89.0,12.0,110.0,105.68,-12.0,5.818478656620734,-1.7081763445626443,560072.0
40,525,Teste,388.0,89.0,12.0,110.0,104.48,-12.0,6.041489206870663,-2.056566279508,547592.0
40,530,Teste,383.0,89.0,12.0,110.0,103.28,-12.0,6.017118437068886,-2.020369922630561,535112.0
40,535,Teste,378.0,89.0,12.0,110.0,102.08,-12.0,5.742217448380883,-1.579626047711153,522632.0
40,540,Teste,373.0,89.0,12.0,110.0,100.88,-12.0,5.177029327042802,-0.44297079134004713,510152.0
40,545,Teste,368.0,89.0,12.0,110.0,99.68,-12.0,4.206117993046386,2.684314695695188,497672.0
40,550,Teste,363.0,98.0,21.0,110.0,97.58,-21.0,3.7366906672692544,5.644263060579945,476777.0
40,555,Teste,358.0,98.0,9.0,98.0,96.2,-9.0,3.636549160387959,0.40724734042553745,463370.0
40,560,Teste,353.0,98.0,9.0,98.0,95.3,-9.0,4.166190448976481,-1.2411347517730524,454955.0
40,565,Teste,348.0,98.0,9.0,98.0,94.4,-9.0,4.453844933748543,-1.90048758865248,446540.0
40,570,Teste,343.0,98.0,9.0,98.0,93.5,-9.0,4.545686450484948,-2.085106382978723,438125.0
40,575,Teste,338.0,98.0,9.0,98.0,92.6,-9.0,4.453844933748539,-1.9004875886524797,429710.0
40,580,Teste,333.0,98.0,9.0,98.0,91.7,-9.0,4.166190448976477,-1.2411347517730515,421295.0
40,585,Teste,328.0,98.0,9.0,98.0,90.8,-9.0,3.636549160387961,0.4072473404255357,412880.0
40,590,Teste,323.0,98.0,9.0,98.0,89.9,-9.0,2.7274118702909678,5.791962174940869,404465.0
40,595,Teste,318.0,104.0,6.0,89.0,88.4,-6.0,1.818274580193979,5.79196217494094,390890.0
40,600,Teste,313.0,104.0,6.0,89.0,87.8,-6.0,2.4243661069253055,0.40724734042552413,385730.0
40,605,Teste,308.0,104.0,6.0,89.0,87.2,-6.0,2.7774602993176547,-1.2411347517730456,380570.0
40,610,Teste,303.0,104.0,6.0,89.0,86.6,-6.0,2.969229955832362,-1.9004875886524863,375410.0
40,615,Teste,298.0,104.0,6.0,89.0,86.0,-6.0,3.0304576336566322,-2.085106382978723,370250.0
40,620,Teste,293.0,104.0,6.0,89.0,85.4,-6.0,2.969229955832363,-1.900487588652486,365090.0
40,625,Teste,288.0,104.0,6.0,89.0,84.8,-6.0,2.7774602993176565,-1.2411347517730456,359930.0
40,630,Teste,283.0,104.0,6.0,89.0,84.2,-6.0,2.424366106925304,0.407247340425525,354770.0
40,635,Teste,278.0,110.0,12.0,89.0,83.36,-12.0,2.2384396898058183,4.462955383025754,347690.0
40,640,Teste,273.0,110.0,6.0,83.0,82.16,-6.0,2.1030589965231936,2.6843146956951847,337730.0
40,645,Teste,268.0,110.0,6.0,83.0,81.56,-6.0,2.5885146635214,-0.4429707913400476,332930.0
40,650,Teste,263.0,110.0,6.0,83.0,80.96,-6.0,2.8711087241904387,-1.579626047711161,328130.0
40,655,Teste,258.0,110.0,6.0,83.0,80.36,-6.0,3.008559218534443,-2.020369922630561,323330.0
40,660,Teste,253.0,110.0,6.0,83.0,79.76,-6.0,3.020744603435332,-2.056566279508001,318530.0
40,665,Teste,248.0,110.0,6.0,83.0,79.16,-6.0,2.909239328310367,-1.7081763445626443,313730.0
40,670,Teste,243.0,110.0,6.0,83.0,78.56,-6.0,2.6585249861607134,-0.7586145884018265,308930.0
40,675,Teste,238.0,110.0,6.0,83.0,77.96,-6.0,2.2219682394541227,1.7259530141844213,304130.0
40,680,Teste,233.0,119.0,15.0,83.0,77.18,-15.0,1.9555259222656842,13.439474523858376,298025.0
40,685,Teste,228.0,119.0,9.0,77.0,75.92,-9.0,2.9543465039338432,3.97374677627338,288620.0
40,690,Teste,223.0,119.0,9.0,77.0,75.02,-9.0,3.766067618368323,-0.06075484798889752,282095.0
40,695,Teste,218.0,119.0,9.0,77.0,74.12,-9.0,4.2409086434924514,-1.425365691489358,275570.0
40,700,Teste,213.0,119.0,9.0,77.0,73.22,-9.0,4.487124437129608,-1.9686965028124235,269045.0
40,705,Teste,208.0,119.0,9.0,77.0,72.32,-9.0,4.542048445540035,-2.078005660120021,262520.0
40,710,Teste,203.0,119.0,9.0,77.0,71.42,-9.0,4.412829163302134,-1.8142903587038983,255995.0
40,715,Teste,198.0,119.0,9.0,77.0,70.52,-9.0,4.082016308499659,-1.0213504728132343,249470.0
40,720,Teste,193.0,119.0,9.0,77.0,69.62,-9.0,3.492791410424435,0.9888715908435595,242945.0
40,725,Teste,188.0,130.0,20.0,77.0,67.78,-20.0,4.22475696680548,4.061222038302275,230581.0
40,730,Teste,183.0,131.0,12.0,68.0,65.86,-12.0,4.615899761936442,1.0061724117310646,217921.0
40,735,Teste,178.0,130.0,11.0,68.0,64.7,-11.0,5.34999523173543,-1.001222740546893,210707.0
40,740,Teste,173.0,128.0,9.0,68.0,63.6,-9.0,5.699982098074287,-1.7625456338881944,203840.0
40,745,Teste,168.0,131.0,12.0,68.0,62.42,-12.0,5.890462717003492,-2.0478825182119604,196513.0
40,750,Teste,163.0,131.0,12.0,68.0,61.28,-12.0,5.8135661190364205,-1.952156610139199,189418.0
40,755,Teste,158.0,131.0,12.0,68.0,60.2,-12.0,5.462301226944334,-1.449725386857966,182664.0
40,760,Teste,153.0,144.0,25.0,68.0,57.76,-25.0,6.759905807821015,0.3825859414665955,169050.0
40,765,Teste,148.0,144.0,25.0,68.0,55.26,-25.0,7.130875665379535,0.06516566554152003,155175.0
40,770,Teste,143.0,144.0,25.0,68.0,52.76,-25.0,6.5762715073798095,-0.8394074610713465,141300.0
40,775,Teste,138.0,144.0,13.0,59.0,51.2,-13.0,6.688399948982643,-1.8559423658139889,133264.0
40,780,Teste,133.0,144.0,13.0,59.0,49.9,-13.0,6.893504780825592,-2.018049245546517,126829.0
40,785,Teste,128.0,144.0,13.0,59.0,48.56,-13.0,6.79783879221168,-1.8036080096684324,120168.0
40,790,Teste,123.0,144.0,14.0,59.0,47.16,-14.0,6.319261129632938,-1.1269429746732809,113160.0
40,795,Teste,118.0,152.0,21.0,59.0,45.36,-21.0,6.1669295770393955,0.4057974506943247,104740.0
40,800,Teste,113.0,152.0,22.0,59.0,43.2,-22.0,5.584234367340587,2.415623863624435,94840.0
40,805,Teste,108.0,152.0,9.0,44.0,40.98,-9.0,3.588473611041728,-0.7666822308853956,84599.0
40,810,Teste,103.0,152.0,8.0,43.0,40.12,-8.0,3.878985771080489,-1.708176344562649,81218.0
40,815,Teste,98.0,152.0,8.0,43.0,39.32,-8.0,4.027659471247109,-2.0565662795080004,78098.0
40,820,Teste,93.0,152.0,8.0,43.0,38.52,-8.0,4.011412291379254,-2.020369922630562,74978.0
40,825,Teste,88.0,152.0,8.0,43.0,37.72,-8.0,3.828144965587254,-1.5796260477111534,71858.0
40,830,Teste,83.0,166.0,22.0,43.0,36.64,-22.0,4.1144841222001025,3.2251179924397517,67954.0
40,835,Teste,78.0,166.0,22.0,43.0,34.44,-22.0,5.729123592911669,1.803779885725028,60914.0
40,840,Teste,73.0,166.0,22.0,43.0,32.2,-22.0,6.308400618805605,-0.05528369633639407,53792.0
40,845,Teste,68.0,166.0,14.0,35.0,30.42,-14.0,6.74942174393859,-1.4085176750496302,48501.0
40,850,Teste,63.0,167.0,15.0,35.0,28.92,-15.0,7.224787264716393,-1.9548649344303515,44376.0
40,855,Teste,58.0,167.0,15.0,35.0,27.42,-15.0,7.365362952942062,-2.0689113736022424,40251.0
40,860,Teste,53.0,167.0,15.0,35.0,25.92,-15.0,7.190810462113492,-1.8110006404585284,36126.0
40,865,Teste,48.0,167.0,15.0,35.0,24.42,-15.0,6.676458794961317,-1.0280402409205447,32001.0
40,870,Teste,43.0,167.0,15.0,35.0,22.92,-15.0,5.731545362718326,0.9536408681467696,27876.0
40,875,Teste,38.0,176.0,24.0,35.0,21.06,-24.0,4.555373592959043,5.998059936913533,23193.0
40,880,Teste,33.0,176.0,10.0,21.0,18.94,-10.0,3.2602115869735715,2.533157974038698,18457.0
40,885,Teste,28.0,176.0,10.0,21.0,17.94,-10.0,3.9507684605113758,-0.45933170487259956,16857.0
40,890,Teste,23.0,176.0,9.0,21.0,16.98,-9.0,4.340083700876314,-1.5778076066125206,15339.0
40,895,Teste,18.0,176.0,9.0,20.0,16.04,-9.0,4.512838827801664,-2.0203699226305614,13862.0
40,900,Teste,13.0,176.0,9.0,20.0,15.14,-9.0,4.531116905152994,-2.0565662795080004,12467.0
40,905,Teste,8.0,176.0,9.0,20.0,14.24,-9.0,4.363858992465553,-1.7081763445626486,11072.0
40,910,Teste,3.0,176.0,9.0,20.0,13.34,-9.0,3.9877874792410672,-0.7586145884018229,9677.0
41,50,Treino,725.0,4.0,3.0,185.0,180.48,-3.0,1.7052140927287744,-0.08419492922987182,1628794.0
41,55,Treino,720.0,4.0,-2.0,182.0,180.6,2.0,1.4142135623730956,-0.5128093790707897,1630916.0
41,60,Treino,715.0,4.0,-4.0,182.0,180.58,4.0,1.4155117341045795,-0.5627257784972142,1630555.0
41,65,Treino,710.0,4.0,-1.0,182.0,180.66,1.0,1.3792929274058632,-0.3753313112211796,1631995.0
41,70,Treino,705.0,4.0,-2.0,182.0,180.82,2.0,1.350585662834112,-0.04268593397068088,1634883.0
41,75,Treino,700.0,5.0,1.0,182.0,180.8,-1.0,1.4846149779161797,0.16222857017777903,1634540.0
41,80,Treino,695.0,4.0,-3.0,182.0,180.74,3.0,1.5227526096526922,-0.09346513028323233,1633461.0
41,85,Treino,690.0,4.0,-1.0,182.0,180.9,1.0,1.4321384039831018,0.6996803849915447,1636341.0
41,90,Treino,685.0,5.0,0.0,182.0,181.02,0.0,1.406834629041163,1.427083521485379,1638509.0
41,95,Treino,680.0,4.0,-1.0,182.0,181.16,1.0,1.3606721028332178,2.6223395134693206,1641038.0
41,100,Treino,675.0,6.0,1.0,182.0,181.14,-1.0,1.3703865088629084,2.358768358303182,1640677.0
41,105,Treino,670.0,5.0,-1.0,182.0,180.92,1.0,1.54972018540807,0.6573168986626321,1636720.0
41,110,Treino,665.0,6.0,2.0,182.0,180.9,-2.0,1.541930938923065,0.6545795296488706,1636357.0
41,115,Treino,660.0,19.0,15.0,182.0,180.56,-15.0,2.4756776025639398,17.999798894879568,1630396.0
41,120,Treino,655.0,20.0,16.0,182.0,179.06,-16.0,4.795448522360786,2.763817221407776,1604251.0
41,125,Treino,650.0,19.0,13.0,182.0,177.76,-13.0,5.964384088153647,-0.27461555969775553,1581674.0
41,130,Treino,645.0,19.0,15.0,182.0,176.42,-15.0,6.764523302510243,-1.4477348407440174,1558443.0
41,135,Treino,640.0,22.0,18.0,182.0,174.86,-18.0,7.228091457808831,-1.8961397512978304,1531361.0
41,140,Treino,635.0,19.0,10.0,182.0,173.4,-10.0,7.191264542087552,-1.9677223891666726,1505912.0
41,145,Treino,630.0,19.0,15.0,182.0,171.9,-15.0,6.987598343654629,-1.6949352317044384,1479873.0
41,150,Treino,625.0,19.0,10.0,182.0,170.46,-10.0,6.315546092696942,-0.8746106847443267,1454785.0
41,155,Treino,620.0,19.0,15.0,182.0,169.24,-15.0,5.6696830707235355,0.9644566166599882,1433684.0
41,160,Treino,615.0,19.0,14.0,182.0,167.84,-14.0,4.057545251674683,7.937149671357396,1409320.0
41,165,Treino,610.0,21.0,2.0,167.0,166.62,-2.0,0.7529533687488255,4.710040640800079,1388139.0
41,170,Treino,605.0,19.0,0.0,167.0,166.58,0.0,0.8351951989853412,3.797212457161928,1387479.0
41,175,Treino,600.0,19.0,0.0,167.0,166.54,0.0,0.8621283582636919,2.82148472909501,1386815.0
41,180,Treino,595.0,19.0,0.0,167.0,166.58,0.0,0.8592830423898609,3.3011933616091067,1387481.0
41,185,Treino,590.0,19.0,0.0,167.0,166.7,0.0,0.7354021529276429,6.628322337774296,1389471.0
41,190,Treino,585.0,19.0,-1.0,167.0,166.66,1.0,0.7722218143851184,4.876324238253737,1388807.0
41,195,Treino,580.0,19.0,0.0,167.0,166.74,0.0,0.6642473107178668,6.909085873884658,1390133.0
41,200,Treino,575.0,20.0,1.0,167.0,166.72,-1.0,0.6712765785411852,6.189672006763708,1389800.0
41,205,Treino,570.0,20.0,1.0,167.0,166.68,-1.0,0.7125693664765672,4.407017403864289,1389136.0
41,210,Treino,565.0,20.0,0.0,167.0,166.64,0.0,0.7216760537322913,3.5530700638352677,1388470.0
41,215,Treino,560.0,19.0,0.0,167.0,166.68,0.0,0.7125693664765673,4.40701740386429,1389136.0
41,220,Treino,555.0,19.0,0.0,167.0,166.62,0.0,0.7529533687488253,2.780908633416632,1388139.0
41,225,Treino,550.0,20.0,1.0,167.0,166.62,-1.0,0.7253429871306348,3.1926572226752974,1388137.0
41,230,Treino,545.0,19.0,0.0,167.0,166.62,0.0,0.7253429871306348,3.1926572226752974,1388137.0
41,235,Treino,540.0,39.0,20.0,167.0,165.02,-20.0,5.415359863294368,8.133935564846393,1363017.0
41,240,Treino,535.0,39.0,20.0,167.0,163.06,-20.0,7.630256635692578,0.9335902067059036,1332281.0
41,245,Treino,530.0,39.0,20.0,167.0,161.08,-20.0,8.893565663111824,-1.0327905042666576,1301214.0
41,250,Treino,525.0,39.0,20.0,167.0,159.1,-20.0,9.590067140281242,-1.8104269150426529,1270147.0
41,255,Treino,520.0,39.0,20.0,167.0,157.16,-20.0,9.877535840770927,-2.066546032903739,1239744.0
41,260,Treino,515.0,39.0,20.0,167.0,155.2,-20.0,9.749934589000887,-1.94917131449476,1209010.0
41,265,Treino,510.0,40.0,20.0,167.0,153.22,-20.0,9.216865641035348,-1.3978846851643372,1177981.0
41,270,Treino,505.0,40.0,21.0,167.0,151.24,-21.0,8.365526929986336,-0.0590094982380478,1147106.0
41,275,Treino,500.0,40.0,21.0,167.0,149.18,-21.0,6.659931972441687,3.9233821455620035,1114907.0
41,280,Treino,495.0,40.0,21.0,167.0,147.08,-21.0,2.9126045571142045,47.284500117387395,1082042.0
41,285,Treino,490.0,40.0,1.0,147.0,146.58,-1.0,0.49856938190329014,-1.9686965028123873,1074297.0
41,290,Treino,485.0,40.0,1.0,147.0,146.48,-1.0,0.5046720495044487,-2.0780056601200148,1072832.0
41,295,Treino,480.0,40.0,1.0,147.0,146.38,-1.0,0.49031435147801516,-1.8142903587038774,1071367.0
41,300,Treino,475.0,40.0,1.0,147.0,146.28,-1.0,0.4535573676110723,-1.0213504728132499,1069902.0
41,305,Treino,470.0,40.0,1.0,147.0,146.18,-1.0,0.3880879344916038,0.9888715908434378,1068437.0
41,310,Treino,465.0,49.0,10.0,147.0,145.18,-10.0,2.767817972073057,5.630814768561573,1054237.0
41,315,Treino,460.0,49.0,9.0,146.0,144.2,-9.0,3.6365491603879576,0.40724734042551214,1040330.0
41,320,Treino,455.0,49.0,9.0,146.0,143.3,-9.0,4.166190448976482,-1.2411347517730393,1027595.0
41,325,Treino,450.0,49.0,9.0,146.0,142.4,-9.0,4.453844933748543,-1.90048758865248,1014860.0
41,330,Treino,445.0,49.0,9.0,146.0,141.5,-9.0,4.545686450484948,-2.085106382978723,1002125.0
41,335,Treino,440.0,49.0,9.0,146.0,140.6,-9.0,4.453844933748539,-1.9004875886524797,989390.0
41,340,Treino,435.0,49.0,9.0,146.0,139.7,-9.0,4.166190448976484,-1.2411347517730391,976655.0
41,345,Treino,430.0,49.0,9.0,146.0,138.8,-9.0,3.6365491603879545,0.407247340425513,963920.0
41,350,Treino,425.0,67.0,27.0,146.0,137.54,-27.0,3.8183766184073598,12.408131101140208,946577.0
41,355,Treino,420.0,66.0,17.0,137.0,134.94,-17.0,5.636651198601336,3.9929300549942983,911997.0
41,360,Treino,415.0,66.0,17.0,137.0,133.24,-17.0,7.1530213396657985,-0.05412900608427407,890152.0
41,365,Treino,410.0,66.0,17.0,137.0,131.54,-17.0,8.041245715252161,-1.4220194717524581,868307.0
41,370,Treino,405.0,66.0,17.0,137.0,129.84,-17.0,8.500564206965013,-1.9667326655550308,846462.0
41,375,Treino,400.0,66.0,17.0,137.0,128.14,-17.0,8.599976269544861,-2.076843765748665,824617.0
41,380,Treino,395.0,66.0,17.0,137.0,126.44,-17.0,8.352342943932625,-1.813802627368392,802772.0
41,385,Treino,390.0,66.0,17.0,137.0,124.74,-17.0,7.724358503184215,-1.0218159587096367,780927.0
41,390,Treino,385.0,66.0,17.0,137.0,123.04,-17.0,6.608467048771133,0.9858728960756125,759082.0
41,395,Treino,380.0,75.0,26.0,137.0,120.8,-26.0,5.283783431116274,5.7804554633831735,731000.0
41,400,Treino,375.0,75.0,9.0,120.0,118.56,-9.0,3.3329523591811854,1.7259530141844017,703368.0
41,405,Treino,370.0,75.0,9.0,120.0,117.66,-9.0,3.9877874792410695,-0.7586145884018269,692973.0
41,410,Treino,365.0,75.0,9.0,120.0,116.76,-9.0,4.363858992465552,-1.7081763445626446,682578.0
41,415,Treino,360.0,75.0,9.0,120.0,115.86,-9.0,4.531116905152996,-2.0565662795080004,672183.0
41,420,Treino,355.0,75.0,9.0,120.0,114.96,-9.0,4.512838827801667,-2.0203699226305596,661788.0
41,425,Treino,350.0,75.0,9.0,120.0,114.06,-9.0,4.306663086285659,-1.5796260477111557,651393.0
41,430,Treino,345.0,88.0,22.0,120.0,112.12,-22.0,5.687939263144826,1.3322177694555544,630130.0
41,435,Treino,340.0,88.0,22.0,120.0,109.92,-22.0,6.435995712889072,0.22220007528035568,606150.0
41,440,Treino,335.0,88.0,22.0,120.0,107.72,-22.0,6.372901815579808,-0.754123581795338,582170.0
41,445,Treino,330.0,88.0,13.0,111.0,106.06,-13.0,6.3740865692141915,-1.8142903587038968,564427.0
41,450,Treino,325.0,88.0,13.0,111.0,104.76,-13.0,6.560736643557826,-2.078005660120022,550842.0
41,455,Treino,320.0,88.0,13.0,111.0,103.46,-13.0,6.481401964742772,-1.968696502812422,537257.0
41,460,Treino,315.0,88.0,13.0,111.0,102.16,-13.0,6.125756929489093,-1.4253656914893595,523672.0
41,465,Treino,310.0,100.0,25.0,111.0,99.66,-25.0,7.058386240956965,0.1180476133991486,499047.0
41,470,Treino,305.0,100.0,25.0,111.0,97.16,-25.0,7.025783419168373,0.3599854153256281,474422.0
41,475,Treino,300.0,100.0,25.0,111.0,94.66,-25.0,6.0122663729059385,-0.37018665015519403,449797.0
41,480,Treino,295.0,100.0,12.0,98.0,93.2,-12.0,5.938459911664724,-1.9004875886524817,436040.0
41,485,Treino,290.0,100.0,12.0,98.0,92.0,-12.0,6.0609152673132645,-2.085106382978723,425000.0
41,490,Treino,285.0,100.0,12.0,98.0,90.8,-12.0,5.938459911664721,-1.900487588652481,413960.0
41,495,Treino,280.0,100.0,12.0,98.0,89.6,-12.0,5.554920598635313,-1.2411347517730456,402920.0
41,500,Treino,275.0,112.0,24.0,98.0,87.44,-24.0,6.2471544542703725,0.6695432396080077,384200.0
41,505,Treino,270.0,112.0,24.0,98.0,85.04,-24.0,6.34054011733952,0.7290090895398276,363560.0
41,510,Treino,265.0,112.0,12.0,86.0,82.64,-12.0,5.442688411332872,-1.0213504728132379,342920.0
41,515,Treino,260.0,112.0,12.0,86.0,81.44,-12.0,5.883772217736174,-1.8142903587038983,333320.0
41,520,Treino,255.0,112.0,12.0,86.0,80.24,-12.0,6.056064594053383,-2.0780056601200223,323720.0
41,525,Treino,250.0,112.0,12.0,86.0,79.04,-12.0,5.982832582839483,-1.9686965028124248,314120.0
41,530,Treino,245.0,112.0,12.0,86.0,77.84,-12.0,5.65454485798993,-1.4253656914893638,304520.0
41,535,Treino,240.0,112.0,12.0,86.0,76.64,-12.0,5.0214234911577575,-0.06075484798889086,294920.0
41,540,Treino,235.0,112.0,12.0,86.0,75.44,-12.0,3.939128671911785,3.973746776273374,285320.0
41,545,Treino,230.0,112.0,12.0,86.0,74.24,-12.0,1.6970562748477171,50.00000000000007,275720.0
41,550,Treino,225.0,112.0,0.0,74.0,74.0,0.0,0.0,0.0,273800.0
41,555,Treino,220.0,130.0,18.0,74.0,72.2,-18.0,5.454823740581938,5.791962174940904,262100.0
41,560,Treino,215.0,130.0,18.0,74.0,70.4,-18.0,7.273098320775918,0.40724734042553745,250400.0
41,565,Treino,210.0,130.0,18.0,74.0,68.6,-18.0,8.332380897952962,-1.2411347517730524,238700.0
41,570,Treino,205.0,130.0,18.0,74.0,66.8,-18.0,8.907689867497083,-1.9004875886524824,227000.0
41,575,Treino,200.0,130.0,18.0,74.0,65.0,-18.0,9.091372900969896,-2.085106382978723,215300.0
41,580,Treino,195.0,130.0,18.0,74.0,63.2,-18.0,8.907689867497085,-1.900487588652483,203600.0
41,585,Treino,190.0,130.0,18.0,74.0,61.4,-18.0,8.332380897952957,-1.2411347517730478,191900.0
41,590,Treino,185.0,130.0,18.0,74.0,59.6,-18.0,7.273098320775919,0.40724734042553035,180200.0
41,595,Treino,180.0,130.0,18.0,74.0,57.8,-18.0,5.45482374058194,5.791962174940899,168500.0
41,600,Treino,175.0,130.0,0.0,56.0,56.0,0.0,0.0,0.0,156800.0
41,605,Treino,170.0,130.0,0.0,56.0,56.0,0.0,0.0,0.0,156800.0
41,610,Treino,165.0,142.0,12.0,56.0,55.28,-12.0,2.8787752497851424,13.124339821940556,153200.0
41,615,Treino,160.0,143.0,13.0,56.0,54.0,-13.0,4.633507068636244,1.7735035553530158,146852.0
41,620,Treino,155.0,143.0,13.0,56.0,52.7,-13.0,5.628825229955871,-0.7345059618065002,140417.0
41,625,Treino,150.0,143.0,13.0,56.0,51.4,-13.0,6.200724118345915,-1.694455141318869,133982.0
41,630,Treino,145.0,143.0,13.0,56.0,50.1,-13.0,6.462608306438585,-2.048419976586415,127547.0
41,635,Treino,140.0,143.0,13.0,56.0,48.8,-13.0,6.452337023220691,-2.0162544326241125,121112.0
41,640,Treino,135.0,143.0,13.0,56.0,47.5,-13.0,6.16855091639546,-1.5799652322532551,114677.0
41,645,Treino,130.0,145.0,15.0,56.0,46.0,-15.0,5.717856027482714,-0.4835799720028824,107402.0
41,650,Treino,125.0,145.0,15.0,56.0,44.5,-15.0,4.769161137892457,2.3398186760300046,100127.0
41,655,Treino,120.0,145.0,15.0,56.0,43.0,-15.0,2.864276807966203,16.467910329268236,92852.0
41,660,Treino,115.0,145.0,3.0,44.0,42.22,-3.0,1.0159945363825458,-1.7839007793784833,89177.0
41,665,Treino,110.0,145.0,2.0,43.0,42.0,-2.0,1.0101525445522108,-2.085106382978723,88250.0
41,670,Treino,105.0,145.0,2.0,43.0,41.8,-2.0,0.9897433186107867,-1.9004875886524768,87410.0
41,675,Treino,100.0,145.0,2.0,43.0,41.6,-2.0,0.9258200997725509,-1.2411347517730555,86570.0
41,680,Treino,95.0,145.0,2.0,43.0,41.4,-2.0,0.8081220356417692,0.40724734042554367,85730.0
41,685,Treino,90.0,145.0,2.0,43.0,41.2,-2.0,0.6060915267313276,5.791962174940846,84890.0
41,690,Treino,85.0,145.0,0.0,41.0,41.0,0.0,0.0,0.0,84050.0
41,695,Treino,80.0,145.0,0.0,41.0,41.0,0.0,0.0,0.0,84050.0
41,700,Treino,75.0,145.0,0.0,41.0,41.0,0.0,0.0,0.0,84050.0
41,705,Treino,70.0,157.0,12.0,41.0,39.8,-12.0,3.636549160387959,5.791962174940888,79850.0
41,710,Treino,65.0,157.0,12.0,41.0,38.6,-12.0,4.848732213850612,0.4072473404255339,75650.0
41,715,Treino,60.0,157.0,12.0,41.0,37.4,-12.0,5.5549205986353085,-1.24113475177305,71450.0
41,720,Treino,55.0,157.0,12.0,41.0,36.2,-12.0,5.938459911664724,-1.9004875886524817,67250.0
41,725,Treino,50.0,157.0,12.0,41.0,35.0,-12.0,6.0609152673132645,-2.085106382978723,63050.0
41,730,Treino,45.0,170.0,25.0,41.0,33.28,-25.0,6.854285118799479,-0.4885572351765708,57680.0
41,735,Treino,40.0,171.0,26.0,41.0,30.7,-26.0,8.214596267421468,-0.39553771587141906,50431.0
41,740,Treino,35.0,171.0,26.0,41.0,28.1,-26.0,8.654950217378843,-0.7003290073770434,43151.0
41,745,Treino,30.0,171.0,26.0,41.0,25.5,-26.0,8.27893811587758,-0.7995076667327328,35871.0
41,750,Treino,25.0,171.0,14.0,29.0,22.9,-14.0,6.9553972582741945,-2.014256389487434,28591.0
41,755,Treino,20.0,171.0,14.0,29.0,21.5,-14.0,6.996354735991932,-2.053296045714439,25511.0
41,760,Treino,15.0,171.0,14.0,29.0,20.1,-14.0,6.7468813657322695,-1.707711955797433,22431.0
41,765,Treino,10.0,171.0,14.0,29.0,18.7,-14.0,6.1718584506365595,-0.7628533803029796,19351.0
41,770,Treino,5.0,171.0,14.0,29.0,17.3,-14.0,5.163648449122231,1.7070750748298282,16271.0
41,775,Treino,0.0,171.0,14.0,29.0,15.9,-14.0,3.3518194876142973,12.959349484330833,13191.0
42,50,Treino,1682.0,8.0,8.0,188.0,179.96,-8.0,1.6777049435317932,9.836466584386251,1619418.0
42,55,Treino,1677.0,11.0,2.0,182.0,179.74,-2.0,1.3063424559604957,-0.3596428278579471,1615407.0
42,60,Treino,1672.0,6.0,-1.0,182.0,179.74,1.0,1.3969354213522447,-0.5285169434338863,1615419.0
42,65,Treino,1667.0,12.0,5.0,182.0,179.82,-5.0,1.53450118199727,-0.2666060991251955,1616877.0
42,70,Treino,1662.0,10.0,3.0,182.0,179.76,-3.0,1.6232997384390624,-0.5920237936494792,1615812.0
42,75,Treino,1657.0,7.0,-1.0,182.0,179.9,1.0,1.6444092047459058,-0.6495674238579587,1618333.0
42,80,Treino,1652.0,6.0,0.0,182.0,180.0,0.0,1.6659862556700857,-0.6295564768460573,1620136.0
42,85,Treino,1647.0,7.0,0.0,182.0,180.1,0.0,1.693324227304243,-0.6243356873996841,1621941.0
42,90,Treino,1642.0,12.0,3.0,182.0,180.12,-3.0,1.757084784173919,-0.4536922792072242,1622312.0
42,95,Treino,1637.0,9.0,0.0,182.0,180.16,0.0,1.7883979833747226,-0.5096953268936453,1623038.0
42,100,Treino,1632.0,7.0,-2.0,182.0,180.18,2.0,1.792159796082334,-0.4967730900485039,1623399.0
42,105,Treino,1627.0,8.0,-1.0,182.0,180.24,1.0,1.7327576228635784,-0.26036212425962635,1624470.0
42,110,Treino,1622.0,6.0,0.0,182.0,180.42,0.0,1.7034179325876617,0.06643151458451202,1627711.0
42,115,Treino,1617.0,9.0,2.0,182.0,180.46,-2.0,1.5806224555341395,-0.12977709163004514,1628413.0
42,120,Treino,1612.0,8.0,-2.0,182.0,180.42,2.0,1.6173800936536031,0.26059590438343516,1627697.0
42,125,Treino,1607.0,9.0,1.0,182.0,180.36,-1.0,1.600510122761248,0.17281139222887587,1626612.0
42,130,Treino,1602.0,12.0,6.0,182.0,180.3,-6.0,1.7291026338443143,0.09519708404392757,1625551.0
42,135,Treino,1597.0,19.0,13.0,182.0,179.08,-13.0,3.7462362064191463,3.076622523775889,1604170.0
42,140,Treino,1592.0,18.0,12.0,182.0,178.02,-12.0,4.679481917948628,0.025756763226421064,1585629.0
42,145,Treino,1587.0,18.0,9.0,182.0,177.06,-9.0,5.203648641450868,-1.2397558063719243,1568839.0
42,150,Treino,1582.0,18.0,8.0,182.0,175.92,-8.0,5.670690848025271,-1.7282769655851518,1548968.0
42,155,Treino,1577.0,18.0,12.0,182.0,174.88,-12.0,5.769872491782516,-1.84874838462606,1530782.0
42,160,Treino,1572.0,18.0,11.0,182.0,173.64,-11.0,5.423907771174217,-1.579668708669204,1508984.0
42,165,Treino,1567.0,18.0,9.0,182.0,172.56,-9.0,4.961731100150839,-0.8179908078720071,1490054.0
42,170,Treino,1562.0,18.0,11.0,182.0,171.62,-11.0,4.430368299058911,0.7937396425298986,1473633.0
42,175,Treino,1557.0,18.0,10.0,182.0,170.6,-10.0,3.4046786536608544,6.198403081434387,1455786.0
42,180,Treino,1552.0,18.0,0.0,170.0,169.52,0.0,0.8861749953869037,2.2217978268649317,1436890.0
42,185,Treino,1547.0,18.0,0.0,170.0,169.56,0.0,0.8369039151929599,2.3317328284967216,1437564.0
42,190,Treino,1542.0,21.0,3.0,170.0,169.56,-3.0,0.8843307166024086,2.632868140115213,1437568.0
42,195,Treino,1537.0,18.0,0.0,170.0,169.44,0.0,0.972268544409917,1.1168096949244415,1435542.0
42,200,Treino,1532.0,18.0,0.0,170.0,169.5,0.0,0.9091372900969897,1.707556256019613,1436553.0
42,205,Treino,1527.0,18.0,0.0,170.0,169.54,0.0,0.8854838409892418,2.4179580337273823,1437229.0
42,210,Treino,1522.0,18.0,0.0,170.0,169.58,0.0,0.8827138117585944,2.8680231976647717,1437907.0
42,215,Treino,1517.0,18.0,0.0,170.0,169.6,0.0,0.8806305718527105,3.1251326103612316,1438246.0
42,220,Treino,1512.0,18.0,0.0,170.0,169.62,0.0,0.8780776777502467,3.4061513774578804,1438585.0
42,225,Treino,1507.0,18.0,-3.0,170.0,169.62,3.0,0.8780776777502467,3.4061513774578787,1438585.0
42,230,Treino,1502.0,18.0,0.0,170.0,169.6,0.0,0.8571428571428568,2.448310677698921,1438244.0
42,235,Treino,1497.0,18.0,0.0,170.0,169.6,0.0,0.8329931278350425,2.8286921151438724,1438242.0
42,240,Treino,1492.0,20.0,2.0,170.0,169.62,-2.0,0.7795864942652722,2.418455035520669,1438577.0
42,245,Treino,1487.0,19.0,-1.0,170.0,169.72,1.0,0.6401530429259451,3.000550776465195,1440264.0
42,250,Treino,1482.0,18.0,0.0,170.0,169.8,0.0,0.5345224838248489,6.188829787234289,1441616.0
42,255,Treino,1477.0,18.0,0.0,170.0,169.76,0.0,0.5910903104450629,4.3383989101527325,1440940.0
42,260,Treino,1472.0,18.0,0.0,170.0,169.72,0.0,0.6401530429259451,3.0005507764651966,1440264.0
42,265,Treino,1467.0,19.0,1.0,170.0,169.68,-1.0,0.6527805519311923,2.0820244530462437,1439586.0
42,270,Treino,1462.0,18.0,0.0,170.0,169.6,0.0,0.7284313590846831,0.7071163288429552,1438234.0
42,275,Treino,1457.0,27.0,9.0,170.0,168.72,-9.0,2.695726020112245,4.6045580594535895,1423678.0
42,280,Treino,1452.0,28.0,10.0,170.0,167.88,-10.0,3.5836362789200353,0.25268456328429023,1409814.0
42,285,Treino,1447.0,27.0,9.0,170.0,167.0,-9.0,4.105745103771404,-1.2534824304583545,1395276.0
42,290,Treino,1442.0,27.0,9.0,170.0,166.14,-9.0,4.36128608629732,-1.8691037597056768,1381057.0
42,295,Treino,1437.0,27.0,9.0,170.0,165.26,-9.0,4.420776550123567,-2.0263519093066535,1366501.0
42,300,Treino,1432.0,27.0,9.0,170.0,164.36,-9.0,4.275034311832703,-1.8055721602629198,1351606.0
42,305,Treino,1427.0,28.0,10.0,170.0,163.48,-10.0,3.991010306339254,-1.1169661059441216,1337066.0
42,310,Treino,1422.0,27.0,9.0,170.0,162.62,-9.0,3.451648526576892,0.5749216251268532,1322847.0
42,315,Treino,1417.0,27.0,7.0,170.0,161.76,-7.0,2.5359456634879307,6.236247510687166,1308630.0
42,320,Treino,1412.0,28.0,1.0,161.0,160.92,-1.0,0.2740475156178696,8.534487742830084,1294766.0
42,325,Treino,1407.0,27.0,0.0,161.0,160.92,0.0,0.2740475156178696,8.534487742830086,1294766.0
42,330,Treino,1402.0,27.0,0.0,161.0,160.92,0.0,0.2740475156178696,8.534487742830084,1294766.0
42,335,Treino,1397.0,27.0,0.0,161.0,160.88,0.0,0.3854496446637726,12.378430693692382,1294126.0
42,340,Treino,1392.0,29.0,2.0,161.0,160.8,-2.0,0.5345224838248488,6.18882978723429,1292846.0
42,345,Treino,1387.0,27.0,0.0,161.0,160.78,0.0,0.5454823740581937,5.161652619551836,1292525.0
42,350,Treino,1382.0,27.0,0.0,161.0,160.78,0.0,0.5454823740581937,5.161652619551839,1292525.0
42,355,Treino,1377.0,27.0,0.0,161.0,160.8,0.0,0.5345224838248489,6.18882978723429,1292846.0
42,360,Treino,1372.0,27.0,0.0,161.0,160.8,0.0,0.5345224838248489,6.18882978723429,1292846.0
42,365,Treino,1367.0,28.0,1.0,161.0,160.76,-1.0,0.5554920598635308,4.298824533753451,1292204.0
42,370,Treino,1362.0,27.0,0.0,161.0,160.78,0.0,0.5454823740581936,5.161652619551834,1292525.0
42,375,Treino,1357.0,27.0,0.0,161.0,160.78,0.0,0.5454823740581936,5.161652619551839,1292525.0
42,380,Treino,1352.0,27.0,-1.0,161.0,160.74,1.0,0.5996597674804387,3.649052358543768,1291885.0
42,385,Treino,1347.0,29.0,2.0,161.0,160.76,-2.0,0.5910903104450629,4.3383989101527325,1292206.0
42,390,Treino,1342.0,27.0,-1.0,161.0,160.8,1.0,0.5345224838248489,6.188829787234287,1292846.0
42,395,Treino,1337.0,28.0,1.0,161.0,160.74,-1.0,0.5996597674804387,3.6490523585437664,1291885.0
42,400,Treino,1332.0,41.0,14.0,161.0,159.62,-14.0,3.8059566632384265,7.976431598977545,1274637.0
42,405,Treino,1327.0,41.0,14.0,161.0,158.22,-14.0,5.342513357923575,0.9014156693560516,1253077.0
42,410,Treino,1322.0,41.0,14.0,161.0,156.82,-14.0,6.212856978615772,-1.0402444594825089,1231517.0
42,415,Treino,1317.0,41.0,14.0,161.0,155.46,-14.0,6.713404197452092,-1.8092062269225475,1210599.0
42,420,Treino,1312.0,41.0,14.0,161.0,154.06,-14.0,6.873225188351963,-2.0577230971835747,1189039.0
42,425,Treino,1307.0,41.0,14.0,161.0,152.66,-14.0,6.738891085425294,-1.9326242378578236,1167479.0
42,430,Treino,1302.0,41.0,14.0,161.0,151.32,-14.0,6.377383508004145,-1.3769310867489333,1146880.0
42,435,Treino,1297.0,41.0,14.0,161.0,149.96,-14.0,5.642260366273106,0.008717522979548864,1125960.0
42,440,Treino,1292.0,41.0,14.0,161.0,148.6,-14.0,4.38457407234937,4.0906540595924366,1105040.0
42,445,Treino,1287.0,41.0,14.0,161.0,147.28,-14.0,1.9798989873223298,50.00000000000003,1084762.0
42,450,Treino,1282.0,41.0,0.0,147.0,147.0,0.0,0.0,0.0,1080450.0
42,455,Treino,1277.0,41.0,0.0,147.0,147.0,0.0,0.0,0.0,1080450.0
42,460,Treino,1272.0,41.0,0.0,147.0,147.0,0.0,0.0,0.0,1080450.0
42,465,Treino,1267.0,41.0,0.0,147.0,147.0,0.0,0.0,0.0,1080450.0
42,470,Treino,1262.0,41.0,0.0,147.0,147.0,0.0,0.0,0.0,1080450.0
42,475,Treino,1257.0,41.0,0.0,147.0,147.0,0.0,0.0,0.0,1080450.0
42,480,Treino,1252.0,41.0,0.0,147.0,147.0,0.0,0.0,0.0,1080450.0
42,485,Treino,1247.0,41.0,0.0,147.0,147.0,0.0,0.0,0.0,1080450.0
42,490,Treino,1242.0,41.0,0.0,147.0,147.0,0.0,0.0,0.0,1080450.0
42,495,Treino,1237.0,52.0,11.0,147.0,146.34,-11.0,2.6388773123030473,13.124339821940566,1071111.0
42,500,Treino,1232.0,52.0,11.0,147.0,145.24,-11.0,4.073608438999226,1.725953014184416,1055546.0
42,505,Treino,1227.0,52.0,11.0,147.0,144.14,-11.0,4.873962474627972,-0.7586145884018372,1039981.0
42,510,Treino,1222.0,52.0,11.0,147.0,143.04,-11.0,5.333605435235674,-1.708176344562652,1024416.0
42,515,Treino,1217.0,52.0,11.0,147.0,141.94,-11.0,5.538031772964773,-2.056566279508001,1008851.0
42,520,Treino,1212.0,52.0,11.0,147.0,140.84,-11.0,5.515691900646477,-2.020369922630562,993286.0
42,525,Treino,1207.0,52.0,11.0,147.0,139.74,-11.0,5.263699327682474,-1.5796260477111603,977721.0
42,530,Treino,1202.0,52.0,11.0,147.0,138.64,-11.0,4.745610216455898,-0.44297079134003603,962156.0
42,535,Treino,1197.0,52.0,11.0,147.0,137.54,-11.0,3.8556081602925185,2.684314695695223,946591.0
42,540,Treino,1192.0,52.0,11.0,147.0,136.44,-11.0,2.1774353009437326,22.33072916666667,931026.0
42,545,Treino,1187.0,52.0,0.0,136.0,136.0,0.0,0.0,0.0,924800.0
42,550,Treino,1182.0,52.0,0.0,136.0,136.0,0.0,0.0,0.0,924800.0
42,555,Treino,1177.0,52.0,0.0,136.0,136.0,0.0,0.0,0.0,924800.0
42,560,Treino,1172.0,52.0,0.0,136.0,136.0,0.0,0.0,0.0,924800.0
42,565,Treino,1167.0,52.0,0.0,136.0,136.0,0.0,0.0,0.0,924800.0
42,570,Treino,1162.0,52.0,0.0,136.0,136.0,0.0,0.0,0.0,924800.0
42,575,Treino,1157.0,60.0,8.0,136.0,135.84,-8.0,1.131370849898476,50.0000000000001,922688.0
42,580,Treino,1152.0,60.0,8.0,136.0,135.04,-8.0,2.626085781274527,3.973746776273342,912128.0
42,585,Treino,1147.0,60.0,8.0,136.0,134.24,-8.0,3.347615660771842,-0.06075484798887398,901568.0
42,590,Treino,1142.0,60.0,8.0,136.0,133.44,-8.0,3.7696965719932893,-1.4253656914893633,891008.0
42,595,Treino,1137.0,60.0,8.0,136.0,132.64,-8.0,3.9885550552263176,-1.9686965028124281,880448.0
42,600,Treino,1132.0,60.0,8.0,136.0,131.84,-8.0,4.03737639603559,-2.0780056601200227,869888.0
42,605,Treino,1127.0,60.0,8.0,136.0,131.04,-8.0,3.9225148118241173,-1.814290358703893,859328.0
42,610,Treino,1122.0,60.0,8.0,136.0,130.24,-8.0,3.6284589408885783,-1.0213504728132499,848768.0
42,615,Treino,1117.0,60.0,8.0,136.0,129.44,-8.0,3.1047034759328294,0.9888715908435755,838208.0
42,620,Treino,1112.0,60.0,8.0,136.0,128.64,-8.0,2.1923801249429578,8.534487742830796,827648.0
42,625,Treino,1107.0,60.0,0.0,128.0,128.0,0.0,0.0,0.0,819200.0
42,630,Treino,1102.0,60.0,0.0,128.0,128.0,0.0,0.0,0.0,819200.0
42,635,Treino,1097.0,60.0,0.0,128.0,128.0,0.0,0.0,0.0,819200.0
42,640,Treino,1092.0,60.0,0.0,128.0,128.0,0.0,0.0,0.0,819200.0
42,645,Treino,1087.0,60.0,0.0,128.0,128.0,0.0,0.0,0.0,819200.0
42,650,Treino,1082.0,60.0,0.0,128.0,128.0,0.0,0.0,0.0,819200.0
42,655,Treino,1077.0,60.0,0.0,128.0,128.0,0.0,0.0,0.0,819200.0
42,660,Treino,1072.0,60.0,0.0,128.0,128.0,0.0,0.0,0.0,819200.0
42,665,Treino,1067.0,60.0,0.0,128.0,128.0,0.0,0.0,0.0,819200.0
42,670,Treino,1062.0,68.0,8.0,128.0,127.2,-8.0,2.424366106925306,5.791962174940911,809280.0
42,675,Treino,1057.0,68.0,8.0,128.0,126.4,-8.0,3.2324881425670746,0.40724734042554367,799360.0
42,680,Treino,1052.0,68.0,8.0,128.0,125.6,-8.0,3.7032803990902057,-1.2411347517730555,789440.0
42,685,Treino,1047.0,68.0,8.0,128.0,124.8,-8.0,3.9589732744431476,-1.900487588652483,779520.0
42,690,Treino,1042.0,68.0,8.0,128.0,124.0,-8.0,4.040610178208843,-2.085106382978723,769600.0
42,695,Treino,1037.0,68.0,8.0,128.0,123.2,-8.0,3.958973274443147,-1.900487588652484,759680.0
42,700,Treino,1032.0,68.0,8.0,128.0,122.4,-8.0,3.7032803990902035,-1.2411347517730555,749760.0
42,705,Treino,1027.0,68.0,8.0,128.0,121.6,-8.0,3.232488142567077,0.40724734042554367,739840.0
42,710,Treino,1022.0,68.0,8.0,128.0,120.8,-8.0,2.424366106925304,5.791962174940917,729920.0
42,715,Treino,1017.0,68.0,0.0,120.0,120.0,0.0,0.0,0.0,720000.0
42,720,Treino,1012.0,68.0,0.0,120.0,120.0,0.0,0.0,0.0,720000.0
42,725,Treino,1007.0,68.0,0.0,120.0,120.0,0.0,0.0,0.0,720000.0
42,730,Treino,1002.0,68.0,0.0,120.0,120.0,0.0,0.0,0.0,720000.0
42,735,Treino,997.0,68.0,0.0,120.0,120.0,0.0,0.0,0.0,720000.0
42,740,Treino,992.0,68.0,0.0,120.0,120.0,0.0,0.0,0.0,720000.0
42,745,Treino,987.0,68.0,0.0,120.0,120.0,0.0,0.0,0.0,720000.0
42,750,Treino,982.0,74.0,6.0,120.0,119.76,-6.0,1.1876919823329444,22.330729166666767,717192.0
42,755,Treino,977.0,74.0,6.0,120.0,119.16,-6.0,2.1030589965231936,2.6843146956951847,710172.0
42,760,Treino,972.0,74.0,6.0,120.0,118.56,-6.0,2.5885146635214,-0.4429707913400476,703152.0
42,765,Treino,967.0,74.0,6.0,120.0,117.96,-6.0,2.8711087241904387,-1.579626047711161,696132.0
42,770,Treino,962.0,74.0,6.0,120.0,117.36,-6.0,3.008559218534443,-2.020369922630561,689112.0
42,775,Treino,957.0,74.0,6.0,120.0,116.76,-6.0,3.020744603435332,-2.056566279508001,682092.0
42,780,Treino,952.0,74.0,6.0,120.0,116.16,-6.0,2.909239328310367,-1.7081763445626443,675072.0
42,785,Treino,947.0,74.0,6.0,120.0,115.56,-6.0,2.6585249861607134,-0.7586145884018265,668052.0
42,790,Treino,942.0,74.0,6.0,120.0,114.96,-6.0,2.2219682394541227,1.7259530141844213,661032.0
42,795,Treino,937.0,74.0,6.0,120.0,114.36,-6.0,1.43938762489257,13.124339821940566,654012.0
42,800,Treino,932.0,74.0,0.0,114.0,114.0,0.0,0.0,0.0,649800.0
42,805,Treino,927.0,74.0,0.0,115.0,114.06,0.0,0.23989793748209523,13.124339821940385,650487.0
42,810,Treino,922.0,74.0,0.0,115.0,114.06,0.0,0.23989793748209526,13.124339821940385,650487.0
42,815,Treino,917.0,74.0,0.0,115.0,114.06,0.0,0.2398979374820953,13.124339821940389,650487.0
42,820,Treino,912.0,74.0,0.0,115.0,114.06,0.0,0.23989793748209537,13.124339821940385,650487.0
42,825,Treino,907.0,84.0,10.0,115.0,113.26,-10.0,2.7687026358412496,8.368296590777177,641767.0
42,830,Treino,902.0,84.0,10.0,115.0,112.26,-10.0,3.9165269912856955,0.9652719364137301,630867.0
42,835,Treino,897.0,84.0,10.0,115.0,111.26,-10.0,4.579501799835205,-1.0245901529800556,619967.0
42,840,Treino,892.0,84.0,10.0,115.0,110.26,-10.0,4.956175286386445,-1.8099817071452373,609067.0
42,845,Treino,887.0,84.0,10.0,115.0,109.26,-10.0,5.1102537977629865,-2.0685243727053098,598167.0
42,850,Treino,882.0,84.0,11.0,115.0,108.26,-11.0,5.062104103945677,-1.9533718548423946,587267.0
42,855,Treino,877.0,84.0,10.0,114.0,107.2,-10.0,4.712120714991612,-1.4253656914893638,575680.0
42,860,Treino,872.0,84.0,10.0,114.0,106.2,-10.0,4.184519575964805,-0.06075484798889441,564780.0
42,865,Treino,867.0,84.0,10.0,114.0,105.2,-10.0,3.28260722659316,3.9737467762733587,553880.0
42,870,Treino,862.0,84.0,10.0,114.0,104.2,-10.0,1.414213562373097,49.99999999999987,542980.0
42,875,Treino,857.0,84.0,0.0,104.0,104.0,0.0,0.0,0.0,540800.0
42,880,Treino,852.0,84.0,0.0,104.0,104.0,0.0,0.0,0.0,540800.0
42,885,Treino,847.0,84.0,0.0,104.0,104.0,0.0,0.0,0.0,540800.0
42,890,Treino,842.0,84.0,0.0,104.0,104.0,0.0,0.0,0.0,540800.0
42,895,Treino,837.0,84.0,0.0,104.0,104.0,0.0,0.0,0.0,540800.0
42,900,Treino,832.0,84.0,0.0,104.0,104.0,0.0,0.0,0.0,540800.0
42,905,Treino,827.0,84.0,0.0,104.0,104.0,0.0,0.0,0.0,540800.0
42,910,Treino,822.0,84.0,0.0,104.0,104.0,0.0,0.0,0.0,540800.0
42,915,Treino,817.0,84.0,0.0,104.0,104.0,0.0,0.0,0.0,540800.0
42,920,Treino,812.0,93.0,9.0,104.0,103.64,-9.0,1.7815379734994166,22.330729166666675,537218.0
42,925,Treino,807.0,93.0,9.0,104.0,102.74,-9.0,3.154588494784791,2.6843146956951847,528263.0
42,930,Treino,802.0,93.0,9.0,104.0,101.84,-9.0,3.8827719952820994,-0.44297079134004713,519308.0
42,935,Treino,797.0,93.0,9.0,104.0,100.94,-9.0,4.306663086285659,-1.5796260477111561,510353.0
42,940,Treino,792.0,93.0,9.0,104.0,100.04,-9.0,4.512838827801661,-2.020369922630559,501398.0
42,945,Treino,787.0,93.0,9.0,104.0,99.14,-9.0,4.531116905152994,-2.0565662795080004,492443.0
42,950,Treino,782.0,93.0,9.0,104.0,98.24,-9.0,4.363858992465547,-1.7081763445626434,483488.0
42,955,Treino,777.0,93.0,9.0,104.0,97.34,-9.0,3.9877874792410664,-0.7586145884018252,474533.0
42,960,Treino,772.0,93.0,9.0,104.0,96.44,-9.0,3.3329523591811836,1.7259530141844035,465578.0
42,965,Treino,767.0,93.0,9.0,104.0,95.54,-9.0,2.1590814373388594,13.124339821940499,456623.0
42,970,Treino,762.0,93.0,0.0,95.0,95.0,0.0,0.0,0.0,451250.0
42,975,Treino,757.0,93.0,0.0,95.0,95.0,0.0,0.0,0.0,451250.0
42,980,Treino,752.0,93.0,0.0,95.0,95.0,0.0,0.0,0.0,451250.0
42,985,Treino,747.0,93.0,0.0,95.0,95.0,0.0,0.0,0.0,451250.0
42,990,Treino,742.0,93.0,0.0,95.0,95.0,0.0,0.0,0.0,451250.0
42,995,Treino,737.0,93.0,0.0,95.0,95.0,0.0,0.0,0.0,451250.0
42,1000,Treino,732.0,93.0,0.0,95.0,95.0,0.0,0.0,0.0,451250.0
42,1005,Treino,727.0,93.0,0.0,95.0,95.0,0.0,0.0,0.0,451250.0
42,1010,Treino,722.0,93.0,0.0,95.0,95.0,0.0,0.0,0.0,451250.0
42,1015,Treino,717.0,93.0,0.0,95.0,95.0,0.0,0.0,0.0,451250.0
42,1020,Treino,712.0,102.0,9.0,95.0,94.46,-9.0,2.1590814373388567,13.124339821940502,446363.0
42,1025,Treino,707.0,102.0,9.0,95.0,93.56,-9.0,3.3329523591811854,1.7259530141844017,438218.0
42,1030,Treino,702.0,102.0,9.0,95.0,92.66,-9.0,3.9877874792410695,-0.7586145884018269,430073.0
42,1035,Treino,697.0,102.0,9.0,95.0,91.76,-9.0,4.363858992465552,-1.7081763445626446,421928.0
42,1040,Treino,692.0,102.0,9.0,95.0,90.86,-9.0,4.531116905152996,-2.0565662795080004,413783.0
42,1045,Treino,687.0,102.0,9.0,95.0,89.96,-9.0,4.512838827801667,-2.0203699226305596,405638.0
42,1050,Treino,682.0,102.0,9.0,95.0,89.06,-9.0,4.306663086285659,-1.5796260477111557,397493.0
42,1055,Treino,677.0,102.0,9.0,95.0,88.16,-9.0,3.882771995282105,-0.44297079134004713,389348.0
42,1060,Treino,672.0,102.0,9.0,95.0,87.26,-9.0,3.1545884947847904,2.6843146956951873,381203.0
42,1065,Treino,667.0,102.0,9.0,95.0,86.36,-9.0,1.7815379734994197,22.33072916666668,373058.0
42,1070,Treino,662.0,102.0,0.0,86.0,86.0,0.0,0.0,0.0,369800.0
42,1075,Treino,657.0,102.0,0.0,86.0,86.0,0.0,0.0,0.0,369800.0
42,1080,Treino,652.0,102.0,0.0,86.0,86.0,0.0,0.0,0.0,369800.0
42,1085,Treino,647.0,102.0,0.0,86.0,86.0,0.0,0.0,0.0,369800.0
42,1090,Treino,642.0,114.0,12.0,86.0,84.8,-12.0,3.636549160387959,5.791962174940888,360200.0
42,1095,Treino,637.0,114.0,12.0,86.0,83.6,-12.0,4.848732213850611,0.40724734042552413,350600.0
42,1100,Treino,632.0,114.0,12.0,86.0,82.4,-12.0,5.554920598635309,-1.2411347517730456,341000.0
42,1105,Treino,627.0,114.0,12.0,86.0,81.2,-12.0,5.938459911664724,-1.9004875886524817,331400.0
42,1110,Treino,622.0,114.0,12.0,86.0,80.0,-12.0,6.0609152673132645,-2.085106382978723,321800.0
42,1115,Treino,617.0,114.0,12.0,86.0,78.8,-12.0,5.938459911664721,-1.900487588652481,312200.0
42,1120,Treino,612.0,114.0,12.0,86.0,77.6,-12.0,5.554920598635313,-1.2411347517730456,302600.0
42,1125,Treino,607.0,114.0,12.0,86.0,76.4,-12.0,4.848732213850608,0.407247340425525,293000.0
42,1130,Treino,602.0,114.0,12.0,86.0,75.2,-12.0,3.6365491603879647,5.791962174940883,283400.0
42,1135,Treino,597.0,114.0,0.0,74.0,74.0,0.0,0.0,0.0,273800.0
42,1140,Treino,592.0,114.0,0.0,74.0,74.0,0.0,0.0,0.0,273800.0
42,1145,Treino,587.0,114.0,0.0,74.0,74.0,0.0,0.0,0.0,273800.0
42,1150,Treino,582.0,114.0,0.0,74.0,74.0,0.0,0.0,0.0,273800.0
42,1155,Treino,577.0,114.0,0.0,74.0,74.0,0.0,0.0,0.0,273800.0
42,1160,Treino,572.0,114.0,0.0,74.0,74.0,0.0,0.0,0.0,273800.0
42,1165,Treino,567.0,114.0,0.0,75.0,74.02,0.0,0.1414213562373095,50.00000000000087,273949.0
42,1170,Treino,562.0,114.0,0.0,75.0,74.02,0.0,0.1414213562373095,50.00000000000087,273949.0
42,1175,Treino,557.0,114.0,0.0,75.0,74.02,0.0,0.1414213562373095,50.00000000000087,273949.0
42,1180,Treino,552.0,126.0,12.0,75.0,73.54,-12.0,2.3837031728649714,22.15443569347352,270685.0
42,1185,Treino,547.0,126.0,12.0,75.0,72.34,-12.0,4.216633728461603,2.6728797270013196,262525.0
42,1190,Treino,542.0,126.0,12.0,75.0,71.14,-12.0,5.190297069866945,-0.4451119324514523,254365.0
42,1195,Treino,537.0,126.0,12.0,75.0,69.94,-12.0,5.758436579205739,-1.5791776321831077,246205.0
42,1200,Treino,532.0,126.0,12.0,75.0,68.74,-12.0,6.036656731154751,-2.018472850071236,238045.0
42,1205,Treino,527.0,126.0,12.0,75.0,67.54,-12.0,6.06498818075131,-2.0532320442636265,229885.0
42,1210,Treino,522.0,126.0,12.0,75.0,66.34,-12.0,5.847064499841452,-1.7026652707712981,221725.0
42,1215,Treino,517.0,126.0,12.0,74.0,65.12,-12.0,5.317049972321427,-0.7586145884018265,213416.0
42,1220,Treino,512.0,126.0,12.0,74.0,63.92,-12.0,4.443936478908252,1.7259530141843937,205256.0
42,1225,Treino,507.0,126.0,12.0,74.0,62.72,-12.0,2.87877524978514,13.124339821940566,197096.0
42,1230,Treino,502.0,126.0,0.0,62.0,62.0,0.0,0.0,0.0,192200.0
42,1235,Treino,497.0,126.0,0.0,62.0,62.0,0.0,0.0,0.0,192200.0
42,1240,Treino,492.0,126.0,0.0,62.0,62.0,0.0,0.0,0.0,192200.0
42,1245,Treino,487.0,126.0,0.0,62.0,62.0,0.0,0.0,0.0,192200.0
42,1250,Treino,482.0,126.0,0.0,62.0,62.0,0.0,0.0,0.0,192200.0
42,1255,Treino,477.0,126.0,0.0,62.0,62.0,0.0,0.0,0.0,192200.0
42,1260,Treino,472.0,138.0,12.0,62.0,61.52,-12.0,2.3753839646658887,22.33072916666669,189512.0
42,1265,Treino,467.0,139.0,13.0,62.0,60.3,-13.0,4.258245303082537,2.7141612943312152,182693.0
42,1270,Treino,462.0,138.0,12.0,62.0,59.1,-12.0,5.214774928126851,-0.4313869754481332,175973.0
42,1275,Treino,457.0,139.0,13.0,62.0,57.88,-13.0,5.801618352684367,-1.5683828771218467,169154.0
42,1280,Treino,452.0,138.0,12.0,62.0,56.68,-12.0,6.065762061584274,-2.0135016150509966,162434.0
42,1285,Treino,447.0,138.0,12.0,62.0,55.48,-12.0,6.081890146582885,-2.0524925768160074,155714.0
42,1290,Treino,442.0,138.0,12.0,62.0,54.28,-12.0,5.85205353805354,-1.706728740954842,148994.0
42,1295,Treino,437.0,138.0,12.0,62.0,53.08,-12.0,5.344613920498252,-0.7613951755231092,142274.0
42,1300,Treino,432.0,138.0,12.0,62.0,51.88,-12.0,4.465925413161124,1.7101264948551336,135554.0
42,1305,Treino,427.0,138.0,12.0,62.0,50.68,-12.0,2.8957393049874125,12.97678348996769,128834.0
42,1310,Treino,422.0,138.0,0.0,50.0,49.96,0.0,0.19794866372215722,22.33072916666676,124802.0
42,1315,Treino,417.0,138.0,0.0,50.0,49.98,0.0,0.14142135623730967,49.99999999999929,124901.0
42,1320,Treino,412.0,138.0,0.0,50.0,49.98,0.0,0.14142135623730967,49.99999999999929,124901.0
42,1325,Treino,407.0,138.0,0.0,50.0,50.0,0.0,0.0,0.0,125000.0
42,1330,Treino,402.0,138.0,0.0,50.0,50.0,0.0,0.0,0.0,125000.0
42,1335,Treino,397.0,138.0,0.0,50.0,49.98,0.0,0.14142135623730953,49.99999999999932,124901.0
42,1340,Treino,392.0,150.0,12.0,50.0,49.26,-12.0,2.8771442757834493,13.046114400285969,121733.0
42,1345,Treino,387.0,150.0,12.0,50.0,48.02,-12.0,4.533278310990619,1.756235980973365,116303.0
42,1350,Treino,382.0,151.0,13.0,50.0,46.76,-13.0,5.483035060018105,-0.7306335272792412,110798.0
42,1355,Treino,377.0,150.0,12.0,50.0,45.52,-12.0,6.000816271005749,-1.6861002895299022,105368.0
42,1360,Treino,372.0,151.0,13.0,50.0,44.26,-13.0,6.252542340063417,-2.038596373798633,99863.0
42,1365,Treino,367.0,150.0,12.0,50.0,43.02,-12.0,6.222047697584808,-2.00696955819757,94433.0
42,1370,Treino,362.0,151.0,13.0,50.0,41.76,-13.0,5.947251122860659,-1.573733779294174,88928.0
42,1375,Treino,357.0,150.0,12.0,50.0,40.52,-12.0,5.353770367027067,-0.45601694956877337,83498.0
42,1380,Treino,352.0,151.0,13.0,50.0,39.26,-13.0,4.3462862401862825,2.587047056694505,77993.0
42,1385,Treino,347.0,150.0,12.0,50.0,38.04,-12.0,2.5149349811046138,20.418797728272807,72662.0
42,1390,Treino,342.0,151.0,1.0,38.0,37.5,-1.0,0.5050762722761054,-2.085106382978723,70325.0
42,1395,Treino,337.0,150.0,-1.0,38.0,37.5,1.0,0.5050762722761054,-2.085106382978723,70325.0
42,1400,Treino,332.0,151.0,1.0,38.0,37.5,-1.0,0.5050762722761054,-2.085106382978723,70325.0
42,1405,Treino,327.0,150.0,-1.0,38.0,37.5,1.0,0.5050762722761054,-2.085106382978723,70325.0
42,1410,Treino,322.0,151.0,1.0,38.0,37.5,-1.0,0.5050762722761054,-2.085106382978723,70325.0
42,1415,Treino,317.0,150.0,-1.0,38.0,37.5,1.0,0.5050762722761054,-2.085106382978723,70325.0
42,1420,Treino,312.0,151.0,1.0,38.0,37.5,-1.0,0.5050762722761054,-2.085106382978723,70325.0
42,1425,Treino,307.0,150.0,-1.0,38.0,37.5,1.0,0.5050762722761054,-2.085106382978723,70325.0
42,1430,Treino,302.0,151.0,1.0,38.0,37.5,-1.0,0.5050762722761054,-2.085106382978723,70325.0
42,1435,Treino,297.0,156.0,5.0,38.0,37.06,-5.0,1.5832026440872622,6.50078074018243,68795.0
42,1440,Treino,292.0,156.0,6.0,38.0,36.52,-6.0,2.187534256291539,0.6940142832242735,66920.0
42,1445,Treino,287.0,156.0,5.0,38.0,35.96,-5.0,2.53111252461144,-1.0708347709545962,64970.0
42,1450,Treino,282.0,156.0,6.0,38.0,35.42,-6.0,2.7336900381151117,-1.7877246782975207,63095.0
42,1455,Treino,277.0,156.0,5.0,38.0,34.86,-5.0,2.7994897494262867,-2.012730085520979,61145.0
42,1460,Treino,272.0,156.0,6.0,38.0,34.32,-6.0,2.773342490827373,-1.8774286660776247,59270.0
42,1465,Treino,267.0,156.0,5.0,38.0,33.76,-5.0,2.6073678963542486,-1.2995055676150211,57320.0
42,1470,Treino,262.0,156.0,6.0,38.0,33.22,-6.0,2.332468255575046,0.11129669479271076,55445.0
42,1475,Treino,257.0,156.0,5.0,38.0,32.66,-5.0,1.8138919707724193,4.291064597201803,53495.0
42,1480,Treino,252.0,156.0,6.0,38.0,32.12,-6.0,0.8485281374238586,50.00000000000007,51620.0
42,1485,Treino,247.0,156.0,0.0,32.0,32.0,0.0,0.0,0.0,51200.0
42,1490,Treino,242.0,156.0,0.0,32.0,32.0,0.0,0.0,0.0,51200.0
42,1495,Treino,237.0,156.0,0.0,32.0,32.0,0.0,0.0,0.0,51200.0
42,1500,Treino,232.0,164.0,8.0,32.0,31.84,-8.0,1.131370849898476,50.0,50752.0
42,1505,Treino,227.0,164.0,8.0,32.0,31.06,-8.0,2.574680483445807,4.0539569786851475,48561.0
42,1510,Treino,222.0,164.0,8.0,32.0,30.26,-8.0,3.3123762972666433,-0.03494594269734108,46321.0
42,1515,Treino,217.0,164.0,8.0,32.0,29.46,-8.0,3.7428026168329294,-1.4129182715251418,44081.0
42,1520,Treino,212.0,164.0,8.0,32.0,28.66,-8.0,3.9672640035003197,-1.9618015625363414,41841.0
42,1525,Treino,207.0,164.0,8.0,32.0,27.86,-8.0,4.020407127317798,-2.07439421926472,39601.0
42,1530,Treino,202.0,164.0,8.0,32.0,27.06,-8.0,3.9092250915400792,-1.813589852043252,37361.0
42,1535,Treino,197.0,164.0,8.0,32.0,26.26,-8.0,3.6186027295471006,-1.0249984779161232,35121.0
42,1540,Treino,192.0,164.0,8.0,32.0,25.46,-8.0,3.09845254332954,0.9734570749412237,32881.0
42,1545,Treino,187.0,164.0,8.0,32.0,24.66,-8.0,2.1909833781353294,8.43806372114873,30641.0
42,1550,Treino,182.0,164.0,1.0,25.0,24.02,-1.0,0.14142135623730942,50.00000000000013,28849.0
42,1555,Treino,177.0,164.0,0.0,24.0,24.0,0.0,0.0,0.0,28800.0
42,1560,Treino,172.0,164.0,0.0,24.0,24.0,0.0,0.0,0.0,28800.0
42,1565,Treino,167.0,164.0,0.0,24.0,24.0,0.0,0.0,0.0,28800.0
42,1570,Treino,162.0,171.0,7.0,24.0,23.58,-7.0,1.6792855623746665,13.12433982194053,27939.0
42,1575,Treino,157.0,171.0,7.0,24.0,22.88,-7.0,2.5922962793631443,1.7259530141843946,26504.0
42,1580,Treino,152.0,171.0,7.0,24.0,22.18,-7.0,3.1016124838541645,-0.7586145884018234,25069.0
42,1585,Treino,147.0,171.0,7.0,24.0,21.48,-7.0,3.394112549695428,-1.708176344562647,23634.0
42,1590,Treino,142.0,171.0,7.0,24.0,20.78,-7.0,3.5242020373412197,-2.056566279508,22199.0
42,1595,Treino,137.0,171.0,7.0,24.0,20.08,-7.0,3.5099857549568494,-2.020369922630561,20764.0
42,1600,Treino,132.0,171.0,7.0,24.0,19.38,-7.0,3.3496268448888458,-1.579626047711153,19329.0
42,1605,Treino,127.0,171.0,7.0,24.0,18.68,-7.0,3.019933774108302,-0.44297079134005335,17894.0
42,1610,Treino,122.0,171.0,7.0,24.0,17.98,-7.0,2.453568829277058,2.6843146956951998,16459.0
42,1615,Treino,117.0,171.0,7.0,24.0,17.28,-7.0,1.3856406460551023,22.33072916666664,15024.0
42,1620,Treino,112.0,171.0,0.0,17.0,17.0,0.0,0.0,0.0,14450.0
42,1625,Treino,107.0,171.0,0.0,17.0,17.0,0.0,0.0,0.0,14450.0
42,1630,Treino,102.0,171.0,0.0,17.0,17.0,0.0,0.0,0.0,14450.0
42,1635,Treino,97.0,171.0,0.0,17.0,17.0,0.0,0.0,0.0,14450.0
42,1640,Treino,92.0,171.0,0.0,17.0,17.0,0.0,0.0,0.0,14450.0
42,1645,Treino,87.0,177.0,6.0,17.0,16.4,-6.0,1.8182745801939795,5.791962174940888,13610.0
42,1650,Treino,82.0,177.0,6.0,17.0,15.8,-6.0,2.424366106925306,0.4072473404255339,12770.0
42,1655,Treino,77.0,177.0,6.0,17.0,15.2,-6.0,2.7774602993176543,-1.24113475177305,11930.0
42,1660,Treino,72.0,177.0,6.0,17.0,14.6,-6.0,2.9692299558323603,-1.900487588652482,11090.0
42,1665,Treino,67.0,177.0,6.0,17.0,14.0,-6.0,3.0304576336566322,-2.085106382978723,10250.0
42,1670,Treino,62.0,177.0,6.0,17.0,13.4,-6.0,2.9692299558323603,-1.9004875886524828,9410.0
42,1675,Treino,57.0,177.0,6.0,17.0,12.8,-6.0,2.777460299317655,-1.2411347517730507,8570.0
42,1680,Treino,52.0,177.0,6.0,17.0,12.2,-6.0,2.424366106925306,0.40724734042553257,7730.0
42,1685,Treino,47.0,177.0,6.0,17.0,11.6,-6.0,1.8182745801939828,5.791962174940899,6890.0
42,1690,Treino,42.0,177.0,0.0,11.0,11.0,0.0,0.0,0.0,6050.0
42,1695,Treino,37.0,177.0,0.0,11.0,11.0,0.0,0.0,0.0,6050.0
42,1700,Treino,32.0,177.0,0.0,11.0,11.0,0.0,0.0,0.0,6050.0
42,1705,Treino,27.0,177.0,0.0,11.0,11.0,0.0,0.0,0.0,6050.0
42,1710,Treino,22.0,177.0,0.0,11.0,11.0,0.0,0.0,0.0,6050.0
42,1715,Treino,17.0,177.0,0.0,11.0,11.0,0.0,0.0,0.0,6050.0
42,1720,Treino,12.0,177.0,0.0,11.0,11.0,0.0,0.0,0.0,6050.0
42,1725,Treino,7.0,177.0,0.0,11.0,11.0,0.0,0.0,0.0,6050.0
42,1730,Treino,2.0,177.0,0.0,11.0,11.0,0.0,0.0,0.0,6050.0
43,50,Treino,1130.0,6.0,0.0,182.0,181.86,0.0,0.7561988724494884,37.008362029569426,1653681.0
43,55,Treino,1125.0,6.0,0.0,182.0,181.9,0.0,0.7071067811865472,50.000000000000256,1654405.0
43,60,Treino,1120.0,6.0,0.0,182.0,181.9,0.0,0.7071067811865472,50.000000000000256,1654405.0
43,65,Treino,1115.0,6.0,0.0,182.0,181.9,0.0,0.7071067811865471,50.00000000000024,1654405.0
43,70,Treino,1110.0,6.0,0.0,182.0,181.9,0.0,0.7071067811865471,50.00000000000024,1654405.0
43,75,Treino,1105.0,6.0,0.0,182.0,181.9,0.0,0.707106781186547,50.00000000000024,1654405.0
43,80,Treino,1100.0,6.0,0.0,182.0,181.9,0.0,0.707106781186547,50.00000000000024,1654405.0
43,85,Treino,1095.0,6.0,-5.0,182.0,181.9,5.0,0.7071067811865469,50.00000000000024,1654405.0
43,90,Treino,1090.0,6.0,0.0,182.0,182.0,0.0,0.0,0.0,1656200.0
43,95,Treino,1085.0,6.0,0.0,182.0,182.0,0.0,0.0,0.0,1656200.0
43,100,Treino,1080.0,12.0,6.0,182.0,181.76,-6.0,1.1876919823329444,22.330729166666515,1651904.0
43,105,Treino,1075.0,12.0,6.0,182.0,181.16,-6.0,2.1030589965231936,2.6843146956951847,1641164.0
43,110,Treino,1070.0,12.0,6.0,182.0,180.56,-6.0,2.5885146635214,-0.4429707913400476,1630424.0
43,115,Treino,1065.0,12.0,6.0,182.0,179.96,-6.0,2.8711087241904387,-1.5796260477111457,1619684.0
43,120,Treino,1060.0,12.0,6.0,182.0,179.36,-6.0,3.0085592185344403,-2.0203699226305556,1608944.0
43,125,Treino,1055.0,12.0,6.0,182.0,178.76,-6.0,3.020744603435329,-2.056566279507998,1598204.0
43,130,Treino,1050.0,12.0,6.0,182.0,178.16,-6.0,2.909239328310367,-1.7081763445626443,1587464.0
43,135,Treino,1045.0,12.0,6.0,182.0,177.56,-6.0,2.6585249861607134,-0.7586145884018265,1576724.0
43,140,Treino,1040.0,12.0,6.0,182.0,176.96,-6.0,2.2219682394541227,1.7259530141843697,1565984.0
43,145,Treino,1035.0,12.0,6.0,182.0,176.34,-6.0,1.4513892008158584,12.832164831972722,1554893.0
43,150,Treino,1030.0,12.0,0.0,176.0,175.98,0.0,0.1414213562373095,49.9999999999978,1548449.0
43,155,Treino,1025.0,12.0,0.0,176.0,175.98,0.0,0.1414213562373095,49.9999999999978,1548449.0
43,160,Treino,1020.0,12.0,0.0,176.0,175.98,0.0,0.1414213562373095,49.9999999999978,1548449.0
43,165,Treino,1015.0,12.0,0.0,176.0,175.98,0.0,0.14142135623730948,49.9999999999978,1548449.0
43,170,Treino,1010.0,12.0,0.0,176.0,175.98,0.0,0.14142135623730948,49.99999999999781,1548449.0
43,175,Treino,1005.0,12.0,0.0,176.0,175.98,0.0,0.14142135623730948,49.99999999999781,1548449.0
43,180,Treino,1000.0,12.0,0.0,176.0,175.98,0.0,0.14142135623730948,49.99999999999781,1548449.0
43,185,Treino,995.0,12.0,0.0,176.0,175.98,0.0,0.14142135623730948,49.99999999999781,1548449.0
43,190,Treino,990.0,23.0,11.0,176.0,174.88,-11.0,3.3297667994584113,5.760378577193276,1529694.0
43,195,Treino,985.0,23.0,11.0,176.0,173.8,-11.0,4.444671196029726,0.4072473404255499,1511290.0
43,200,Treino,980.0,23.0,11.0,176.0,172.7,-11.0,5.092010548749033,-1.2411347517730569,1492535.0
43,205,Treino,975.0,23.0,11.0,176.0,171.6,-11.0,5.443588252359329,-1.9004875886524841,1473780.0
43,210,Treino,970.0,23.0,11.0,176.0,170.5,-11.0,5.555838995037159,-2.085106382978723,1455025.0
43,215,Treino,965.0,23.0,11.0,176.0,169.4,-11.0,5.443588252359332,-1.900487588652484,1436270.0
43,220,Treino,960.0,23.0,11.0,176.0,168.3,-11.0,5.092010548749036,-1.2411347517730584,1417515.0
43,225,Treino,955.0,23.0,11.0,176.0,167.2,-11.0,4.444671196029724,0.4072473404255508,1398760.0
43,230,Treino,950.0,23.0,11.0,176.0,166.1,-11.0,3.333503397022299,5.79196217494091,1380005.0
43,235,Treino,945.0,23.0,0.0,165.0,165.0,0.0,0.0,0.0,1361250.0
43,240,Treino,940.0,23.0,0.0,165.0,165.0,0.0,0.0,0.0,1361250.0
43,245,Treino,935.0,23.0,0.0,165.0,165.0,0.0,0.0,0.0,1361250.0
43,250,Treino,930.0,23.0,0.0,165.0,165.0,0.0,0.0,0.0,1361250.0
43,255,Treino,925.0,23.0,0.0,165.0,165.0,0.0,0.0,0.0,1361250.0
43,260,Treino,920.0,23.0,0.0,165.0,165.0,0.0,0.0,0.0,1361250.0
43,265,Treino,915.0,23.0,0.0,165.0,165.0,0.0,0.0,0.0,1361250.0
43,270,Treino,910.0,23.0,0.0,165.0,165.0,0.0,0.0,0.0,1361250.0
43,275,Treino,905.0,23.0,0.0,165.0,165.0,0.0,0.0,0.0,1361250.0
43,280,Treino,900.0,23.0,0.0,165.0,165.0,0.0,0.0,0.0,1361250.0
43,285,Treino,895.0,33.0,10.0,165.0,164.2,-10.0,2.740475156178697,8.534487742830652,1348450.0
43,290,Treino,890.0,33.0,10.0,165.0,163.2,-10.0,3.880879344916035,0.9888715908435461,1332450.0
43,295,Treino,885.0,33.0,10.0,165.0,162.2,-10.0,4.535573676110726,-1.021350472813249,1316450.0
43,300,Treino,880.0,33.0,10.0,165.0,161.2,-10.0,4.9031435147801465,-1.8142903587039023,1300450.0
43,305,Treino,875.0,33.0,10.0,165.0,160.2,-10.0,5.046720495044485,-2.0780056601200227,1284450.0
43,310,Treino,870.0,33.0,10.0,165.0,159.2,-10.0,4.985693819032897,-1.9686965028124204,1268450.0
43,315,Treino,865.0,33.0,10.0,165.0,158.2,-10.0,4.7121207149916104,-1.4253656914893538,1252450.0
43,320,Treino,860.0,33.0,10.0,165.0,157.2,-10.0,4.184519575964799,-0.06075484798887265,1236450.0
43,325,Treino,855.0,33.0,10.0,165.0,156.2,-10.0,3.2826072265931603,3.9737467762734138,1220450.0
43,330,Treino,850.0,33.0,10.0,165.0,155.2,-10.0,1.4142135623730938,50.00000000000024,1204450.0
43,335,Treino,845.0,33.0,0.0,155.0,155.0,0.0,0.0,0.0,1201250.0
43,340,Treino,840.0,33.0,0.0,155.0,155.0,0.0,0.0,0.0,1201250.0
43,345,Treino,835.0,41.0,8.0,155.0,154.84,-8.0,1.131370849898476,50.0000000000001,1198834.0
43,350,Treino,830.0,41.0,8.0,155.0,154.04,-8.0,2.626085781274527,3.973746776273342,1186754.0
43,355,Treino,825.0,41.0,8.0,155.0,153.24,-8.0,3.347615660771842,-0.06075484798887398,1174674.0
43,360,Treino,820.0,41.0,8.0,155.0,152.44,-8.0,3.7696965719932893,-1.4253656914893633,1162594.0
43,365,Treino,815.0,41.0,8.0,155.0,151.64,-8.0,3.9885550552263176,-1.9686965028124281,1150514.0
43,370,Treino,810.0,41.0,8.0,155.0,150.84,-8.0,4.03737639603559,-2.0780056601200227,1138434.0
43,375,Treino,805.0,41.0,8.0,155.0,150.04,-8.0,3.9225148118241173,-1.814290358703893,1126354.0
43,380,Treino,800.0,41.0,8.0,155.0,149.24,-8.0,3.6284589408885783,-1.0213504728132499,1114274.0
43,385,Treino,795.0,41.0,8.0,155.0,148.44,-8.0,3.1047034759328294,0.9888715908435755,1102194.0
43,390,Treino,790.0,41.0,8.0,155.0,147.64,-8.0,2.1923801249429578,8.534487742830796,1090114.0
43,395,Treino,785.0,41.0,0.0,147.0,147.0,0.0,0.0,0.0,1080450.0
43,400,Treino,780.0,41.0,0.0,147.0,147.0,0.0,0.0,0.0,1080450.0
43,405,Treino,775.0,41.0,0.0,147.0,147.0,0.0,0.0,0.0,1080450.0
43,410,Treino,770.0,47.0,6.0,147.0,146.88,-6.0,0.848528137423857,49.999999999999844,1078722.0
43,415,Treino,765.0,47.0,6.0,147.0,146.28,-6.0,1.9695643359558954,3.97374677627338,1070082.0
43,420,Treino,760.0,47.0,6.0,147.0,145.68,-6.0,2.5107117455788814,-0.06075484798887398,1061442.0
43,425,Treino,755.0,47.0,6.0,147.0,145.08,-6.0,2.827272428994967,-1.4253656914893458,1052802.0
43,430,Treino,750.0,47.0,6.0,147.0,144.48,-6.0,2.991416291419739,-1.968696502812428,1044162.0
43,435,Treino,745.0,47.0,6.0,147.0,143.88,-6.0,3.0280322970266917,-2.0780056601200214,1035522.0
43,440,Treino,740.0,47.0,6.0,147.0,143.28,-6.0,2.9418861088680863,-1.814290358703898,1026882.0
43,445,Treino,735.0,47.0,6.0,147.0,142.68,-6.0,2.7213442056664348,-1.0213504728132499,1018242.0
43,450,Treino,730.0,47.0,6.0,147.0,142.08,-6.0,2.328527606949623,0.9888715908435319,1009602.0
43,455,Treino,725.0,47.0,6.0,147.0,141.48,-6.0,1.6442850937072195,8.534487742830798,1000962.0
43,460,Treino,720.0,47.0,0.0,141.0,141.0,0.0,0.0,0.0,994050.0
43,465,Treino,715.0,54.0,7.0,141.0,140.3,-7.0,2.1213203435596424,5.791962174940965,984425.0
43,470,Treino,710.0,54.0,7.0,141.0,139.6,-7.0,2.8284271247461903,0.40724734042551836,974800.0
43,475,Treino,705.0,54.0,7.0,141.0,138.9,-7.0,3.24037034920393,-1.241134751773043,965175.0
43,480,Treino,700.0,54.0,7.0,141.0,138.2,-7.0,3.464101615137755,-1.9004875886524877,955550.0
43,485,Treino,695.0,54.0,7.0,141.0,137.5,-7.0,3.5355339059327378,-2.085106382978723,945925.0
43,490,Treino,690.0,54.0,7.0,141.0,136.8,-7.0,3.4641016151377557,-1.9004875886524877,936300.0
43,495,Treino,685.0,54.0,7.0,141.0,136.1,-7.0,3.240370349203929,-1.2411347517730429,926675.0
43,500,Treino,680.0,54.0,7.0,141.0,135.4,-7.0,2.828427124746193,0.407247340425517,917050.0
43,505,Treino,675.0,54.0,7.0,141.0,134.7,-7.0,2.121320343559642,5.791962174940972,907425.0
43,510,Treino,670.0,66.0,12.0,134.0,132.8,-12.0,3.636549160387958,5.79196217494094,882440.0
43,515,Treino,665.0,66.0,12.0,134.0,131.6,-12.0,4.848732213850611,0.40724734042552413,867080.0
43,520,Treino,660.0,66.0,12.0,134.0,130.4,-12.0,5.554920598635309,-1.2411347517730456,851720.0
43,525,Treino,655.0,66.0,12.0,134.0,129.2,-12.0,5.938459911664724,-1.9004875886524863,836360.0
43,530,Treino,650.0,66.0,12.0,134.0,128.0,-12.0,6.0609152673132645,-2.085106382978723,821000.0
43,535,Treino,645.0,66.0,12.0,134.0,126.8,-12.0,5.938459911664721,-1.900487588652481,805640.0
43,540,Treino,640.0,66.0,12.0,134.0,125.6,-12.0,5.554920598635313,-1.2411347517730456,790280.0
43,545,Treino,635.0,66.0,12.0,134.0,124.4,-12.0,4.848732213850608,0.407247340425525,774920.0
43,550,Treino,630.0,66.0,12.0,134.0,123.2,-12.0,3.6365491603879647,5.791962174940883,759560.0
43,555,Treino,625.0,66.0,0.0,122.0,122.0,0.0,0.0,0.0,744200.0
43,560,Treino,620.0,66.0,0.0,122.0,122.0,0.0,0.0,0.0,744200.0
43,565,Treino,615.0,78.0,12.0,122.0,121.04,-12.0,3.2885701874144364,8.534487742830734,733064.0
43,570,Treino,610.0,78.0,12.0,122.0,119.84,-12.0,4.657055213899243,0.9888715908435737,719144.0
43,575,Treino,605.0,78.0,12.0,122.0,118.64,-12.0,5.442688411332872,-1.0213504728132379,705224.0
43,580,Treino,600.0,78.0,12.0,122.0,117.44,-12.0,5.883772217736174,-1.8142903587038983,691304.0
43,585,Treino,595.0,78.0,12.0,122.0,116.24,-12.0,6.056064594053383,-2.0780056601200223,677384.0
43,590,Treino,590.0,78.0,12.0,122.0,115.04,-12.0,5.982832582839483,-1.9686965028124248,663464.0
43,595,Treino,585.0,78.0,12.0,122.0,113.84,-12.0,5.65454485798993,-1.4253656914893638,649544.0
43,600,Treino,580.0,78.0,12.0,122.0,112.64,-12.0,5.0214234911577575,-0.06075484798889086,635624.0
43,605,Treino,575.0,78.0,12.0,122.0,111.44,-12.0,3.939128671911785,3.973746776273374,621704.0
43,610,Treino,570.0,78.0,12.0,122.0,110.24,-12.0,1.6970562748477171,50.00000000000007,607784.0
43,615,Treino,565.0,78.0,0.0,110.0,110.0,0.0,0.0,0.0,605000.0
43,620,Treino,560.0,78.0,0.0,110.0,110.0,0.0,0.0,0.0,605000.0
43,625,Treino,555.0,78.0,0.0,110.0,110.0,0.0,0.0,0.0,605000.0
43,630,Treino,550.0,87.0,9.0,110.0,109.28,-9.0,2.4664276405608274,8.53448774283072,597404.0
43,635,Treino,545.0,87.0,9.0,110.0,108.38,-9.0,3.492791410424432,0.9888715908435586,587909.0
43,640,Treino,540.0,87.0,9.0,110.0,107.48,-9.0,4.082016308499653,-1.0213504728132343,578414.0
43,645,Treino,535.0,87.0,9.0,110.0,106.58,-9.0,4.412829163302133,-1.8142903587038985,568919.0
43,650,Treino,530.0,87.0,9.0,110.0,105.68,-9.0,4.542048445540035,-2.0780056601200214,559424.0
43,655,Treino,525.0,87.0,9.0,110.0,104.78,-9.0,4.487124437129611,-1.9686965028124241,549929.0
43,660,Treino,520.0,87.0,9.0,110.0,103.88,-9.0,4.240908643492453,-1.4253656914893573,540434.0
43,665,Treino,515.0,87.0,9.0,110.0,102.98,-9.0,3.7660676183683175,-0.0607548479888953,530939.0
43,670,Treino,510.0,87.0,9.0,110.0,102.08,-9.0,2.9543465039338455,3.973746776273379,521444.0
43,675,Treino,505.0,87.0,9.0,110.0,101.18,-9.0,1.2727922061357828,49.99999999999986,511949.0
43,680,Treino,500.0,87.0,0.0,101.0,101.0,0.0,0.0,0.0,510050.0
43,685,Treino,495.0,87.0,0.0,101.0,101.0,0.0,0.0,0.0,510050.0
43,690,Treino,490.0,98.0,11.0,101.0,100.34,-11.0,2.6388773123030473,13.124339821940566,503747.0
43,695,Treino,485.0,97.0,10.0,101.0,99.34,-10.0,3.847129860462901,1.7923108678527457,494147.0
43,700,Treino,480.0,97.0,10.0,101.0,98.34,-10.0,4.538317588117016,-0.7244737560934236,484547.0
43,705,Treino,475.0,97.0,10.0,101.0,97.34,-10.0,4.934716665770039,-1.687942996166598,474947.0
43,710,Treino,470.0,97.0,10.0,101.0,96.32,-10.0,5.128710702446353,-2.040791926911906,465166.0
43,715,Treino,465.0,98.0,11.0,101.0,95.28,-11.0,5.1310976667089605,-2.0082207941631878,455204.0
43,720,Treino,460.0,97.0,10.0,101.0,94.26,-10.0,4.898187919829045,-1.5768620669203226,445423.0
43,725,Treino,455.0,97.0,10.0,101.0,93.22,-10.0,4.432210486418529,-0.4648928330109947,435461.0
43,730,Treino,450.0,98.0,11.0,101.0,92.16,-11.0,3.627333872199825,2.54536076229563,425318.0
43,735,Treino,445.0,97.0,10.0,101.0,91.16,-10.0,2.0737425498998916,20.222471213715032,415718.0
43,740,Treino,440.0,98.0,1.0,91.0,90.78,-1.0,0.41845195759648013,-0.060754847988873095,412059.0
43,745,Treino,435.0,98.0,1.0,91.0,90.72,-1.0,0.4535573676110725,-1.0213504728132503,411516.0
43,750,Treino,430.0,98.0,1.0,91.0,90.66,-1.0,0.4785181206984065,-1.5796260477111759,410973.0
43,755,Treino,425.0,97.0,0.0,91.0,90.58,0.0,0.49856938190328964,-1.9686965028124284,410249.0
43,760,Treino,420.0,102.0,5.0,91.0,90.1,-5.0,1.4603605928757766,4.056269657141905,406005.0
43,765,Treino,415.0,102.0,5.0,91.0,89.64,-5.0,1.892628018477622,0.09912273341372835,401942.0
43,770,Treino,410.0,102.0,5.0,91.0,89.16,-5.0,2.1319723549917287,-1.2829935627796127,397698.0
43,775,Treino,405.0,102.0,4.0,91.0,88.7,-4.0,2.2610273987634883,-1.846370960461544,393635.0
43,780,Treino,400.0,102.0,5.0,91.0,88.26,-5.0,2.310667365388057,-1.9831327174461875,389753.0
43,785,Treino,395.0,102.0,5.0,91.0,87.76,-5.0,2.199814463419448,-1.743244327819212,385328.0
43,790,Treino,390.0,102.0,4.0,91.0,87.3,-4.0,2.022828894072329,-1.0318489339340626,381265.0
43,795,Treino,385.0,102.0,5.0,91.0,86.86,-5.0,1.7497521690402964,0.7044534476444855,377383.0
43,800,Treino,380.0,102.0,4.0,91.0,86.42,-4.0,1.2791897946013502,6.270541179121773,373501.0
43,805,Treino,375.0,102.0,0.0,86.0,86.0,0.0,0.0,0.0,369800.0
43,810,Treino,370.0,102.0,0.0,86.0,86.0,0.0,0.0,0.0,369800.0
43,815,Treino,365.0,102.0,0.0,86.0,86.0,0.0,0.0,0.0,369800.0
43,820,Treino,360.0,114.0,12.0,86.0,84.8,-12.0,3.636549160387959,5.791962174940888,360200.0
43,825,Treino,355.0,114.0,12.0,86.0,83.6,-12.0,4.848732213850611,0.40724734042552413,350600.0
43,830,Treino,350.0,114.0,12.0,86.0,82.4,-12.0,5.554920598635309,-1.2411347517730456,341000.0
43,835,Treino,345.0,114.0,12.0,86.0,81.2,-12.0,5.938459911664724,-1.9004875886524817,331400.0
43,840,Treino,340.0,114.0,12.0,86.0,80.0,-12.0,6.0609152673132645,-2.085106382978723,321800.0
43,845,Treino,335.0,114.0,12.0,86.0,78.8,-12.0,5.938459911664721,-1.900487588652481,312200.0
43,850,Treino,330.0,114.0,12.0,86.0,77.6,-12.0,5.554920598635313,-1.2411347517730456,302600.0
43,855,Treino,325.0,114.0,12.0,86.0,76.4,-12.0,4.848732213850608,0.407247340425525,293000.0
43,860,Treino,320.0,114.0,12.0,86.0,75.2,-12.0,3.6365491603879647,5.791962174940883,283400.0
43,865,Treino,315.0,129.0,15.0,74.0,73.1,-15.0,3.598469062231428,13.12433982194052,267815.0
43,870,Treino,310.0,127.0,13.0,74.0,71.72,-13.0,5.291656891093868,1.8569938389908405,258560.0
43,875,Treino,305.0,129.0,15.0,74.0,70.24,-15.0,6.422409745475251,-0.6992803508900809,248704.0
43,880,Treino,300.0,129.0,15.0,74.0,68.76,-15.0,7.072683871265359,-1.6741053122627398,238848.0
43,885,Treino,295.0,129.0,15.0,74.0,67.28,-15.0,7.37076408965218,-2.0356800701905886,228992.0
43,890,Treino,290.0,129.0,15.0,74.0,65.78,-15.0,7.376991256603198,-2.010094524745681,219017.0
43,895,Treino,285.0,129.0,15.0,74.0,64.28,-15.0,7.065408693062279,-1.581383350155065,209042.0
43,900,Treino,280.0,129.0,15.0,74.0,62.78,-15.0,6.389691953866482,-0.4678059003098127,199067.0
43,905,Treino,275.0,129.0,15.0,74.0,61.32,-15.0,5.195916764191681,2.56680727849544,189330.0
43,910,Treino,270.0,129.0,15.0,74.0,59.82,-15.0,2.973968694508796,20.659067379505704,179355.0
43,915,Treino,265.0,135.0,6.0,61.0,58.98,-6.0,1.347560153517066,15.085968192770096,174021.0
43,920,Treino,260.0,135.0,7.0,60.0,58.26,-7.0,2.1647453543037325,2.4961330611839205,169941.0
43,925,Treino,255.0,135.0,6.0,60.0,57.64,-6.0,2.6477560773035647,-0.4693542938805946,166462.0
43,930,Treino,250.0,135.0,7.0,60.0,57.02,-7.0,2.9241429932371577,-1.5719384470235076,162983.0
43,935,Treino,245.0,135.0,6.0,60.0,56.4,-6.0,3.0505937862946615,-2.003792287970767,159504.0
43,940,Treino,240.0,135.0,6.0,60.0,55.8,-6.0,3.0705978943149526,-2.0293066057089257,156144.0
43,945,Treino,235.0,135.0,6.0,60.0,55.2,-6.0,2.969229955832363,-1.6651556069958866,152784.0
43,950,Treino,230.0,135.0,7.0,60.0,54.6,-7.0,2.733018067101284,-0.6847621607094889,149424.0
43,955,Treino,225.0,135.0,6.0,59.0,53.96,-6.0,2.221968239454126,1.7259530141843937,145826.0
43,960,Treino,220.0,141.0,12.0,59.0,53.12,-12.0,1.9127925946646902,7.821545088325616,141266.0
43,965,Treino,215.0,141.0,6.0,53.0,52.16,-6.0,2.1030589965231936,2.6843146956951847,136250.0
43,970,Treino,210.0,141.0,6.0,53.0,51.56,-6.0,2.5885146635214,-0.4429707913400476,133250.0
43,975,Treino,205.0,141.0,6.0,53.0,50.96,-6.0,2.8711087241904383,-1.579626047711153,130250.0
43,980,Treino,200.0,141.0,6.0,53.0,50.36,-6.0,3.008559218534443,-2.020369922630561,127250.0
43,985,Treino,195.0,141.0,6.0,53.0,49.76,-6.0,3.02074460343533,-2.056566279508,124250.0
43,990,Treino,190.0,141.0,6.0,53.0,49.16,-6.0,2.909239328310367,-1.7081763445626443,121250.0
43,995,Treino,185.0,141.0,6.0,53.0,48.56,-6.0,2.6585249861607134,-0.7586145884018265,118250.0
43,1000,Treino,180.0,141.0,6.0,53.0,47.96,-6.0,2.221968239454126,1.7259530141843937,115250.0
43,1005,Treino,175.0,141.0,6.0,53.0,47.36,-6.0,1.43938762489257,13.124339821940566,112250.0
43,1010,Treino,170.0,141.0,0.0,47.0,47.0,0.0,0.0,0.0,110450.0
43,1015,Treino,165.0,141.0,0.0,47.0,47.0,0.0,0.0,0.0,110450.0
43,1020,Treino,160.0,151.0,10.0,47.0,46.8,-10.0,1.4142135623730951,49.99999999999994,109610.0
43,1025,Treino,155.0,150.0,9.0,47.0,45.72,-9.0,3.5169560122123698,4.261129533934726,105122.0
43,1030,Treino,150.0,150.0,9.0,47.0,44.8,-9.0,4.213680343929322,0.18943228679130186,101222.0
43,1035,Treino,145.0,150.0,9.0,47.0,43.9,-9.0,4.59924572343007,-1.2466724865113277,97397.0
43,1040,Treino,140.0,150.0,9.0,47.0,42.96,-9.0,4.831698057872508,-1.8512947960264363,93422.0
43,1045,Treino,135.0,150.0,9.0,47.0,42.06,-9.0,4.833598397611014,-1.995356267149709,89597.0
43,1050,Treino,130.0,150.0,9.0,47.0,41.16,-9.0,4.661435357466274,-1.7682189560756536,85772.0
43,1055,Treino,125.0,150.0,9.0,47.0,40.26,-9.0,4.294324683788588,-1.033970450802968,81947.0
43,1060,Treino,120.0,150.0,9.0,47.0,39.34,-9.0,3.684551311536718,0.808134999994345,78047.0
43,1065,Treino,115.0,150.0,9.0,47.0,38.44,-9.0,2.6353948703086196,7.206104264324761,74222.0
43,1070,Treino,110.0,150.0,-2.0,38.0,37.72,2.0,0.6712765785411856,6.189672006763709,71162.0
43,1075,Treino,105.0,159.0,8.0,38.0,37.0,-8.0,2.710523708715754,5.576573581560284,68810.0
43,1080,Treino,100.0,159.0,9.0,38.0,36.08,-9.0,3.691357805602106,0.4247883972667257,65756.0
43,1085,Treino,95.0,159.0,9.0,38.0,35.18,-9.0,4.18788339700842,-1.22180953641486,62741.0
43,1090,Treino,90.0,159.0,9.0,38.0,34.32,-9.0,4.478702435996846,-1.8829270942786052,59876.0
43,1095,Treino,85.0,159.0,9.0,38.0,33.42,-9.0,4.553939761013397,-2.068979311113801,56861.0
43,1100,Treino,80.0,159.0,9.0,38.0,32.52,-9.0,4.445773044047982,-1.8835801094142188,53846.0
43,1105,Treino,75.0,159.0,9.0,38.0,31.62,-9.0,4.139851126180603,-1.2205572374607943,50831.0
43,1110,Treino,70.0,159.0,9.0,38.0,30.74,-9.0,3.6242381324654067,0.4170747026559334,47891.0
43,1115,Treino,65.0,159.0,9.0,38.0,29.84,-9.0,2.69057311245567,5.789869052656879,44876.0
43,1120,Treino,60.0,159.0,0.0,29.0,28.96,0.0,0.19794866372215716,22.33072916666676,41936.0
43,1125,Treino,55.0,159.0,0.0,29.0,28.96,0.0,0.19794866372215716,22.33072916666676,41936.0
43,1130,Treino,50.0,159.0,0.0,29.0,29.0,0.0,0.0,0.0,42050.0
43,1135,Treino,45.0,172.0,13.0,29.0,28.46,-13.0,2.6742155057939088,22.485274961296952,40849.0
43,1140,Treino,40.0,173.0,14.0,29.0,27.06,-14.0,4.858865240832619,2.7046515358596652,37769.0
43,1145,Treino,35.0,173.0,14.0,29.0,25.66,-14.0,6.005473693699297,-0.4354720816096149,34689.0
43,1150,Treino,30.0,173.0,14.0,29.0,24.26,-14.0,6.672545027413241,-1.57580069332737,31609.0
43,1155,Treino,25.0,173.0,14.0,29.0,22.86,-14.0,6.998571282769078,-2.018192224212257,28529.0
43,1160,Treino,20.0,173.0,14.0,29.0,21.46,-14.0,7.031155158090517,-2.0554278366822745,25449.0
43,1165,Treino,15.0,173.0,14.0,29.0,20.06,-14.0,6.774532139881372,-1.7080358143610976,22369.0
43,1170,Treino,10.0,173.0,14.0,29.0,18.66,-14.0,6.192853023561,-0.7601218596662038,19289.0
43,1175,Treino,5.0,173.0,14.0,29.0,17.26,-14.0,5.1776994339736895,1.7193474611083799,16209.0
43,1180,Treino,0.0,173.0,14.0,29.0,15.86,-14.0,3.356443696193083,13.0668771403347,13129.0
44,50,Treino,1106.0,12.0,9.0,185.0,174.24,-9.0,2.005706145689629,16.263252044994264,1518176.0
44,55,Treino,1101.0,14.0,-1.0,176.0,173.92,1.0,1.242775038338945,-0.7432420050977147,1512484.0
44,60,Treino,1096.0,13.0,-3.0,176.0,173.94,3.0,1.2521002763520246,-0.8305251744744586,1512833.0
44,65,Treino,1091.0,16.0,2.0,176.0,174.04,-2.0,1.2610329423265085,-0.9973953032459124,1514574.0
44,70,Treino,1086.0,15.0,1.0,176.0,173.98,-1.0,1.2370141800451004,-0.8924733123727391,1513527.0
44,75,Treino,1081.0,13.0,-1.0,176.0,174.0,1.0,1.2453996981544782,-0.9681882477750929,1513876.0
44,80,Treino,1076.0,14.0,1.0,176.0,173.92,-1.0,1.2427750383389449,-0.8778510223662348,1512484.0
44,85,Treino,1071.0,19.0,7.0,176.0,173.64,-7.0,1.4813121596360825,1.2614256946752862,1507650.0
44,90,Treino,1066.0,19.0,5.0,176.0,173.22,-5.0,1.865803979467275,0.2920277499886992,1500429.0
44,95,Treino,1061.0,17.0,5.0,176.0,172.88,-5.0,2.006519984694792,-0.6558044887511145,1494572.0
44,100,Treino,1056.0,18.0,5.0,176.0,172.42,-5.0,2.0212140219306267,-1.0227050365856258,1486633.0
44,105,Treino,1051.0,18.0,4.0,176.0,172.1,-4.0,2.042907092296441,-1.121386145137107,1481125.0
44,110,Treino,1046.0,18.0,3.0,176.0,171.68,-3.0,1.973704690190918,-1.0043869597219053,1473892.0
44,115,Treino,1041.0,17.0,2.0,175.0,171.36,-2.0,1.7233095828571683,-0.784075574969211,1468358.0
44,120,Treino,1036.0,17.0,2.0,175.0,171.12,-2.0,1.6116919744194789,0.14938317183056204,1464230.0
44,125,Treino,1031.0,17.0,3.0,175.0,170.82,-3.0,1.3200185527453134,2.20701661656022,1459059.0
44,130,Treino,1026.0,17.0,4.0,175.0,170.54,-4.0,0.9733174912511887,8.026388915587066,1454241.0
44,135,Treino,1021.0,17.0,-2.0,171.0,170.42,2.0,0.7583548251421146,0.8728637342692922,1452177.0
44,140,Treino,1016.0,18.0,0.0,171.0,170.44,0.0,0.7045044574821686,1.6496126039241448,1452514.0
44,145,Treino,1011.0,17.0,0.0,171.0,170.4,0.0,0.7559289460184542,0.7859042553191871,1451836.0
44,150,Treino,1006.0,19.0,2.0,171.0,170.4,-2.0,0.7559289460184542,0.7859042553191866,1451836.0
44,155,Treino,1001.0,18.0,0.0,171.0,170.36,0.0,0.8270922757788647,0.9450979455889819,1451160.0
44,160,Treino,996.0,23.0,6.0,171.0,169.88,-6.0,1.7686614332048185,2.8501225735777416,1443114.0
44,165,Treino,991.0,23.0,5.0,171.0,169.3,-5.0,2.21543748846726,-0.17028835934482034,1433365.0
44,170,Treino,986.0,21.0,4.0,171.0,168.88,-4.0,2.3003105380423245,-1.0583733973126348,1426282.0
44,175,Treino,981.0,23.0,5.0,171.0,168.42,-5.0,2.3481647197376105,-1.4879496235269007,1418535.0
44,180,Treino,976.0,21.0,4.0,171.0,167.98,-4.0,2.3166654431553577,-1.589426408310484,1411127.0
44,185,Treino,971.0,22.0,4.0,171.0,167.56,-4.0,2.2238044254045777,-1.447253673434291,1404060.0
44,190,Treino,966.0,21.0,4.0,171.0,167.12,-4.0,2.1441900616335667,-0.8830030416800958,1396680.0
44,195,Treino,961.0,23.0,5.0,171.0,166.66,-5.0,1.9442222095223576,0.23668832934181516,1388963.0
44,200,Treino,956.0,23.0,6.0,171.0,166.22,-6.0,1.5424602664151155,3.045198273700267,1381571.0
44,205,Treino,951.0,21.0,-2.0,167.0,165.86,2.0,0.8573809193213522,-1.228573795448139,1375513.0
44,210,Treino,946.0,22.0,-1.0,167.0,165.94,1.0,0.8668497975016032,-1.2466690434129437,1376841.0
44,215,Treino,941.0,21.0,-2.0,167.0,166.06,2.0,0.8668497975016033,-1.129010874690818,1378833.0
44,220,Treino,936.0,22.0,1.0,167.0,165.98,-1.0,0.8687311883149009,-0.7607970834767208,1377505.0
44,225,Treino,931.0,21.0,0.0,167.0,165.98,0.0,0.82040308659207,-0.3392552413335479,1377501.0
44,230,Treino,926.0,23.0,1.0,167.0,165.98,-1.0,0.8449127475783565,-0.5654886412750435,1377503.0
44,235,Treino,921.0,21.0,-2.0,167.0,166.02,2.0,0.8919137873593119,-0.8608965931337336,1378171.0
44,240,Treino,916.0,21.0,-2.0,167.0,166.12,2.0,0.8485281374238574,-0.9198951448191468,1379828.0
44,245,Treino,911.0,33.0,10.0,167.0,165.56,-10.0,2.8151195284008232,10.546967367359395,1370894.0
44,250,Treino,906.0,33.0,11.0,167.0,164.48,-11.0,4.248601210386538,1.4465999276695243,1353568.0
44,255,Treino,901.0,33.0,10.0,167.0,163.34,-10.0,5.045143148390847,-0.815464654765456,1335245.0
44,260,Treino,896.0,33.0,12.0,167.0,162.24,-12.0,5.523825944146366,-1.7034601786883572,1317586.0
44,265,Treino,891.0,33.0,11.0,167.0,161.1,-11.0,5.718748257499459,-2.0254194445800877,1299263.0
44,270,Treino,886.0,33.0,11.0,167.0,160.02,-11.0,5.740973393964138,-1.981064489979925,1281935.0
44,275,Treino,881.0,33.0,12.0,167.0,158.9,-12.0,5.507879328187714,-1.5194058576771956,1263947.0
44,280,Treino,876.0,33.0,12.0,167.0,157.78,-12.0,5.007300792292167,-0.38594500401258314,1245955.0
44,285,Treino,871.0,36.0,15.0,167.0,156.58,-15.0,4.155596177666532,2.6390763157906862,1226711.0
44,290,Treino,866.0,36.0,15.0,167.0,155.12,-15.0,2.6391093117155444,16.021527559970025,1203452.0
44,295,Treino,861.0,36.0,3.0,155.0,154.34,-3.0,1.2553558727894407,-0.06075484798887398,1191119.0
44,300,Treino,856.0,36.0,3.0,155.0,154.04,-3.0,1.4136362144974834,-1.4253656914893809,1186514.0
44,305,Treino,851.0,36.0,3.0,155.0,153.74,-3.0,1.4957081457098704,-1.9686965028124146,1181909.0
44,310,Treino,846.0,36.0,3.0,155.0,153.44,-3.0,1.5140161485133459,-2.0780056601200214,1177304.0
44,315,Treino,841.0,36.0,3.0,155.0,153.14,-3.0,1.4709430544340443,-1.8142903587038777,1172699.0
44,320,Treino,836.0,36.0,3.0,155.0,152.84,-3.0,1.3606721028332174,-1.0213504728132499,1168094.0
44,325,Treino,831.0,36.0,3.0,155.0,152.54,-3.0,1.1642638034748094,0.9888715908436172,1163489.0
44,330,Treino,826.0,36.0,3.0,155.0,152.24,-3.0,0.82214254685361,8.534487742830555,1158884.0
44,335,Treino,821.0,36.0,0.0,152.0,152.0,0.0,0.0,0.0,1155200.0
44,340,Treino,816.0,48.0,12.0,152.0,150.8,-12.0,3.636549160387958,5.79196217494094,1137680.0
44,345,Treino,811.0,48.0,12.0,152.0,149.6,-12.0,4.848732213850611,0.40724734042552413,1120160.0
44,350,Treino,806.0,48.0,12.0,152.0,148.4,-12.0,5.554920598635309,-1.2411347517730456,1102640.0
44,355,Treino,801.0,48.0,12.0,152.0,147.2,-12.0,5.938459911664724,-1.9004875886524863,1085120.0
44,360,Treino,796.0,48.0,12.0,152.0,146.0,-12.0,6.0609152673132645,-2.085106382978723,1067600.0
44,365,Treino,791.0,48.0,12.0,152.0,144.8,-12.0,5.938459911664726,-1.900487588652486,1050080.0
44,370,Treino,786.0,57.0,21.0,152.0,143.24,-21.0,6.056064594053386,-0.8458339501139669,1027682.0
44,375,Treino,781.0,57.0,21.0,152.0,141.14,-21.0,6.295479427691736,-0.06250459147079956,997967.0
44,380,Treino,776.0,57.0,21.0,152.0,139.04,-21.0,5.7957056586435325,0.7167290597879088,968252.0
44,385,Treino,771.0,57.0,9.0,140.0,136.94,-9.0,4.306663086285659,-1.5796260477111561,938537.0
44,390,Treino,766.0,57.0,9.0,140.0,136.04,-9.0,4.512838827801663,-2.0203699226305627,926342.0
44,395,Treino,761.0,57.0,9.0,140.0,135.14,-9.0,4.531116905152993,-2.0565662795079978,914147.0
44,400,Treino,756.0,57.0,9.0,140.0,134.24,-9.0,4.363858992465548,-1.7081763445626534,901952.0
44,405,Treino,751.0,57.0,9.0,140.0,133.34,-9.0,3.9877874792410664,-0.7586145884018252,889757.0
44,410,Treino,746.0,57.0,9.0,140.0,132.44,-9.0,3.3329523591811836,1.7259530141844035,877562.0
44,415,Treino,741.0,57.0,9.0,140.0,131.54,-9.0,2.1590814373388563,13.124339821940609,865367.0
44,420,Treino,736.0,57.0,0.0,131.0,131.0,0.0,0.0,0.0,858050.0
44,425,Treino,731.0,57.0,0.0,131.0,131.0,0.0,0.0,0.0,858050.0
44,430,Treino,726.0,57.0,0.0,131.0,131.0,0.0,0.0,0.0,858050.0
44,435,Treino,721.0,57.0,0.0,131.0,131.0,0.0,0.0,0.0,858050.0
44,440,Treino,716.0,57.0,0.0,131.0,131.0,0.0,0.0,0.0,858050.0
44,445,Treino,711.0,57.0,0.0,131.0,131.0,0.0,0.0,0.0,858050.0
44,450,Treino,706.0,57.0,0.0,131.0,131.0,0.0,0.0,0.0,858050.0
44,455,Treino,701.0,57.0,0.0,131.0,131.0,0.0,0.0,0.0,858050.0
44,460,Treino,696.0,57.0,0.0,131.0,131.0,0.0,0.0,0.0,858050.0
44,465,Treino,691.0,57.0,0.0,131.0,131.0,0.0,0.0,0.0,858050.0
44,470,Treino,686.0,57.0,0.0,131.0,131.0,0.0,0.0,0.0,858050.0
44,475,Treino,681.0,57.0,0.0,131.0,131.0,0.0,0.0,0.0,858050.0
44,480,Treino,676.0,68.0,11.0,131.0,130.56,-11.0,2.1774353009437313,22.33072916666669,852528.0
44,485,Treino,671.0,68.0,11.0,131.0,129.46,-11.0,3.855608160292522,2.6843146956952175,838723.0
44,490,Treino,666.0,68.0,11.0,131.0,128.36,-11.0,4.7456102164558995,-0.44297079134003603,824918.0
44,495,Treino,661.0,68.0,11.0,131.0,127.26,-11.0,5.263699327682473,-1.579626047711152,811113.0
44,500,Treino,656.0,68.0,11.0,131.0,126.16,-11.0,5.515691900646479,-2.020369922630562,797308.0
44,505,Treino,651.0,68.0,11.0,131.0,125.06,-11.0,5.53803177296477,-2.056566279508,783503.0
44,510,Treino,646.0,68.0,11.0,131.0,123.96,-11.0,5.333605435235671,-1.708176344562645,769698.0
44,515,Treino,641.0,68.0,11.0,131.0,122.86,-11.0,4.873962474627972,-0.7586145884018212,755893.0
44,520,Treino,636.0,68.0,11.0,131.0,121.76,-11.0,4.07360843899923,1.7259530141843875,742088.0
44,525,Treino,631.0,74.0,17.0,131.0,120.42,-17.0,2.949161070611126,9.306043048063874,725475.0
44,530,Treino,626.0,74.0,6.0,120.0,119.16,-6.0,2.1030589965231936,2.6843146956951847,710172.0
44,535,Treino,621.0,74.0,6.0,120.0,118.56,-6.0,2.5885146635214,-0.4429707913400476,703152.0
44,540,Treino,616.0,74.0,6.0,120.0,117.96,-6.0,2.8711087241904387,-1.579626047711161,696132.0
44,545,Treino,611.0,74.0,6.0,120.0,117.36,-6.0,3.008559218534443,-2.020369922630561,689112.0
44,550,Treino,606.0,74.0,6.0,120.0,116.76,-6.0,3.020744603435332,-2.056566279508001,682092.0
44,555,Treino,601.0,74.0,6.0,120.0,116.16,-6.0,2.909239328310367,-1.7081763445626443,675072.0
44,560,Treino,596.0,74.0,6.0,120.0,115.56,-6.0,2.6585249861607134,-0.7586145884018265,668052.0
44,565,Treino,591.0,74.0,6.0,120.0,114.96,-6.0,2.2219682394541227,1.7259530141844213,661032.0
44,570,Treino,586.0,74.0,6.0,120.0,114.36,-6.0,1.43938762489257,13.124339821940566,654012.0
44,575,Treino,581.0,74.0,0.0,114.0,114.0,0.0,0.0,0.0,649800.0
44,580,Treino,576.0,87.0,13.0,114.0,113.22,-13.0,3.118673187267238,13.124339821940545,641415.0
44,585,Treino,571.0,87.0,13.0,114.0,111.92,-13.0,4.814264518817267,1.7259530141844008,627440.0
44,590,Treino,566.0,87.0,13.0,114.0,110.62,-13.0,5.760137470014876,-0.7586145884018181,613465.0
44,595,Treino,561.0,87.0,13.0,114.0,109.32,-13.0,6.303351878005795,-1.7081763445626503,599490.0
44,600,Treino,556.0,87.0,13.0,114.0,108.02,-13.0,6.544946640776548,-2.0565662795080004,585515.0
44,605,Treino,551.0,87.0,13.0,114.0,106.72,-13.0,6.5185449734912915,-2.020369922630561,571540.0
44,610,Treino,546.0,87.0,13.0,114.0,105.42,-13.0,6.220735569079281,-1.5796260477111548,557565.0
44,615,Treino,541.0,87.0,13.0,114.0,104.12,-13.0,5.6084484376297015,-0.442970791340056,543590.0
44,620,Treino,536.0,87.0,13.0,114.0,102.82,-13.0,4.556627825800257,2.6843146956952166,529615.0
44,625,Treino,531.0,90.0,16.0,114.0,101.4,-16.0,2.664965443739665,19.984193557568215,514446.0
44,630,Treino,526.0,90.0,3.0,101.0,100.58,-3.0,1.0515294982615968,2.6843146956951847,505871.0
44,635,Treino,521.0,90.0,3.0,101.0,100.28,-3.0,1.2942573317607,-0.4429707913400476,502886.0
44,640,Treino,516.0,90.0,3.0,101.0,99.98,-3.0,1.4355543620952194,-1.5796260477111457,499901.0
44,645,Treino,511.0,90.0,3.0,101.0,99.68,-3.0,1.5042796092672202,-2.0203699226305556,496916.0
44,650,Treino,506.0,90.0,3.0,101.0,99.38,-3.0,1.5103723017176645,-2.056566279507998,493931.0
44,655,Treino,501.0,90.0,3.0,101.0,99.08,-3.0,1.4546196641551834,-1.7081763445626443,490946.0
44,660,Treino,496.0,90.0,3.0,101.0,98.78,-3.0,1.3292624930803567,-0.7586145884018265,487961.0
44,665,Treino,491.0,90.0,3.0,101.0,98.48,-3.0,1.1109841197270613,1.7259530141843697,484976.0
44,670,Treino,486.0,98.0,11.0,101.0,97.54,-11.0,2.3578786730310566,6.778105129535277,475975.0
44,675,Treino,481.0,98.0,8.0,98.0,96.56,-8.0,3.104703475932829,0.9888715908435737,466664.0
44,680,Treino,476.0,98.0,8.0,98.0,95.76,-8.0,3.6284589408885815,-1.021350472813233,459144.0
44,685,Treino,471.0,98.0,8.0,98.0,94.96,-8.0,3.9225148118241187,-1.8142903587039012,451624.0
44,690,Treino,466.0,98.0,8.0,98.0,94.16,-8.0,4.037376396035585,-2.078005660120022,444104.0
44,695,Treino,461.0,98.0,8.0,98.0,93.36,-8.0,3.988555055226317,-1.968696502812423,436584.0
44,700,Treino,456.0,111.0,21.0,98.0,91.26,-21.0,6.043414361340547,0.9548351870693885,418209.0
44,705,Treino,451.0,111.0,21.0,98.0,89.16,-21.0,6.938093603947907,-0.347352308070231,399834.0
44,710,Treino,446.0,111.0,21.0,98.0,87.06,-21.0,7.1240036897399595,-1.0277865069367724,381459.0
44,715,Treino,441.0,111.0,21.0,98.0,84.96,-21.0,6.660759287477239,-1.6936574925095143,363084.0
44,720,Treino,436.0,111.0,13.0,90.0,83.5,-13.0,6.56599153958937,-2.085106382978723,350725.0
44,725,Treino,431.0,113.0,15.0,90.0,82.08,-15.0,6.54915479824905,-1.8861117799979108,338958.0
44,730,Treino,426.0,113.0,15.0,90.0,80.58,-15.0,6.269752460693109,-1.2476470582056043,326583.0
44,735,Treino,421.0,113.0,15.0,90.0,79.08,-15.0,5.579993416717643,0.2883785832469026,314208.0
44,740,Treino,416.0,113.0,15.0,90.0,77.58,-15.0,4.286142835716428,4.993853904074289,301833.0
44,745,Treino,411.0,113.0,2.0,77.0,76.08,-2.0,1.0069148678117767,-2.056566279508001,289458.0
44,750,Treino,406.0,113.0,2.0,77.0,75.88,-2.0,1.0028530728448144,-2.020369922630556,287938.0
44,755,Treino,401.0,113.0,2.0,77.0,75.68,-2.0,0.957036241396813,-1.5796260477111759,286418.0
44,760,Treino,396.0,113.0,2.0,77.0,75.48,-2.0,0.8628382211737996,-0.4429707913400782,284898.0
44,765,Treino,391.0,120.0,9.0,77.0,74.58,-9.0,2.321944997502863,4.436898082671512,278373.0
44,770,Treino,386.0,120.0,9.0,77.0,73.68,-9.0,2.8957393049874116,0.33950839644762043,271848.0
44,775,Treino,381.0,120.0,7.0,75.0,72.9,-7.0,3.24037034920393,-1.241134751773043,266235.0
44,780,Treino,376.0,120.0,7.0,75.0,72.2,-7.0,3.4641016151377544,-1.9004875886524806,261230.0
44,785,Treino,371.0,120.0,7.0,75.0,71.5,-7.0,3.5355339059327378,-2.085106382978723,256225.0
44,790,Treino,366.0,120.0,7.0,75.0,70.8,-7.0,3.4641016151377557,-1.9004875886524808,251220.0
44,795,Treino,361.0,120.0,7.0,75.0,70.1,-7.0,3.240370349203929,-1.2411347517730429,246215.0
44,800,Treino,356.0,120.0,7.0,75.0,69.4,-7.0,2.828427124746193,0.407247340425517,241210.0
44,805,Treino,351.0,120.0,7.0,75.0,68.7,-7.0,2.1213203435596437,5.7919621749408865,236205.0
44,810,Treino,346.0,120.0,0.0,68.0,68.0,0.0,0.0,0.0,231200.0
44,815,Treino,341.0,129.0,9.0,68.0,67.46,-9.0,2.1590814373388567,13.124339821940502,227771.0
44,820,Treino,336.0,129.0,9.0,68.0,66.56,-9.0,3.3329523591811854,1.7259530141844017,222056.0
44,825,Treino,331.0,129.0,9.0,68.0,65.66,-9.0,3.9877874792410695,-0.7586145884018269,216341.0
44,830,Treino,326.0,129.0,9.0,68.0,64.76,-9.0,4.363858992465552,-1.7081763445626446,210626.0
44,835,Treino,321.0,129.0,9.0,68.0,63.86,-9.0,4.531116905152996,-2.0565662795080004,204911.0
44,840,Treino,316.0,129.0,9.0,68.0,62.96,-9.0,4.512838827801662,-2.020369922630561,199196.0
44,845,Treino,311.0,132.0,12.0,68.0,61.94,-12.0,4.432762993337456,-1.5359192322612578,192791.0
44,850,Treino,306.0,132.0,12.0,68.0,60.74,-12.0,4.246535202313741,-0.5572098028176944,185351.0
44,855,Treino,301.0,132.0,12.0,68.0,59.54,-12.0,3.671234013744355,1.6002245760859992,177911.0
44,860,Treino,296.0,132.0,12.0,68.0,58.34,-12.0,2.446238261628058,8.35816272731402,170471.0
44,865,Treino,291.0,132.0,3.0,59.0,57.68,-3.0,1.5042796092672215,-2.020369922630561,166460.0
44,870,Treino,286.0,132.0,3.0,59.0,57.38,-3.0,1.510372301717666,-2.056566279508001,164735.0
44,875,Treino,281.0,132.0,3.0,59.0,57.08,-3.0,1.4546196641551834,-1.7081763445626443,163010.0
44,880,Treino,276.0,132.0,3.0,59.0,56.78,-3.0,1.3292624930803567,-0.7586145884018265,161285.0
44,885,Treino,271.0,132.0,3.0,59.0,56.48,-3.0,1.1109841197270613,1.7259530141844213,159560.0
44,890,Treino,266.0,135.0,6.0,59.0,56.12,-6.0,0.8485281374238566,10.20815240990014,157508.0
44,895,Treino,261.0,135.0,3.0,56.0,55.64,-3.0,0.9847821679779477,3.97374677627338,154838.0
44,900,Treino,256.0,135.0,3.0,56.0,55.34,-3.0,1.2553558727894407,-0.06075484798887398,153203.0
44,905,Treino,251.0,135.0,3.0,56.0,55.04,-3.0,1.4136362144974832,-1.4253656914893633,151568.0
44,910,Treino,246.0,135.0,3.0,56.0,54.74,-3.0,1.4957081457098698,-1.9686965028124213,149933.0
44,915,Treino,241.0,135.0,3.0,56.0,54.44,-3.0,1.5140161485133459,-2.0780056601200214,148298.0
44,920,Treino,236.0,135.0,3.0,56.0,54.14,-3.0,1.4709430544340432,-1.814290358703898,146663.0
44,925,Treino,231.0,138.0,6.0,56.0,53.72,-6.0,1.5523517379664147,-0.13227664953738172,144410.0
44,930,Treino,226.0,139.0,7.0,56.0,53.1,-7.0,1.7525491637693291,0.40964063381011107,141131.0
44,935,Treino,221.0,138.0,6.0,56.0,52.5,-6.0,1.6812288994199742,0.22037521944461647,137951.0
44,940,Treino,216.0,138.0,3.0,53.0,51.96,-3.0,1.470249180602126,-1.4575649237566461,135098.0
44,945,Treino,211.0,138.0,3.0,53.0,51.66,-3.0,1.5334368495078532,-1.9420572603973272,133553.0
44,950,Treino,206.0,138.0,3.0,53.0,51.36,-3.0,1.5354318677193595,-2.0043809046100076,132008.0
44,955,Treino,201.0,150.0,15.0,53.0,50.8,-15.0,2.3733211036908792,16.65492272654143,129308.0
44,960,Treino,196.0,151.0,16.0,53.0,49.24,-16.0,4.582842892745925,2.9690414774435965,122258.0
44,965,Treino,191.0,150.0,15.0,53.0,47.7,-15.0,5.566847933828204,-0.17145306827620033,115283.0
44,970,Treino,186.0,150.0,15.0,53.0,46.18,-15.0,5.981911509385812,-1.3881105668238876,108383.0
44,975,Treino,181.0,151.0,13.0,50.0,44.76,-13.0,6.149697188496689,-1.94837113542897,102026.0
44,980,Treino,176.0,150.0,12.0,50.0,43.54,-12.0,6.240780955840021,-2.0627793506134697,96695.0
44,985,Treino,171.0,150.0,12.0,50.0,42.3,-12.0,6.061757002650607,-1.804592446644684,91265.0
44,990,Treino,166.0,151.0,13.0,50.0,41.04,-13.0,5.61688416785517,-1.0238326156208797,85760.0
44,995,Treino,161.0,162.0,24.0,50.0,39.34,-24.0,5.509213062809291,1.2119042828885878,78869.0
44,1000,Treino,156.0,162.0,24.0,50.0,36.94,-24.0,5.571098891344763,1.8054764632327984,69749.0
44,1005,Treino,151.0,162.0,11.0,38.0,34.8,-11.0,5.01426536422407,-0.4690068907156708,61784.0
44,1010,Treino,146.0,162.0,12.0,38.0,33.66,-12.0,5.568167543808141,-1.5792301196240721,58169.0
44,1015,Treino,141.0,162.0,12.0,38.0,32.5,-12.0,5.8318268219857705,-2.009449712613983,54479.0
44,1020,Treino,136.0,162.0,12.0,38.0,31.32,-12.0,5.832491678834483,-2.038230127301559,50714.0
44,1025,Treino,131.0,162.0,12.0,38.0,30.16,-12.0,5.611067780080099,-1.683089750266782,47024.0
44,1030,Treino,126.0,162.0,11.0,38.0,29.0,-11.0,5.118992247762548,-0.7236294484203456,43334.0
44,1035,Treino,121.0,162.0,11.0,38.0,27.84,-11.0,4.263561795456169,1.7820955724044882,39644.0
44,1040,Treino,116.0,162.0,12.0,38.0,26.7,-12.0,2.801238793018227,13.244461504901409,36029.0
44,1045,Treino,111.0,162.0,0.0,26.0,26.0,0.0,0.0,0.0,33800.0
44,1050,Treino,106.0,168.0,6.0,26.0,25.68,-6.0,1.2847615517666924,13.74725937535771,33054.0
44,1055,Treino,101.0,168.0,6.0,26.0,25.08,-6.0,2.136562182381705,1.8773130453069005,31674.0
44,1060,Treino,96.0,168.0,6.0,26.0,24.48,-6.0,2.5970155555788206,-0.6968690604657031,30294.0
44,1065,Treino,91.0,168.0,6.0,26.0,23.88,-6.0,2.86171063441118,-1.6759270860072573,28914.0
44,1070,Treino,86.0,168.0,6.0,26.0,23.28,-6.0,2.983218368932232,-2.038734058291845,27534.0
44,1075,Treino,81.0,168.0,6.0,26.0,22.68,-6.0,2.9791109480541866,-2.0125855072284202,26154.0
44,1080,Treino,76.0,168.0,6.0,26.0,22.08,-6.0,2.848845093603183,-1.5828586254570975,24774.0
44,1085,Treino,71.0,168.0,6.0,26.0,21.48,-6.0,2.5733326283880475,-0.46705138161111526,23394.0
44,1090,Treino,66.0,168.0,6.0,26.0,20.88,-6.0,2.096060444680709,2.585238882029911,22014.0
44,1095,Treino,61.0,168.0,6.0,26.0,20.28,-6.0,1.1959114020832207,20.96120172939712,20634.0
44,1100,Treino,56.0,168.0,0.0,20.0,20.0,0.0,0.0,0.0,20000.0
44,1105,Treino,51.0,177.0,9.0,20.0,19.64,-9.0,1.7815379734994166,22.330729166666675,19442.0
44,1110,Treino,46.0,177.0,9.0,20.0,18.74,-9.0,3.154588494784791,2.684314695695196,18047.0
44,1115,Treino,41.0,177.0,9.0,20.0,17.84,-9.0,3.8827719952821003,-0.44297079134005246,16652.0
44,1120,Treino,36.0,177.0,9.0,20.0,16.94,-9.0,4.306663086285658,-1.579626047711153,15257.0
44,1125,Treino,31.0,177.0,9.0,20.0,16.04,-9.0,4.512838827801664,-2.0203699226305614,13862.0
44,1130,Treino,26.0,177.0,9.0,20.0,15.14,-9.0,4.531116905152994,-2.0565662795080004,12467.0
44,1135,Treino,21.0,177.0,9.0,20.0,14.24,-9.0,4.363858992465553,-1.7081763445626486,11072.0
44,1140,Treino,16.0,177.0,9.0,20.0,13.34,-9.0,3.9877874792410672,-0.7586145884018229,9677.0
44,1145,Treino,11.0,177.0,9.0,20.0,12.44,-9.0,3.3329523591811823,1.7259530141844008,8282.0
44,1150,Treino,6.0,177.0,9.0,20.0,11.54,-9.0,2.1590814373388545,13.124339821940545,6887.0
44,1155,Treino,1.0,177.0,0.0,11.0,11.0,0.0,0.0,0.0,6050.0
45,50,Treino,829.0,21.0,17.0,184.0,174.22,-17.0,3.850735418761735,0.6537984778244681,1518357.0
45,55,Treino,824.0,21.0,7.0,176.0,173.18,-7.0,4.109173411094862,-1.26211463696396,1500393.0
45,60,Treino,819.0,21.0,9.0,176.0,172.38,-9.0,4.439571591760556,-1.899359606705445,1486709.0
45,65,Treino,814.0,21.0,8.0,176.0,171.48,-8.0,4.527647494752071,-2.0816989534422268,1471274.0
45,70,Treino,809.0,21.0,9.0,176.0,170.6,-9.0,4.453844933748539,-1.9004875886524797,1456190.0
45,75,Treino,804.0,21.0,9.0,176.0,169.7,-9.0,4.166190448976484,-1.2411347517730391,1440755.0
45,80,Treino,799.0,21.0,9.0,176.0,168.8,-9.0,3.6365491603879545,0.407247340425513,1425320.0
45,85,Treino,794.0,30.0,18.0,176.0,167.72,-18.0,3.0642107882947656,5.295104082692141,1406960.0
45,90,Treino,789.0,30.0,9.0,167.0,165.92,-9.0,2.954346503933843,3.9737467762733276,1376900.0
45,95,Treino,784.0,30.0,9.0,167.0,165.02,-9.0,3.7660676183683224,-0.06075484798887176,1362275.0
45,100,Treino,779.0,30.0,9.0,167.0,164.12,-9.0,4.2409086434924514,-1.425365691489358,1347650.0
45,105,Treino,774.0,30.0,9.0,167.0,163.22,-9.0,4.487124437129608,-1.9686965028124235,1333025.0
45,110,Treino,769.0,30.0,9.0,167.0,162.32,-9.0,4.542048445540035,-2.078005660120021,1318400.0
45,115,Treino,764.0,30.0,9.0,167.0,161.42,-9.0,4.412829163302133,-1.8142903587038912,1303775.0
45,120,Treino,759.0,30.0,9.0,167.0,160.52,-9.0,4.082016308499652,-1.0213504728132494,1289150.0
45,125,Treino,754.0,30.0,9.0,167.0,159.62,-9.0,3.492791410424435,0.9888715908435595,1274525.0
45,130,Treino,749.0,30.0,9.0,167.0,158.72,-9.0,2.4664276405608248,8.534487742830722,1259900.0
45,135,Treino,744.0,30.0,0.0,158.0,158.0,0.0,0.0,0.0,1248200.0
45,140,Treino,739.0,36.0,6.0,158.0,157.76,-6.0,1.1876919823329444,22.330729166666515,1244480.0
45,145,Treino,734.0,36.0,6.0,158.0,157.18,-6.0,2.0572420611000504,2.788693250991309,1235485.0
45,150,Treino,729.0,35.0,5.0,158.0,156.62,-5.0,2.489897957092759,-0.34003574632323286,1226795.0
45,155,Treino,724.0,36.0,6.0,158.0,156.04,-6.0,2.7698080682050654,-1.5107545856847702,1217800.0
45,160,Treino,719.0,36.0,6.0,158.0,155.46,-6.0,2.908186895714952,-1.9722011231094536,1208805.0
45,165,Treino,714.0,36.0,6.0,158.0,154.88,-6.0,2.9251896851106185,-2.027380877737807,1199810.0
45,170,Treino,709.0,36.0,6.0,158.0,154.3,-6.0,2.8230104064813606,-1.7061790173051619,1190815.0
45,175,Treino,704.0,36.0,6.0,158.0,153.7,-6.0,2.5970941375282663,-0.8113460990342913,1181515.0
45,180,Treino,699.0,36.0,6.0,158.0,153.1,-6.0,2.187627547301935,1.503794144551951,1172215.0
45,185,Treino,694.0,36.0,6.0,158.0,152.5,-6.0,1.4463183379511848,11.294429607503133,1162915.0
45,190,Treino,689.0,42.0,7.0,153.0,151.54,-7.0,1.897474153517066,5.248092560964231,1148395.0
45,195,Treino,684.0,42.0,6.0,153.0,150.92,-6.0,2.505829937060651,0.32809325845165294,1139150.0
45,200,Treino,679.0,42.0,6.0,153.0,150.28,-6.0,2.8431083880363137,-1.2426924043293206,1129600.0
45,205,Treino,674.0,42.0,6.0,153.0,149.66,-6.0,3.02783009794817,-1.8831775910008846,1120355.0
45,210,Treino,669.0,42.0,6.0,153.0,149.04,-6.0,3.076971742158321,-2.0624142872820816,1111110.0
45,215,Treino,664.0,42.0,6.0,153.0,148.42,-6.0,2.9972095866192703,-1.880808615254717,1101865.0
45,220,Treino,659.0,42.0,6.0,152.0,147.8,-6.0,2.7774602993176574,-1.2411347517730655,1092620.0
45,225,Treino,654.0,42.0,6.0,152.0,147.2,-6.0,2.4243661069253077,0.40724734042556365,1083680.0
45,230,Treino,649.0,42.0,6.0,152.0,146.6,-6.0,1.8182745801939773,5.791962174940942,1074740.0
45,235,Treino,644.0,48.0,6.0,146.0,145.52,-6.0,1.6442850937072182,8.534487742830798,1058936.0
45,240,Treino,639.0,48.0,6.0,146.0,144.92,-6.0,2.3285276069496215,0.9888715908435266,1050356.0
45,245,Treino,634.0,48.0,6.0,146.0,144.32,-6.0,2.721344205666435,-1.0213504728132499,1041776.0
45,250,Treino,629.0,48.0,6.0,146.0,143.72,-6.0,2.941886108868087,-1.8142903587038983,1033196.0
45,255,Treino,624.0,48.0,6.0,146.0,143.12,-6.0,3.0280322970266913,-2.0780056601200214,1024616.0
45,260,Treino,619.0,48.0,6.0,146.0,142.52,-6.0,2.991416291419738,-1.9686965028124281,1016036.0
45,265,Treino,614.0,48.0,6.0,146.0,141.92,-6.0,2.827272428994965,-1.425365691489345,1007456.0
45,270,Treino,609.0,48.0,6.0,146.0,141.32,-6.0,2.5107117455788805,-0.060754847988873095,998876.0
45,275,Treino,604.0,48.0,6.0,146.0,140.72,-6.0,1.9695643359558925,3.973746776273374,990296.0
45,280,Treino,599.0,60.0,18.0,146.0,139.64,-18.0,2.545584412271571,17.876039304610646,975284.0
45,285,Treino,594.0,60.0,12.0,140.0,138.32,-12.0,4.206117993046387,2.6843146956951847,957488.0
45,290,Treino,589.0,60.0,12.0,140.0,137.12,-12.0,5.1770293270428,-0.4429707913400476,941408.0
45,295,Treino,584.0,60.0,12.0,140.0,135.92,-12.0,5.742217448380877,-1.579626047711161,925328.0
45,300,Treino,579.0,60.0,12.0,140.0,134.72,-12.0,6.017118437068886,-2.020369922630561,909248.0
45,305,Treino,574.0,60.0,12.0,140.0,133.52,-12.0,6.041489206870664,-2.056566279508001,893168.0
45,310,Treino,569.0,60.0,12.0,140.0,132.32,-12.0,5.818478656620734,-1.7081763445626443,877088.0
45,315,Treino,564.0,60.0,12.0,140.0,131.12,-12.0,5.317049972321427,-0.7586145884018265,861008.0
45,320,Treino,559.0,60.0,12.0,140.0,129.92,-12.0,4.443936478908245,1.7259530141844213,844928.0
45,325,Treino,554.0,66.0,18.0,140.0,128.6,-18.0,3.0304576336566353,11.186178723404286,827348.0
45,330,Treino,549.0,66.0,6.0,128.0,127.28,-6.0,1.9695643359558954,3.97374677627338,810200.0
45,335,Treino,544.0,66.0,6.0,128.0,126.68,-6.0,2.5107117455788814,-0.06075484798887398,802700.0
45,340,Treino,539.0,66.0,6.0,128.0,126.08,-6.0,2.8272724289949664,-1.4253656914893633,795200.0
45,345,Treino,534.0,66.0,6.0,128.0,125.48,-6.0,2.9914162914197395,-1.9686965028124213,787700.0
45,350,Treino,529.0,66.0,6.0,128.0,124.88,-6.0,3.0280322970266917,-2.0780056601200214,780200.0
45,355,Treino,524.0,66.0,6.0,128.0,124.28,-6.0,2.9418861088680863,-1.814290358703898,772700.0
45,360,Treino,519.0,66.0,6.0,128.0,123.68,-6.0,2.7213442056664348,-1.0213504728132499,765200.0
45,365,Treino,514.0,66.0,6.0,128.0,123.08,-6.0,2.328527606949624,0.9888715908435728,757700.0
45,370,Treino,509.0,66.0,6.0,128.0,122.48,-6.0,1.6442850937072178,8.53448774283068,750200.0
45,375,Treino,504.0,66.0,0.0,122.0,122.0,0.0,0.0,0.0,744200.0
45,380,Treino,499.0,75.0,9.0,122.0,121.64,-9.0,1.7815379734994166,22.330729166666675,739970.0
45,385,Treino,494.0,75.0,9.0,122.0,120.74,-9.0,3.154588494784791,2.6843146956951847,729395.0
45,390,Treino,489.0,75.0,9.0,122.0,119.84,-9.0,3.8827719952820994,-0.44297079134004713,718820.0
45,395,Treino,484.0,75.0,9.0,122.0,118.94,-9.0,4.306663086285659,-1.5796260477111561,708245.0
45,400,Treino,479.0,75.0,9.0,122.0,118.04,-9.0,4.512838827801661,-2.020369922630559,697670.0
45,405,Treino,474.0,75.0,9.0,122.0,117.14,-9.0,4.531116905152994,-2.0565662795080004,687095.0
45,410,Treino,469.0,75.0,9.0,122.0,116.24,-9.0,4.363858992465547,-1.7081763445626434,676520.0
45,415,Treino,464.0,75.0,9.0,122.0,115.34,-9.0,3.9877874792410664,-0.7586145884018252,665945.0
45,420,Treino,459.0,75.0,9.0,122.0,114.44,-9.0,3.3329523591811836,1.7259530141844035,655370.0
45,425,Treino,454.0,75.0,9.0,122.0,113.54,-9.0,2.1590814373388594,13.124339821940499,644795.0
45,430,Treino,449.0,75.0,0.0,113.0,113.0,0.0,0.0,0.0,638450.0
45,435,Treino,444.0,83.0,8.0,113.0,112.52,-8.0,1.9191834998567616,13.12433982194051,633218.0
45,440,Treino,439.0,82.0,7.0,113.0,111.82,-7.0,2.74560873886626,1.969304712254428,625555.0
45,445,Treino,434.0,82.0,7.0,113.0,111.12,-7.0,3.2238904118712077,-0.5927722905117299,617892.0
45,450,Treino,429.0,83.0,8.0,113.0,110.44,-8.0,3.4826684585008567,-1.5406117515184137,610444.0
45,455,Treino,424.0,83.0,8.0,113.0,109.72,-8.0,3.631157683501087,-1.9386144925917113,602570.0
45,460,Treino,419.0,83.0,8.0,113.0,108.98,-8.0,3.650496192160676,-1.9492100333178357,594485.0
45,465,Treino,414.0,82.0,7.0,113.0,108.34,-7.0,3.444072103348192,-1.5742778187796087,587459.0
45,470,Treino,409.0,81.0,6.0,113.0,107.66,-6.0,3.114220182796778,-0.6153725283955054,580009.0
45,475,Treino,404.0,83.0,8.0,113.0,106.98,-8.0,2.575314524084231,1.755713387460105,572561.0
45,480,Treino,399.0,83.0,8.0,113.0,106.22,-8.0,1.6199017354929472,11.117393484098038,564263.0
45,485,Treino,394.0,93.0,11.0,107.0,104.9,-11.0,3.4241042326305386,4.919687277793164,550775.0
45,490,Treino,389.0,93.0,12.0,107.0,103.8,-12.0,4.508495382302714,0.2546400354043672,539718.0
45,495,Treino,384.0,93.0,10.0,107.0,102.7,-10.0,5.143849110682523,-1.2617949353571454,528661.0
45,500,Treino,379.0,93.0,11.0,107.0,101.58,-11.0,5.4663721506860385,-1.8736538922183623,517389.0
45,505,Treino,374.0,93.0,11.0,107.0,100.5,-11.0,5.588800754862444,-2.033336234106219,506543.0
45,510,Treino,369.0,93.0,11.0,107.0,99.44,-11.0,5.518651121794314,-1.8340222854446135,495908.0
45,515,Treino,364.0,93.0,10.0,107.0,98.28,-10.0,5.083145418629961,-1.140292298237394,484214.0
45,520,Treino,359.0,93.0,12.0,107.0,97.16,-12.0,4.381594155891074,0.5685846942192336,472944.0
45,525,Treino,354.0,102.0,19.0,106.0,95.86,-19.0,3.458264280926877,5.1219836825521785,460043.0
45,530,Treino,349.0,102.0,9.0,95.0,93.92,-9.0,2.9543465039338432,3.97374677627338,441476.0
45,535,Treino,344.0,102.0,9.0,95.0,93.02,-9.0,3.766067618368323,-0.06075484798889752,433331.0
45,540,Treino,339.0,102.0,9.0,95.0,92.12,-9.0,4.2409086434924514,-1.425365691489358,425186.0
45,545,Treino,334.0,102.0,9.0,95.0,91.22,-9.0,4.487124437129608,-1.9686965028124235,417041.0
45,550,Treino,329.0,102.0,9.0,95.0,90.32,-9.0,4.542048445540035,-2.078005660120021,408896.0
45,555,Treino,324.0,102.0,9.0,95.0,89.42,-9.0,4.412829163302134,-1.8142903587038983,400751.0
45,560,Treino,319.0,102.0,9.0,95.0,88.52,-9.0,4.082016308499659,-1.0213504728132343,392606.0
45,565,Treino,314.0,102.0,9.0,95.0,87.62,-9.0,3.492791410424435,0.9888715908435595,384461.0
45,570,Treino,309.0,102.0,9.0,95.0,86.72,-9.0,2.4664276405608248,8.534487742830722,376316.0
45,575,Treino,304.0,111.0,9.0,86.0,85.42,-9.0,2.330717678733137,13.885031509802719,365095.0
45,580,Treino,299.0,111.0,9.0,86.0,84.48,-9.0,3.5354761824589755,1.9983521195188123,357456.0
45,585,Treino,294.0,111.0,9.0,86.0,83.56,-9.0,4.175536138128411,-0.6252527188360952,349968.0
45,590,Treino,289.0,111.0,9.0,86.0,82.66,-9.0,4.515777330422657,-1.6268637103702548,342633.0
45,595,Treino,284.0,111.0,9.0,86.0,81.76,-9.0,4.657931572126433,-2.0034464454989873,335298.0
45,600,Treino,279.0,111.0,9.0,86.0,80.78,-9.0,4.70036906931308,-1.9763717185413503,327353.0
45,605,Treino,274.0,112.0,10.0,86.0,79.84,-10.0,4.496529273807087,-1.5655712905733066,319712.0
45,610,Treino,269.0,112.0,10.0,86.0,78.9,-10.0,4.067040241567645,-0.49077358255334813,312071.0
45,615,Treino,264.0,124.0,22.0,86.0,76.96,-22.0,5.0747876199655035,2.3596340668755023,297404.0
45,620,Treino,259.0,124.0,22.0,86.0,74.76,-22.0,5.441938430150695,0.8395335695316843,280904.0
45,625,Treino,254.0,124.0,13.0,77.0,73.14,-13.0,5.7782491522351425,-1.036825999489691,269109.0
45,630,Treino,249.0,124.0,13.0,77.0,71.88,-13.0,6.245455490651927,-1.8104381259922209,260248.0
45,635,Treino,244.0,124.0,13.0,77.0,70.6,-13.0,6.417450698633202,-2.0654367973730805,251236.0
45,640,Treino,239.0,124.0,13.0,77.0,69.3,-13.0,6.302736690987364,-1.9467369480056238,242071.0
45,645,Treino,234.0,124.0,12.0,77.0,68.0,-12.0,5.900536122303824,-1.3901059073608713,232906.0
45,650,Treino,229.0,124.0,12.0,77.0,66.78,-12.0,5.292620970246579,-0.029524051501940374,224351.0
45,655,Treino,224.0,133.0,21.0,77.0,65.18,-21.0,4.605630981167936,3.1343515225532963,213461.0
45,660,Treino,219.0,133.0,22.0,77.0,63.02,-22.0,3.700468806483187,4.863425540970045,199247.0
45,665,Treino,214.0,133.0,9.0,64.0,61.86,-9.0,3.849251186124069,-0.42547213440713083,192059.0
45,670,Treino,209.0,133.0,9.0,64.0,60.96,-9.0,4.280759040074982,-1.5707898160412739,186704.0
45,675,Treino,204.0,133.0,9.0,64.0,60.06,-9.0,4.49221548904324,-2.015413562692112,181349.0
45,680,Treino,199.0,133.0,9.0,64.0,59.16,-9.0,4.514647363452266,-2.0540714566873803,175994.0
45,685,Treino,194.0,133.0,9.0,64.0,58.26,-9.0,4.350979247038912,-1.7080737365626981,170639.0
45,690,Treino,189.0,133.0,9.0,64.0,57.36,-9.0,3.978308531965593,-0.7625010580095033,165284.0
45,695,Treino,184.0,133.0,9.0,64.0,56.46,-9.0,3.327130282746282,1.709704145369078,159929.0
45,700,Treino,179.0,133.0,9.0,64.0,55.56,-9.0,2.158608773431327,12.985388602545523,154574.0
45,705,Treino,174.0,133.0,0.0,55.0,55.0,0.0,0.0,0.0,151250.0
45,710,Treino,169.0,141.0,8.0,55.0,54.36,-8.0,2.1923801249429573,8.534487742830711,147986.0
45,715,Treino,164.0,141.0,8.0,55.0,53.56,-8.0,3.104703475932829,0.9888715908435737,143906.0
45,720,Treino,159.0,141.0,8.0,55.0,52.76,-8.0,3.628458940888582,-1.0213504728132414,139826.0
45,725,Treino,154.0,141.0,8.0,55.0,51.96,-8.0,3.922514811824117,-1.814290358703897,135746.0
45,730,Treino,149.0,141.0,8.0,55.0,51.16,-8.0,4.037376396035585,-2.078005660120022,131666.0
45,735,Treino,144.0,141.0,8.0,55.0,50.36,-8.0,3.988555055226317,-1.968696502812423,127586.0
45,740,Treino,139.0,141.0,8.0,55.0,49.56,-8.0,3.769696571993286,-1.4253656914893644,123506.0
45,745,Treino,134.0,141.0,8.0,55.0,48.76,-8.0,3.347615660771841,-0.060754847988885974,119426.0
45,750,Treino,129.0,150.0,17.0,55.0,47.24,-17.0,3.793442247040626,2.478863995850385,112286.0
45,755,Treino,124.0,150.0,17.0,55.0,45.54,-17.0,3.7428026168329294,1.1893246945445881,104381.0
45,760,Treino,119.0,150.0,9.0,47.0,44.48,-9.0,4.082016308499653,-1.0213504728132419,99740.0
45,765,Treino,114.0,150.0,9.0,47.0,43.58,-9.0,4.412829163302133,-1.8142903587038985,95915.0
45,770,Treino,109.0,150.0,9.0,47.0,42.68,-9.0,4.542048445540033,-2.078005660120022,92090.0
45,775,Treino,104.0,150.0,9.0,47.0,41.78,-9.0,4.487124437129611,-1.9686965028124241,88265.0
45,780,Treino,99.0,150.0,9.0,47.0,40.88,-9.0,4.24090864349245,-1.4253656914893627,84440.0
45,785,Treino,94.0,150.0,9.0,47.0,39.98,-9.0,3.766067618368321,-0.06075484798888375,80615.0
45,790,Treino,89.0,162.0,21.0,47.0,38.6,-21.0,3.927922024247864,4.587544326241137,75254.0
45,795,Treino,84.0,162.0,21.0,47.0,36.5,-21.0,4.464142854857069,2.4675980251068257,67589.0
45,800,Treino,79.0,162.0,12.0,38.0,35.12,-12.0,5.177029327042799,-0.44297079134005424,62984.0
45,805,Treino,74.0,162.0,12.0,38.0,33.92,-12.0,5.7422174483808766,-1.579626047711153,59144.0
45,810,Treino,69.0,162.0,12.0,38.0,32.72,-12.0,6.017118437068886,-2.020369922630561,55304.0
45,815,Treino,64.0,162.0,12.0,38.0,31.52,-12.0,6.041489206870659,-2.0565662795079995,51464.0
45,820,Treino,59.0,162.0,12.0,38.0,30.32,-12.0,5.81847865662073,-1.708176344562647,47624.0
45,825,Treino,54.0,162.0,12.0,38.0,29.12,-12.0,5.317049972321428,-0.7586145884018225,43784.0
45,830,Treino,49.0,162.0,12.0,38.0,27.92,-12.0,4.443936478908252,1.7259530141843937,39944.0
45,835,Treino,44.0,162.0,12.0,38.0,26.72,-12.0,2.87877524978514,13.124339821940566,36104.0
45,840,Treino,39.0,172.0,10.0,26.0,25.6,-10.0,1.979486637221574,22.330729166666686,32960.0
45,845,Treino,34.0,173.0,11.0,26.0,24.5,-11.0,3.7593421048402194,2.741598713127689,30705.0
45,850,Treino,29.0,173.0,11.0,26.0,23.4,-11.0,4.677344441069971,-0.420560672394223,28450.0
45,855,Treino,24.0,173.0,11.0,26.0,22.3,-11.0,5.210859931382706,-1.5679881941791032,26195.0
45,860,Treino,19.0,173.0,11.0,26.0,21.2,-11.0,5.4734983030480056,-2.013707765588591,23940.0
45,865,Treino,14.0,173.0,11.0,26.0,20.1,-11.0,5.504172814088137,-2.0531055945319387,21685.0
45,870,Treino,9.0,173.0,11.0,26.0,19.0,-11.0,5.306907320287631,-1.7078418902251002,19430.0
45,875,Treino,4.0,173.0,11.0,26.0,17.9,-11.0,4.853990573723433,-0.7634971867443308,17175.0
46,50,Validação,958.0,4.0,0.0,184.0,183.9,0.0,0.7071067811865469,50.00000000000024,1690985.0
46,55,Validação,953.0,4.0,0.0,184.0,184.0,0.0,0.0,0.0,1692800.0
46,60,Validação,948.0,4.0,0.0,184.0,184.0,0.0,0.0,0.0,1692800.0
46,65,Validação,943.0,6.0,2.0,184.0,183.88,-2.0,0.4797958749641904,13.124339821940389,1690604.0
46,70,Validação,938.0,6.0,2.0,184.0,183.68,-2.0,0.7406560798180413,1.7259530141844728,1686944.0
46,75,Validação,933.0,6.0,2.0,184.0,183.48,-2.0,0.8861749953869041,-0.7586145884018789,1683284.0
46,80,Validação,928.0,6.0,2.0,184.0,183.28,-2.0,0.9697464427701226,-1.7081763445626448,1679624.0
46,85,Validação,923.0,6.0,2.0,184.0,183.08,-2.0,1.0069148678117767,-2.056566279507991,1675964.0
46,90,Validação,918.0,6.0,2.0,184.0,182.88,-2.0,1.0028530728448144,-2.020369922630556,1672304.0
46,95,Validação,913.0,12.0,8.0,184.0,182.02,-8.0,2.445236936059446,4.636691620106447,1656857.0
46,100,Validação,908.0,12.0,8.0,184.0,181.22,-8.0,2.9366786737150976,0.5212505094167912,1642457.0
46,105,Validação,903.0,12.0,8.0,184.0,180.42,-8.0,3.1563993953327816,-0.9387851976019577,1628057.0
46,110,Validação,898.0,12.0,8.0,184.0,179.58,-8.0,3.2204068699720647,-1.5790767655618803,1612957.0
46,115,Validação,893.0,12.0,6.0,182.0,178.9,-6.0,3.17033443159602,-1.8858465271545362,1600753.0
46,120,Validação,888.0,12.0,6.0,182.0,178.3,-6.0,3.092122974559054,-1.7638936653194053,1590013.0
46,125,Validação,883.0,23.0,17.0,182.0,176.82,-17.0,4.525167715913175,1.7125454226073238,1564269.0
46,130,Validação,878.0,23.0,17.0,182.0,175.12,-17.0,5.389483334443564,0.0018006598519102468,1534774.0
46,135,Validação,873.0,23.0,17.0,182.0,173.42,-17.0,5.631869954435514,-0.9285282727666946,1505279.0
46,140,Validação,868.0,23.0,8.0,176.0,171.72,-8.0,5.337736277808092,-1.8143897300130156,1475784.0
46,145,Validação,863.0,32.0,20.0,176.0,170.14,-20.0,6.433363293434169,-0.9804501216581145,1449409.0
46,150,Validação,858.0,31.0,19.0,176.0,168.18,-19.0,7.297441542158763,-1.2293192649280766,1416835.0
46,155,Validação,853.0,32.0,20.0,176.0,166.26,-20.0,7.515453467112052,-1.3104735004661483,1384887.0
46,160,Validação,848.0,32.0,20.0,176.0,164.36,-20.0,7.306022117655644,-0.9881810470884753,1353326.0
46,165,Validação,843.0,32.0,20.0,176.0,162.36,-20.0,6.527055153711498,-0.15466689240552922,1320126.0
46,170,Validação,838.0,32.0,20.0,176.0,160.36,-20.0,4.864532194300674,0.00309710777767247,1286926.0
46,175,Validação,833.0,32.0,9.0,165.0,159.24,-9.0,4.192120889361421,-1.5806693928123947,1268730.0
46,180,Validação,828.0,42.0,19.0,165.0,157.54,-19.0,5.075792890710549,0.5690043870908861,1242205.0
46,185,Validação,823.0,42.0,19.0,165.0,155.64,-19.0,5.476331261130268,0.17938695350821598,1212660.0
46,190,Validação,818.0,42.0,19.0,165.0,153.74,-19.0,5.181639485250014,-0.50286330810586,1183115.0
46,195,Validação,813.0,42.0,10.0,157.0,152.38,-10.0,5.058393711325317,-1.8060918288961216,1162237.0
46,200,Validação,808.0,42.0,11.0,157.0,151.34,-11.0,5.1926557241345925,-2.0614168579830574,1146511.0
46,205,Validação,803.0,45.0,13.0,157.0,150.2,-13.0,5.1309385703051325,-1.9219469024851432,1129292.0
46,210,Validação,798.0,45.0,13.0,156.0,148.84,-13.0,5.0522171330202825,-1.3923793707600198,1108918.0
46,215,Validação,793.0,45.0,13.0,156.0,147.54,-13.0,4.695677560810796,-0.2900788260659577,1089483.0
46,220,Validação,788.0,45.0,13.0,156.0,146.24,-13.0,3.889074177639667,2.47496364934958,1070048.0
46,225,Validação,783.0,46.0,14.0,156.0,144.88,-14.0,2.2555147835417757,10.949607254384137,1049760.0
46,230,Validação,778.0,46.0,4.0,146.0,144.28,-4.0,1.714761838642704,-1.754921610895198,1040980.0
46,235,Validação,773.0,46.0,4.0,146.0,143.88,-4.0,1.7336995950032064,-1.6572470280161762,1035220.0
46,240,Validação,768.0,46.0,4.0,146.0,143.48,-4.0,1.6566501730656256,-1.1097169036377714,1029460.0
46,245,Validação,763.0,46.0,4.0,146.0,143.08,-4.0,1.4685825458167303,0.28647695340982704,1023700.0
46,250,Validação,758.0,52.0,10.0,146.0,142.3,-10.0,2.0228288940723274,6.103760866312005,1012665.0
46,255,Validação,753.0,52.0,7.0,143.0,141.36,-7.0,2.472378017461021,1.4670809600826376,999432.0
46,260,Validação,748.0,52.0,7.0,143.0,140.66,-7.0,2.8757252856222806,-0.7814580948300867,989667.0
46,265,Validação,743.0,52.0,7.0,143.0,139.96,-7.0,3.0703320301736428,-1.6694967168715684,979902.0
46,270,Validação,738.0,52.0,7.0,143.0,139.26,-7.0,3.095816795718547,-2.010825110931539,970137.0
46,275,Validação,733.0,57.0,11.0,142.0,138.12,-11.0,3.761458683618822,-1.0754294313784087,954550.0
46,280,Validação,728.0,57.0,11.0,142.0,137.02,-11.0,4.0682443688768215,-1.2028639955259715,939535.0
46,285,Validação,723.0,57.0,11.0,142.0,135.92,-11.0,4.05995878133294,-1.0542927089257574,924520.0
46,290,Validação,718.0,57.0,11.0,142.0,134.82,-11.0,3.7345054039651497,-0.4763655074234525,909505.0
46,295,Validação,713.0,57.0,11.0,142.0,133.72,-11.0,2.990051531874542,0.08739615917299037,894490.0
46,300,Validação,708.0,66.0,14.0,136.0,132.28,-14.0,3.891592192910038,1.6923248928649297,875642.0
46,305,Validação,703.0,66.0,14.0,136.0,130.88,-14.0,4.745094136826682,-0.17743162916694732,857582.0
46,310,Validação,698.0,66.0,14.0,136.0,129.48,-14.0,5.087960980469043,-1.057432957171021,839522.0
46,315,Validação,693.0,66.0,14.0,136.0,128.08,-14.0,5.02581093060653,-1.4744337481317806,821462.0
46,320,Validação,688.0,66.0,9.0,131.0,126.68,-9.0,4.542048445540035,-2.0780056601200214,803402.0
46,325,Validação,683.0,66.0,9.0,131.0,125.78,-9.0,4.487124437129611,-1.9686965028124241,792017.0
46,330,Validação,678.0,66.0,9.0,131.0,124.88,-9.0,4.240908643492453,-1.4253656914893573,780632.0
46,335,Validação,673.0,66.0,9.0,131.0,123.98,-9.0,3.7660676183683175,-0.0607548479888953,769247.0
46,340,Validação,668.0,72.0,15.0,131.0,122.72,-15.0,3.404918411321348,2.699101140294778,753578.0
46,345,Validação,663.0,72.0,15.0,131.0,121.22,-15.0,2.6286490671763985,4.104358107851518,735053.0
46,350,Validação,658.0,72.0,6.0,122.0,120.44,-6.0,2.658524986160713,-0.7586145884018265,725636.0
46,355,Validação,653.0,72.0,6.0,122.0,119.84,-6.0,2.909239328310367,-1.7081763445626443,718496.0
46,360,Validação,648.0,72.0,6.0,122.0,119.24,-6.0,3.0207446034353316,-2.056566279508001,711356.0
46,365,Validação,643.0,72.0,6.0,122.0,118.64,-6.0,3.008559218534443,-2.020369922630561,704216.0
46,370,Validação,638.0,72.0,6.0,122.0,118.04,-6.0,2.8711087241904383,-1.5796260477111619,697076.0
46,375,Validação,633.0,72.0,6.0,122.0,117.44,-6.0,2.588514663521401,-0.44297079134004713,689936.0
46,380,Validação,628.0,75.0,9.0,122.0,116.78,-9.0,2.1692658402589284,2.450248827338026,682109.0
46,385,Validação,623.0,75.0,9.0,122.0,115.88,-9.0,1.5989792662437952,8.164639307730607,671534.0
46,390,Validação,618.0,75.0,3.0,116.0,115.34,-3.0,1.2553558727894407,-0.06075484798887398,665243.0
46,395,Validação,613.0,75.0,3.0,116.0,115.04,-3.0,1.4136362144974834,-1.4253656914893458,661808.0
46,400,Validação,608.0,75.0,3.0,116.0,114.74,-3.0,1.4957081457098695,-1.968696502812428,658373.0
46,405,Validação,603.0,75.0,3.0,116.0,114.44,-3.0,1.5140161485133459,-2.0780056601200214,654938.0
46,410,Validação,598.0,75.0,3.0,116.0,114.14,-3.0,1.4709430544340432,-1.814290358703898,651503.0
46,415,Validação,593.0,78.0,6.0,116.0,113.66,-6.0,1.636447122174581,-0.0909270086905809,646061.0
46,420,Validação,588.0,78.0,6.0,116.0,113.06,-6.0,1.7660055238317025,0.06530412221368254,639281.0
46,425,Validação,583.0,78.0,6.0,116.0,112.46,-6.0,1.6807432758109357,0.007316335951612185,632501.0
46,430,Validação,578.0,78.0,3.0,113.0,111.92,-3.0,1.4546196641551834,-1.7081763445626443,626408.0
46,435,Validação,573.0,78.0,3.0,113.0,111.62,-3.0,1.5103723017176647,-2.056566279507998,623063.0
46,440,Validação,568.0,78.0,3.0,113.0,111.32,-3.0,1.5042796092672197,-2.0203699226305556,619718.0
46,445,Validação,563.0,84.0,9.0,113.0,110.9,-9.0,1.7408653724219927,3.3832717894613555,615089.0
46,450,Validação,558.0,84.0,9.0,113.0,110.0,-9.0,2.5714285714285716,1.422650709219858,605324.0
46,455,Validação,553.0,84.0,9.0,113.0,109.1,-9.0,2.922467506496969,-0.3207577803853914,595559.0
46,460,Validação,548.0,84.0,9.0,113.0,108.2,-9.0,2.9692299558323616,-1.300476507092196,585794.0
46,465,Validação,543.0,84.0,6.0,110.0,107.48,-6.0,2.9914162914197395,-1.9686965028124213,578036.0
46,470,Validação,538.0,84.0,6.0,110.0,106.88,-6.0,3.0280322970266917,-2.0780056601200214,571616.0
46,475,Validação,533.0,84.0,6.0,110.0,106.28,-6.0,2.9418861088680863,-1.814290358703898,565196.0
46,480,Validação,528.0,87.0,9.0,110.0,105.56,-9.0,2.8582854858056694,-0.9439976910252019,557546.0
46,485,Validação,523.0,87.0,9.0,110.0,104.66,-9.0,2.7301042814799446,0.370181455025683,548051.0
46,490,Validação,518.0,87.0,9.0,110.0,103.76,-9.0,2.254790817937015,2.8409750816293453,538556.0
46,495,Validação,513.0,87.0,3.0,104.0,102.98,-3.0,1.4355543620952194,-1.5796260477111457,530345.0
46,500,Validação,508.0,87.0,3.0,104.0,102.68,-3.0,1.5042796092672202,-2.0203699226305556,527270.0
46,505,Validação,503.0,87.0,3.0,104.0,102.38,-3.0,1.5103723017176645,-2.056566279507998,524195.0
46,510,Validação,498.0,89.0,5.0,104.0,101.92,-5.0,1.6517152494622436,-1.3284650147974266,519518.0
46,515,Validação,493.0,89.0,5.0,104.0,101.52,-5.0,1.6066189622296625,-0.7293575432696975,515442.0
46,520,Validação,488.0,87.0,3.0,104.0,101.14,-3.0,1.4287142785721418,0.5139878736527228,511565.0
46,525,Validação,483.0,89.0,5.0,104.0,100.72,-5.0,1.1255837487766982,2.833385823230027,507288.0
46,530,Validação,478.0,87.0,0.0,101.0,100.46,0.0,0.7879189847507242,-0.5582882905925319,504641.0
46,535,Validação,473.0,89.0,2.0,101.0,100.4,-2.0,0.8081220356417683,-0.890853557180824,504040.0
46,540,Validação,468.0,88.0,1.0,101.0,100.26,-1.0,0.8283250865328128,-1.3405099151335986,502637.0
46,545,Validação,463.0,93.0,6.0,101.0,99.94,-6.0,1.300078490566109,6.710572298277885,499483.0
46,550,Validação,458.0,93.0,6.0,101.0,99.34,-6.0,1.9231139713856729,1.1927050562796166,493603.0
46,555,Validação,453.0,93.0,4.0,101.0,98.74,-4.0,2.2297615869625784,-0.7230523838209555,487723.0
46,560,Validação,448.0,93.0,4.0,101.0,98.3,-4.0,2.4764194033371028,-1.5622379641629396,483445.0
46,565,Validação,443.0,93.0,4.0,101.0,97.8,-4.0,2.5714285714285707,-1.8797211399079667,478566.0
46,570,Validação,438.0,98.0,9.0,101.0,97.08,-9.0,2.898556994965119,-0.6659832627420408,471638.0
46,575,Validação,433.0,98.0,10.0,101.0,96.12,-10.0,3.390502942644593,-0.7251794314683044,462516.0
46,580,Validação,428.0,98.0,11.0,101.0,95.12,-11.0,3.508822699238862,-0.8578094636411007,452994.0
46,585,Validação,423.0,97.0,9.0,100.0,94.16,-9.0,3.222117442975431,-0.7600773852116749,443814.0
46,590,Validação,418.0,98.0,10.0,100.0,93.26,-10.0,2.798031377922116,-0.5037354769288069,435255.0
46,595,Validação,413.0,97.0,4.0,95.0,92.54,-4.0,2.322999468491598,-1.9775439439618203,428447.0
46,600,Validação,408.0,102.0,9.0,95.0,91.82,-9.0,2.6549145802777576,-0.6557952391904505,421891.0
46,605,Validação,403.0,102.0,9.0,95.0,90.92,-9.0,2.9404983612042543,-0.6314490149423344,413746.0
46,610,Validação,398.0,102.0,9.0,95.0,90.02,-9.0,2.9311138789594273,-0.5903207972516054,405601.0
46,615,Validação,393.0,102.0,9.0,95.0,89.12,-9.0,2.623597779028342,-0.5326347507420195,397456.0
46,620,Validação,388.0,102.0,5.0,91.0,88.42,-5.0,2.2865177159397043,-1.9673573000047349,391161.0
46,625,Validação,383.0,108.0,10.0,91.0,87.4,-10.0,3.325841921949376,0.11680475454751216,382480.0
46,630,Validação,378.0,108.0,10.0,91.0,86.38,-10.0,3.8433085236763493,-0.8022648861649326,373799.0
46,635,Validação,373.0,108.0,10.0,91.0,85.3,-10.0,3.965411680509145,-1.1711201218722262,364575.0
46,640,Validação,368.0,108.0,11.0,91.0,84.24,-11.0,3.8149009669656024,-1.1954001446316622,355532.0
46,645,Validação,363.0,108.0,10.0,91.0,83.18,-10.0,3.330073235696482,-1.3331235181775856,346489.0
46,650,Validação,358.0,108.0,6.0,86.0,82.4,-6.0,2.969229955832363,-1.900487588652486,339920.0
46,655,Validação,353.0,108.0,6.0,86.0,81.8,-6.0,2.7774602993176565,-1.2411347517730456,334940.0
46,660,Validação,348.0,108.0,6.0,86.0,81.2,-6.0,2.424366106925304,0.407247340425525,329960.0
46,665,Validação,343.0,113.0,11.0,86.0,80.5,-11.0,1.9820624179302297,5.017408123791103,324205.0
46,670,Validação,338.0,113.0,5.0,80.0,79.4,-5.0,1.6413036132965795,3.973746776273411,315350.0
46,675,Validação,333.0,113.0,5.0,80.0,78.9,-5.0,2.092259787982401,-0.06075484798887354,311475.0
46,680,Validação,328.0,113.0,5.0,80.0,78.4,-5.0,2.3560603574958057,-1.425365691489353,307600.0
46,685,Validação,323.0,117.0,9.0,80.0,77.74,-9.0,2.790728088744247,-0.92816753983863,302557.0
46,690,Validação,318.0,115.0,7.0,80.0,76.96,-7.0,3.1360966249170836,-1.328443978968844,296624.0
46,695,Validação,313.0,117.0,9.0,80.0,76.16,-9.0,3.2910515657101556,-1.421599968451915,290548.0
46,700,Validação,308.0,115.0,7.0,80.0,75.38,-7.0,3.219139192836675,-1.166790639831711,284615.0
46,705,Validação,303.0,120.0,12.0,80.0,74.38,-12.0,3.2756990218322364,-0.202785132689693,277145.0
46,710,Validação,298.0,120.0,12.0,80.0,73.18,-12.0,3.192401693306869,0.0868541873909221,268265.0
46,715,Validação,293.0,120.0,7.0,75.0,72.08,-7.0,2.798250182101782,-1.3399312021695964,260160.0
46,720,Validação,288.0,120.0,7.0,75.0,71.38,-7.0,2.856357034791709,-1.5856654291699976,255155.0
46,725,Validação,283.0,120.0,7.0,75.0,70.68,-7.0,2.736301690014371,-1.456461018762093,250150.0
46,730,Validação,278.0,123.0,10.0,75.0,69.86,-10.0,2.579431989364151,-0.8929382445430001,244347.0
46,735,Validação,273.0,123.0,7.0,73.0,69.04,-7.0,2.5551868017498705,-0.9609431275952813,238646.0
46,740,Validação,268.0,123.0,6.0,73.0,68.38,-6.0,2.5062371176319123,-0.4839917897426109,234099.0
46,745,Validação,263.0,121.0,6.0,73.0,67.78,-6.0,2.270395092830983,0.6270634070942336,229959.0
46,750,Validação,258.0,121.0,6.0,73.0,67.16,-6.0,1.7654276235171888,3.0515385694065227,225676.0
46,755,Validação,253.0,123.0,3.0,68.0,66.76,-3.0,1.3180071536766622,-1.664009663059167,222930.0
46,760,Validação,248.0,121.0,1.0,68.0,66.56,-1.0,1.2961481396815726,-1.7297941755946835,221594.0
46,765,Validação,243.0,123.0,3.0,68.0,66.28,-3.0,1.2623269733928302,-1.6246765182437453,219730.0
46,770,Validação,238.0,124.0,4.0,68.0,65.88,-4.0,1.2879345908096738,-1.0901011932509173,217090.0
46,775,Validação,233.0,124.0,4.0,68.0,65.48,-4.0,1.1821806208901255,-0.6106887115187591,214450.0
46,780,Validação,228.0,124.0,1.0,67.0,65.2,-1.0,1.0690449676496971,-0.9237034574468135,212608.0
46,785,Validação,223.0,124.0,2.0,67.0,65.08,-2.0,1.1219516523469635,-0.9535507380132193,211832.0
46,790,Validação,218.0,124.0,1.0,67.0,64.92,-1.0,1.1219516523469633,-0.6530689685682578,210792.0
46,795,Validação,213.0,124.0,1.0,67.0,64.72,-1.0,1.0505586463342997,0.2349004826921477,209488.0
46,800,Validação,208.0,124.0,1.0,67.0,64.52,-1.0,0.9310954706743039,1.984556799276711,208184.0
46,805,Validação,203.0,133.0,10.0,67.0,63.8,-10.0,2.285714285714285,10.299046617873156,203778.0
46,810,Validação,198.0,133.0,11.0,66.0,62.7,-11.0,3.363974811233319,1.663295170556812,197119.0
46,815,Validação,193.0,133.0,9.0,64.0,61.68,-9.0,3.956085469867651,-0.7436037150219046,190988.0
46,820,Validação,188.0,133.0,9.0,64.0,60.78,-9.0,4.339143148745628,-1.7003302734042591,185633.0
46,825,Validação,183.0,133.0,9.0,64.0,59.88,-9.0,4.511391477274443,-2.052163036536172,180278.0
46,830,Validação,178.0,133.0,9.0,64.0,58.98,-9.0,4.4971192593318055,-2.018322059094301,174923.0
46,835,Validação,173.0,145.0,21.0,64.0,56.96,-21.0,6.084305671989538,0.05561756618249847,164036.0
46,840,Validação,168.0,145.0,21.0,64.0,54.86,-21.0,6.880940846917338,-0.537002859035574,152801.0
46,845,Validação,163.0,145.0,21.0,64.0,52.76,-21.0,6.976812909011315,-0.8962434308187852,141566.0
46,850,Validação,158.0,153.0,29.0,64.0,50.5,-29.0,6.692212958783834,-0.9991885073942757,129707.0
46,855,Validação,153.0,153.0,20.0,55.0,48.12,-20.0,7.391777008740105,-1.2977350430072427,118454.0
46,860,Validação,148.0,153.0,20.0,55.0,46.12,-20.0,7.955591025903014,-1.499469030135274,109454.0
46,865,Validação,143.0,153.0,20.0,55.0,44.12,-20.0,7.986314825361941,-1.3731712541728307,100454.0
46,870,Validação,138.0,153.0,20.0,55.0,42.12,-20.0,7.490511004066464,-0.780317293201577,91454.0
46,875,Validação,133.0,153.0,20.0,55.0,40.12,-20.0,6.345945194229407,0.5754885357000457,82454.0
46,880,Validação,128.0,153.0,9.0,44.0,38.12,-9.0,4.033735292277275,-1.7790264907879305,73454.0
46,885,Validação,123.0,153.0,8.0,43.0,37.24,-8.0,3.628458940888582,-1.0213504728132423,69986.0
46,890,Validação,118.0,156.0,11.0,43.0,36.26,-11.0,3.2689635129471246,0.7779735641212495,66263.0
46,895,Validação,113.0,156.0,11.0,43.0,35.16,-11.0,2.5821996634731432,5.062056067342221,62138.0
46,900,Validação,108.0,156.0,3.0,35.0,34.22,-3.0,1.3292624930803565,-0.7586145884018265,58637.0
46,905,Validação,103.0,156.0,3.0,35.0,33.92,-3.0,1.4546196641551834,-1.7081763445626443,57632.0
46,910,Validação,98.0,157.0,4.0,35.0,33.6,-4.0,1.5386185163241435,-1.9843453525438295,56564.0
46,915,Validação,93.0,158.0,5.0,35.0,33.1,-5.0,1.7985254731448825,-1.4288277133328655,54939.0
46,920,Validação,88.0,158.0,5.0,35.0,32.6,-5.0,1.8952141659173714,-1.3504456435730623,53314.0
46,925,Validação,83.0,158.0,5.0,35.0,32.1,-5.0,1.8543935693924531,-0.9652308101008247,51689.0
46,930,Validação,78.0,158.0,5.0,35.0,31.6,-5.0,1.6659862556700853,0.002874687108883389,50064.0
46,935,Validação,73.0,158.0,5.0,35.0,31.1,-5.0,1.265717510476382,1.4244857371970507,48439.0
46,940,Validação,68.0,158.0,2.0,32.0,30.78,-2.0,0.9749934589000893,-1.8348332346543008,47417.0
46,945,Validação,63.0,158.0,2.0,32.0,30.58,-2.0,0.9055385138137415,-1.1030668168643194,46797.0
46,950,Validação,58.0,158.0,2.0,32.0,30.38,-2.0,0.7795864942652725,0.7397397585388932,46177.0
46,955,Validação,53.0,163.0,7.0,32.0,29.76,-7.0,1.5979578804696648,6.515346100306161,44408.0
46,960,Validação,48.0,164.0,6.0,30.0,28.98,-6.0,2.208425424854291,1.1590706707497969,42231.0
46,965,Validação,43.0,164.0,6.0,30.0,28.38,-6.0,2.6333031945231284,-0.9438432624774507,40611.0
46,970,Validação,38.0,164.0,6.0,30.0,27.78,-6.0,2.8734534438333172,-1.772122788469367,38991.0
46,975,Validação,33.0,164.0,6.0,30.0,27.18,-6.0,2.9739686945087977,-2.0546967650126837,37371.0
46,980,Validação,28.0,174.0,16.0,30.0,25.58,-16.0,4.811084141048138,1.0290547656643811,33851.0
46,985,Validação,23.0,174.0,16.0,30.0,23.96,-16.0,5.714142855357101,-0.503407864960157,30304.0
46,990,Validação,18.0,174.0,16.0,30.0,22.32,-16.0,6.095967218295275,-1.209550594608976,26730.0
46,995,Validação,13.0,174.0,16.0,30.0,20.72,-16.0,5.966026264420493,-1.4947463176485873,23210.0
46,1000,Validação,8.0,174.0,16.0,30.0,19.1,-16.0,5.388006333041745,-1.8351467194049826,19663.0
46,1005,Validação,3.0,175.0,11.0,24.0,17.9,-11.0,5.039638794960756,-1.8926388355844344,17265.0
47,50,Teste,401.0,9.0,9.0,189.0,180.18,-9.0,1.2727922061357828,49.99999999999986,1623321.0
47,55,Teste,396.0,9.0,0.0,180.0,180.0,0.0,0.0,0.0,1620000.0
47,60,Teste,391.0,9.0,0.0,180.0,180.0,0.0,0.0,0.0,1620000.0
47,65,Teste,386.0,27.0,18.0,180.0,178.2,-18.0,5.454823740581937,5.791962174940872,1589220.0
47,70,Teste,381.0,27.0,18.0,180.0,176.4,-18.0,7.273098320775918,0.40724734042553745,1558440.0
47,75,Teste,376.0,27.0,18.0,180.0,174.6,-18.0,8.332380897952962,-1.2411347517730524,1527660.0
47,80,Teste,371.0,27.0,18.0,180.0,172.8,-18.0,8.907689867497085,-1.90048758865248,1496880.0
47,85,Teste,366.0,35.0,26.0,180.0,170.5,-26.0,9.790144982353949,-1.7854050377690414,1458209.0
47,90,Teste,361.0,35.0,26.0,180.0,167.9,-26.0,10.369204798983635,-1.6644162155050737,1414789.0
47,95,Teste,356.0,35.0,26.0,180.0,165.3,-26.0,10.266350821186338,-1.2791245671123848,1371369.0
47,100,Teste,351.0,35.0,26.0,180.0,162.7,-26.0,9.459365297774188,-0.3059776684915416,1327949.0
47,105,Teste,346.0,35.0,26.0,180.0,160.1,-26.0,7.730802424227972,2.0861091708417954,1284529.0
47,110,Teste,341.0,35.0,8.0,162.0,157.5,-8.0,4.031761654762881,-2.0157115436290534,1241109.0
47,115,Teste,336.0,35.0,8.0,162.0,156.7,-8.0,3.845219666769937,-1.5782219898376346,1228469.0
47,120,Teste,331.0,44.0,17.0,162.0,155.54,-17.0,4.071854614300464,0.6520906214392985,1210447.0
47,125,Teste,326.0,44.0,17.0,162.0,153.84,-17.0,4.550667141043325,0.7760060517051475,1184352.0
47,130,Teste,321.0,44.0,17.0,162.0,152.14,-17.0,4.351917241109874,0.055495420837373466,1158257.0
47,135,Teste,316.0,44.0,9.0,154.0,150.94,-9.0,4.306663086285659,-1.5796260477111561,1140053.0
47,140,Teste,311.0,44.0,9.0,154.0,150.04,-9.0,4.512838827801663,-2.0203699226305627,1126598.0
47,145,Teste,306.0,57.0,22.0,154.0,148.88,-22.0,5.1095748455268595,0.28911491668897904,1109542.0
47,150,Teste,301.0,57.0,22.0,154.0,146.68,-22.0,6.897026866109537,0.1767445036889339,1078082.0
47,155,Teste,296.0,57.0,22.0,154.0,144.48,-22.0,7.691076196555626,-0.7296780324265226,1046622.0
47,160,Teste,291.0,57.0,22.0,154.0,142.28,-22.0,7.801203465504802,-1.1310012548614243,1015162.0
47,165,Teste,286.0,57.0,22.0,154.0,140.08,-22.0,7.258605027054133,-1.3864312502016636,983702.0
47,170,Teste,281.0,57.0,13.0,145.0,138.24,-13.0,6.560736643557832,-2.0780056601200227,957624.0
47,175,Teste,276.0,57.0,13.0,145.0,136.94,-13.0,6.374086569214185,-1.8142903587038972,939619.0
47,180,Teste,271.0,57.0,13.0,145.0,135.64,-13.0,5.896245778943943,-1.021350472813228,921614.0
47,185,Teste,266.0,66.0,22.0,145.0,133.62,-22.0,5.913975147125345,0.6179040723157323,894429.0
47,190,Teste,261.0,66.0,22.0,145.0,131.42,-22.0,5.3226125240930955,2.0173513953588644,864949.0
47,195,Teste,256.0,66.0,9.0,132.0,129.48,-9.0,4.082016308499655,-1.0213504728132499,839070.0
47,200,Teste,251.0,66.0,9.0,132.0,128.58,-9.0,4.412829163302131,-1.8142903587038908,827595.0
47,205,Teste,246.0,66.0,9.0,132.0,127.68,-9.0,4.542048445540035,-2.0780056601200214,816120.0
47,210,Teste,241.0,66.0,9.0,132.0,126.78,-9.0,4.487124437129611,-1.9686965028124241,804645.0
47,215,Teste,236.0,84.0,27.0,132.0,125.52,-27.0,5.1556982543391685,3.5601407064392196,789066.0
47,220,Teste,231.0,84.0,27.0,132.0,122.82,-27.0,7.604214728205213,1.520298689920648,757071.0
47,225,Teste,226.0,84.0,27.0,132.0,120.12,-27.0,8.613326172571316,-0.2729500891265584,725076.0
47,230,Teste,221.0,84.0,27.0,132.0,117.42,-27.0,8.699261052362026,-1.3484489509145354,693081.0
47,235,Teste,216.0,84.0,18.0,123.0,115.44,-18.0,8.974248874259215,-1.9686965028124235,670266.0
47,240,Teste,211.0,84.0,18.0,123.0,113.64,-18.0,9.084096891080076,-2.0780056601200223,649746.0
47,245,Teste,206.0,84.0,18.0,123.0,111.84,-18.0,8.825658326604268,-1.8142903587038983,629226.0
47,250,Teste,201.0,84.0,18.0,123.0,110.04,-18.0,8.164032616999311,-1.0213504728132432,608706.0
47,255,Teste,196.0,84.0,18.0,123.0,108.24,-18.0,6.985582820848873,0.9888715908435701,588186.0
47,260,Teste,191.0,99.0,33.0,123.0,106.14,-33.0,5.451118589569582,7.026123413488953,564741.0
47,265,Teste,186.0,99.0,15.0,105.0,103.2,-15.0,4.923910839889738,3.973746776273379,533700.0
47,270,Teste,181.0,99.0,15.0,105.0,101.7,-15.0,6.276779363947205,-0.06075484798888775,519075.0
47,275,Teste,176.0,99.0,15.0,105.0,100.2,-15.0,7.068181072487416,-1.42536569148936,504450.0
47,280,Teste,171.0,99.0,15.0,105.0,98.7,-15.0,7.4785407285493495,-1.9686965028124228,489825.0
47,285,Teste,166.0,99.0,15.0,105.0,97.2,-15.0,7.570080742566729,-2.078005660120022,475200.0
47,290,Teste,161.0,113.0,29.0,105.0,94.58,-29.0,9.046568861356514,-0.738707815740486,451279.0
47,295,Teste,156.0,113.0,29.0,105.0,91.7,-29.0,9.837973078114933,-0.8015988402327303,425187.0
47,300,Teste,151.0,113.0,29.0,105.0,88.8,-29.0,9.762485464725653,-0.6829876198307869,398942.0
47,305,Teste,146.0,112.0,28.0,105.0,85.92,-28.0,8.733795490705596,-0.3586184118722362,372850.0
47,310,Teste,141.0,113.0,14.0,90.0,83.32,-14.0,7.026015795540435,-2.074647127134026,349530.0
47,315,Teste,136.0,113.0,14.0,90.0,81.92,-14.0,6.948322363957317,-1.9671944534267054,337910.0
47,320,Teste,131.0,130.0,31.0,90.0,80.18,-31.0,7.218711513723719,-0.13722543571745494,323995.0
47,325,Teste,126.0,129.0,30.0,90.0,77.18,-30.0,8.639468048628068,0.29352418534751745,301495.0
47,330,Teste,121.0,129.0,30.0,90.0,74.18,-30.0,8.877143316934099,-0.09601471295498154,278995.0
47,335,Teste,116.0,129.0,30.0,90.0,71.18,-30.0,8.037387127464664,-0.9771242761279084,256495.0
47,340,Teste,111.0,129.0,16.0,77.0,69.3,-16.0,8.038808927919098,-1.9648549596045068,243291.0
47,345,Teste,106.0,129.0,16.0,77.0,67.68,-16.0,8.117604954916304,-2.075058685376847,232258.0
47,350,Teste,101.0,129.0,16.0,77.0,66.08,-16.0,7.889129695152608,-1.8110196568786123,221378.0
47,355,Teste,96.0,129.0,16.0,76.0,64.46,-16.0,7.27088125922259,-1.0218670150619409,210345.0
47,360,Teste,91.0,140.0,27.0,76.0,62.64,-27.0,6.51140287088264,0.9573127562703245,198266.0
47,365,Teste,86.0,140.0,27.0,76.0,59.94,-27.0,5.9775430076381095,3.16797347689705,181391.0
47,370,Teste,81.0,140.0,11.0,60.0,57.58,-11.0,4.602971533561283,-0.06075484798889308,166811.0
47,375,Teste,76.0,140.0,11.0,60.0,56.48,-11.0,5.183332786490773,-1.4253656914893642,160816.0
47,380,Teste,71.0,141.0,12.0,60.0,55.36,-12.0,5.509768690281667,-1.963817530206703,154724.0
47,385,Teste,66.0,140.0,11.0,60.0,54.26,-11.0,5.572563986869518,-2.075069339904617,148729.0
47,390,Teste,61.0,156.0,27.0,60.0,51.52,-27.0,8.241854358413896,0.5201687613596615,136044.0
47,395,Teste,56.0,156.0,27.0,60.0,48.8,-27.0,9.424241429983223,-0.5740877421239445,123424.0
47,400,Teste,51.0,157.0,28.0,60.0,46.06,-28.0,9.754977797859647,-1.083430456201857,110739.0
47,405,Teste,46.0,156.0,27.0,60.0,43.36,-27.0,9.235601037864956,-1.3269249926664775,98184.0
47,410,Teste,41.0,156.0,16.0,49.0,40.86,-16.0,8.189116719955896,-2.0774166382790633,86763.0
47,415,Teste,36.0,156.0,16.0,49.0,39.24,-16.0,8.016717227272077,-1.8948826768770377,80138.0
47,420,Teste,31.0,174.0,34.0,49.0,36.2,-34.0,9.689042833036103,-0.03123772171499839,70122.0
47,425,Teste,26.0,174.0,34.0,49.0,32.8,-34.0,10.546302185881,-0.2526982211899216,59242.0
47,430,Teste,21.0,174.0,34.0,49.0,29.42,-34.0,10.283908571657188,-0.41999838997043515,48459.0
47,435,Teste,16.0,174.0,18.0,33.0,26.02,-18.0,8.721285245107547,-1.8126916715199803,37579.0
47,440,Teste,11.0,174.0,18.0,33.0,24.26,-18.0,8.99162875985781,-2.0743219806926327,33389.0
47,445,Teste,6.0,174.0,18.0,33.0,22.48,-18.0,8.88300372070399,-1.963366292214874,29134.0
47,450,Teste,1.0,174.0,18.0,33.0,20.72,-18.0,8.425035577954318,-1.4203280227267217,24944.0
48,50,Validação,757.0,6.0,2.0,182.0,177.1,-2.0,2.620562332549162,-1.725417487114483,1568557.0
48,55,Validação,752.0,6.0,-5.0,180.0,177.34,5.0,2.4876019105367577,-1.7656016926859555,1572777.0
48,60,Validação,747.0,9.0,-3.0,180.0,177.84,3.0,2.367811354868647,-1.4690747345685846,1581628.0
48,65,Validação,742.0,7.0,-3.0,180.0,178.2,3.0,2.18529407725405,-0.7858561696532425,1587996.0
48,70,Validação,737.0,14.0,3.0,180.0,177.98,-3.0,2.6224307154132527,0.2331336746238759,1584181.0
48,75,Validação,732.0,14.0,3.0,180.0,177.66,-3.0,3.120766520178878,-0.35080697458874166,1578631.0
48,80,Validação,727.0,14.0,8.0,180.0,177.08,-8.0,3.4513528846952006,-1.2455595525382974,1568450.0
48,85,Validação,722.0,14.0,7.0,180.0,176.28,-7.0,3.608606492307872,-1.7837869658757926,1554370.0
48,90,Validação,717.0,14.0,5.0,180.0,175.54,-5.0,3.643333302213841,-1.8926621816145919,1541365.0
48,95,Validação,712.0,13.0,7.0,180.0,174.88,-7.0,3.5722284818486383,-1.6683427335910437,1529776.0
48,100,Validação,707.0,14.0,7.0,180.0,174.1,-7.0,3.240370349203929,-0.8866134382541482,1516055.0
48,105,Validação,702.0,14.0,8.0,180.0,173.46,-8.0,2.8799801586618154,0.8301904245206311,1504825.0
48,110,Validação,697.0,14.0,5.0,180.0,172.7,-5.0,2.0627898683133776,5.9273168026118555,1491473.0
48,115,Validação,692.0,14.0,0.0,174.0,172.04,0.0,0.449943307086389,8.52274181786493,1479898.0
48,120,Validação,687.0,14.0,0.0,173.0,171.98,0.0,0.3187987657774487,7.821545088325552,1478861.0
48,125,Validação,682.0,14.0,0.0,173.0,172.02,0.0,0.31879876577744864,7.82154508832555,1479549.0
48,130,Validação,677.0,22.0,8.0,173.0,171.54,-8.0,1.9505101373533968,12.285386363901566,1471485.0
48,135,Validação,672.0,21.0,7.0,173.0,170.78,-7.0,2.901723625709382,1.7091270540637824,1458703.0
48,140,Validação,667.0,21.0,7.0,173.0,170.06,-7.0,3.3770534191686057,-0.7004651066403929,1446579.0
48,145,Validação,662.0,21.0,7.0,173.0,169.3,-7.0,3.665893548673241,-1.6093763368873912,1433783.0
48,150,Validação,657.0,21.0,7.0,173.0,168.6,-7.0,3.752550153303913,-1.968234659266112,1421988.0
48,155,Validação,652.0,21.0,7.0,173.0,167.88,-7.0,3.6791747078131882,-1.9489032803851394,1409848.0
48,160,Validação,647.0,21.0,7.0,173.0,167.18,-7.0,3.5265176209133364,-1.534003083837339,1398067.0
48,165,Validação,642.0,21.0,6.0,173.0,166.48,-6.0,3.170270058669757,-0.43025570845731353,1386272.0
48,170,Validação,637.0,23.0,10.0,173.0,165.76,-10.0,2.6539150902247095,2.409668671883323,1374164.0
48,175,Validação,632.0,21.0,7.0,172.0,165.0,-7.0,1.5518257844571737,16.130897516609924,1361368.0
48,180,Validação,627.0,21.0,-1.0,165.0,164.78,1.0,0.5454823740581936,5.161652619551834,1357637.0
48,185,Validação,622.0,30.0,9.0,165.0,164.66,-9.0,1.3493762731464536,36.10551519218372,1355735.0
48,190,Validação,617.0,30.0,9.0,165.0,163.78,-9.0,2.943619873418386,3.5885412261038336,1341619.0
48,195,Validação,612.0,30.0,9.0,165.0,162.92,-9.0,3.735325027520964,-0.12393303008164347,1327830.0
48,200,Validação,607.0,30.0,9.0,165.0,162.02,-9.0,4.191780100167859,-1.4388126925427633,1313385.0
48,205,Validação,602.0,30.0,9.0,165.0,161.12,-9.0,4.419991688975474,-1.958807646170789,1298940.0
48,210,Validação,597.0,30.0,9.0,165.0,160.24,-9.0,4.474690731531859,-2.0528136838491786,1284824.0
48,215,Validação,592.0,30.0,9.0,165.0,159.34,-9.0,4.326520023090624,-1.76662410471401,1270379.0
48,220,Validação,587.0,30.0,9.0,165.0,158.48,-9.0,4.026645943092146,-0.9752883118493223,1256590.0
48,225,Validação,582.0,30.0,9.0,165.0,157.62,-9.0,3.492791410424435,0.9888715908435595,1242801.0
48,230,Validação,577.0,30.0,9.0,165.0,156.72,-9.0,2.4664276405608248,8.534487742830722,1228356.0
48,235,Validação,572.0,30.0,0.0,156.0,156.0,0.0,0.0,0.0,1216800.0
48,240,Validação,567.0,30.0,0.0,156.0,156.0,0.0,0.0,0.0,1216800.0
48,245,Validação,562.0,30.0,0.0,156.0,156.0,0.0,0.0,0.0,1216800.0
48,250,Validação,557.0,33.0,3.0,156.0,155.7,-3.0,0.9091372900969897,5.79196217494075,1212165.0
48,255,Validação,552.0,33.0,3.0,156.0,155.4,-3.0,1.2121830534626528,0.40724734042556276,1207530.0
48,260,Validação,547.0,33.0,3.0,156.0,155.1,-3.0,1.3887301496588274,-1.2411347517730658,1202895.0
48,265,Validação,542.0,33.0,3.0,156.0,154.8,-3.0,1.48461497791618,-1.9004875886524681,1198260.0
48,270,Validação,537.0,33.0,3.0,156.0,154.5,-3.0,1.5152288168283161,-2.085106382978723,1193625.0
48,275,Validação,532.0,33.0,3.0,156.0,154.2,-3.0,1.4846149779161797,-1.9004875886524681,1188990.0
48,280,Validação,527.0,33.0,3.0,156.0,153.9,-3.0,1.3887301496588287,-1.2411347517730655,1184355.0
48,285,Validação,522.0,33.0,3.0,156.0,153.6,-3.0,1.2121830534626539,0.40724734042556365,1179720.0
48,290,Validação,517.0,33.0,3.0,156.0,153.3,-3.0,0.909137290096988,5.791962174940748,1175085.0
48,295,Validação,512.0,33.0,0.0,153.0,153.0,0.0,0.0,0.0,1170450.0
48,300,Validação,507.0,33.0,0.0,153.0,153.0,0.0,0.0,0.0,1170450.0
48,305,Validação,502.0,33.0,0.0,153.0,153.0,0.0,0.0,0.0,1170450.0
48,310,Validação,497.0,36.0,3.0,153.0,152.7,-3.0,0.9091372900969897,5.79196217494075,1165905.0
48,315,Validação,492.0,36.0,3.0,153.0,152.4,-3.0,1.2121830534626528,0.40724734042556276,1161360.0
48,320,Validação,487.0,36.0,3.0,153.0,152.1,-3.0,1.3887301496588274,-1.2411347517730658,1156815.0
48,325,Validação,482.0,36.0,3.0,153.0,151.8,-3.0,1.48461497791618,-1.9004875886524681,1152270.0
48,330,Validação,477.0,36.0,3.0,153.0,151.5,-3.0,1.5152288168283161,-2.085106382978723,1147725.0
48,335,Validação,472.0,36.0,3.0,153.0,151.2,-3.0,1.4846149779161797,-1.9004875886524681,1143180.0
48,340,Validação,467.0,36.0,3.0,153.0,150.9,-3.0,1.3887301496588287,-1.2411347517730655,1138635.0
48,345,Validação,462.0,36.0,3.0,153.0,150.6,-3.0,1.2121830534626539,0.40724734042556365,1134090.0
48,350,Validação,457.0,36.0,3.0,153.0,150.3,-3.0,0.909137290096988,5.791962174940748,1129545.0
48,355,Validação,452.0,36.0,0.0,150.0,150.0,0.0,0.0,0.0,1125000.0
48,360,Validação,447.0,41.0,5.0,150.0,149.7,-5.0,1.1994896874104761,13.124339821940389,1120575.0
48,365,Validação,442.0,41.0,5.0,150.0,149.2,-5.0,1.8516401995451028,1.7259530141843467,1113200.0
48,370,Validação,437.0,41.0,5.0,150.0,148.7,-5.0,2.21543748846726,-0.7586145884018474,1105825.0
48,375,Validação,432.0,41.0,5.0,150.0,148.2,-5.0,2.424366106925306,-1.7081763445626603,1098450.0
48,380,Validação,427.0,41.0,5.0,150.0,147.7,-5.0,2.5172871695294425,-2.0565662795080035,1091075.0
48,385,Validação,422.0,53.0,17.0,150.0,146.48,-17.0,4.219681775408459,4.268857634489538,1073692.0
48,390,Validação,417.0,53.0,17.0,150.0,144.78,-17.0,5.6687111157904075,0.5305786917093229,1049637.0
48,395,Validação,412.0,53.0,17.0,150.0,143.08,-17.0,6.369057854909443,-0.9208658847856515,1025582.0
48,400,Validação,407.0,53.0,17.0,150.0,141.38,-17.0,6.564872506028442,-1.5570935958777443,1001527.0
48,405,Validação,402.0,53.0,17.0,150.0,139.68,-17.0,6.303351878005798,-1.899515741626924,977472.0
48,410,Validação,397.0,53.0,12.0,145.0,138.28,-12.0,6.017118437068886,-2.020369922630561,957842.0
48,415,Validação,392.0,66.0,25.0,145.0,136.56,-25.0,6.627586133667651,-0.30367747338323925,934584.0
48,420,Validação,387.0,66.0,25.0,145.0,134.06,-25.0,7.632930803633763,-0.1654272657050404,901459.0
48,425,Validação,382.0,66.0,25.0,145.0,131.56,-25.0,7.73584289564637,-0.34042486267797534,868334.0
48,430,Validação,377.0,66.0,25.0,145.0,129.06,-25.0,6.976374124025123,-0.7472377639559444,835209.0
48,435,Validação,372.0,66.0,13.0,133.0,127.28,-13.0,6.518544973491289,-2.0203699226305605,812092.0
48,440,Validação,367.0,75.0,22.0,133.0,125.62,-22.0,7.099554455695632,-1.5172231336618245,791489.0
48,445,Validação,362.0,75.0,22.0,133.0,123.42,-22.0,7.856077849898988,-1.2452410642340621,764649.0
48,450,Validação,357.0,75.0,22.0,133.0,121.22,-22.0,7.9469927568578385,-0.9875224324760241,737809.0
48,455,Validação,352.0,75.0,22.0,133.0,119.02,-22.0,7.396882961830638,-0.29603234845229576,710969.0
48,460,Validação,347.0,75.0,22.0,133.0,116.82,-22.0,6.032869151911193,0.8717755047124749,684129.0
48,465,Validação,342.0,75.0,9.0,120.0,115.14,-9.0,4.531116905152994,-2.0565662795080004,663867.0
48,470,Validação,337.0,87.0,21.0,120.0,113.52,-21.0,5.6649297057799926,0.531119840845188,645912.0
48,475,Validação,332.0,87.0,21.0,120.0,111.42,-21.0,6.694774081326422,-0.19786179544412574,622917.0
48,480,Validação,327.0,87.0,21.0,120.0,109.32,-21.0,6.9676804912805395,-0.7287441045844618,599922.0
48,485,Validação,322.0,87.0,21.0,120.0,107.22,-21.0,6.578536528525386,-1.1220694830889388,576927.0
48,490,Validação,317.0,87.0,12.0,111.0,105.48,-12.0,6.041489206870663,-2.056566279508,558090.0
48,495,Validação,312.0,87.0,12.0,111.0,104.28,-12.0,6.017118437068886,-2.020369922630561,545490.0
48,500,Validação,307.0,93.0,18.0,111.0,102.96,-18.0,5.890012300323247,-1.4918929902909956,531738.0
48,505,Validação,302.0,93.0,18.0,111.0,101.16,-18.0,5.908693007867689,-0.5470685117888516,513378.0
48,510,Validação,297.0,93.0,18.0,111.0,99.36,-18.0,5.340488397752643,0.9616927179070522,495018.0
48,515,Validação,292.0,93.0,18.0,111.0,97.56,-18.0,3.93912867191179,3.7353444075669664,476658.0
48,520,Validação,287.0,93.0,6.0,99.0,96.48,-6.0,2.9914162914197395,-1.9686965028124213,465858.0
48,525,Validação,282.0,108.0,21.0,99.0,95.28,-21.0,4.638085460046404,5.957656839964287,454968.0
48,530,Validação,277.0,108.0,21.0,99.0,93.18,-21.0,6.787413321128805,1.0840400610459318,436383.0
48,535,Validação,272.0,108.0,21.0,99.0,91.08,-21.0,7.850230725843645,-0.7227800336213956,417798.0
48,540,Validação,267.0,108.0,21.0,99.0,88.98,-21.0,8.257315865710993,-1.4855144439109034,399213.0
48,545,Validação,262.0,108.0,21.0,99.0,86.88,-21.0,8.108045890550033,-1.8222689000368941,380628.0
48,550,Validação,257.0,121.0,28.0,93.0,84.38,-28.0,8.424672221565439,-1.1297143344329381,359477.0
48,555,Validação,252.0,120.0,27.0,93.0,81.68,-27.0,9.509265084588801,-1.0566590618869949,338012.0
48,560,Validação,247.0,120.0,27.0,93.0,78.98,-27.0,9.746773406452755,-0.9881601704642655,316547.0
48,565,Validação,242.0,121.0,28.0,93.0,76.24,-28.0,9.25061498231444,-0.5522621686566689,294820.0
48,570,Validação,237.0,120.0,27.0,93.0,73.48,-27.0,7.820016180368461,0.07115427324156887,272962.0
48,575,Validação,232.0,121.0,13.0,78.0,71.3,-13.0,6.257240703735936,-2.044661457044536,256103.0
48,580,Validação,227.0,120.0,12.0,78.0,70.06,-12.0,6.028537576072859,-1.7043956800698734,247201.0
48,585,Validação,222.0,129.0,21.0,78.0,68.14,-21.0,6.356773665041994,-0.562923190773692,234133.0
48,590,Validação,217.0,129.0,21.0,78.0,66.04,-21.0,6.217027309850631,0.2629909075543644,219958.0
48,595,Validação,212.0,129.0,21.0,78.0,63.94,-21.0,5.281504114765576,1.256812790274326,205783.0
48,600,Validação,207.0,129.0,9.0,66.0,62.36,-9.0,4.255896270026385,-1.8056833706476474,195326.0
48,605,Validação,202.0,129.0,9.0,66.0,61.46,-9.0,4.343468002151541,-2.052363576656963,189791.0
48,610,Validação,197.0,131.0,11.0,66.0,60.56,-11.0,4.257813945187919,-1.9062154679519534,184264.0
48,615,Validação,192.0,131.0,11.0,66.0,59.56,-11.0,4.13131396798171,-1.3703175255417774,178206.0
48,620,Validação,187.0,131.0,10.0,66.0,58.56,-10.0,3.7912896949481936,-0.16263144792708673,172168.0
48,625,Validação,182.0,129.0,8.0,66.0,57.62,-8.0,3.1356410665060452,3.0570173460173136,166485.0
48,630,Validação,177.0,130.0,10.0,66.0,56.68,-10.0,1.634325673837154,21.60887653448485,160762.0
48,635,Validação,172.0,131.0,2.0,59.0,56.32,-2.0,0.9987747595970594,-0.7262361759063443,158646.0
48,640,Validação,167.0,138.0,9.0,59.0,55.84,-9.0,1.9098028533792457,10.174068288195917,156084.0
48,645,Validação,162.0,138.0,9.0,59.0,54.94,-9.0,2.9925758476739794,1.6556615161815804,151359.0
48,650,Validação,157.0,138.0,9.0,59.0,54.04,-9.0,3.5511423858947087,-0.6215726691859835,146634.0
48,655,Validação,152.0,138.0,9.0,59.0,53.14,-9.0,3.822650005065138,-1.514224119293717,141909.0
48,660,Validação,147.0,138.0,9.0,57.0,52.24,-9.0,3.8468646125044192,-1.9251556833102037,137176.0
48,665,Validação,142.0,144.0,13.0,57.0,51.16,-13.0,4.334766900495649,-1.2442018504035681,131788.0
48,670,Validação,137.0,143.0,12.0,57.0,49.86,-12.0,4.798001284548664,-1.1332434273380283,125429.0
48,675,Validação,132.0,142.0,13.0,57.0,48.58,-13.0,4.742728053320696,-0.9262342081660382,119103.0
48,680,Validação,127.0,144.0,13.0,56.0,47.24,-13.0,4.259730757037234,-0.3970976922830727,112470.0
48,685,Validação,122.0,143.0,12.0,55.0,45.96,-12.0,3.522290534899827,0.38765668350320626,106224.0
48,690,Validação,117.0,143.0,5.0,48.0,45.06,-5.0,2.6909523388190886,-1.9169479257801245,101875.0
48,695,Validação,112.0,154.0,16.0,48.0,43.94,-16.0,3.8354415971173337,2.5404268560346335,97257.0
48,700,Validação,107.0,153.0,15.0,48.0,42.4,-15.0,4.8739206026377095,0.32170736445940884,91052.0
48,705,Validação,102.0,154.0,16.0,48.0,40.86,-16.0,5.287683031038709,-0.8211516028182979,84847.0
48,710,Validação,97.0,153.0,15.0,48.0,39.34,-15.0,5.2005101790544535,-1.5053815486785491,78707.0
48,715,Validação,92.0,153.0,10.0,44.0,38.16,-10.0,5.092451396379722,-1.9945408455153746,74080.0
48,720,Validação,87.0,159.0,16.0,44.0,36.96,-16.0,5.435934855671292,-1.6602089483084022,69750.0
48,725,Validação,82.0,159.0,16.0,44.0,35.36,-16.0,5.77029691875663,-1.2782912886733468,64148.0
48,730,Validação,77.0,159.0,15.0,44.0,33.78,-15.0,5.672310115007492,-0.7440548449990616,58631.0
48,735,Validação,72.0,159.0,15.0,44.0,32.24,-15.0,5.1806547533559275,0.4949420328915144,53286.0
48,740,Validação,67.0,159.0,17.0,44.0,30.56,-17.0,3.892221442197505,2.3160901132444778,47438.0
48,745,Validação,62.0,171.0,17.0,33.0,28.86,-17.0,4.571473214067735,2.9729257268161735,42669.0
48,750,Validação,57.0,171.0,17.0,33.0,27.1,-17.0,5.990638956074788,0.2238557794055298,38479.0
48,755,Validação,52.0,171.0,18.0,33.0,25.34,-18.0,6.674991401049264,-0.9784363495816253,34289.0
48,760,Validação,47.0,171.0,18.0,33.0,23.56,-18.0,6.821813751279265,-1.484847266117002,30034.0
48,765,Validação,42.0,171.0,17.0,33.0,21.76,-17.0,6.450945192570697,-1.7575698815641212,25714.0
48,770,Validação,37.0,171.0,12.0,27.0,20.22,-12.0,5.953184707638869,-2.0121531741428687,22179.0
48,775,Validação,32.0,174.0,15.0,27.0,18.82,-15.0,5.847343719282164,-1.546158156650446,19385.0
48,780,Validação,27.0,173.0,14.0,27.0,17.46,-14.0,5.338386211856424,-0.4772153087648787,16639.0
48,785,Validação,22.0,172.0,12.0,27.0,16.1,-12.0,4.367084676466509,2.313631687380968,13895.0
48,790,Validação,17.0,172.0,13.0,27.0,14.76,-13.0,2.7297304942848406,15.606753995567946,11258.0
48,795,Validação,12.0,172.0,1.0,15.0,14.1,-1.0,1.0738068841694934,-0.9302882812929587,9997.0
48,800,Validação,7.0,173.0,2.0,15.0,13.9,-2.0,1.0926470386270253,-1.281086071593436,9719.0
48,805,Validação,2.0,173.0,2.0,15.0,13.7,-2.0,1.0738068841694943,-1.3133769784867948,9441.0
