1;3592
1;3592
1;3591
1;3591
1;3590
1;3590
1;3589
1;3589
1;3588
1;3588
1;3587
1;3587
1;3586
1;3586
1;3585
1;3585
1;3584
1;3584
1;3583
1;3583
1;3582
1;3582
1;3581
1;3581
1;3580
1;3580
1;3579
1;3579
1;3578
1;3578
1;3577
1;3577
1;3576
1;3576
1;3575
1;3575
1;3574
1;3574
1;3573
1;3573
1;3572
1;3572
1;3571
1;3571
1;3570
1;3570
1;3569
1;3569
1;3568
1;3568
1;3567
1;3567
1;3566
1;3566
1;3565
1;3565
1;3564
1;3564
1;3563
1;3563
1;3562
1;3562
1;3561
1;3561
1;3560
1;3560
1;3559
1;3559
1;3558
1;3558
1;3557
1;3557
1;3556
1;3556
1;3555
1;3555
1;3554
1;3554
1;3553
1;3553
1;3552
1;3552
1;3551
1;3551
1;3550
1;3550
1;3549
1;3549
1;3548
1;3548
1;3547
1;3547
1;3546
1;3546
1;3545
1;3545
1;3544
1;3544
1;3543
1;3543
1;3542
1;3542
1;3541
1;3541
1;3540
1;3540
1;3539
1;3539
1;3538
1;3538
1;3537
1;3537
1;3536
1;3536
1;3535
1;3535
1;3534
1;3534
1;3533
1;3533
1;3532
1;3532
1;3531
1;3531
1;3530
1;3530
1;3529
1;3529
1;3528
1;3528
1;3527
1;3527
1;3526
1;3526
1;3525
1;3525
1;3524
1;3524
1;3523
1;3523
1;3522
1;3522
1;3521
1;3521
1;3520
1;3520
1;3519
1;3519
1;3518
1;3518
1;3517
1;3517
1;3516
1;3516
1;3515
1;3515
1;3514
1;3514
1;3513
1;3513
1;3512
1;3512
1;3511
1;3511
1;3510
1;3510
1;3509
1;3509
1;3508
1;3508
1;3507
1;3507
1;3506
1;3506
1;3505
1;3505
1;3504
1;3504
1;3503
1;3503
1;3502
1;3502
1;3501
1;3501
1;3500
1;3500
1;3499
1;3499
1;3498
1;3498
1;3497
1;3497
1;3496
1;3496
1;3495
1;3495
1;3494
1;3494
1;3493
1;3493
1;3492
1;3492
1;3491
1;3491
1;3490
1;3490
1;3489
1;3489
1;3488
1;3488
1;3487
1;3487
1;3486
1;3486
1;3485
1;3485
1;3484
1;3484
1;3483
1;3483
1;3482
1;3482
1;3481
1;3481
1;3480
1;3480
1;3479
1;3479
1;3478
1;3478
1;3477
1;3477
1;3476
1;3476
1;3475
1;3475
1;3474
1;3474
1;3473
1;3473
1;3472
1;3472
1;3471
1;3471
1;3470
1;3470
1;3469
1;3469
1;3468
1;3468
1;3467
1;3467
1;3466
1;3466
1;3465
1;3465
1;3464
1;3464
1;3463
1;3463
1;3462
1;3462
1;3461
1;3461
1;3460
1;3460
1;3459
1;3459
1;3458
1;3458
1;3457
1;3457
1;3456
1;3456
1;3455
1;3455
1;3454
1;3454
1;3453
1;3453
1;3452
1;3452
1;3451
1;3451
1;3450
1;3450
1;3449
1;3449
1;3448
1;3448
1;3447
1;3447
1;3446
1;3446
1;3445
1;3445
1;3444
1;3444
1;3443
1;3443
1;3442
1;3442
1;3441
1;3441
1;3440
1;3440
1;3439
1;3439
1;3438
1;3438
1;3437
1;3437
1;3436
1;3436
1;3435
1;3435
1;3434
1;3434
1;3433
1;3433
1;3432
1;3432
1;3431
1;3431
1;3430
1;3430
1;3429
1;3429
1;3428
1;3428
1;3427
1;3427
1;3426
1;3426
1;3425
1;3425
1;3424
1;3424
1;3423
1;3423
1;3422
1;3422
1;3421
1;3421
1;3420
1;3420
1;3419
1;3419
1;3418
1;3418
1;3417
1;3417
1;3416
1;3416
1;3415
1;3415
1;3414
1;3414
1;3413
1;3413
1;3412
1;3412
1;3411
1;3411
1;3410
1;3410
1;3409
1;3409
1;3408
1;3408
1;3407
1;3407
1;3406
1;3406
1;3405
1;3405
1;3404
1;3404
1;3403
1;3403
1;3402
1;3402
1;3401
1;3401
1;3400
1;3400
1;3399
1;3399
1;3398
1;3398
1;3397
1;3397
1;3396
1;3396
1;3395
1;3395
1;3394
1;3394
1;3393
1;3393
1;3392
1;3392
1;3391
1;3391
1;3390
1;3390
1;3389
1;3389
1;3388
1;3388
1;3387
1;3387
1;3386
1;3386
1;3385
1;3385
1;3384
1;3384
1;3383
1;3383
1;3382
1;3382
1;3381
1;3381
1;3380
1;3380
1;3379
1;3379
1;3378
1;3378
1;3377
1;3377
1;3376
1;3376
1;3375
1;3375
1;3374
1;3374
1;3373
1;3373
1;3372
1;3372
1;3371
1;3371
1;3370
1;3370
1;3369
1;3369
1;3368
1;3368
1;3367
1;3367
1;3366
1;3366
1;3365
1;3365
1;3364
1;3364
1;3363
1;3363
1;3362
1;3362
1;3361
1;3361
1;3360
1;3360
1;3359
1;3359
1;3358
1;3358
1;3357
1;3357
1;3356
1;3356
1;3355
1;3355
1;3354
1;3354
1;3353
1;3353
1;3352
1;3352
1;3351
1;3351
1;3350
1;3350
1;3349
1;3349
1;3348
1;3348
1;3347
1;3347
1;3346
1;3346
1;3345
1;3345
1;3344
1;3344
1;3343
1;3343
1;3342
1;3342
1;3341
1;3341
1;3340
1;3340
1;3339
1;3339
1;3338
1;3338
1;3337
1;3337
1;3336
1;3336
1;3335
1;3335
1;3334
1;3334
1;3333
1;3333
1;3332
1;3332
1;3331
1;3331
1;3330
1;3330
1;3329
1;3329
1;3328
1;3328
1;3327
1;3327
1;3326
1;3326
1;3325
1;3325
1;3324
1;3324
1;3323
1;3323
1;3322
1;3322
1;3321
1;3321
1;3320
1;3320
1;3319
1;3319
1;3318
1;3318
1;3317
1;3317
1;3316
1;3316
1;3315
1;3315
1;3314
1;3314
1;3313
1;3313
1;3312
1;3312
1;3311
1;3311
1;3310
1;3310
1;3309
1;3309
1;3308
1;3308
1;3307
1;3307
1;3306
1;3306
1;3305
1;3305
1;3304
1;3304
1;3303
1;3303
1;3302
1;3302
1;3301
1;3301
1;3300
1;3300
1;3299
1;3299
1;3298
1;3298
1;3297
1;3297
1;3296
1;3296
1;3295
1;3295
1;3294
1;3294
1;3293
1;3293
1;3292
1;3292
1;3291
1;3291
1;3290
1;3290
1;3289
1;3289
1;3288
1;3288
1;3287
1;3287
1;3286
1;3286
1;3285
1;3285
1;3284
1;3284
1;3283
1;3283
1;3282
1;3282
1;3281
1;3281
1;3280
1;3280
1;3279
1;3279
1;3278
1;3278
1;3277
1;3277
1;3276
1;3276
1;3275
1;3275
1;3274
1;3274
1;3273
1;3273
1;3272
1;3272
1;3271
1;3271
1;3270
1;3270
1;3269
1;3269
1;3268
1;3268
1;3267
1;3267
1;3266
1;3266
1;3265
1;3265
1;3264
1;3264
1;3263
1;3263
1;3262
1;3262
1;3261
1;3261
1;3260
1;3260
1;3259
1;3259
1;3258
1;3258
1;3257
1;3257
1;3256
1;3256
1;3255
1;3255
1;3254
1;3254
1;3253
1;3253
1;3252
1;3252
1;3251
1;3251
1;3250
1;3250
1;3249
1;3249
1;3248
1;3248
1;3247
1;3247
1;3246
1;3246
1;3245
1;3245
1;3244
1;3244
1;3243
1;3243
1;3242
1;3242
1;3241
1;3241
1;3240
1;3240
1;3239
1;3239
1;3238
1;3238
1;3237
1;3237
1;3236
1;3236
1;3235
1;3235
1;3234
1;3234
1;3233
1;3233
1;3232
1;3232
1;3231
1;3231
1;3230
1;3230
1;3229
1;3229
1;3228
1;3228
1;3227
1;3227
1;3226
1;3226
1;3225
1;3225
1;3224
1;3224
1;3223
1;3223
1;3222
1;3222
1;3221
1;3221
1;3220
1;3220
1;3219
1;3219
1;3218
1;3218
1;3217
1;3217
1;3216
1;3216
1;3215
1;3215
1;3214
1;3214
1;3213
1;3213
1;3212
1;3212
1;3211
1;3211
1;3210
1;3210
1;3209
1;3209
1;3208
1;3208
1;3207
1;3207
1;3206
1;3206
1;3205
1;3205
1;3204
1;3204
1;3203
1;3203
1;3202
1;3202
1;3201
1;3201
1;3200
1;3200
1;3199
1;3199
1;3198
1;3198
1;3197
1;3197
1;3196
1;3196
1;3195
1;3195
1;3194
1;3194
1;3193
1;3193
1;3192
1;3192
1;3191
1;3191
1;3190
1;3190
1;3189
1;3189
1;3188
1;3188
1;3187
1;3187
1;3186
1;3186
1;3185
1;3185
1;3184
1;3184
1;3183
1;3183
1;3182
1;3182
1;3181
1;3181
1;3180
1;3180
1;3179
1;3179
1;3178
1;3178
1;3177
1;3177
1;3176
1;3176
1;3175
1;3175
1;3174
1;3174
1;3173
1;3173
1;3172
1;3172
1;3171
1;3171
1;3170
1;3170
1;3169
1;3169
1;3168
1;3168
1;3167
1;3167
1;3166
1;3166
1;3165
1;3165
1;3164
1;3164
1;3163
1;3163
1;3162
1;3162
1;3161
1;3161
1;3160
1;3160
1;3159
1;3159
1;3158
1;3158
1;3157
1;3157
1;3156
1;3156
1;3155
1;3155
1;3154
1;3154
1;3153
1;3153
1;3152
1;3152
1;3151
1;3151
1;3150
1;3150
1;3149
1;3149
1;3148
1;3148
1;3147
1;3147
1;3146
1;3146
1;3145
1;3145
1;3144
1;3144
1;3143
1;3143
1;3142
1;3142
1;3141
1;3141
1;3140
1;3140
1;3139
1;3139
1;3138
1;3138
1;3137
1;3137
1;3136
1;3136
1;3135
1;3135
1;3134
1;3134
1;3133
1;3133
1;3132
1;3132
1;3131
1;3131
1;3130
1;3130
1;3129
1;3129
1;3128
1;3128
1;3127
1;3127
1;3126
1;3126
1;3125
1;3125
1;3124
1;3124
1;3123
1;3123
1;3122
1;3122
1;3121
1;3121
1;3120
1;3120
1;3119
1;3119
1;3118
1;3118
1;3117
1;3117
1;3116
1;3116
1;3115
1;3115
1;3114
1;3114
1;3113
1;3113
1;3112
1;3112
1;3111
1;3111
1;3110
1;3110
1;3109
1;3109
1;3108
1;3108
1;3107
1;3107
1;3106
1;3106
1;3105
1;3105
1;3104
1;3104
1;3103
1;3103
1;3102
1;3102
1;3101
1;3101
1;3100
1;3100
1;3099
1;3099
1;3098
1;3098
1;3097
1;3097
1;3096
1;3096
1;3095
1;3095
1;3094
1;3094
1;3093
1;3093
1;3092
1;3092
1;3091
1;3091
1;3090
1;3090
1;3089
1;3089
1;3088
1;3088
1;3087
1;3087
1;3086
1;3086
1;3085
1;3085
1;3084
1;3084
1;3083
1;3083
1;3082
1;3082
1;3081
1;3081
1;3080
1;3080
1;3079
1;3079
1;3078
1;3078
1;3077
1;3077
1;3076
1;3076
1;3075
1;3075
1;3074
1;3074
1;3073
1;3073
1;3072
1;3072
1;3071
1;3071
1;3070
1;3070
1;3069
1;3069
1;3068
1;3068
1;3067
1;3067
1;3066
1;3066
1;3065
1;3065
1;3064
1;3064
1;3063
1;3063
1;3062
1;3062
1;3061
1;3061
1;3060
1;3060
1;3059
1;3059
1;3058
1;3058
1;3057
1;3057
1;3056
1;3056
1;3055
1;3055
1;3054
1;3054
1;3053
1;3053
1;3052
1;3052
1;3051
1;3051
1;3050
1;3050
1;3049
1;3049
1;3048
1;3048
1;3047
1;3047
1;3046
1;3046
1;3045
1;3045
1;3044
1;3044
1;3043
1;3043
1;3042
1;3042
1;3041
1;3041
1;3040
1;3040
1;3039
1;3039
1;3038
1;3038
1;3037
1;3037
1;3036
1;3036
1;3035
1;3035
1;3034
1;3034
1;3033
1;3033
1;3032
1;3032
1;3031
1;3031
1;3030
1;3030
1;3029
1;3029
1;3028
1;3028
1;3027
1;3027
1;3026
1;3026
1;3025
1;3025
1;3024
1;3024
1;3023
1;3023
1;3022
1;3022
1;3021
1;3021
1;3020
1;3020
1;3019
1;3019
1;3018
1;3018
1;3017
1;3017
1;3016
1;3016
1;3015
1;3015
1;3014
1;3014
1;3013
1;3013
1;3012
1;3012
1;3011
1;3011
1;3010
1;3010
1;3009
1;3009
1;3008
1;3008
1;3007
1;3007
1;3006
1;3006
1;3005
1;3005
1;3004
1;3004
1;3003
1;3003
1;3002
1;3002
1;3001
1;3001
1;3000
1;3000
1;2999
1;2999
1;2998
1;2998
1;2997
1;2997
1;2996
1;2996
1;2995
1;2995
1;2994
1;2994
1;2993
1;2993
1;2992
1;2992
1;2991
1;2991
1;2990
1;2990
1;2989
1;2989
1;2988
1;2988
1;2987
1;2987
1;2986
1;2986
1;2985
1;2985
1;2984
1;2984
1;2983
1;2983
1;2982
1;2982
1;2981
1;2981
1;2980
1;2980
1;2979
1;2979
1;2978
1;2978
1;2977
1;2977
1;2976
1;2976
1;2975
1;2975
1;2974
1;2974
1;2973
1;2973
1;2972
1;2972
1;2971
1;2971
1;2970
1;2970
1;2969
1;2969
1;2968
1;2968
1;2967
1;2967
1;2966
1;2966
1;2965
1;2965
1;2964
1;2964
1;2963
1;2963
1;2962
1;2962
1;2961
1;2961
1;2960
1;2960
1;2959
1;2959
1;2958
1;2958
1;2957
1;2957
1;2956
1;2956
1;2955
1;2955
1;2954
1;2954
1;2953
1;2953
1;2952
1;2952
1;2951
1;2951
1;2950
1;2950
1;2949
1;2949
1;2948
1;2948
1;2947
1;2947
1;2946
1;2946
1;2945
1;2945
1;2944
1;2944
1;2943
1;2943
1;2942
1;2942
1;2941
1;2941
1;2940
1;2940
1;2939
1;2939
1;2938
1;2938
1;2937
1;2937
1;2936
1;2936
1;2935
1;2935
1;2934
1;2934
1;2933
1;2933
1;2932
1;2932
1;2931
1;2931
1;2930
1;2930
1;2929
1;2929
1;2928
1;2928
1;2927
1;2927
1;2926
1;2926
1;2925
1;2925
1;2924
1;2924
1;2923
1;2923
1;2922
1;2922
1;2921
1;2921
1;2920
1;2920
1;2919
1;2919
1;2918
1;2918
1;2917
1;2917
1;2916
1;2916
1;2915
1;2915
1;2914
1;2914
1;2913
1;2913
1;2912
1;2912
1;2911
1;2911
1;2910
1;2910
1;2909
1;2909
1;2908
1;2908
1;2907
1;2907
1;2906
1;2906
1;2905
1;2905
1;2904
1;2904
1;2903
1;2903
1;2902
1;2902
1;2901
1;2901
1;2900
1;2900
1;2899
1;2899
1;2898
1;2898
1;2897
1;2897
1;2896
1;2896
1;2895
1;2895
1;2894
1;2894
1;2893
1;2893
1;2892
1;2892
1;2891
1;2891
1;2890
1;2890
1;2889
1;2889
1;2888
1;2888
1;2887
1;2887
1;2886
1;2886
1;2885
1;2885
1;2884
1;2884
1;2883
1;2883
1;2882
1;2882
1;2881
1;2881
1;2880
1;2880
1;2879
1;2879
1;2878
1;2878
1;2877
1;2877
1;2876
1;2876
1;2875
1;2875
1;2874
1;2874
1;2873
1;2873
1;2872
1;2872
1;2871
1;2871
1;2870
1;2870
1;2869
1;2869
1;2868
1;2868
1;2867
1;2867
1;2866
1;2866
1;2865
1;2865
1;2864
1;2864
1;2863
1;2863
1;2862
1;2862
1;2861
1;2861
1;2860
1;2860
1;2859
1;2859
1;2858
1;2858
1;2857
1;2857
1;2856
1;2856
1;2855
1;2855
1;2854
1;2854
1;2853
1;2853
1;2852
1;2852
1;2851
1;2851
1;2850
1;2850
1;2849
1;2849
1;2848
1;2848
1;2847
1;2847
1;2846
1;2846
1;2845
1;2845
1;2844
1;2844
1;2843
1;2843
1;2842
1;2842
1;2841
1;2841
1;2840
1;2840
1;2839
1;2839
1;2838
1;2838
1;2837
1;2837
1;2836
1;2836
1;2835
1;2835
1;2834
1;2834
1;2833
1;2833
1;2832
1;2832
1;2831
1;2831
1;2830
1;2830
1;2829
1;2829
1;2828
1;2828
1;2827
1;2827
1;2826
1;2826
1;2825
1;2825
1;2824
1;2824
1;2823
1;2823
1;2822
1;2822
1;2821
1;2821
1;2820
1;2820
1;2819
1;2819
1;2818
1;2818
1;2817
1;2817
1;2816
1;2816
1;2815
1;2815
1;2814
1;2814
1;2813
1;2813
1;2812
1;2812
1;2811
1;2811
1;2810
1;2810
1;2809
1;2809
1;2808
1;2808
1;2807
1;2807
1;2806
1;2806
1;2805
1;2805
1;2804
1;2804
1;2803
1;2803
1;2802
1;2802
1;2801
1;2801
1;2800
1;2800
1;2799
1;2799
1;2798
1;2798
1;2797
1;2797
1;2796
1;2796
1;2795
1;2795
1;2794
1;2794
1;2793
1;2793
1;2792
1;2792
1;2791
1;2791
1;2790
1;2790
1;2789
1;2789
1;2788
1;2788
1;2787
1;2787
1;2786
1;2786
1;2785
1;2785
1;2784
1;2784
1;2783
1;2783
1;2782
1;2782
1;2781
1;2781
1;2780
1;2780
1;2779
1;2779
1;2778
1;2778
1;2777
1;2777
1;2776
1;2776
1;2775
1;2775
1;2774
1;2774
1;2773
1;2773
1;2772
1;2772
1;2771
1;2771
1;2770
1;2770
1;2769
1;2769
1;2768
1;2768
1;2767
1;2767
1;2766
1;2766
1;2765
1;2765
1;2764
1;2764
1;2763
1;2763
1;2762
1;2762
1;2761
1;2761
1;2760
1;2760
1;2759
1;2759
1;2758
1;2758
1;2757
1;2757
1;2756
1;2756
1;2755
1;2755
1;2754
1;2754
1;2753
1;2753
1;2752
1;2752
1;2751
1;2751
1;2750
1;2750
1;2749
1;2749
1;2748
1;2748
1;2747
1;2747
1;2746
1;2746
1;2745
1;2745
1;2744
1;2744
1;2743
1;2743
1;2742
1;2742
1;2741
1;2741
1;2740
1;2740
1;2739
1;2739
1;2738
1;2738
1;2737
1;2737
1;2736
1;2736
1;2735
1;2735
1;2734
1;2734
1;2733
1;2733
1;2732
1;2732
1;2731
1;2731
1;2730
1;2730
1;2729
1;2729
1;2728
1;2728
1;2727
1;2727
1;2726
1;2726
1;2725
1;2725
1;2724
1;2724
1;2723
1;2723
1;2722
1;2722
1;2721
1;2721
1;2720
1;2720
1;2719
1;2719
1;2718
1;2718
1;2717
1;2717
1;2716
1;2716
1;2715
1;2715
1;2714
1;2714
1;2713
1;2713
1;2712
1;2712
1;2711
1;2711
1;2710
1;2710
1;2709
1;2709
1;2708
1;2708
1;2707
1;2707
1;2706
1;2706
1;2705
1;2705
1;2704
1;2704
1;2703
1;2703
1;2702
1;2702
1;2701
1;2701
1;2700
1;2700
1;2699
1;2699
1;2698
1;2698
1;2697
1;2697
1;2696
1;2696
1;2695
1;2695
1;2694
1;2694
1;2693
1;2693
1;2692
1;2692
1;2691
1;2691
1;2690
1;2690
1;2689
1;2689
1;2688
1;2688
1;2687
1;2687
1;2686
1;2686
1;2685
1;2685
1;2684
1;2684
1;2683
1;2683
1;2682
1;2682
1;2681
1;2681
1;2680
1;2680
1;2679
1;2679
1;2678
1;2678
1;2677
1;2677
1;2676
1;2676
1;2675
1;2675
1;2674
1;2674
1;2673
1;2673
1;2672
1;2672
1;2671
1;2671
1;2670
1;2670
1;2669
1;2669
1;2668
1;2668
1;2667
1;2667
1;2666
1;2666
1;2665
1;2665
1;2664
1;2664
1;2663
1;2663
1;2662
1;2662
1;2661
1;2661
1;2660
1;2660
1;2659
1;2659
1;2658
1;2658
1;2657
1;2657
1;2656
1;2656
1;2655
1;2655
1;2654
1;2654
1;2653
1;2653
1;2652
1;2652
1;2651
1;2651
1;2650
1;2650
1;2649
1;2649
1;2648
1;2648
1;2647
1;2647
1;2646
1;2646
1;2645
1;2645
1;2644
1;2644
1;2643
1;2643
1;2642
1;2642
1;2641
1;2641
1;2640
1;2640
1;2639
1;2639
1;2638
1;2638
1;2637
1;2637
1;2636
1;2636
1;2635
1;2635
1;2634
1;2634
1;2633
1;2633
1;2632
1;2632
1;2631
1;2631
1;2630
1;2630
1;2629
1;2629
1;2628
1;2628
1;2627
1;2627
1;2626
1;2626
1;2625
1;2625
1;2624
1;2624
1;2623
1;2623
1;2622
1;2622
1;2621
1;2621
1;2620
1;2620
1;2619
1;2619
1;2618
1;2618
1;2617
1;2617
1;2616
1;2616
1;2615
1;2615
1;2614
1;2614
1;2613
1;2613
1;2612
1;2612
1;2611
1;2611
1;2610
1;2610
1;2609
1;2609
1;2608
1;2608
1;2607
1;2607
1;2606
1;2606
1;2605
1;2605
1;2604
1;2604
1;2603
1;2603
1;2602
1;2602
1;2601
1;2601
1;2600
1;2600
1;2599
1;2599
1;2598
1;2598
1;2597
1;2597
1;2596
1;2596
1;2595
1;2595
1;2594
1;2594
1;2593
1;2593
1;2592
1;2592
1;2591
1;2591
1;2590
1;2590
1;2589
1;2589
1;2588
1;2588
1;2587
1;2587
1;2586
1;2586
1;2585
1;2585
1;2584
1;2584
1;2583
1;2583
1;2582
1;2582
1;2581
1;2581
1;2580
1;2580
1;2579
1;2579
1;2578
1;2578
1;2577
1;2577
1;2576
1;2576
1;2575
1;2575
1;2574
1;2574
1;2573
1;2573
1;2572
1;2572
1;2571
1;2571
1;2570
1;2570
1;2569
1;2569
1;2568
1;2568
1;2567
1;2567
1;2566
1;2566
1;2565
1;2565
1;2564
1;2564
1;2563
1;2563
1;2562
1;2562
1;2561
1;2561
1;2560
1;2560
1;2559
1;2559
1;2558
1;2558
1;2557
1;2557
1;2556
1;2556
1;2555
1;2555
1;2554
1;2554
1;2553
1;2553
1;2552
1;2552
1;2551
1;2551
1;2550
1;2550
1;2549
1;2549
1;2548
1;2548
1;2547
1;2547
1;2546
1;2546
1;2545
1;2545
1;2544
1;2544
1;2543
1;2543
1;2542
1;2542
1;2541
1;2541
1;2540
1;2540
1;2539
1;2539
1;2538
1;2538
1;2537
1;2537
1;2536
1;2536
1;2535
1;2535
1;2534
1;2534
1;2533
1;2533
1;2532
1;2532
1;2531
1;2531
1;2530
1;2530
1;2529
1;2529
1;2528
1;2528
1;2527
1;2527
1;2526
1;2526
1;2525
1;2525
1;2524
1;2524
1;2523
1;2523
1;2522
1;2522
1;2521
1;2521
1;2520
1;2520
1;2519
1;2519
1;2518
1;2518
1;2517
1;2517
1;2516
1;2516
1;2515
1;2515
1;2514
1;2514
1;2513
1;2513
1;2512
1;2512
1;2511
1;2511
1;2510
1;2510
1;2509
1;2509
1;2508
1;2508
1;2507
1;2507
1;2506
1;2506
1;2505
1;2505
1;2504
1;2504
1;2503
1;2503
1;2502
1;2502
1;2501
1;2501
1;2500
1;2500
1;2499
1;2499
1;2498
1;2498
1;2497
1;2497
1;2496
1;2496
1;2495
1;2495
1;2494
1;2494
1;2493
1;2493
1;2492
1;2492
1;2491
1;2491
1;2490
1;2490
1;2489
1;2489
1;2488
1;2488
1;2487
1;2487
1;2486
1;2486
1;2485
1;2485
1;2484
1;2484
1;2483
1;2483
1;2482
1;2482
1;2481
1;2481
1;2480
1;2480
1;2479
1;2479
1;2478
1;2478
1;2477
1;2477
1;2476
1;2476
1;2475
1;2475
1;2474
1;2474
1;2473
1;2473
1;2472
1;2472
1;2471
1;2471
1;2470
1;2470
1;2469
1;2469
1;2468
1;2468
1;2467
1;2467
1;2466
1;2466
1;2465
1;2465
1;2464
1;2464
1;2463
1;2463
1;2462
1;2462
1;2461
1;2461
1;2460
1;2460
1;2459
1;2459
1;2458
1;2458
1;2457
1;2457
1;2456
1;2456
1;2455
1;2455
1;2454
1;2454
1;2453
1;2453
1;2452
1;2452
1;2451
1;2451
1;2450
1;2450
1;2449
1;2449
1;2448
1;2448
1;2447
1;2447
1;2446
1;2446
1;2445
1;2445
1;2444
1;2444
1;2443
1;2443
1;2442
1;2442
1;2441
1;2441
1;2440
1;2440
1;2439
1;2439
1;2438
1;2438
1;2437
1;2437
1;2436
1;2436
1;2435
1;2435
1;2434
1;2434
1;2433
1;2433
1;2432
1;2432
1;2431
1;2431
1;2430
1;2430
1;2429
1;2429
1;2428
1;2428
1;2427
1;2427
1;2426
1;2426
1;2425
1;2425
1;2424
1;2424
1;2423
1;2423
1;2422
1;2422
1;2421
1;2421
1;2420
1;2420
1;2419
1;2419
1;2418
1;2418
1;2417
1;2417
1;2416
1;2416
1;2415
1;2415
1;2414
1;2414
1;2413
1;2413
1;2412
1;2412
1;2411
1;2411
1;2410
1;2410
1;2409
1;2409
1;2408
1;2408
1;2407
1;2407
1;2406
1;2406
1;2405
1;2405
1;2404
1;2404
1;2403
1;2403
1;2402
1;2402
1;2401
1;2401
1;2400
1;2400
1;2399
1;2399
1;2398
1;2398
1;2397
1;2397
1;2396
1;2396
1;2395
1;2395
1;2394
1;2394
1;2393
1;2393
1;2392
1;2392
1;2391
1;2391
1;2390
1;2390
1;2389
1;2389
1;2388
1;2388
1;2387
1;2387
1;2386
1;2386
1;2385
1;2385
1;2384
1;2384
1;2383
1;2383
1;2382
1;2382
1;2381
1;2381
1;2380
1;2380
1;2379
1;2379
1;2378
1;2378
1;2377
1;2377
1;2376
1;2376
1;2375
1;2375
1;2374
1;2374
1;2373
1;2373
1;2372
1;2372
1;2371
1;2371
1;2370
1;2370
1;2369
1;2369
1;2368
1;2368
1;2367
1;2367
1;2366
1;2366
1;2365
1;2365
1;2364
1;2364
1;2363
1;2363
1;2362
1;2362
1;2361
1;2361
1;2360
1;2360
1;2359
1;2359
1;2358
1;2358
1;2357
1;2357
1;2356
1;2356
1;2355
1;2355
1;2354
1;2354
1;2353
1;2353
1;2352
1;2352
1;2351
1;2351
1;2350
1;2350
1;2349
1;2349
1;2348
1;2348
1;2347
1;2347
1;2346
1;2346
1;2345
1;2345
1;2344
1;2344
1;2343
1;2343
1;2342
1;2342
1;2341
1;2341
1;2340
1;2340
1;2339
1;2339
1;2338
1;2338
1;2337
1;2337
1;2336
1;2336
1;2335
1;2335
1;2334
1;2334
1;2333
1;2333
1;2332
1;2332
1;2331
1;2331
1;2330
1;2330
1;2329
1;2329
1;2328
1;2328
1;2327
1;2327
1;2326
1;2326
1;2325
1;2325
1;2324
1;2324
1;2323
1;2323
1;2322
1;2322
1;2321
1;2321
1;2320
1;2320
1;2319
1;2319
1;2318
1;2318
1;2317
1;2317
1;2316
1;2316
1;2315
1;2315
1;2314
1;2314
1;2313
1;2313
1;2312
1;2312
1;2311
1;2311
1;2310
1;2310
1;2309
1;2309
1;2308
1;2308
1;2307
1;2307
1;2306
1;2306
1;2305
1;2305
1;2304
1;2304
1;2303
1;2303
1;2302
1;2302
1;2301
1;2301
1;2300
1;2300
1;2299
1;2299
1;2298
1;2298
1;2297
1;2297
1;2296
1;2296
1;2295
1;2295
1;2294
1;2294
1;2293
1;2293
1;2292
1;2292
1;2291
1;2291
1;2290
1;2290
1;2289
1;2289
1;2288
1;2288
1;2287
1;2287
1;2286
1;2286
1;2285
1;2285
1;2284
1;2284
1;2283
1;2283
1;2282
1;2282
1;2281
1;2281
1;2280
1;2280
1;2279
1;2279
1;2278
1;2278
1;2277
1;2277
1;2276
1;2276
1;2275
1;2275
1;2274
1;2274
1;2273
1;2273
1;2272
1;2272
1;2271
1;2271
1;2270
1;2270
1;2269
1;2269
1;2268
1;2268
1;2267
1;2267
1;2266
1;2266
1;2265
1;2265
1;2264
1;2264
1;2263
1;2263
1;2262
1;2262
1;2261
1;2261
1;2260
1;2260
1;2259
1;2259
1;2258
1;2258
1;2257
1;2257
1;2256
1;2256
1;2255
1;2255
1;2254
1;2254
1;2253
1;2253
1;2252
1;2252
1;2251
1;2251
1;2250
1;2250
1;2249
1;2249
1;2248
1;2248
1;2247
1;2247
1;2246
1;2246
1;2245
1;2245
1;2244
1;2244
1;2243
1;2243
1;2242
1;2242
1;2241
1;2241
1;2240
1;2240
1;2239
1;2239
1;2238
1;2238
1;2237
1;2237
1;2236
1;2236
1;2235
1;2235
1;2234
1;2234
1;2233
1;2233
1;2232
1;2232
1;2231
1;2231
1;2230
1;2230
1;2229
1;2229
1;2228
1;2228
1;2227
1;2227
1;2226
1;2226
1;2225
1;2225
1;2224
1;2224
1;2223
1;2223
1;2222
1;2222
1;2221
1;2221
1;2220
1;2220
1;2219
1;2219
1;2218
1;2218
1;2217
1;2217
1;2216
1;2216
1;2215
1;2215
1;2214
1;2214
1;2213
1;2213
1;2212
1;2212
1;2211
1;2211
1;2210
1;2210
1;2209
1;2209
1;2208
1;2208
1;2207
1;2207
1;2206
1;2206
1;2205
1;2205
1;2204
1;2204
1;2203
1;2203
1;2202
1;2202
1;2201
1;2201
1;2200
1;2200
1;2199
1;2199
1;2198
1;2198
1;2197
1;2197
1;2196
1;2196
1;2195
1;2195
1;2194
1;2194
1;2193
1;2193
1;2192
1;2192
1;2191
1;2191
1;2190
1;2190
1;2189
1;2189
1;2188
1;2188
1;2187
1;2187
1;2186
1;2186
1;2185
1;2185
1;2184
1;2184
1;2183
1;2183
1;2182
1;2182
1;2181
1;2181
1;2180
1;2180
1;2179
1;2179
1;2178
1;2178
1;2177
1;2177
1;2176
1;2176
1;2175
1;2175
1;2174
1;2174
1;2173
1;2173
1;2172
1;2172
1;2171
1;2171
1;2170
1;2170
1;2169
1;2169
1;2168
1;2168
1;2167
1;2167
1;2166
1;2166
1;2165
1;2165
1;2164
1;2164
1;2163
1;2163
1;2162
1;2162
1;2161
1;2161
1;2160
1;2160
1;2159
1;2159
1;2158
1;2158
1;2157
1;2157
1;2156
1;2156
1;2155
1;2155
1;2154
1;2154
1;2153
1;2153
1;2152
1;2152
1;2151
1;2151
1;2150
1;2150
1;2149
1;2149
1;2148
1;2148
1;2147
1;2147
1;2146
1;2146
1;2145
1;2145
1;2144
1;2144
1;2143
1;2143
1;2142
1;2142
1;2141
1;2141
1;2140
1;2140
1;2139
1;2139
1;2138
1;2138
1;2137
1;2137
1;2136
1;2136
1;2135
1;2135
1;2134
1;2134
1;2133
1;2133
1;2132
1;2132
1;2131
1;2131
1;2130
1;2130
1;2129
1;2129
1;2128
1;2128
1;2127
1;2127
1;2126
1;2126
1;2125
1;2125
1;2124
1;2124
1;2123
1;2123
1;2122
1;2122
1;2121
1;2121
1;2120
1;2120
1;2119
1;2119
1;2118
1;2118
1;2117
1;2117
1;2116
1;2116
1;2115
1;2115
1;2114
1;2114
1;2113
1;2113
1;2112
1;2112
1;2111
1;2111
1;2110
1;2110
1;2109
1;2109
1;2108
1;2108
1;2107
1;2107
1;2106
1;2106
1;2105
1;2105
1;2104
1;2104
1;2103
1;2103
1;2102
1;2102
1;2101
1;2101
1;2100
1;2100
1;2099
1;2099
1;2098
1;2098
1;2097
1;2097
1;2096
1;2096
1;2095
1;2095
1;2094
1;2094
1;2093
1;2093
1;2092
1;2092
1;2091
1;2091
1;2090
1;2090
1;2089
1;2089
1;2088
1;2088
1;2087
1;2087
1;2086
1;2086
1;2085
1;2085
1;2084
1;2084
1;2083
1;2083
1;2082
1;2082
1;2081
1;2081
1;2080
1;2080
1;2079
1;2079
1;2078
1;2078
1;2077
1;2077
1;2076
1;2076
1;2075
1;2075
1;2074
1;2074
1;2073
1;2073
1;2072
1;2072
1;2071
1;2071
1;2070
1;2070
1;2069
1;2069
1;2068
1;2068
1;2067
1;2067
1;2066
1;2066
1;2065
1;2065
1;2064
1;2064
1;2063
1;2063
1;2062
1;2062
1;2061
1;2061
1;2060
1;2060
1;2059
1;2059
1;2058
1;2058
1;2057
1;2057
1;2056
1;2056
1;2055
1;2055
1;2054
1;2054
1;2053
1;2053
1;2052
1;2052
1;2051
1;2051
1;2050
1;2050
1;2049
1;2049
1;2048
1;2048
1;2047
1;2047
1;2046
1;2046
1;2045
1;2045
1;2044
1;2044
1;2043
1;2043
1;2042
1;2042
1;2041
1;2041
1;2040
1;2040
1;2039
1;2039
1;2038
1;2038
1;2037
1;2037
1;2036
1;2036
1;2035
1;2035
1;2034
1;2034
1;2033
1;2033
1;2032
1;2032
1;2031
1;2031
1;2030
1;2030
1;2029
1;2029
1;2028
1;2028
1;2027
1;2027
1;2026
1;2026
1;2025
1;2025
1;2024
1;2024
1;2023
1;2023
1;2022
1;2022
1;2021
1;2021
1;2020
1;2020
1;2019
1;2019
1;2018
1;2018
1;2017
1;2017
1;2016
1;2016
1;2015
1;2015
1;2014
1;2014
1;2013
1;2013
1;2012
1;2012
1;2011
1;2011
1;2010
1;2010
1;2009
1;2009
1;2008
1;2008
1;2007
1;2007
1;2006
1;2006
1;2005
1;2005
1;2004
1;2004
1;2003
1;2003
1;2002
1;2002
1;2001
1;2001
1;2000
1;2000
1;1999
1;1999
1;1998
1;1998
1;1997
1;1997
1;1996
1;1996
1;1995
1;1995
1;1994
1;1994
1;1993
1;1993
1;1992
1;1992
1;1991
1;1991
1;1990
1;1990
1;1989
1;1989
1;1988
1;1988
1;1987
1;1987
1;1986
1;1986
1;1985
1;1985
1;1984
1;1984
1;1983
1;1983
1;1982
1;1982
1;1981
1;1981
1;1980
1;1980
1;1979
1;1979
1;1978
1;1978
1;1977
1;1977
1;1976
1;1976
1;1975
1;1975
1;1974
1;1974
1;1973
1;1973
1;1972
1;1972
1;1971
1;1971
1;1970
1;1970
1;1969
1;1969
1;1968
1;1968
1;1967
1;1967
1;1966
1;1966
1;1965
1;1965
1;1964
1;1964
1;1963
1;1963
1;1962
1;1962
1;1961
1;1961
1;1960
1;1960
1;1959
1;1959
1;1958
1;1958
1;1957
1;1957
1;1956
1;1956
1;1955
1;1955
1;1954
1;1954
1;1953
1;1953
1;1952
1;1952
1;1951
1;1951
1;1950
1;1950
1;1949
1;1949
1;1948
1;1948
1;1947
1;1947
1;1946
1;1946
1;1945
1;1945
1;1944
1;1944
1;1943
1;1943
1;1942
1;1942
1;1941
1;1941
1;1940
1;1940
1;1939
1;1939
1;1938
1;1938
1;1937
1;1937
1;1936
1;1936
1;1935
1;1935
1;1934
1;1934
1;1933
1;1933
1;1932
1;1932
1;1931
1;1931
1;1930
1;1930
1;1929
1;1929
1;1928
1;1928
1;1927
1;1927
1;1926
1;1926
1;1925
1;1925
1;1924
1;1924
1;1923
1;1923
1;1922
1;1922
1;1921
1;1921
1;1920
1;1920
1;1919
1;1919
1;1918
1;1918
1;1917
1;1917
1;1916
1;1916
1;1915
1;1915
1;1914
1;1914
1;1913
1;1913
1;1912
1;1912
1;1911
1;1911
1;1910
1;1910
1;1909
1;1909
1;1908
1;1908
1;1907
1;1907
1;1906
1;1906
1;1905
1;1905
1;1904
1;1904
1;1903
1;1903
1;1902
1;1902
1;1901
1;1901
1;1900
1;1900
1;1899
1;1899
1;1898
1;1898
1;1897
1;1897
1;1896
1;1896
1;1895
1;1895
1;1894
1;1894
1;1893
1;1893
1;1892
1;1892
1;1891
1;1891
1;1890
1;1890
1;1889
1;1889
1;1888
1;1888
1;1887
1;1887
1;1886
1;1886
1;1885
1;1885
1;1884
1;1884
1;1883
1;1883
1;1882
1;1882
1;1881
1;1881
1;1880
1;1880
1;1879
1;1879
1;1878
1;1878
1;1877
1;1877
1;1876
1;1876
1;1875
1;1875
1;1874
1;1874
1;1873
1;1873
1;1872
1;1872
1;1871
1;1871
1;1870
1;1870
1;1869
1;1869
1;1868
1;1868
1;1867
1;1867
1;1866
1;1866
1;1865
1;1865
1;1864
1;1864
1;1863
1;1863
1;1862
1;1862
1;1861
1;1861
1;1860
1;1860
1;1859
1;1859
1;1858
1;1858
1;1857
1;1857
1;1856
1;1856
1;1855
1;1855
1;1854
1;1854
1;1853
1;1853
1;1852
1;1852
1;1851
1;1851
1;1850
1;1850
1;1849
1;1849
1;1848
1;1848
1;1847
1;1847
1;1846
1;1846
1;1845
1;1845
1;1844
1;1844
1;1843
1;1843
1;1842
1;1842
1;1841
1;1841
1;1840
1;1840
1;1839
1;1839
1;1838
1;1838
1;1837
1;1837
1;1836
1;1836
1;1835
1;1835
1;1834
1;1834
1;1833
1;1833
1;1832
1;1832
1;1831
1;1831
1;1830
1;1830
1;1829
1;1829
1;1828
1;1828
1;1827
1;1827
1;1826
1;1826
1;1825
1;1825
1;1824
1;1824
1;1823
1;1823
1;1822
1;1822
1;1821
1;1821
1;1820
1;1820
1;1819
1;1819
1;1818
1;1818
1;1817
1;1817
1;1816
1;1816
1;1815
1;1815
1;1814
1;1814
1;1813
1;1813
1;1812
1;1812
1;1811
1;1811
1;1810
1;1810
1;1809
1;1809
1;1808
1;1808
1;1807
1;1807
1;1806
1;1806
1;1805
1;1805
1;1804
1;1804
1;1803
1;1803
1;1802
1;1802
1;1801
1;1801
1;1800
1;1800
1;1799
1;1799
1;1798
1;1798
1;1797
1;1797
1;1796
1;1796
1;1795
1;1795
1;1794
1;1794
1;1793
1;1793
1;1792
1;1792
1;1791
1;1791
1;1790
1;1790
1;1789
1;1789
1;1788
1;1788
1;1787
1;1787
1;1786
1;1786
1;1785
1;1785
1;1784
1;1784
1;1783
1;1783
1;1782
1;1782
1;1781
1;1781
1;1780
1;1780
1;1779
1;1779
1;1778
1;1778
1;1777
1;1777
1;1776
1;1776
1;1775
1;1775
1;1774
1;1774
1;1773
1;1773
1;1772
1;1772
1;1771
1;1771
1;1770
1;1770
1;1769
1;1769
1;1768
1;1768
1;1767
1;1767
1;1766
1;1766
1;1765
1;1765
1;1764
1;1764
1;1763
1;1763
1;1762
1;1762
1;1761
1;1761
1;1760
1;1760
1;1759
1;1759
1;1758
1;1758
1;1757
1;1757
1;1756
1;1756
1;1755
1;1755
1;1754
1;1754
1;1753
1;1753
1;1752
1;1752
1;1751
1;1751
1;1750
1;1750
1;1749
1;1749
1;1748
1;1748
1;1747
1;1747
1;1746
1;1746
1;1745
1;1745
1;1744
1;1744
1;1743
1;1743
1;1742
1;1742
1;1741
1;1741
1;1740
1;1740
1;1739
1;1739
1;1738
1;1738
1;1737
1;1737
1;1736
1;1736
1;1735
1;1735
1;1734
1;1734
1;1733
1;1733
1;1732
1;1732
1;1731
1;1731
1;1730
1;1730
1;1729
1;1729
1;1728
1;1728
1;1727
1;1727
1;1726
1;1726
1;1725
1;1725
1;1724
1;1724
1;1723
1;1723
1;1722
1;1722
1;1721
1;1721
1;1720
1;1720
1;1719
1;1719
1;1718
1;1718
1;1717
1;1717
1;1716
1;1716
1;1715
1;1715
1;1714
1;1714
1;1713
1;1713
1;1712
1;1712
1;1711
1;1711
1;1710
1;1710
1;1709
1;1709
1;1708
1;1708
1;1707
1;1707
1;1706
1;1706
1;1705
1;1705
1;1704
1;1704
1;1703
1;1703
1;1702
1;1702
1;1701
1;1701
1;1700
1;1700
1;1699
1;1699
1;1698
1;1698
1;1697
1;1697
1;1696
1;1696
1;1695
1;1695
1;1694
1;1694
1;1693
1;1693
1;1692
1;1692
1;1691
1;1691
1;1690
1;1690
1;1689
1;1689
1;1688
1;1688
1;1687
1;1687
1;1686
1;1686
1;1685
1;1685
1;1684
1;1684
1;1683
1;1683
1;1682
1;1682
1;1681
1;1681
1;1680
1;1680
1;1679
1;1679
1;1678
1;1678
1;1677
1;1677
1;1676
1;1676
1;1675
1;1675
1;1674
1;1674
1;1673
1;1673
1;1672
1;1672
1;1671
1;1671
1;1670
1;1670
1;1669
1;1669
1;1668
1;1668
1;1667
1;1667
1;1666
1;1666
1;1665
1;1665
1;1664
1;1664
1;1663
1;1663
1;1662
1;1662
1;1661
1;1661
1;1660
1;1660
1;1659
1;1659
1;1658
1;1658
1;1657
1;1657
1;1656
1;1656
1;1655
1;1655
1;1654
1;1654
1;1653
1;1653
1;1652
1;1652
1;1651
1;1651
1;1650
1;1650
1;1649
1;1649
1;1648
1;1648
1;1647
1;1647
1;1646
1;1646
1;1645
1;1645
1;1644
1;1644
1;1643
1;1643
1;1642
1;1642
1;1641
1;1641
1;1640
1;1640
1;1639
1;1639
1;1638
1;1638
1;1637
1;1637
1;1636
1;1636
1;1635
1;1635
1;1634
1;1634
1;1633
1;1633
1;1632
1;1632
1;1631
1;1631
1;1630
1;1630
1;1629
1;1629
1;1628
1;1628
1;1627
1;1627
1;1626
1;1626
1;1625
1;1625
1;1624
1;1624
1;1623
1;1623
1;1622
1;1622
1;1621
1;1621
1;1620
1;1620
1;1619
1;1619
1;1618
1;1618
1;1617
1;1617
1;1616
1;1616
1;1615
1;1615
1;1614
1;1614
1;1613
1;1613
1;1612
1;1612
1;1611
1;1611
1;1610
1;1610
1;1609
1;1609
1;1608
1;1608
1;1607
1;1607
1;1606
1;1606
1;1605
1;1605
1;1604
1;1604
1;1603
1;1603
1;1602
1;1602
1;1601
1;1601
1;1600
1;1600
1;1599
1;1599
1;1598
1;1598
1;1597
1;1597
1;1596
1;1596
1;1595
1;1595
1;1594
1;1594
1;1593
1;1593
1;1592
1;1592
1;1591
1;1591
1;1590
1;1590
1;1589
1;1589
1;1588
1;1588
1;1587
1;1587
1;1586
1;1586
1;1585
1;1585
1;1584
1;1584
1;1583
1;1583
1;1582
1;1582
1;1581
1;1581
1;1580
1;1580
1;1579
1;1579
1;1578
1;1578
1;1577
1;1577
1;1576
1;1576
1;1575
1;1575
1;1574
1;1574
1;1573
1;1573
1;1572
1;1572
1;1571
1;1571
1;1570
1;1570
1;1569
1;1569
1;1568
1;1568
1;1567
1;1567
1;1566
1;1566
1;1565
1;1565
1;1564
1;1564
1;1563
1;1563
1;1562
1;1562
1;1561
1;1561
1;1560
1;1560
1;1559
1;1559
1;1558
1;1558
1;1557
1;1557
1;1556
1;1556
1;1555
1;1555
1;1554
1;1554
1;1553
1;1553
1;1552
1;1552
1;1551
1;1551
1;1550
1;1550
1;1549
1;1549
1;1548
1;1548
1;1547
1;1547
1;1546
1;1546
1;1545
1;1545
1;1544
1;1544
1;1543
1;1543
1;1542
1;1542
1;1541
1;1541
1;1540
1;1540
1;1539
1;1539
1;1538
1;1538
1;1537
1;1537
1;1536
1;1536
1;1535
1;1535
1;1534
1;1534
1;1533
1;1533
1;1532
1;1532
1;1531
1;1531
1;1530
1;1530
1;1529
1;1529
1;1528
1;1528
1;1527
1;1527
1;1526
1;1526
1;1525
1;1525
1;1524
1;1524
1;1523
1;1523
1;1522
1;1522
1;1521
1;1521
1;1520
1;1520
1;1519
1;1519
1;1518
1;1518
1;1517
1;1517
1;1516
1;1516
1;1515
1;1515
1;1514
1;1514
1;1513
1;1513
1;1512
1;1512
1;1511
1;1511
1;1510
1;1510
1;1509
1;1509
1;1508
1;1508
1;1507
1;1507
1;1506
1;1506
1;1505
1;1505
1;1504
1;1504
1;1503
1;1503
1;1502
1;1502
1;1501
1;1501
1;1500
1;1500
1;1499
1;1499
1;1498
1;1498
1;1497
1;1497
1;1496
1;1496
1;1495
1;1495
1;1494
1;1494
1;1493
1;1493
1;1492
1;1492
1;1491
1;1491
1;1490
1;1490
1;1489
1;1489
1;1488
1;1488
1;1487
1;1487
1;1486
1;1486
1;1485
1;1485
1;1484
1;1484
1;1483
1;1483
1;1482
1;1482
1;1481
1;1481
1;1480
1;1480
1;1479
1;1479
1;1478
1;1478
1;1477
1;1477
1;1476
1;1476
1;1475
1;1475
1;1474
1;1474
1;1473
1;1473
1;1472
1;1472
1;1471
1;1471
1;1470
1;1470
1;1469
1;1469
1;1468
1;1468
1;1467
1;1467
1;1466
1;1466
1;1465
1;1465
1;1464
1;1464
1;1463
1;1463
1;1462
1;1462
1;1461
1;1461
1;1460
1;1460
1;1459
1;1459
1;1458
1;1458
1;1457
1;1457
1;1456
1;1456
1;1455
1;1455
1;1454
1;1454
1;1453
1;1453
1;1452
1;1452
1;1451
1;1451
1;1450
1;1450
1;1449
1;1449
1;1448
1;1448
1;1447
1;1447
1;1446
1;1446
1;1445
1;1445
1;1444
1;1444
1;1443
1;1443
1;1442
1;1442
1;1441
1;1441
1;1440
1;1440
1;1439
1;1439
1;1438
1;1438
1;1437
1;1437
1;1436
1;1436
1;1435
1;1435
1;1434
1;1434
1;1433
1;1433
1;1432
1;1432
1;1431
1;1431
1;1430
1;1430
1;1429
1;1429
1;1428
1;1428
1;1427
1;1427
1;1426
1;1426
1;1425
1;1425
1;1424
1;1424
1;1423
1;1423
1;1422
1;1422
1;1421
1;1421
1;1420
1;1420
1;1419
1;1419
1;1418
1;1418
1;1417
1;1417
1;1416
1;1416
1;1415
1;1415
1;1414
1;1414
1;1413
1;1413
1;1412
1;1412
1;1411
1;1411
1;1410
1;1410
1;1409
1;1409
1;1408
1;1408
1;1407
1;1407
1;1406
1;1406
1;1405
1;1405
1;1404
1;1404
1;1403
1;1403
1;1402
1;1402
1;1401
1;1401
1;1400
1;1400
1;1399
1;1399
1;1398
1;1398
1;1397
1;1397
1;1396
1;1396
1;1395
1;1395
1;1394
1;1394
1;1393
1;1393
1;1392
1;1392
1;1391
1;1391
1;1390
1;1390
1;1389
1;1389
1;1388
1;1388
1;1387
1;1387
1;1386
1;1386
1;1385
1;1385
1;1384
1;1384
1;1383
1;1383
1;1382
1;1382
1;1381
1;1381
1;1380
1;1380
1;1379
1;1379
1;1378
1;1378
1;1377
1;1377
1;1376
1;1376
1;1375
1;1375
1;1374
1;1374
1;1373
1;1373
1;1372
1;1372
1;1371
1;1371
1;1370
1;1370
1;1369
1;1369
1;1368
1;1368
1;1367
1;1367
1;1366
1;1366
1;1365
1;1365
1;1364
1;1364
1;1363
1;1363
1;1362
1;1362
1;1361
1;1361
1;1360
1;1360
1;1359
1;1359
1;1358
1;1358
1;1357
1;1357
1;1356
1;1356
1;1355
1;1355
1;1354
1;1354
1;1353
1;1353
1;1352
1;1352
1;1351
1;1351
1;1350
1;1350
1;1349
1;1349
1;1348
1;1348
1;1347
1;1347
1;1346
1;1346
1;1345
1;1345
1;1344
1;1344
1;1343
1;1343
1;1342
1;1342
1;1341
1;1341
1;1340
1;1340
1;1339
1;1339
1;1338
1;1338
1;1337
1;1337
1;1336
1;1336
1;1335
1;1335
1;1334
1;1334
1;1333
1;1333
1;1332
1;1332
1;1331
1;1331
1;1330
1;1330
1;1329
1;1329
1;1328
1;1328
1;1327
1;1327
1;1326
1;1326
1;1325
1;1325
1;1324
1;1324
1;1323
1;1323
1;1322
1;1322
1;1321
1;1321
1;1320
1;1320
1;1319
1;1319
1;1318
1;1318
1;1317
1;1317
1;1316
1;1316
1;1315
1;1315
1;1314
1;1314
1;1313
1;1313
1;1312
1;1312
1;1311
1;1311
1;1310
1;1310
1;1309
1;1309
1;1308
1;1308
1;1307
1;1307
1;1306
1;1306
1;1305
1;1305
1;1304
1;1304
1;1303
1;1303
1;1302
1;1302
1;1301
1;1301
1;1300
1;1300
1;1299
1;1299
1;1298
1;1298
1;1297
1;1297
1;1296
1;1296
1;1295
1;1295
1;1294
1;1294
1;1293
1;1293
1;1292
1;1292
1;1291
1;1291
1;1290
1;1290
1;1289
1;1289
1;1288
1;1288
1;1287
1;1287
1;1286
1;1286
1;1285
1;1285
1;1284
1;1284
1;1283
1;1283
1;1282
1;1282
1;1281
1;1281
1;1280
1;1280
1;1279
1;1279
1;1278
1;1278
1;1277
1;1277
1;1276
1;1276
1;1275
1;1275
1;1274
1;1274
1;1273
1;1273
1;1272
1;1272
1;1271
1;1271
1;1270
1;1270
1;1269
1;1269
1;1268
1;1268
1;1267
1;1267
1;1266
1;1266
1;1265
1;1265
1;1264
1;1264
1;1263
1;1263
1;1262
1;1262
1;1261
1;1261
1;1260
1;1260
1;1259
1;1259
1;1258
1;1258
1;1257
1;1257
1;1256
1;1256
1;1255
1;1255
1;1254
1;1254
1;1253
1;1253
1;1252
1;1252
1;1251
1;1251
1;1250
1;1250
1;1249
1;1249
1;1248
1;1248
1;1247
1;1247
1;1246
1;1246
1;1245
1;1245
1;1244
1;1244
1;1243
1;1243
1;1242
1;1242
1;1241
1;1241
1;1240
1;1240
1;1239
1;1239
1;1238
1;1238
1;1237
1;1237
1;1236
1;1236
1;1235
1;1235
1;1234
1;1234
1;1233
1;1233
1;1232
1;1232
1;1231
1;1231
1;1230
1;1230
1;1229
1;1229
1;1228
1;1228
1;1227
1;1227
1;1226
1;1226
1;1225
1;1225
1;1224
1;1224
1;1223
1;1223
1;1222
1;1222
1;1221
1;1221
1;1220
1;1220
1;1219
1;1219
1;1218
1;1218
1;1217
1;1217
1;1216
1;1216
1;1215
1;1215
1;1214
1;1214
1;1213
1;1213
1;1212
1;1212
1;1211
1;1211
1;1210
1;1210
1;1209
1;1209
1;1208
1;1208
1;1207
1;1207
1;1206
1;1206
1;1205
1;1205
1;1204
1;1204
1;1203
1;1203
1;1202
1;1202
1;1201
1;1201
1;1200
1;1200
1;1199
1;1199
1;1198
1;1198
1;1197
1;1197
1;1196
1;1196
1;1195
1;1195
1;1194
1;1194
1;1193
1;1193
1;1192
1;1192
1;1191
1;1191
1;1190
1;1190
1;1189
1;1189
1;1188
1;1188
1;1187
1;1187
1;1186
1;1186
1;1185
1;1185
1;1184
1;1184
1;1183
1;1183
1;1182
1;1182
1;1181
1;1181
1;1180
1;1180
1;1179
1;1179
1;1178
1;1178
1;1177
1;1177
1;1176
1;1176
1;1175
1;1175
1;1174
1;1174
1;1173
1;1173
1;1172
1;1172
1;1171
1;1171
1;1170
1;1170
1;1169
1;1169
1;1168
1;1168
1;1167
1;1167
1;1166
1;1166
1;1165
1;1165
1;1164
1;1164
1;1163
1;1163
1;1162
1;1162
1;1161
1;1161
1;1160
1;1160
1;1159
1;1159
1;1158
1;1158
1;1157
1;1157
1;1156
1;1156
1;1155
1;1155
1;1154
1;1154
1;1153
1;1153
1;1152
1;1152
1;1151
1;1151
1;1150
1;1150
1;1149
1;1149
1;1148
1;1148
1;1147
1;1147
1;1146
1;1146
1;1145
1;1145
1;1144
1;1144
1;1143
1;1143
1;1142
1;1142
1;1141
1;1141
1;1140
1;1140
1;1139
1;1139
1;1138
1;1138
1;1137
1;1137
1;1136
1;1136
1;1135
1;1135
1;1134
1;1134
1;1133
1;1133
1;1132
1;1132
1;1131
1;1131
1;1130
1;1130
1;1129
1;1129
1;1128
1;1128
1;1127
1;1127
1;1126
1;1126
1;1125
1;1125
1;1124
1;1124
1;1123
1;1123
1;1122
1;1122
1;1121
1;1121
1;1120
1;1120
1;1119
1;1119
1;1118
1;1118
1;1117
1;1117
1;1116
1;1116
1;1115
1;1115
1;1114
1;1114
1;1113
1;1113
1;1112
1;1112
1;1111
1;1111
1;1110
1;1110
1;1109
1;1109
1;1108
1;1108
1;1107
1;1107
1;1106
1;1106
1;1105
1;1105
1;1104
1;1104
1;1103
1;1103
1;1102
1;1102
1;1101
1;1101
1;1100
1;1100
1;1099
1;1099
1;1098
1;1098
1;1097
1;1097
1;1096
1;1096
1;1095
1;1095
1;1094
1;1094
1;1093
1;1093
1;1092
1;1092
1;1091
1;1091
1;1090
1;1090
1;1089
1;1089
1;1088
1;1088
1;1087
1;1087
1;1086
1;1086
1;1085
1;1085
1;1084
1;1084
1;1083
1;1083
1;1082
1;1082
1;1081
1;1081
1;1080
1;1080
1;1079
1;1079
1;1078
1;1078
1;1077
1;1077
1;1076
1;1076
1;1075
1;1075
1;1074
1;1074
1;1073
1;1073
1;1072
1;1072
1;1071
1;1071
1;1070
1;1070
1;1069
1;1069
1;1068
1;1068
1;1067
1;1067
1;1066
1;1066
1;1065
1;1065
1;1064
1;1064
1;1063
1;1063
1;1062
1;1062
1;1061
1;1061
1;1060
1;1060
1;1059
1;1059
1;1058
1;1058
1;1057
1;1057
1;1056
1;1056
1;1055
1;1055
1;1054
1;1054
1;1053
1;1053
1;1052
1;1052
1;1051
1;1051
1;1050
1;1050
1;1049
1;1049
1;1048
1;1048
1;1047
1;1047
1;1046
1;1046
1;1045
1;1045
1;1044
1;1044
1;1043
1;1043
1;1042
1;1042
1;1041
1;1041
1;1040
1;1040
1;1039
1;1039
1;1038
1;1038
1;1037
1;1037
1;1036
1;1036
1;1035
1;1035
1;1034
1;1034
1;1033
1;1033
1;1032
1;1032
1;1031
1;1031
1;1030
1;1030
1;1029
1;1029
1;1028
1;1028
1;1027
1;1027
1;1026
1;1026
1;1025
1;1025
1;1024
1;1024
1;1023
1;1023
1;1022
1;1022
1;1021
1;1021
1;1020
1;1020
1;1019
1;1019
1;1018
1;1018
1;1017
1;1017
1;1016
1;1016
1;1015
1;1015
1;1014
1;1014
1;1013
1;1013
1;1012
1;1012
1;1011
1;1011
1;1010
1;1010
1;1009
1;1009
1;1008
1;1008
1;1007
1;1007
1;1006
1;1006
1;1005
1;1005
1;1004
1;1004
1;1003
1;1003
1;1002
1;1002
1;1001
1;1001
1;1000
1;1000
1;999
1;999
1;998
1;998
1;997
1;997
1;996
1;996
1;995
1;995
1;994
1;994
1;993
1;993
1;992
1;992
1;991
1;991
1;990
1;990
1;989
1;989
1;988
1;988
1;987
1;987
1;986
1;986
1;985
1;985
1;984
1;984
1;983
1;983
1;982
1;982
1;981
1;981
1;980
1;980
1;979
1;979
1;978
1;978
1;977
1;977
1;976
1;976
1;975
1;975
1;974
1;974
1;973
1;973
1;972
1;972
1;971
1;971
1;970
1;970
1;969
1;969
1;968
1;968
1;967
1;967
1;966
1;966
1;965
1;965
1;964
1;964
1;963
1;963
1;962
1;962
1;961
1;961
1;960
1;960
1;959
1;959
1;958
1;958
1;957
1;957
1;956
1;956
1;955
1;955
1;954
1;954
1;953
1;953
1;952
1;952
1;951
1;951
1;950
1;950
1;949
1;949
1;948
1;948
1;947
1;947
1;946
1;946
1;945
1;945
1;944
1;944
1;943
1;943
1;942
1;942
1;941
1;941
1;940
1;940
1;939
1;939
1;938
1;938
1;937
1;937
1;936
1;936
1;935
1;935
1;934
1;934
1;933
1;933
1;932
1;932
1;931
1;931
1;930
1;930
1;929
1;929
1;928
1;928
1;927
1;927
1;926
1;926
1;925
1;925
1;924
1;924
1;923
1;923
1;922
1;922
1;921
1;921
1;920
1;920
1;919
1;919
1;918
1;918
1;917
1;917
1;916
1;916
1;915
1;915
1;914
1;914
1;913
1;913
1;912
1;912
1;911
1;911
1;910
1;910
1;909
1;909
1;908
1;908
1;907
1;907
1;906
1;906
1;905
1;905
1;904
1;904
1;903
1;903
1;902
1;902
1;901
1;901
1;900
1;900
1;899
1;899
1;898
1;898
1;897
1;897
1;896
1;896
1;895
1;895
1;894
1;894
1;893
1;893
1;892
1;892
1;891
1;891
1;890
1;890
1;889
1;889
1;888
1;888
1;887
1;887
1;886
1;886
1;885
1;885
1;884
1;884
1;883
1;883
1;882
1;882
1;881
1;881
1;880
1;880
1;879
1;879
1;878
1;878
1;877
1;877
1;876
1;876
1;875
1;875
1;874
1;874
1;873
1;873
1;872
1;872
1;871
1;871
1;870
1;870
1;869
1;869
1;868
1;868
1;867
1;867
1;866
1;866
1;865
1;865
1;864
1;864
1;863
1;863
1;862
1;862
1;861
1;861
1;860
1;860
1;859
1;859
1;858
1;858
1;857
1;857
1;856
1;856
1;855
1;855
1;854
1;854
1;853
1;853
1;852
1;852
1;851
1;851
1;850
1;850
1;849
1;849
1;848
1;848
1;847
1;847
1;846
1;846
1;845
1;845
1;844
1;844
1;843
1;843
1;842
1;842
1;841
1;841
1;840
1;840
1;839
1;839
1;838
1;838
1;837
1;837
1;836
1;836
1;835
1;835
1;834
1;834
1;833
1;833
1;832
1;832
1;831
1;831
1;830
1;830
1;829
1;829
1;828
1;828
1;827
1;827
1;826
1;826
1;825
1;825
1;824
1;824
1;823
1;823
1;822
1;822
1;821
1;821
1;820
1;820
1;819
1;819
1;818
1;818
1;817
1;817
1;816
1;816
1;815
1;815
1;814
1;814
1;813
1;813
1;812
1;812
1;811
1;811
1;810
1;810
1;809
1;809
1;808
1;808
1;807
1;807
1;806
1;806
1;805
1;805
1;804
1;804
1;803
1;803
1;802
1;802
1;801
1;801
1;800
1;800
1;799
1;799
1;798
1;798
1;797
1;797
1;796
1;796
1;795
1;795
1;794
1;794
1;793
1;793
1;792
1;792
1;791
1;791
1;790
1;790
1;789
1;789
1;788
1;788
1;787
1;787
1;786
1;786
1;785
1;785
1;784
1;784
1;783
1;783
1;782
1;782
1;781
1;781
1;780
1;780
1;779
1;779
1;778
1;778
1;777
1;777
1;776
1;776
1;775
1;775
1;774
1;774
1;773
1;773
1;772
1;772
1;771
1;771
1;770
1;770
1;769
1;769
1;768
1;768
1;767
1;767
1;766
1;766
1;765
1;765
1;764
1;764
1;763
1;763
1;762
1;762
1;761
1;761
1;760
1;760
1;759
1;759
1;758
1;758
1;757
1;757
1;756
1;756
1;755
1;755
1;754
1;754
1;753
1;753
1;752
1;752
1;751
1;751
1;750
1;750
1;749
1;749
1;748
1;748
1;747
1;747
1;746
1;746
1;745
1;745
1;744
1;744
1;743
1;743
1;742
1;742
1;741
1;741
1;740
1;740
1;739
1;739
1;738
1;738
1;737
1;737
1;736
1;736
1;735
1;735
1;734
1;734
1;733
1;733
1;732
1;732
1;731
1;731
1;730
1;730
1;729
1;729
1;728
1;728
1;727
1;727
1;726
1;726
1;725
1;725
1;724
1;724
1;723
1;723
1;722
1;722
1;721
1;721
1;720
1;720
1;719
1;719
1;718
1;718
1;717
1;717
1;716
1;716
1;715
1;715
1;714
1;714
1;713
1;713
1;712
1;712
1;711
1;711
1;710
1;710
1;709
1;709
1;708
1;708
1;707
1;707
1;706
1;706
1;705
1;705
1;704
1;704
1;703
1;703
1;702
1;702
1;701
1;701
1;700
1;700
1;699
1;699
1;698
1;698
1;697
1;697
1;696
1;696
1;695
1;695
1;694
1;694
1;693
1;693
1;692
1;692
1;691
1;691
1;690
1;690
1;689
1;689
1;688
1;688
1;687
1;687
1;686
1;686
1;685
1;685
1;684
1;684
1;683
1;683
1;682
1;682
1;681
1;681
1;680
1;680
1;679
1;679
1;678
1;678
1;677
1;677
1;676
1;676
1;675
1;675
1;674
1;674
1;673
1;673
1;672
1;672
1;671
1;671
1;670
1;670
1;669
1;669
1;668
1;668
1;667
1;667
1;666
1;666
1;665
1;665
1;664
1;664
1;663
1;663
1;662
1;662
1;661
1;661
1;660
1;660
1;659
1;659
1;658
1;658
1;657
1;657
1;656
1;656
1;655
1;655
1;654
1;654
1;653
1;653
1;652
1;652
1;651
1;651
1;650
1;650
1;649
1;649
1;648
1;648
1;647
1;647
1;646
1;646
1;645
1;645
1;644
1;644
1;643
1;643
1;642
1;642
1;641
1;641
1;640
1;640
1;639
1;639
1;638
1;638
1;637
1;637
1;636
1;636
1;635
1;635
1;634
1;634
1;633
1;633
1;632
1;632
1;631
1;631
1;630
1;630
1;629
1;629
1;628
1;628
1;627
1;627
1;626
1;626
1;625
1;625
1;624
1;624
1;623
1;623
1;622
1;622
1;621
1;621
1;620
1;620
1;619
1;619
1;618
1;618
1;617
1;617
1;616
1;616
1;615
1;615
1;614
1;614
1;613
1;613
1;612
1;612
1;611
1;611
1;610
1;610
1;609
1;609
1;608
1;608
1;607
1;607
1;606
1;606
1;605
1;605
1;604
1;604
1;603
1;603
1;602
1;602
1;601
1;601
1;600
1;600
1;599
1;599
1;598
1;598
1;597
1;597
1;596
1;596
1;595
1;595
1;594
1;594
1;593
1;593
1;592
1;592
1;591
1;591
1;590
1;590
1;589
1;589
1;588
1;588
1;587
1;587
1;586
1;586
1;585
1;585
1;584
1;584
1;583
1;583
1;582
1;582
1;581
1;581
1;580
1;580
1;579
1;579
1;578
1;578
1;577
1;577
1;576
1;576
1;575
1;575
1;574
1;574
1;573
1;573
1;572
1;572
1;571
1;571
1;570
1;570
1;569
1;569
1;568
1;568
1;567
1;567
1;566
1;566
1;565
1;565
1;564
1;564
1;563
1;563
1;562
1;562
1;561
1;561
1;560
1;560
1;559
1;559
1;558
1;558
1;557
1;557
1;556
1;556
1;555
1;555
1;554
1;554
1;553
1;553
1;552
1;552
1;551
1;551
1;550
1;550
1;549
1;549
1;548
1;548
1;547
1;547
1;546
1;546
1;545
1;545
1;544
1;544
1;543
1;543
1;542
1;542
1;541
1;541
1;540
1;540
1;539
1;539
1;538
1;538
1;537
1;537
1;536
1;536
1;535
1;535
1;534
1;534
1;533
1;533
1;532
1;532
1;531
1;531
1;530
1;530
1;529
1;529
1;528
1;528
1;527
1;527
1;526
1;526
1;525
1;525
1;524
1;524
1;523
1;523
1;522
1;522
1;521
1;521
1;520
1;520
1;519
1;519
1;518
1;518
1;517
1;517
1;516
1;516
1;515
1;515
1;514
1;514
1;513
1;513
1;512
1;512
1;511
1;511
1;510
1;510
1;509
1;509
1;508
1;508
1;507
1;507
1;506
1;506
1;505
1;505
1;504
1;504
1;503
1;503
1;502
1;502
1;501
1;501
1;500
1;500
1;499
1;499
1;498
1;498
1;497
1;497
1;496
1;496
1;495
1;495
1;494
1;494
1;493
1;493
1;492
1;492
1;491
1;491
1;490
1;490
1;489
1;489
1;488
1;488
1;487
1;487
1;486
1;486
1;485
1;485
1;484
1;484
1;483
1;483
1;482
1;482
1;481
1;481
1;480
1;480
1;479
1;479
1;478
1;478
1;477
1;477
1;476
1;476
1;475
1;475
1;474
1;474
1;473
1;473
1;472
1;472
1;471
1;471
1;470
1;470
1;469
1;469
1;468
1;468
1;467
1;467
1;466
1;466
1;465
1;465
1;464
1;464
1;463
1;463
1;462
1;462
1;461
1;461
1;460
1;460
1;459
1;459
1;458
1;458
1;457
1;457
1;456
1;456
1;455
1;455
1;454
1;454
1;453
1;453
1;452
1;452
1;451
1;451
1;450
1;450
1;449
1;449
1;448
1;448
1;447
1;447
1;446
1;446
1;445
1;445
1;444
1;444
1;443
1;443
1;442
1;442
1;441
1;441
1;440
1;440
1;439
1;439
1;438
1;438
1;437
1;437
1;436
1;436
1;435
1;435
1;434
1;434
1;433
1;433
1;432
1;432
1;431
1;431
1;430
1;430
1;429
1;429
1;428
1;428
1;427
1;427
1;426
1;426
1;425
1;425
1;424
1;424
1;423
1;423
1;422
1;422
1;421
1;421
1;420
1;420
1;419
1;419
1;418
1;418
1;417
1;417
1;416
1;416
1;415
1;415
1;414
1;414
1;413
1;413
1;412
1;412
1;411
1;411
1;410
1;410
1;409
1;409
1;408
1;408
1;407
1;407
1;406
1;406
1;405
1;405
1;404
1;404
1;403
1;403
1;402
1;402
1;401
1;401
1;400
1;400
1;399
1;399
1;398
1;398
1;397
1;397
1;396
1;396
1;395
1;395
1;394
1;394
1;393
1;393
1;392
1;392
1;391
1;391
1;390
1;390
1;389
1;389
1;388
1;388
1;387
1;387
1;386
1;386
1;385
1;385
1;384
1;384
1;383
1;383
1;382
1;382
1;381
1;381
1;380
1;380
1;379
1;379
1;378
1;378
1;377
1;377
1;376
1;376
1;375
1;375
1;374
1;374
1;373
1;373
1;372
1;372
1;371
1;371
1;370
1;370
1;369
1;369
1;368
1;368
1;367
1;367
1;366
1;366
1;365
1;365
1;364
1;364
1;363
1;363
1;362
1;362
1;361
1;361
1;360
1;360
1;359
1;359
1;358
1;358
1;357
1;357
1;356
1;356
1;355
1;355
1;354
1;354
1;353
1;353
1;352
1;352
1;351
1;351
1;350
1;350
1;349
1;349
1;348
1;348
1;347
1;347
1;346
1;346
1;345
1;345
1;344
1;344
1;343
1;343
1;342
1;342
1;341
1;341
1;340
1;340
1;339
1;339
1;338
1;338
1;337
1;337
1;336
1;336
1;335
1;335
1;334
1;334
1;333
1;333
1;332
1;332
1;331
1;331
1;330
1;330
1;329
1;329
1;328
1;328
1;327
1;327
1;326
1;326
1;325
1;325
1;324
1;324
1;323
1;323
1;322
1;322
1;321
1;321
1;320
1;320
1;319
1;319
1;318
1;318
1;317
1;317
1;316
1;316
1;315
1;315
1;314
1;314
1;313
1;313
1;312
1;312
1;311
1;311
1;310
1;310
1;309
1;309
1;308
1;308
1;307
1;307
1;306
1;306
1;305
1;305
1;304
1;304
1;303
1;303
1;302
1;302
1;301
1;301
1;300
1;300
1;299
1;299
1;298
1;298
1;297
1;297
1;296
1;296
1;295
1;295
1;294
1;294
1;293
1;293
1;292
1;292
1;291
1;291
1;290
1;290
1;289
1;289
1;288
1;288
1;287
1;287
1;286
1;286
1;285
1;285
1;284
1;284
1;283
1;283
1;282
1;282
1;281
1;281
1;280
1;280
1;279
1;279
1;278
1;278
1;277
1;277
1;276
1;276
1;275
1;275
1;274
1;274
1;273
1;273
1;272
1;272
1;271
1;271
1;270
1;270
1;269
1;269
1;268
1;268
1;267
1;267
1;266
1;266
1;265
1;265
1;264
1;264
1;263
1;263
1;262
1;262
1;261
1;261
1;260
1;260
1;259
1;259
1;258
1;258
1;257
1;257
1;256
1;256
1;255
1;255
1;254
1;254
1;253
1;253
1;252
1;252
1;251
1;251
1;250
1;250
1;249
1;249
1;248
1;248
1;247
1;247
1;246
1;246
1;245
1;245
1;244
1;244
1;243
1;243
1;242
1;242
1;241
1;241
1;240
1;240
1;239
1;239
1;238
1;238
1;237
1;237
1;236
1;236
1;235
1;235
1;234
1;234
1;233
1;233
1;232
1;232
1;231
1;231
1;230
1;230
1;229
1;229
1;228
1;228
1;227
1;227
1;226
1;226
1;225
1;225
1;224
1;224
1;223
1;223
1;222
1;222
1;221
1;221
1;220
1;220
1;219
1;219
1;218
1;218
1;217
1;217
1;216
1;216
1;215
1;215
1;214
1;214
1;213
1;213
1;212
1;212
1;211
1;211
1;210
1;210
1;209
1;209
1;208
1;208
1;207
1;207
1;206
1;206
1;205
1;205
1;204
1;204
1;203
1;203
1;202
1;202
1;201
1;201
1;200
1;200
1;199
1;199
1;198
1;198
1;197
1;197
1;196
1;196
1;195
1;195
1;194
1;194
1;193
1;193
1;192
1;192
1;191
1;191
1;190
1;190
1;189
1;189
1;188
1;188
1;187
1;187
1;186
1;186
1;185
1;185
1;184
1;184
1;183
1;183
1;182
1;182
1;181
1;181
1;180
1;180
1;179
1;179
1;178
1;178
1;177
1;177
1;176
1;176
1;175
1;175
1;174
1;174
1;173
1;173
1;172
1;172
1;171
1;171
1;170
1;170
1;169
1;169
1;168
1;168
1;167
1;167
1;166
1;166
1;165
1;165
1;164
1;164
1;163
1;163
1;162
1;162
1;161
1;161
1;160
1;160
1;159
1;159
1;158
1;158
1;157
1;157
1;156
1;156
1;155
1;155
1;154
1;154
1;153
1;153
1;152
1;152
1;151
1;151
1;150
1;150
1;149
1;149
1;148
1;148
1;147
1;147
1;146
1;146
1;145
1;145
1;144
1;144
1;143
1;143
1;142
1;142
1;141
1;141
1;140
1;140
1;139
1;139
1;138
1;138
1;137
1;137
1;136
1;136
1;135
1;135
1;134
1;134
1;133
1;133
1;132
1;132
1;131
1;131
1;130
1;130
1;129
1;129
1;128
1;128
1;127
1;127
1;126
1;126
1;125
1;125
1;124
1;124
1;123
1;123
1;122
1;122
1;121
1;121
1;120
1;120
1;119
1;119
1;118
1;118
1;117
1;117
1;116
1;116
1;115
1;115
1;114
1;114
1;113
1;113
1;112
1;112
1;111
1;111
1;110
1;110
1;109
1;109
1;108
1;108
1;107
1;107
1;106
1;106
1;105
1;105
1;104
1;104
1;103
1;103
1;102
1;102
1;101
1;101
1;100
1;100
1;99
1;99
1;98
1;98
1;97
1;97
1;96
1;96
1;95
1;95
1;94
1;94
1;93
1;93
1;92
1;92
1;91
1;91
1;90
1;90
1;89
1;89
1;88
1;88
1;87
1;87
1;86
1;86
1;85
1;85
1;84
1;84
1;83
1;83
1;82
1;82
1;81
1;81
1;80
1;80
1;79
1;79
1;78
1;78
1;77
1;77
1;76
1;76
1;75
1;75
1;74
1;74
1;73
1;73
1;72
1;72
1;71
1;71
1;70
1;70
1;69
1;69
1;68
1;68
1;67
1;67
1;66
1;66
1;65
1;65
1;64
1;64
1;63
1;63
1;62
1;62
1;61
1;61
1;60
1;60
1;59
1;59
1;58
1;58
1;57
1;57
1;56
1;56
1;55
1;55
1;54
1;54
1;53
1;53
1;52
1;52
1;51
1;51
1;50
1;50
1;49
1;49
1;48
1;48
1;47
1;47
1;46
1;46
1;45
1;45
1;44
1;44
1;43
1;43
1;42
1;42
1;41
1;41
1;40
1;40
1;39
1;39
1;38
1;38
1;37
1;37
1;36
1;36
1;35
1;35
1;34
1;34
1;33
1;33
1;32
1;32
1;31
1;31
1;30
1;30
1;29
1;29
1;28
1;28
1;27
1;27
1;26
1;26
1;25
1;25
1;24
1;24
1;23
1;23
1;22
1;22
1;21
1;21
1;20
1;20
1;19
1;19
1;18
1;18
1;17
1;17
1;16
1;16
1;15
1;15
1;14
1;14
1;13
1;13
1;12
1;12
1;11
1;11
1;10
1;10
1;9
1;9
1;8
1;8
1;7
1;7
1;6
1;6
1;5
1;5
1;4
1;4
1;3
1;3
1;2
1;2
1;1
1;1
2;2357
2;2357
2;2356
2;2356
2;2355
2;2355
2;2354
2;2354
2;2353
2;2353
2;2352
2;2352
2;2351
2;2351
2;2350
2;2350
2;2349
2;2349
2;2348
2;2348
2;2347
2;2347
2;2346
2;2346
2;2345
2;2345
2;2344
2;2344
2;2343
2;2343
2;2342
2;2342
2;2341
2;2341
2;2340
2;2340
2;2339
2;2339
2;2338
2;2338
2;2337
2;2337
2;2336
2;2336
2;2335
2;2335
2;2334
2;2334
2;2333
2;2333
2;2332
2;2332
2;2331
2;2331
2;2330
2;2330
2;2329
2;2329
2;2328
2;2328
2;2327
2;2327
2;2326
2;2326
2;2325
2;2325
2;2324
2;2324
2;2323
2;2323
2;2322
2;2322
2;2321
2;2321
2;2320
2;2320
2;2319
2;2319
2;2318
2;2318
2;2317
2;2317
2;2316
2;2316
2;2315
2;2315
2;2314
2;2314
2;2313
2;2313
2;2312
2;2312
2;2311
2;2311
2;2310
2;2310
2;2309
2;2309
2;2308
2;2308
2;2307
2;2307
2;2306
2;2306
2;2305
2;2305
2;2304
2;2304
2;2303
2;2303
2;2302
2;2302
2;2301
2;2301
2;2300
2;2300
2;2299
2;2299
2;2298
2;2298
2;2297
2;2297
2;2296
2;2296
2;2295
2;2295
2;2294
2;2294
2;2293
2;2293
2;2292
2;2292
2;2291
2;2291
2;2290
2;2290
2;2289
2;2289
2;2288
2;2288
2;2287
2;2287
2;2286
2;2286
2;2285
2;2285
2;2284
2;2284
2;2283
2;2283
2;2282
2;2282
2;2281
2;2281
2;2280
2;2280
2;2279
2;2279
2;2278
2;2278
2;2277
2;2277
2;2276
2;2276
2;2275
2;2275
2;2274
2;2274
2;2273
2;2273
2;2272
2;2272
2;2271
2;2271
2;2270
2;2270
2;2269
2;2269
2;2268
2;2268
2;2267
2;2267
2;2266
2;2266
2;2265
2;2265
2;2264
2;2264
2;2263
2;2263
2;2262
2;2262
2;2261
2;2261
2;2260
2;2260
2;2259
2;2259
2;2258
2;2258
2;2257
2;2257
2;2256
2;2256
2;2255
2;2255
2;2254
2;2254
2;2253
2;2253
2;2252
2;2252
2;2251
2;2251
2;2250
2;2250
2;2249
2;2249
2;2248
2;2248
2;2247
2;2247
2;2246
2;2246
2;2245
2;2245
2;2244
2;2244
2;2243
2;2243
2;2242
2;2242
2;2241
2;2241
2;2240
2;2240
2;2239
2;2239
2;2238
2;2238
2;2237
2;2237
2;2236
2;2236
2;2235
2;2235
2;2234
2;2234
2;2233
2;2233
2;2232
2;2232
2;2231
2;2231
2;2230
2;2230
2;2229
2;2229
2;2228
2;2228
2;2227
2;2227
2;2226
2;2226
2;2225
2;2225
2;2224
2;2224
2;2223
2;2223
2;2222
2;2222
2;2221
2;2221
2;2220
2;2220
2;2219
2;2219
2;2218
2;2218
2;2217
2;2217
2;2216
2;2216
2;2215
2;2215
2;2214
2;2214
2;2213
2;2213
2;2212
2;2212
2;2211
2;2211
2;2210
2;2210
2;2209
2;2209
2;2208
2;2208
2;2207
2;2207
2;2206
2;2206
2;2205
2;2205
2;2204
2;2204
2;2203
2;2203
2;2202
2;2202
2;2201
2;2201
2;2200
2;2200
2;2199
2;2199
2;2198
2;2198
2;2197
2;2197
2;2196
2;2196
2;2195
2;2195
2;2194
2;2194
2;2193
2;2193
2;2192
2;2192
2;2191
2;2191
2;2190
2;2190
2;2189
2;2189
2;2188
2;2188
2;2187
2;2187
2;2186
2;2186
2;2185
2;2185
2;2184
2;2184
2;2183
2;2183
2;2182
2;2182
2;2181
2;2181
2;2180
2;2180
2;2179
2;2179
2;2178
2;2178
2;2177
2;2177
2;2176
2;2176
2;2175
2;2175
2;2174
2;2174
2;2173
2;2173
2;2172
2;2172
2;2171
2;2171
2;2170
2;2170
2;2169
2;2169
2;2168
2;2168
2;2167
2;2167
2;2166
2;2166
2;2165
2;2165
2;2164
2;2164
2;2163
2;2163
2;2162
2;2162
2;2161
2;2161
2;2160
2;2160
2;2159
2;2159
2;2158
2;2158
2;2157
2;2157
2;2156
2;2156
2;2155
2;2155
2;2154
2;2154
2;2153
2;2153
2;2152
2;2152
2;2151
2;2151
2;2150
2;2150
2;2149
2;2149
2;2148
2;2148
2;2147
2;2147
2;2146
2;2146
2;2145
2;2145
2;2144
2;2144
2;2143
2;2143
2;2142
2;2142
2;2141
2;2141
2;2140
2;2140
2;2139
2;2139
2;2138
2;2138
2;2137
2;2137
2;2136
2;2136
2;2135
2;2135
2;2134
2;2134
2;2133
2;2133
2;2132
2;2132
2;2131
2;2131
2;2130
2;2130
2;2129
2;2129
2;2128
2;2128
2;2127
2;2127
2;2126
2;2126
2;2125
2;2125
2;2124
2;2124
2;2123
2;2123
2;2122
2;2122
2;2121
2;2121
2;2120
2;2120
2;2119
2;2119
2;2118
2;2118
2;2117
2;2117
2;2116
2;2116
2;2115
2;2115
2;2114
2;2114
2;2113
2;2113
2;2112
2;2112
2;2111
2;2111
2;2110
2;2110
2;2109
2;2109
2;2108
2;2108
2;2107
2;2107
2;2106
2;2106
2;2105
2;2105
2;2104
2;2104
2;2103
2;2103
2;2102
2;2102
2;2101
2;2101
2;2100
2;2100
2;2099
2;2099
2;2098
2;2098
2;2097
2;2097
2;2096
2;2096
2;2095
2;2095
2;2094
2;2094
2;2093
2;2093
2;2092
2;2092
2;2091
2;2091
2;2090
2;2090
2;2089
2;2089
2;2088
2;2088
2;2087
2;2087
2;2086
2;2086
2;2085
2;2085
2;2084
2;2084
2;2083
2;2083
2;2082
2;2082
2;2081
2;2081
2;2080
2;2080
2;2079
2;2079
2;2078
2;2078
2;2077
2;2077
2;2076
2;2076
2;2075
2;2075
2;2074
2;2074
2;2073
2;2073
2;2072
2;2072
2;2071
2;2071
2;2070
2;2070
2;2069
2;2069
2;2068
2;2068
2;2067
2;2067
2;2066
2;2066
2;2065
2;2065
2;2064
2;2064
2;2063
2;2063
2;2062
2;2062
2;2061
2;2061
2;2060
2;2060
2;2059
2;2059
2;2058
2;2058
2;2057
2;2057
2;2056
2;2056
2;2055
2;2055
2;2054
2;2054
2;2053
2;2053
2;2052
2;2052
2;2051
2;2051
2;2050
2;2050
2;2049
2;2049
2;2048
2;2048
2;2047
2;2047
2;2046
2;2046
2;2045
2;2045
2;2044
2;2044
2;2043
2;2043
2;2042
2;2042
2;2041
2;2041
2;2040
2;2040
2;2039
2;2039
2;2038
2;2038
2;2037
2;2037
2;2036
2;2036
2;2035
2;2035
2;2034
2;2034
2;2033
2;2033
2;2032
2;2032
2;2031
2;2031
2;2030
2;2030
2;2029
2;2029
2;2028
2;2028
2;2027
2;2027
2;2026
2;2026
2;2025
2;2025
2;2024
2;2024
2;2023
2;2023
2;2022
2;2022
2;2021
2;2021
2;2020
2;2020
2;2019
2;2019
2;2018
2;2018
2;2017
2;2017
2;2016
2;2016
2;2015
2;2015
2;2014
2;2014
2;2013
2;2013
2;2012
2;2012
2;2011
2;2011
2;2010
2;2010
2;2009
2;2009
2;2008
2;2008
2;2007
2;2007
2;2006
2;2006
2;2005
2;2005
2;2004
2;2004
2;2003
2;2003
2;2002
2;2002
2;2001
2;2001
2;2000
2;2000
2;1999
2;1999
2;1998
2;1998
2;1997
2;1997
2;1996
2;1996
2;1995
2;1995
2;1994
2;1994
2;1993
2;1993
2;1992
2;1992
2;1991
2;1991
2;1990
2;1990
2;1989
2;1989
2;1988
2;1988
2;1987
2;1987
2;1986
2;1986
2;1985
2;1985
2;1984
2;1984
2;1983
2;1983
2;1982
2;1982
2;1981
2;1981
2;1980
2;1980
2;1979
2;1979
2;1978
2;1978
2;1977
2;1977
2;1976
2;1976
2;1975
2;1975
2;1974
2;1974
2;1973
2;1973
2;1972
2;1972
2;1971
2;1971
2;1970
2;1970
2;1969
2;1969
2;1968
2;1968
2;1967
2;1967
2;1966
2;1966
2;1965
2;1965
2;1964
2;1964
2;1963
2;1963
2;1962
2;1962
2;1961
2;1961
2;1960
2;1960
2;1959
2;1959
2;1958
2;1958
2;1957
2;1957
2;1956
2;1956
2;1955
2;1955
2;1954
2;1954
2;1953
2;1953
2;1952
2;1952
2;1951
2;1951
2;1950
2;1950
2;1949
2;1949
2;1948
2;1948
2;1947
2;1947
2;1946
2;1946
2;1945
2;1945
2;1944
2;1944
2;1943
2;1943
2;1942
2;1942
2;1941
2;1941
2;1940
2;1940
2;1939
2;1939
2;1938
2;1938
2;1937
2;1937
2;1936
2;1936
2;1935
2;1935
2;1934
2;1934
2;1933
2;1933
2;1932
2;1932
2;1931
2;1931
2;1930
2;1930
2;1929
2;1929
2;1928
2;1928
2;1927
2;1927
2;1926
2;1926
2;1925
2;1925
2;1924
2;1924
2;1923
2;1923
2;1922
2;1922
2;1921
2;1921
2;1920
2;1920
2;1919
2;1919
2;1918
2;1918
2;1917
2;1917
2;1916
2;1916
2;1915
2;1915
2;1914
2;1914
2;1913
2;1913
2;1912
2;1912
2;1911
2;1911
2;1910
2;1910
2;1909
2;1909
2;1908
2;1908
2;1907
2;1907
2;1906
2;1906
2;1905
2;1905
2;1904
2;1904
2;1903
2;1903
2;1902
2;1902
2;1901
2;1901
2;1900
2;1900
2;1899
2;1899
2;1898
2;1898
2;1897
2;1897
2;1896
2;1896
2;1895
2;1895
2;1894
2;1894
2;1893
2;1893
2;1892
2;1892
2;1891
2;1891
2;1890
2;1890
2;1889
2;1889
2;1888
2;1888
2;1887
2;1887
2;1886
2;1886
2;1885
2;1885
2;1884
2;1884
2;1883
2;1883
2;1882
2;1882
2;1881
2;1881
2;1880
2;1880
2;1879
2;1879
2;1878
2;1878
2;1877
2;1877
2;1876
2;1876
2;1875
2;1875
2;1874
2;1874
2;1873
2;1873
2;1872
2;1872
2;1871
2;1871
2;1870
2;1870
2;1869
2;1869
2;1868
2;1868
2;1867
2;1867
2;1866
2;1866
2;1865
2;1865
2;1864
2;1864
2;1863
2;1863
2;1862
2;1862
2;1861
2;1861
2;1860
2;1860
2;1859
2;1859
2;1858
2;1858
2;1857
2;1857
2;1856
2;1856
2;1855
2;1855
2;1854
2;1854
2;1853
2;1853
2;1852
2;1852
2;1851
2;1851
2;1850
2;1850
2;1849
2;1849
2;1848
2;1848
2;1847
2;1847
2;1846
2;1846
2;1845
2;1845
2;1844
2;1844
2;1843
2;1843
2;1842
2;1842
2;1841
2;1841
2;1840
2;1840
2;1839
2;1839
2;1838
2;1838
2;1837
2;1837
2;1836
2;1836
2;1835
2;1835
2;1834
2;1834
2;1833
2;1833
2;1832
2;1832
2;1831
2;1831
2;1830
2;1830
2;1829
2;1829
2;1828
2;1828
2;1827
2;1827
2;1826
2;1826
2;1825
2;1825
2;1824
2;1824
2;1823
2;1823
2;1822
2;1822
2;1821
2;1821
2;1820
2;1820
2;1819
2;1819
2;1818
2;1818
2;1817
2;1817
2;1816
2;1816
2;1815
2;1815
2;1814
2;1814
2;1813
2;1813
2;1812
2;1812
2;1811
2;1811
2;1810
2;1810
2;1809
2;1809
2;1808
2;1808
2;1807
2;1807
2;1806
2;1806
2;1805
2;1805
2;1804
2;1804
2;1803
2;1803
2;1802
2;1802
2;1801
2;1801
2;1800
2;1800
2;1799
2;1799
2;1798
2;1798
2;1797
2;1797
2;1796
2;1796
2;1795
2;1795
2;1794
2;1794
2;1793
2;1793
2;1792
2;1792
2;1791
2;1791
2;1790
2;1790
2;1789
2;1789
2;1788
2;1788
2;1787
2;1787
2;1786
2;1786
2;1785
2;1785
2;1784
2;1784
2;1783
2;1783
2;1782
2;1782
2;1781
2;1781
2;1780
2;1780
2;1779
2;1779
2;1778
2;1778
2;1777
2;1777
2;1776
2;1776
2;1775
2;1775
2;1774
2;1774
2;1773
2;1773
2;1772
2;1772
2;1771
2;1771
2;1770
2;1770
2;1769
2;1769
2;1768
2;1768
2;1767
2;1767
2;1766
2;1766
2;1765
2;1765
2;1764
2;1764
2;1763
2;1763
2;1762
2;1762
2;1761
2;1761
2;1760
2;1760
2;1759
2;1759
2;1758
2;1758
2;1757
2;1757
2;1756
2;1756
2;1755
2;1755
2;1754
2;1754
2;1753
2;1753
2;1752
2;1752
2;1751
2;1751
2;1750
2;1750
2;1749
2;1749
2;1748
2;1748
2;1747
2;1747
2;1746
2;1746
2;1745
2;1745
2;1744
2;1744
2;1743
2;1743
2;1742
2;1742
2;1741
2;1741
2;1740
2;1740
2;1739
2;1739
2;1738
2;1738
2;1737
2;1737
2;1736
2;1736
2;1735
2;1735
2;1734
2;1734
2;1733
2;1733
2;1732
2;1732
2;1731
2;1731
2;1730
2;1730
2;1729
2;1729
2;1728
2;1728
2;1727
2;1727
2;1726
2;1726
2;1725
2;1725
2;1724
2;1724
2;1723
2;1723
2;1722
2;1722
2;1721
2;1721
2;1720
2;1720
2;1719
2;1719
2;1718
2;1718
2;1717
2;1717
2;1716
2;1716
2;1715
2;1715
2;1714
2;1714
2;1713
2;1713
2;1712
2;1712
2;1711
2;1711
2;1710
2;1710
2;1709
2;1709
2;1708
2;1708
2;1707
2;1707
2;1706
2;1706
2;1705
2;1705
2;1704
2;1704
2;1703
2;1703
2;1702
2;1702
2;1701
2;1701
2;1700
2;1700
2;1699
2;1699
2;1698
2;1698
2;1697
2;1697
2;1696
2;1696
2;1695
2;1695
2;1694
2;1694
2;1693
2;1693
2;1692
2;1692
2;1691
2;1691
2;1690
2;1690
2;1689
2;1689
2;1688
2;1688
2;1687
2;1687
2;1686
2;1686
2;1685
2;1685
2;1684
2;1684
2;1683
2;1683
2;1682
2;1682
2;1681
2;1681
2;1680
2;1680
2;1679
2;1679
2;1678
2;1678
2;1677
2;1677
2;1676
2;1676
2;1675
2;1675
2;1674
2;1674
2;1673
2;1673
2;1672
2;1672
2;1671
2;1671
2;1670
2;1670
2;1669
2;1669
2;1668
2;1668
2;1667
2;1667
2;1666
2;1666
2;1665
2;1665
2;1664
2;1664
2;1663
2;1663
2;1662
2;1662
2;1661
2;1661
2;1660
2;1660
2;1659
2;1659
2;1658
2;1658
2;1657
2;1657
2;1656
2;1656
2;1655
2;1655
2;1654
2;1654
2;1653
2;1653
2;1652
2;1652
2;1651
2;1651
2;1650
2;1650
2;1649
2;1649
2;1648
2;1648
2;1647
2;1647
2;1646
2;1646
2;1645
2;1645
2;1644
2;1644
2;1643
2;1643
2;1642
2;1642
2;1641
2;1641
2;1640
2;1640
2;1639
2;1639
2;1638
2;1638
2;1637
2;1637
2;1636
2;1636
2;1635
2;1635
2;1634
2;1634
2;1633
2;1633
2;1632
2;1632
2;1631
2;1631
2;1630
2;1630
2;1629
2;1629
2;1628
2;1628
2;1627
2;1627
2;1626
2;1626
2;1625
2;1625
2;1624
2;1624
2;1623
2;1623
2;1622
2;1622
2;1621
2;1621
2;1620
2;1620
2;1619
2;1619
2;1618
2;1618
2;1617
2;1617
2;1616
2;1616
2;1615
2;1615
2;1614
2;1614
2;1613
2;1613
2;1612
2;1612
2;1611
2;1611
2;1610
2;1610
2;1609
2;1609
2;1608
2;1608
2;1607
2;1607
2;1606
2;1606
2;1605
2;1605
2;1604
2;1604
2;1603
2;1603
2;1602
2;1602
2;1601
2;1601
2;1600
2;1600
2;1599
2;1599
2;1598
2;1598
2;1597
2;1597
2;1596
2;1596
2;1595
2;1595
2;1594
2;1594
2;1593
2;1593
2;1592
2;1592
2;1591
2;1591
2;1590
2;1590
2;1589
2;1589
2;1588
2;1588
2;1587
2;1587
2;1586
2;1586
2;1585
2;1585
2;1584
2;1584
2;1583
2;1583
2;1582
2;1582
2;1581
2;1581
2;1580
2;1580
2;1579
2;1579
2;1578
2;1578
2;1577
2;1577
2;1576
2;1576
2;1575
2;1575
2;1574
2;1574
2;1573
2;1573
2;1572
2;1572
2;1571
2;1571
2;1570
2;1570
2;1569
2;1569
2;1568
2;1568
2;1567
2;1567
2;1566
2;1566
2;1565
2;1565
2;1564
2;1564
2;1563
2;1563
2;1562
2;1562
2;1561
2;1561
2;1560
2;1560
2;1559
2;1559
2;1558
2;1558
2;1557
2;1557
2;1556
2;1556
2;1555
2;1555
2;1554
2;1554
2;1553
2;1553
2;1552
2;1552
2;1551
2;1551
2;1550
2;1550
2;1549
2;1549
2;1548
2;1548
2;1547
2;1547
2;1546
2;1546
2;1545
2;1545
2;1544
2;1544
2;1543
2;1543
2;1542
2;1542
2;1541
2;1541
2;1540
2;1540
2;1539
2;1539
2;1538
2;1538
2;1537
2;1537
2;1536
2;1536
2;1535
2;1535
2;1534
2;1534
2;1533
2;1533
2;1532
2;1532
2;1531
2;1531
2;1530
2;1530
2;1529
2;1529
2;1528
2;1528
2;1527
2;1527
2;1526
2;1526
2;1525
2;1525
2;1524
2;1524
2;1523
2;1523
2;1522
2;1522
2;1521
2;1521
2;1520
2;1520
2;1519
2;1519
2;1518
2;1518
2;1517
2;1517
2;1516
2;1516
2;1515
2;1515
2;1514
2;1514
2;1513
2;1513
2;1512
2;1512
2;1511
2;1511
2;1510
2;1510
2;1509
2;1509
2;1508
2;1508
2;1507
2;1507
2;1506
2;1506
2;1505
2;1505
2;1504
2;1504
2;1503
2;1503
2;1502
2;1502
2;1501
2;1501
2;1500
2;1500
2;1499
2;1499
2;1498
2;1498
2;1497
2;1497
2;1496
2;1496
2;1495
2;1495
2;1494
2;1494
2;1493
2;1493
2;1492
2;1492
2;1491
2;1491
2;1490
2;1490
2;1489
2;1489
2;1488
2;1488
2;1487
2;1487
2;1486
2;1486
2;1485
2;1485
2;1484
2;1484
2;1483
2;1483
2;1482
2;1482
2;1481
2;1481
2;1480
2;1480
2;1479
2;1479
2;1478
2;1478
2;1477
2;1477
2;1476
2;1476
2;1475
2;1475
2;1474
2;1474
2;1473
2;1473
2;1472
2;1472
2;1471
2;1471
2;1470
2;1470
2;1469
2;1469
2;1468
2;1468
2;1467
2;1467
2;1466
2;1466
2;1465
2;1465
2;1464
2;1464
2;1463
2;1463
2;1462
2;1462
2;1461
2;1461
2;1460
2;1460
2;1459
2;1459
2;1458
2;1458
2;1457
2;1457
2;1456
2;1456
2;1455
2;1455
2;1454
2;1454
2;1453
2;1453
2;1452
2;1452
2;1451
2;1451
2;1450
2;1450
2;1449
2;1449
2;1448
2;1448
2;1447
2;1447
2;1446
2;1446
2;1445
2;1445
2;1444
2;1444
2;1443
2;1443
2;1442
2;1442
2;1441
2;1441
2;1440
2;1440
2;1439
2;1439
2;1438
2;1438
2;1437
2;1437
2;1436
2;1436
2;1435
2;1435
2;1434
2;1434
2;1433
2;1433
2;1432
2;1432
2;1431
2;1431
2;1430
2;1430
2;1429
2;1429
2;1428
2;1428
2;1427
2;1427
2;1426
2;1426
2;1425
2;1425
2;1424
2;1424
2;1423
2;1423
2;1422
2;1422
2;1421
2;1421
2;1420
2;1420
2;1419
2;1419
2;1418
2;1418
2;1417
2;1417
2;1416
2;1416
2;1415
2;1415
2;1414
2;1414
2;1413
2;1413
2;1412
2;1412
2;1411
2;1411
2;1410
2;1410
2;1409
2;1409
2;1408
2;1408
2;1407
2;1407
2;1406
2;1406
2;1405
2;1405
2;1404
2;1404
2;1403
2;1403
2;1402
2;1402
2;1401
2;1401
2;1400
2;1400
2;1399
2;1399
2;1398
2;1398
2;1397
2;1397
2;1396
2;1396
2;1395
2;1395
2;1394
2;1394
2;1393
2;1393
2;1392
2;1392
2;1391
2;1391
2;1390
2;1390
2;1389
2;1389
2;1388
2;1388
2;1387
2;1387
2;1386
2;1386
2;1385
2;1385
2;1384
2;1384
2;1383
2;1383
2;1382
2;1382
2;1381
2;1381
2;1380
2;1380
2;1379
2;1379
2;1378
2;1378
2;1377
2;1377
2;1376
2;1376
2;1375
2;1375
2;1374
2;1374
2;1373
2;1373
2;1372
2;1372
2;1371
2;1371
2;1370
2;1370
2;1369
2;1369
2;1368
2;1368
2;1367
2;1367
2;1366
2;1366
2;1365
2;1365
2;1364
2;1364
2;1363
2;1363
2;1362
2;1362
2;1361
2;1361
2;1360
2;1360
2;1359
2;1359
2;1358
2;1358
2;1357
2;1357
2;1356
2;1356
2;1355
2;1355
2;1354
2;1354
2;1353
2;1353
2;1352
2;1352
2;1351
2;1351
2;1350
2;1350
2;1349
2;1349
2;1348
2;1348
2;1347
2;1347
2;1346
2;1346
2;1345
2;1345
2;1344
2;1344
2;1343
2;1343
2;1342
2;1342
2;1341
2;1341
2;1340
2;1340
2;1339
2;1339
2;1338
2;1338
2;1337
2;1337
2;1336
2;1336
2;1335
2;1335
2;1334
2;1334
2;1333
2;1333
2;1332
2;1332
2;1331
2;1331
2;1330
2;1330
2;1329
2;1329
2;1328
2;1328
2;1327
2;1327
2;1326
2;1326
2;1325
2;1325
2;1324
2;1324
2;1323
2;1323
2;1322
2;1322
2;1321
2;1321
2;1320
2;1320
2;1319
2;1319
2;1318
2;1318
2;1317
2;1317
2;1316
2;1316
2;1315
2;1315
2;1314
2;1314
2;1313
2;1313
2;1312
2;1312
2;1311
2;1311
2;1310
2;1310
2;1309
2;1309
2;1308
2;1308
2;1307
2;1307
2;1306
2;1306
2;1305
2;1305
2;1304
2;1304
2;1303
2;1303
2;1302
2;1302
2;1301
2;1301
2;1300
2;1300
2;1299
2;1299
2;1298
2;1298
2;1297
2;1297
2;1296
2;1296
2;1295
2;1295
2;1294
2;1294
2;1293
2;1293
2;1292
2;1292
2;1291
2;1291
2;1290
2;1290
2;1289
2;1289
2;1288
2;1288
2;1287
2;1287
2;1286
2;1286
2;1285
2;1285
2;1284
2;1284
2;1283
2;1283
2;1282
2;1282
2;1281
2;1281
2;1280
2;1280
2;1279
2;1279
2;1278
2;1278
2;1277
2;1277
2;1276
2;1276
2;1275
2;1275
2;1274
2;1274
2;1273
2;1273
2;1272
2;1272
2;1271
2;1271
2;1270
2;1270
2;1269
2;1269
2;1268
2;1268
2;1267
2;1267
2;1266
2;1266
2;1265
2;1265
2;1264
2;1264
2;1263
2;1263
2;1262
2;1262
2;1261
2;1261
2;1260
2;1260
2;1259
2;1259
2;1258
2;1258
2;1257
2;1257
2;1256
2;1256
2;1255
2;1255
2;1254
2;1254
2;1253
2;1253
2;1252
2;1252
2;1251
2;1251
2;1250
2;1250
2;1249
2;1249
2;1248
2;1248
2;1247
2;1247
2;1246
2;1246
2;1245
2;1245
2;1244
2;1244
2;1243
2;1243
2;1242
2;1242
2;1241
2;1241
2;1240
2;1240
2;1239
2;1239
2;1238
2;1238
2;1237
2;1237
2;1236
2;1236
2;1235
2;1235
2;1234
2;1234
2;1233
2;1233
2;1232
2;1232
2;1231
2;1231
2;1230
2;1230
2;1229
2;1229
2;1228
2;1228
2;1227
2;1227
2;1226
2;1226
2;1225
2;1225
2;1224
2;1224
2;1223
2;1223
2;1222
2;1222
2;1221
2;1221
2;1220
2;1220
2;1219
2;1219
2;1218
2;1218
2;1217
2;1217
2;1216
2;1216
2;1215
2;1215
2;1214
2;1214
2;1213
2;1213
2;1212
2;1212
2;1211
2;1211
2;1210
2;1210
2;1209
2;1209
2;1208
2;1208
2;1207
2;1207
2;1206
2;1206
2;1205
2;1205
2;1204
2;1204
2;1203
2;1203
2;1202
2;1202
2;1201
2;1201
2;1200
2;1200
2;1199
2;1199
2;1198
2;1198
2;1197
2;1197
2;1196
2;1196
2;1195
2;1195
2;1194
2;1194
2;1193
2;1193
2;1192
2;1192
2;1191
2;1191
2;1190
2;1190
2;1189
2;1189
2;1188
2;1188
2;1187
2;1187
2;1186
2;1186
2;1185
2;1185
2;1184
2;1184
2;1183
2;1183
2;1182
2;1182
2;1181
2;1181
2;1180
2;1180
2;1179
2;1179
2;1178
2;1178
2;1177
2;1177
2;1176
2;1176
2;1175
2;1175
2;1174
2;1174
2;1173
2;1173
2;1172
2;1172
2;1171
2;1171
2;1170
2;1170
2;1169
2;1169
2;1168
2;1168
2;1167
2;1167
2;1166
2;1166
2;1165
2;1165
2;1164
2;1164
2;1163
2;1163
2;1162
2;1162
2;1161
2;1161
2;1160
2;1160
2;1159
2;1159
2;1158
2;1158
2;1157
2;1157
2;1156
2;1156
2;1155
2;1155
2;1154
2;1154
2;1153
2;1153
2;1152
2;1152
2;1151
2;1151
2;1150
2;1150
2;1149
2;1149
2;1148
2;1148
2;1147
2;1147
2;1146
2;1146
2;1145
2;1145
2;1144
2;1144
2;1143
2;1143
2;1142
2;1142
2;1141
2;1141
2;1140
2;1140
2;1139
2;1139
2;1138
2;1138
2;1137
2;1137
2;1136
2;1136
2;1135
2;1135
2;1134
2;1134
2;1133
2;1133
2;1132
2;1132
2;1131
2;1131
2;1130
2;1130
2;1129
2;1129
2;1128
2;1128
2;1127
2;1127
2;1126
2;1126
2;1125
2;1125
2;1124
2;1124
2;1123
2;1123
2;1122
2;1122
2;1121
2;1121
2;1120
2;1120
2;1119
2;1119
2;1118
2;1118
2;1117
2;1117
2;1116
2;1116
2;1115
2;1115
2;1114
2;1114
2;1113
2;1113
2;1112
2;1112
2;1111
2;1111
2;1110
2;1110
2;1109
2;1109
2;1108
2;1108
2;1107
2;1107
2;1106
2;1106
2;1105
2;1105
2;1104
2;1104
2;1103
2;1103
2;1102
2;1102
2;1101
2;1101
2;1100
2;1100
2;1099
2;1099
2;1098
2;1098
2;1097
2;1097
2;1096
2;1096
2;1095
2;1095
2;1094
2;1094
2;1093
2;1093
2;1092
2;1092
2;1091
2;1091
2;1090
2;1090
2;1089
2;1089
2;1088
2;1088
2;1087
2;1087
2;1086
2;1086
2;1085
2;1085
2;1084
2;1084
2;1083
2;1083
2;1082
2;1082
2;1081
2;1081
2;1080
2;1080
2;1079
2;1079
2;1078
2;1078
2;1077
2;1077
2;1076
2;1076
2;1075
2;1075
2;1074
2;1074
2;1073
2;1073
2;1072
2;1072
2;1071
2;1071
2;1070
2;1070
2;1069
2;1069
2;1068
2;1068
2;1067
2;1067
2;1066
2;1066
2;1065
2;1065
2;1064
2;1064
2;1063
2;1063
2;1062
2;1062
2;1061
2;1061
2;1060
2;1060
2;1059
2;1059
2;1058
2;1058
2;1057
2;1057
2;1056
2;1056
2;1055
2;1055
2;1054
2;1054
2;1053
2;1053
2;1052
2;1052
2;1051
2;1051
2;1050
2;1050
2;1049
2;1049
2;1048
2;1048
2;1047
2;1047
2;1046
2;1046
2;1045
2;1045
2;1044
2;1044
2;1043
2;1043
2;1042
2;1042
2;1041
2;1041
2;1040
2;1040
2;1039
2;1039
2;1038
2;1038
2;1037
2;1037
2;1036
2;1036
2;1035
2;1035
2;1034
2;1034
2;1033
2;1033
2;1032
2;1032
2;1031
2;1031
2;1030
2;1030
2;1029
2;1029
2;1028
2;1028
2;1027
2;1027
2;1026
2;1026
2;1025
2;1025
2;1024
2;1024
2;1023
2;1023
2;1022
2;1022
2;1021
2;1021
2;1020
2;1020
2;1019
2;1019
2;1018
2;1018
2;1017
2;1017
2;1016
2;1016
2;1015
2;1015
2;1014
2;1014
2;1013
2;1013
2;1012
2;1012
2;1011
2;1011
2;1010
2;1010
2;1009
2;1009
2;1008
2;1008
2;1007
2;1007
2;1006
2;1006
2;1005
2;1005
2;1004
2;1004
2;1003
2;1003
2;1002
2;1002
2;1001
2;1001
2;1000
2;1000
2;999
2;999
2;998
2;998
2;997
2;997
2;996
2;996
2;995
2;995
2;994
2;994
2;993
2;993
2;992
2;992
2;991
2;991
2;990
2;990
2;989
2;989
2;988
2;988
2;987
2;987
2;986
2;986
2;985
2;985
2;984
2;984
2;983
2;983
2;982
2;982
2;981
2;981
2;980
2;980
2;979
2;979
2;978
2;978
2;977
2;977
2;976
2;976
2;975
2;975
2;974
2;974
2;973
2;973
2;972
2;972
2;971
2;971
2;970
2;970
2;969
2;969
2;968
2;968
2;967
2;967
2;966
2;966
2;965
2;965
2;964
2;964
2;963
2;963
2;962
2;962
2;961
2;961
2;960
2;960
2;959
2;959
2;958
2;958
2;957
2;957
2;956
2;956
2;955
2;955
2;954
2;954
2;953
2;953
2;952
2;952
2;951
2;951
2;950
2;950
2;949
2;949
2;948
2;948
2;947
2;947
2;946
2;946
2;945
2;945
2;944
2;944
2;943
2;943
2;942
2;942
2;941
2;941
2;940
2;940
2;939
2;939
2;938
2;938
2;937
2;937
2;936
2;936
2;935
2;935
2;934
2;934
2;933
2;933
2;932
2;932
2;931
2;931
2;930
2;930
2;929
2;929
2;928
2;928
2;927
2;927
2;926
2;926
2;925
2;925
2;924
2;924
2;923
2;923
2;922
2;922
2;921
2;921
2;920
2;920
2;919
2;919
2;918
2;918
2;917
2;917
2;916
2;916
2;915
2;915
2;914
2;914
2;913
2;913
2;912
2;912
2;911
2;911
2;910
2;910
2;909
2;909
2;908
2;908
2;907
2;907
2;906
2;906
2;905
2;905
2;904
2;904
2;903
2;903
2;902
2;902
2;901
2;901
2;900
2;900
2;899
2;899
2;898
2;898
2;897
2;897
2;896
2;896
2;895
2;895
2;894
2;894
2;893
2;893
2;892
2;892
2;891
2;891
2;890
2;890
2;889
2;889
2;888
2;888
2;887
2;887
2;886
2;886
2;885
2;885
2;884
2;884
2;883
2;883
2;882
2;882
2;881
2;881
2;880
2;880
2;879
2;879
2;878
2;878
2;877
2;877
2;876
2;876
2;875
2;875
2;874
2;874
2;873
2;873
2;872
2;872
2;871
2;871
2;870
2;870
2;869
2;869
2;868
2;868
2;867
2;867
2;866
2;866
2;865
2;865
2;864
2;864
2;863
2;863
2;862
2;862
2;861
2;861
2;860
2;860
2;859
2;859
2;858
2;858
2;857
2;857
2;856
2;856
2;855
2;855
2;854
2;854
2;853
2;853
2;852
2;852
2;851
2;851
2;850
2;850
2;849
2;849
2;848
2;848
2;847
2;847
2;846
2;846
2;845
2;845
2;844
2;844
2;843
2;843
2;842
2;842
2;841
2;841
2;840
2;840
2;839
2;839
2;838
2;838
2;837
2;837
2;836
2;836
2;835
2;835
2;834
2;834
2;833
2;833
2;832
2;832
2;831
2;831
2;830
2;830
2;829
2;829
2;828
2;828
2;827
2;827
2;826
2;826
2;825
2;825
2;824
2;824
2;823
2;823
2;822
2;822
2;821
2;821
2;820
2;820
2;819
2;819
2;818
2;818
2;817
2;817
2;816
2;816
2;815
2;815
2;814
2;814
2;813
2;813
2;812
2;812
2;811
2;811
2;810
2;810
2;809
2;809
2;808
2;808
2;807
2;807
2;806
2;806
2;805
2;805
2;804
2;804
2;803
2;803
2;802
2;802
2;801
2;801
2;800
2;800
2;799
2;799
2;798
2;798
2;797
2;797
2;796
2;796
2;795
2;795
2;794
2;794
2;793
2;793
2;792
2;792
2;791
2;791
2;790
2;790
2;789
2;789
2;788
2;788
2;787
2;787
2;786
2;786
2;785
2;785
2;784
2;784
2;783
2;783
2;782
2;782
2;781
2;781
2;780
2;780
2;779
2;779
2;778
2;778
2;777
2;777
2;776
2;776
2;775
2;775
2;774
2;774
2;773
2;773
2;772
2;772
2;771
2;771
2;770
2;770
2;769
2;769
2;768
2;768
2;767
2;767
2;766
2;766
2;765
2;765
2;764
2;764
2;763
2;763
2;762
2;762
2;761
2;761
2;760
2;760
2;759
2;759
2;758
2;758
2;757
2;757
2;756
2;756
2;755
2;755
2;754
2;754
2;753
2;753
2;752
2;752
2;751
2;751
2;750
2;750
2;749
2;749
2;748
2;748
2;747
2;747
2;746
2;746
2;745
2;745
2;744
2;744
2;743
2;743
2;742
2;742
2;741
2;741
2;740
2;740
2;739
2;739
2;738
2;738
2;737
2;737
2;736
2;736
2;735
2;735
2;734
2;734
2;733
2;733
2;732
2;732
2;731
2;731
2;730
2;730
2;729
2;729
2;728
2;728
2;727
2;727
2;726
2;726
2;725
2;725
2;724
2;724
2;723
2;723
2;722
2;722
2;721
2;721
2;720
2;720
2;719
2;719
2;718
2;718
2;717
2;717
2;716
2;716
2;715
2;715
2;714
2;714
2;713
2;713
2;712
2;712
2;711
2;711
2;710
2;710
2;709
2;709
2;708
2;708
2;707
2;707
2;706
2;706
2;705
2;705
2;704
2;704
2;703
2;703
2;702
2;702
2;701
2;701
2;700
2;700
2;699
2;699
2;698
2;698
2;697
2;697
2;696
2;696
2;695
2;695
2;694
2;694
2;693
2;693
2;692
2;692
2;691
2;691
2;690
2;690
2;689
2;689
2;688
2;688
2;687
2;687
2;686
2;686
2;685
2;685
2;684
2;684
2;683
2;683
2;682
2;682
2;681
2;681
2;680
2;680
2;679
2;679
2;678
2;678
2;677
2;677
2;676
2;676
2;675
2;675
2;674
2;674
2;673
2;673
2;672
2;672
2;671
2;671
2;670
2;670
2;669
2;669
2;668
2;668
2;667
2;667
2;666
2;666
2;665
2;665
2;664
2;664
2;663
2;663
2;662
2;662
2;661
2;661
2;660
2;660
2;659
2;659
2;658
2;658
2;657
2;657
2;656
2;656
2;655
2;655
2;654
2;654
2;653
2;653
2;652
2;652
2;651
2;651
2;650
2;650
2;649
2;649
2;648
2;648
2;647
2;647
2;646
2;646
2;645
2;645
2;644
2;644
2;643
2;643
2;642
2;642
2;641
2;641
2;640
2;640
2;639
2;639
2;638
2;638
2;637
2;637
2;636
2;636
2;635
2;635
2;634
2;634
2;633
2;633
2;632
2;632
2;631
2;631
2;630
2;630
2;629
2;629
2;628
2;628
2;627
2;627
2;626
2;626
2;625
2;625
2;624
2;624
2;623
2;623
2;622
2;622
2;621
2;621
2;620
2;620
2;619
2;619
2;618
2;618
2;617
2;617
2;616
2;616
2;615
2;615
2;614
2;614
2;613
2;613
2;612
2;612
2;611
2;611
2;610
2;610
2;609
2;609
2;608
2;608
2;607
2;607
2;606
2;606
2;605
2;605
2;604
2;604
2;603
2;603
2;602
2;602
2;601
2;601
2;600
2;600
2;599
2;599
2;598
2;598
2;597
2;597
2;596
2;596
2;595
2;595
2;594
2;594
2;593
2;593
2;592
2;592
2;591
2;591
2;590
2;590
2;589
2;589
2;588
2;588
2;587
2;587
2;586
2;586
2;585
2;585
2;584
2;584
2;583
2;583
2;582
2;582
2;581
2;581
2;580
2;580
2;579
2;579
2;578
2;578
2;577
2;577
2;576
2;576
2;575
2;575
2;574
2;574
2;573
2;573
2;572
2;572
2;571
2;571
2;570
2;570
2;569
2;569
2;568
2;568
2;567
2;567
2;566
2;566
2;565
2;565
2;564
2;564
2;563
2;563
2;562
2;562
2;561
2;561
2;560
2;560
2;559
2;559
2;558
2;558
2;557
2;557
2;556
2;556
2;555
2;555
2;554
2;554
2;553
2;553
2;552
2;552
2;551
2;551
2;550
2;550
2;549
2;549
2;548
2;548
2;547
2;547
2;546
2;546
2;545
2;545
2;544
2;544
2;543
2;543
2;542
2;542
2;541
2;541
2;540
2;540
2;539
2;539
2;538
2;538
2;537
2;537
2;536
2;536
2;535
2;535
2;534
2;534
2;533
2;533
2;532
2;532
2;531
2;531
2;530
2;530
2;529
2;529
2;528
2;528
2;527
2;527
2;526
2;526
2;525
2;525
2;524
2;524
2;523
2;523
2;522
2;522
2;521
2;521
2;520
2;520
2;519
2;519
2;518
2;518
2;517
2;517
2;516
2;516
2;515
2;515
2;514
2;514
2;513
2;513
2;512
2;512
2;511
2;511
2;510
2;510
2;509
2;509
2;508
2;508
2;507
2;507
2;506
2;506
2;505
2;505
2;504
2;504
2;503
2;503
2;502
2;502
2;501
2;501
2;500
2;500
2;499
2;499
2;498
2;498
2;497
2;497
2;496
2;496
2;495
2;495
2;494
2;494
2;493
2;493
2;492
2;492
2;491
2;491
2;490
2;490
2;489
2;489
2;488
2;488
2;487
2;487
2;486
2;486
2;485
2;485
2;484
2;484
2;483
2;483
2;482
2;482
2;481
2;481
2;480
2;480
2;479
2;479
2;478
2;478
2;477
2;477
2;476
2;476
2;475
2;475
2;474
2;474
2;473
2;473
2;472
2;472
2;471
2;471
2;470
2;470
2;469
2;469
2;468
2;468
2;467
2;467
2;466
2;466
2;465
2;465
2;464
2;464
2;463
2;463
2;462
2;462
2;461
2;461
2;460
2;460
2;459
2;459
2;458
2;458
2;457
2;457
2;456
2;456
2;455
2;455
2;454
2;454
2;453
2;453
2;452
2;452
2;451
2;451
2;450
2;450
2;449
2;449
2;448
2;448
2;447
2;447
2;446
2;446
2;445
2;445
2;444
2;444
2;443
2;443
2;442
2;442
2;441
2;441
2;440
2;440
2;439
2;439
2;438
2;438
2;437
2;437
2;436
2;436
2;435
2;435
2;434
2;434
2;433
2;433
2;432
2;432
2;431
2;431
2;430
2;430
2;429
2;429
2;428
2;428
2;427
2;427
2;426
2;426
2;425
2;425
2;424
2;424
2;423
2;423
2;422
2;422
2;421
2;421
2;420
2;420
2;419
2;419
2;418
2;418
2;417
2;417
2;416
2;416
2;415
2;415
2;414
2;414
2;413
2;413
2;412
2;412
2;411
2;411
2;410
2;410
2;409
2;409
2;408
2;408
2;407
2;407
2;406
2;406
2;405
2;405
2;404
2;404
2;403
2;403
2;402
2;402
2;401
2;401
2;400
2;400
2;399
2;399
2;398
2;398
2;397
2;397
2;396
2;396
2;395
2;395
2;394
2;394
2;393
2;393
2;392
2;392
2;391
2;391
2;390
2;390
2;389
2;389
2;388
2;388
2;387
2;387
2;386
2;386
2;385
2;385
2;384
2;384
2;383
2;383
2;382
2;382
2;381
2;381
2;380
2;380
2;379
2;379
2;378
2;378
2;377
2;377
2;376
2;376
2;375
2;375
2;374
2;374
2;373
2;373
2;372
2;372
2;371
2;371
2;370
2;370
2;369
2;369
2;368
2;368
2;367
2;367
2;366
2;366
2;365
2;365
2;364
2;364
2;363
2;363
2;362
2;362
2;361
2;361
2;360
2;360
2;359
2;359
2;358
2;358
2;357
2;357
2;356
2;356
2;355
2;355
2;354
2;354
2;353
2;353
2;352
2;352
2;351
2;351
2;350
2;350
2;349
2;349
2;348
2;348
2;347
2;347
2;346
2;346
2;345
2;345
2;344
2;344
2;343
2;343
2;342
2;342
2;341
2;341
2;340
2;340
2;339
2;339
2;338
2;338
2;337
2;337
2;336
2;336
2;335
2;335
2;334
2;334
2;333
2;333
2;332
2;332
2;331
2;331
2;330
2;330
2;329
2;329
2;328
2;328
2;327
2;327
2;326
2;326
2;325
2;325
2;324
2;324
2;323
2;323
2;322
2;322
2;321
2;321
2;320
2;320
2;319
2;319
2;318
2;318
2;317
2;317
2;316
2;316
2;315
2;315
2;314
2;314
2;313
2;313
2;312
2;312
2;311
2;311
2;310
2;310
2;309
2;309
2;308
2;308
2;307
2;307
2;306
2;306
2;305
2;305
2;304
2;304
2;303
2;303
2;302
2;302
2;301
2;301
2;300
2;300
2;299
2;299
2;298
2;298
2;297
2;297
2;296
2;296
2;295
2;295
2;294
2;294
2;293
2;293
2;292
2;292
2;291
2;291
2;290
2;290
2;289
2;289
2;288
2;288
2;287
2;287
2;286
2;286
2;285
2;285
2;284
2;284
2;283
2;283
2;282
2;282
2;281
2;281
2;280
2;280
2;279
2;279
2;278
2;278
2;277
2;277
2;276
2;276
2;275
2;275
2;274
2;274
2;273
2;273
2;272
2;272
2;271
2;271
2;270
2;270
2;269
2;269
2;268
2;268
2;267
2;267
2;266
2;266
2;265
2;265
2;264
2;264
2;263
2;263
2;262
2;262
2;261
2;261
2;260
2;260
2;259
2;259
2;258
2;258
2;257
2;257
2;256
2;256
2;255
2;255
2;254
2;254
2;253
2;253
2;252
2;252
2;251
2;251
2;250
2;250
2;249
2;249
2;248
2;248
2;247
2;247
2;246
2;246
2;245
2;245
2;244
2;244
2;243
2;243
2;242
2;242
2;241
2;241
2;240
2;240
2;239
2;239
2;238
2;238
2;237
2;237
2;236
2;236
2;235
2;235
2;234
2;234
2;233
2;233
2;232
2;232
2;231
2;231
2;230
2;230
2;229
2;229
2;228
2;228
2;227
2;227
2;226
2;226
2;225
2;225
2;224
2;224
2;223
2;223
2;222
2;222
2;221
2;221
2;220
2;220
2;219
2;219
2;218
2;218
2;217
2;217
2;216
2;216
2;215
2;215
2;214
2;214
2;213
2;213
2;212
2;212
2;211
2;211
2;210
2;210
2;209
2;209
2;208
2;208
2;207
2;207
2;206
2;206
2;205
2;205
2;204
2;204
2;203
2;203
2;202
2;202
2;201
2;201
2;200
2;200
2;199
2;199
2;198
2;198
2;197
2;197
2;196
2;196
2;195
2;195
2;194
2;194
2;193
2;193
2;192
2;192
2;191
2;191
2;190
2;190
2;189
2;189
2;188
2;188
2;187
2;187
2;186
2;186
2;185
2;185
2;184
2;184
2;183
2;183
2;182
2;182
2;181
2;181
2;180
2;180
2;179
2;179
2;178
2;178
2;177
2;177
2;176
2;176
2;175
2;175
2;174
2;174
2;173
2;173
2;172
2;172
2;171
2;171
2;170
2;170
2;169
2;169
2;168
2;168
2;167
2;167
2;166
2;166
2;165
2;165
2;164
2;164
2;163
2;163
2;162
2;162
2;161
2;161
2;160
2;160
2;159
2;159
2;158
2;158
2;157
2;157
2;156
2;156
2;155
2;155
2;154
2;154
2;153
2;153
2;152
2;152
2;151
2;151
2;150
2;150
2;149
2;149
2;148
2;148
2;147
2;147
2;146
2;146
2;145
2;145
2;144
2;144
2;143
2;143
2;142
2;142
2;141
2;141
2;140
2;140
2;139
2;139
2;138
2;138
2;137
2;137
2;136
2;136
2;135
2;135
2;134
2;134
2;133
2;133
2;132
2;132
2;131
2;131
2;130
2;130
2;129
2;129
2;128
2;128
2;127
2;127
2;126
2;126
2;125
2;125
2;124
2;124
2;123
2;123
2;122
2;122
2;121
2;121
2;120
2;120
2;119
2;119
2;118
2;118
2;117
2;117
2;116
2;116
2;115
2;115
2;114
2;114
2;113
2;113
2;112
2;112
2;111
2;111
2;110
2;110
2;109
2;109
2;108
2;108
2;107
2;107
2;106
2;106
2;105
2;105
2;104
2;104
2;103
2;103
2;102
2;102
2;101
2;101
2;100
2;100
2;99
2;99
2;98
2;98
2;97
2;97
2;96
2;96
2;95
2;95
2;94
2;94
2;93
2;93
2;92
2;92
2;91
2;91
2;90
2;90
2;89
2;89
2;88
2;88
2;87
2;87
2;86
2;86
2;85
2;85
2;84
2;84
2;83
2;83
2;82
2;82
2;81
2;81
2;80
2;80
2;79
2;79
2;78
2;78
2;77
2;77
2;76
2;76
2;75
2;75
2;74
2;74
2;73
2;73
2;72
2;72
2;71
2;71
2;70
2;70
2;69
2;69
2;68
2;68
2;67
2;67
2;66
2;66
2;65
2;65
2;64
2;64
2;63
2;63
2;62
2;62
2;61
2;61
2;60
2;60
2;59
2;59
2;58
2;58
2;57
2;57
2;56
2;56
2;55
2;55
2;54
2;54
2;53
2;53
2;52
2;52
2;51
2;51
2;50
2;50
2;49
2;49
2;48
2;48
2;47
2;47
2;46
2;46
2;45
2;45
2;44
2;44
2;43
2;43
2;42
2;42
2;41
2;41
2;40
2;40
2;39
2;39
2;38
2;38
2;37
2;37
2;36
2;36
2;35
2;35
2;34
2;34
2;33
2;33
2;32
2;32
2;31
2;31
2;30
2;30
2;29
2;29
2;28
2;28
2;27
2;27
2;26
2;26
2;25
2;25
2;24
2;24
2;23
2;23
2;22
2;22
2;21
2;21
2;20
2;20
2;19
2;19
2;18
2;18
2;17
2;17
2;16
2;16
2;15
2;15
2;14
2;14
2;13
2;13
2;12
2;12
2;11
2;11
2;10
2;10
2;9
2;9
2;8
2;8
2;7
2;7
2;6
2;6
2;5
2;5
2;4
2;4
2;3
2;3
2;2
2;2
2;1
2;1
3;505
3;505
3;504
3;504
3;503
3;503
3;502
3;502
3;501
3;501
3;500
3;500
3;499
3;499
3;498
3;498
3;497
3;497
3;496
3;496
3;495
3;495
3;494
3;494
3;493
3;493
3;492
3;492
3;491
3;491
3;490
3;490
3;489
3;489
3;488
3;488
3;487
3;487
3;486
3;486
3;485
3;485
3;484
3;484
3;483
3;483
3;482
3;482
3;481
3;481
3;480
3;480
3;479
3;479
3;478
3;478
3;477
3;477
3;476
3;476
3;475
3;475
3;474
3;474
3;473
3;473
3;472
3;472
3;471
3;471
3;470
3;470
3;469
3;469
3;468
3;468
3;467
3;467
3;466
3;466
3;465
3;465
3;464
3;464
3;463
3;463
3;462
3;462
3;461
3;461
3;460
3;460
3;459
3;459
3;458
3;458
3;457
3;457
3;456
3;456
3;455
3;455
3;454
3;454
3;453
3;453
3;452
3;452
3;451
3;451
3;450
3;450
3;449
3;449
3;448
3;448
3;447
3;447
3;446
3;446
3;445
3;445
3;444
3;444
3;443
3;443
3;442
3;442
3;441
3;441
3;440
3;440
3;439
3;439
3;438
3;438
3;437
3;437
3;436
3;436
3;435
3;435
3;434
3;434
3;433
3;433
3;432
3;432
3;431
3;431
3;430
3;430
3;429
3;429
3;428
3;428
3;427
3;427
3;426
3;426
3;425
3;425
3;424
3;424
3;423
3;423
3;422
3;422
3;421
3;421
3;420
3;420
3;419
3;419
3;418
3;418
3;417
3;417
3;416
3;416
3;415
3;415
3;414
3;414
3;413
3;413
3;412
3;412
3;411
3;411
3;410
3;410
3;409
3;409
3;408
3;408
3;407
3;407
3;406
3;406
3;405
3;405
3;404
3;404
3;403
3;403
3;402
3;402
3;401
3;401
3;400
3;400
3;399
3;399
3;398
3;398
3;397
3;397
3;396
3;396
3;395
3;395
3;394
3;394
3;393
3;393
3;392
3;392
3;391
3;391
3;390
3;390
3;389
3;389
3;388
3;388
3;387
3;387
3;386
3;386
3;385
3;385
3;384
3;384
3;383
3;383
3;382
3;382
3;381
3;381
3;380
3;380
3;379
3;379
3;378
3;378
3;377
3;377
3;376
3;376
3;375
3;375
3;374
3;374
3;373
3;373
3;372
3;372
3;371
3;371
3;370
3;370
3;369
3;369
3;368
3;368
3;367
3;367
3;366
3;366
3;365
3;365
3;364
3;364
3;363
3;363
3;362
3;362
3;361
3;361
3;360
3;360
3;359
3;359
3;358
3;358
3;357
3;357
3;356
3;356
3;355
3;355
3;354
3;354
3;353
3;353
3;352
3;352
3;351
3;351
3;350
3;350
3;349
3;349
3;348
3;348
3;347
3;347
3;346
3;346
3;345
3;345
3;344
3;344
3;343
3;343
3;342
3;342
3;341
3;341
3;340
3;340
3;339
3;339
3;338
3;338
3;337
3;337
3;336
3;336
3;335
3;335
3;334
3;334
3;333
3;333
3;332
3;332
3;331
3;331
3;330
3;330
3;329
3;329
3;328
3;328
3;327
3;327
3;326
3;326
3;325
3;325
3;324
3;324
3;323
3;323
3;322
3;322
3;321
3;321
3;320
3;320
3;319
3;319
3;318
3;318
3;317
3;317
3;316
3;316
3;315
3;315
3;314
3;314
3;313
3;313
3;312
3;312
3;311
3;311
3;310
3;310
3;309
3;309
3;308
3;308
3;307
3;307
3;306
3;306
3;305
3;305
3;304
3;304
3;303
3;303
3;302
3;302
3;301
3;301
3;300
3;300
3;299
3;299
3;298
3;298
3;297
3;297
3;296
3;296
3;295
3;295
3;294
3;294
3;293
3;293
3;292
3;292
3;291
3;291
3;290
3;290
3;289
3;289
3;288
3;288
3;287
3;287
3;286
3;286
3;285
3;285
3;284
3;284
3;283
3;283
3;282
3;282
3;281
3;281
3;280
3;280
3;279
3;279
3;278
3;278
3;277
3;277
3;276
3;276
3;275
3;275
3;274
3;274
3;273
3;273
3;272
3;272
3;271
3;271
3;270
3;270
3;269
3;269
3;268
3;268
3;267
3;267
3;266
3;266
3;265
3;265
3;264
3;264
3;263
3;263
3;262
3;262
3;261
3;261
3;260
3;260
3;259
3;259
3;258
3;258
3;257
3;257
3;256
3;256
3;255
3;255
3;254
3;254
3;253
3;253
3;252
3;252
3;251
3;251
3;250
3;250
3;249
3;249
3;248
3;248
3;247
3;247
3;246
3;246
3;245
3;245
3;244
3;244
3;243
3;243
3;242
3;242
3;241
3;241
3;240
3;240
3;239
3;239
3;238
3;238
3;237
3;237
3;236
3;236
3;235
3;235
3;234
3;234
3;233
3;233
3;232
3;232
3;231
3;231
3;230
3;230
3;229
3;229
3;228
3;228
3;227
3;227
3;226
3;226
3;225
3;225
3;224
3;224
3;223
3;223
3;222
3;222
3;221
3;221
3;220
3;220
3;219
3;219
3;218
3;218
3;217
3;217
3;216
3;216
3;215
3;215
3;214
3;214
3;213
3;213
3;212
3;212
3;211
3;211
3;210
3;210
3;209
3;209
3;208
3;208
3;207
3;207
3;206
3;206
3;205
3;205
3;204
3;204
3;203
3;203
3;202
3;202
3;201
3;201
3;200
3;200
3;199
3;199
3;198
3;198
3;197
3;197
3;196
3;196
3;195
3;195
3;194
3;194
3;193
3;193
3;192
3;192
3;191
3;191
3;190
3;190
3;189
3;189
3;188
3;188
3;187
3;187
3;186
3;186
3;185
3;185
3;184
3;184
3;183
3;183
3;182
3;182
3;181
3;181
3;180
3;180
3;179
3;179
3;178
3;178
3;177
3;177
3;176
3;176
3;175
3;175
3;174
3;174
3;173
3;173
3;172
3;172
3;171
3;171
3;170
3;170
3;169
3;169
3;168
3;168
3;167
3;167
3;166
3;166
3;165
3;165
3;164
3;164
3;163
3;163
3;162
3;162
3;161
3;161
3;160
3;160
3;159
3;159
3;158
3;158
3;157
3;157
3;156
3;156
3;155
3;155
3;154
3;154
3;153
3;153
3;152
3;152
3;151
3;151
3;150
3;150
3;149
3;149
3;148
3;148
3;147
3;147
3;146
3;146
3;145
3;145
3;144
3;144
3;143
3;143
3;142
3;142
3;141
3;141
3;140
3;140
3;139
3;139
3;138
3;138
3;137
3;137
3;136
3;136
3;135
3;135
3;134
3;134
3;133
3;133
3;132
3;132
3;131
3;131
3;130
3;130
3;129
3;129
3;128
3;128
3;127
3;127
3;126
3;126
3;125
3;125
3;124
3;124
3;123
3;123
3;122
3;122
3;121
3;121
3;120
3;120
3;119
3;119
3;118
3;118
3;117
3;117
3;116
3;116
3;115
3;115
3;114
3;114
3;113
3;113
3;112
3;112
3;111
3;111
3;110
3;110
3;109
3;109
3;108
3;108
3;107
3;107
3;106
3;106
3;105
3;105
3;104
3;104
3;103
3;103
3;102
3;102
3;101
3;101
3;100
3;100
3;99
3;99
3;98
3;98
3;97
3;97
3;96
3;96
3;95
3;95
3;94
3;94
3;93
3;93
3;92
3;92
3;91
3;91
3;90
3;90
3;89
3;89
3;88
3;88
3;87
3;87
3;86
3;86
3;85
3;85
3;84
3;84
3;83
3;83
3;82
3;82
3;81
3;81
3;80
3;80
3;79
3;79
3;78
3;78
3;77
3;77
3;76
3;76
3;75
3;75
3;74
3;74
3;73
3;73
3;72
3;72
3;71
3;71
3;70
3;70
3;69
3;69
3;68
3;68
3;67
3;67
3;66
3;66
3;65
3;65
3;64
3;64
3;63
3;63
3;62
3;62
3;61
3;61
3;60
3;60
3;59
3;59
3;58
3;58
3;57
3;57
3;56
3;56
3;55
3;55
3;54
3;54
3;53
3;53
3;52
3;52
3;51
3;51
3;50
3;50
3;49
3;49
3;48
3;48
3;47
3;47
3;46
3;46
3;45
3;45
3;44
3;44
3;43
3;43
3;42
3;42
3;41
3;41
3;40
3;40
3;39
3;39
3;38
3;38
3;37
3;37
3;36
3;36
3;35
3;35
3;34
3;34
3;33
3;33
3;32
3;32
3;31
3;31
3;30
3;30
3;29
3;29
3;28
3;28
3;27
3;27
3;26
3;26
3;25
3;25
3;24
3;24
3;23
3;23
3;22
3;22
3;21
3;21
3;20
3;20
3;19
3;19
3;18
3;18
3;17
3;17
3;16
3;16
3;15
3;15
3;14
3;14
3;13
3;13
3;12
3;12
3;11
3;11
3;10
3;10
3;9
3;9
3;8
3;8
3;7
3;7
3;6
3;6
3;5
3;5
3;4
3;4
3;3
3;3
3;2
3;2
3;1
3;1
4;2699
4;2699
4;2698
4;2698
4;2697
4;2697
4;2696
4;2696
4;2695
4;2695
4;2694
4;2694
4;2693
4;2693
4;2692
4;2692
4;2691
4;2691
4;2690
4;2690
4;2689
4;2689
4;2688
4;2688
4;2687
4;2687
4;2686
4;2686
4;2685
4;2685
4;2684
4;2684
4;2683
4;2683
4;2682
4;2682
4;2681
4;2681
4;2680
4;2680
4;2679
4;2679
4;2678
4;2678
4;2677
4;2677
4;2676
4;2676
4;2675
4;2675
4;2674
4;2674
4;2673
4;2673
4;2672
4;2672
4;2671
4;2671
4;2670
4;2670
4;2669
4;2669
4;2668
4;2668
4;2667
4;2667
4;2666
4;2666
4;2665
4;2665
4;2664
4;2664
4;2663
4;2663
4;2662
4;2662
4;2661
4;2661
4;2660
4;2660
4;2659
4;2659
4;2658
4;2658
4;2657
4;2657
4;2656
4;2656
4;2655
4;2655
4;2654
4;2654
4;2653
4;2653
4;2652
4;2652
4;2651
4;2651
4;2650
4;2650
4;2649
4;2649
4;2648
4;2648
4;2647
4;2647
4;2646
4;2646
4;2645
4;2645
4;2644
4;2644
4;2643
4;2643
4;2642
4;2642
4;2641
4;2641
4;2640
4;2640
4;2639
4;2639
4;2638
4;2638
4;2637
4;2637
4;2636
4;2636
4;2635
4;2635
4;2634
4;2634
4;2633
4;2633
4;2632
4;2632
4;2631
4;2631
4;2630
4;2630
4;2629
4;2629
4;2628
4;2628
4;2627
4;2627
4;2626
4;2626
4;2625
4;2625
4;2624
4;2624
4;2623
4;2623
4;2622
4;2622
4;2621
4;2621
4;2620
4;2620
4;2619
4;2619
4;2618
4;2618
4;2617
4;2617
4;2616
4;2616
4;2615
4;2615
4;2614
4;2614
4;2613
4;2613
4;2612
4;2612
4;2611
4;2611
4;2610
4;2610
4;2609
4;2609
4;2608
4;2608
4;2607
4;2607
4;2606
4;2606
4;2605
4;2605
4;2604
4;2604
4;2603
4;2603
4;2602
4;2602
4;2601
4;2601
4;2600
4;2600
4;2599
4;2599
4;2598
4;2598
4;2597
4;2597
4;2596
4;2596
4;2595
4;2595
4;2594
4;2594
4;2593
4;2593
4;2592
4;2592
4;2591
4;2591
4;2590
4;2590
4;2589
4;2589
4;2588
4;2588
4;2587
4;2587
4;2586
4;2586
4;2585
4;2585
4;2584
4;2584
4;2583
4;2583
4;2582
4;2582
4;2581
4;2581
4;2580
4;2580
4;2579
4;2579
4;2578
4;2578
4;2577
4;2577
4;2576
4;2576
4;2575
4;2575
4;2574
4;2574
4;2573
4;2573
4;2572
4;2572
4;2571
4;2571
4;2570
4;2570
4;2569
4;2569
4;2568
4;2568
4;2567
4;2567
4;2566
4;2566
4;2565
4;2565
4;2564
4;2564
4;2563
4;2563
4;2562
4;2562
4;2561
4;2561
4;2560
4;2560
4;2559
4;2559
4;2558
4;2558
4;2557
4;2557
4;2556
4;2556
4;2555
4;2555
4;2554
4;2554
4;2553
4;2553
4;2552
4;2552
4;2551
4;2551
4;2550
4;2550
4;2549
4;2549
4;2548
4;2548
4;2547
4;2547
4;2546
4;2546
4;2545
4;2545
4;2544
4;2544
4;2543
4;2543
4;2542
4;2542
4;2541
4;2541
4;2540
4;2540
4;2539
4;2539
4;2538
4;2538
4;2537
4;2537
4;2536
4;2536
4;2535
4;2535
4;2534
4;2534
4;2533
4;2533
4;2532
4;2532
4;2531
4;2531
4;2530
4;2530
4;2529
4;2529
4;2528
4;2528
4;2527
4;2527
4;2526
4;2526
4;2525
4;2525
4;2524
4;2524
4;2523
4;2523
4;2522
4;2522
4;2521
4;2521
4;2520
4;2520
4;2519
4;2519
4;2518
4;2518
4;2517
4;2517
4;2516
4;2516
4;2515
4;2515
4;2514
4;2514
4;2513
4;2513
4;2512
4;2512
4;2511
4;2511
4;2510
4;2510
4;2509
4;2509
4;2508
4;2508
4;2507
4;2507
4;2506
4;2506
4;2505
4;2505
4;2504
4;2504
4;2503
4;2503
4;2502
4;2502
4;2501
4;2501
4;2500
4;2500
4;2499
4;2499
4;2498
4;2498
4;2497
4;2497
4;2496
4;2496
4;2495
4;2495
4;2494
4;2494
4;2493
4;2493
4;2492
4;2492
4;2491
4;2491
4;2490
4;2490
4;2489
4;2489
4;2488
4;2488
4;2487
4;2487
4;2486
4;2486
4;2485
4;2485
4;2484
4;2484
4;2483
4;2483
4;2482
4;2482
4;2481
4;2481
4;2480
4;2480
4;2479
4;2479
4;2478
4;2478
4;2477
4;2477
4;2476
4;2476
4;2475
4;2475
4;2474
4;2474
4;2473
4;2473
4;2472
4;2472
4;2471
4;2471
4;2470
4;2470
4;2469
4;2469
4;2468
4;2468
4;2467
4;2467
4;2466
4;2466
4;2465
4;2465
4;2464
4;2464
4;2463
4;2463
4;2462
4;2462
4;2461
4;2461
4;2460
4;2460
4;2459
4;2459
4;2458
4;2458
4;2457
4;2457
4;2456
4;2456
4;2455
4;2455
4;2454
4;2454
4;2453
4;2453
4;2452
4;2452
4;2451
4;2451
4;2450
4;2450
4;2449
4;2449
4;2448
4;2448
4;2447
4;2447
4;2446
4;2446
4;2445
4;2445
4;2444
4;2444
4;2443
4;2443
4;2442
4;2442
4;2441
4;2441
4;2440
4;2440
4;2439
4;2439
4;2438
4;2438
4;2437
4;2437
4;2436
4;2436
4;2435
4;2435
4;2434
4;2434
4;2433
4;2433
4;2432
4;2432
4;2431
4;2431
4;2430
4;2430
4;2429
4;2429
4;2428
4;2428
4;2427
4;2427
4;2426
4;2426
4;2425
4;2425
4;2424
4;2424
4;2423
4;2423
4;2422
4;2422
4;2421
4;2421
4;2420
4;2420
4;2419
4;2419
4;2418
4;2418
4;2417
4;2417
4;2416
4;2416
4;2415
4;2415
4;2414
4;2414
4;2413
4;2413
4;2412
4;2412
4;2411
4;2411
4;2410
4;2410
4;2409
4;2409
4;2408
4;2408
4;2407
4;2407
4;2406
4;2406
4;2405
4;2405
4;2404
4;2404
4;2403
4;2403
4;2402
4;2402
4;2401
4;2401
4;2400
4;2400
4;2399
4;2399
4;2398
4;2398
4;2397
4;2397
4;2396
4;2396
4;2395
4;2395
4;2394
4;2394
4;2393
4;2393
4;2392
4;2392
4;2391
4;2391
4;2390
4;2390
4;2389
4;2389
4;2388
4;2388
4;2387
4;2387
4;2386
4;2386
4;2385
4;2385
4;2384
4;2384
4;2383
4;2383
4;2382
4;2382
4;2381
4;2381
4;2380
4;2380
4;2379
4;2379
4;2378
4;2378
4;2377
4;2377
4;2376
4;2376
4;2375
4;2375
4;2374
4;2374
4;2373
4;2373
4;2372
4;2372
4;2371
4;2371
4;2370
4;2370
4;2369
4;2369
4;2368
4;2368
4;2367
4;2367
4;2366
4;2366
4;2365
4;2365
4;2364
4;2364
4;2363
4;2363
4;2362
4;2362
4;2361
4;2361
4;2360
4;2360
4;2359
4;2359
4;2358
4;2358
4;2357
4;2357
4;2356
4;2356
4;2355
4;2355
4;2354
4;2354
4;2353
4;2353
4;2352
4;2352
4;2351
4;2351
4;2350
4;2350
4;2349
4;2349
4;2348
4;2348
4;2347
4;2347
4;2346
4;2346
4;2345
4;2345
4;2344
4;2344
4;2343
4;2343
4;2342
4;2342
4;2341
4;2341
4;2340
4;2340
4;2339
4;2339
4;2338
4;2338
4;2337
4;2337
4;2336
4;2336
4;2335
4;2335
4;2334
4;2334
4;2333
4;2333
4;2332
4;2332
4;2331
4;2331
4;2330
4;2330
4;2329
4;2329
4;2328
4;2328
4;2327
4;2327
4;2326
4;2326
4;2325
4;2325
4;2324
4;2324
4;2323
4;2323
4;2322
4;2322
4;2321
4;2321
4;2320
4;2320
4;2319
4;2319
4;2318
4;2318
4;2317
4;2317
4;2316
4;2316
4;2315
4;2315
4;2314
4;2314
4;2313
4;2313
4;2312
4;2312
4;2311
4;2311
4;2310
4;2310
4;2309
4;2309
4;2308
4;2308
4;2307
4;2307
4;2306
4;2306
4;2305
4;2305
4;2304
4;2304
4;2303
4;2303
4;2302
4;2302
4;2301
4;2301
4;2300
4;2300
4;2299
4;2299
4;2298
4;2298
4;2297
4;2297
4;2296
4;2296
4;2295
4;2295
4;2294
4;2294
4;2293
4;2293
4;2292
4;2292
4;2291
4;2291
4;2290
4;2290
4;2289
4;2289
4;2288
4;2288
4;2287
4;2287
4;2286
4;2286
4;2285
4;2285
4;2284
4;2284
4;2283
4;2283
4;2282
4;2282
4;2281
4;2281
4;2280
4;2280
4;2279
4;2279
4;2278
4;2278
4;2277
4;2277
4;2276
4;2276
4;2275
4;2275
4;2274
4;2274
4;2273
4;2273
4;2272
4;2272
4;2271
4;2271
4;2270
4;2270
4;2269
4;2269
4;2268
4;2268
4;2267
4;2267
4;2266
4;2266
4;2265
4;2265
4;2264
4;2264
4;2263
4;2263
4;2262
4;2262
4;2261
4;2261
4;2260
4;2260
4;2259
4;2259
4;2258
4;2258
4;2257
4;2257
4;2256
4;2256
4;2255
4;2255
4;2254
4;2254
4;2253
4;2253
4;2252
4;2252
4;2251
4;2251
4;2250
4;2250
4;2249
4;2249
4;2248
4;2248
4;2247
4;2247
4;2246
4;2246
4;2245
4;2245
4;2244
4;2244
4;2243
4;2243
4;2242
4;2242
4;2241
4;2241
4;2240
4;2240
4;2239
4;2239
4;2238
4;2238
4;2237
4;2237
4;2236
4;2236
4;2235
4;2235
4;2234
4;2234
4;2233
4;2233
4;2232
4;2232
4;2231
4;2231
4;2230
4;2230
4;2229
4;2229
4;2228
4;2228
4;2227
4;2227
4;2226
4;2226
4;2225
4;2225
4;2224
4;2224
4;2223
4;2223
4;2222
4;2222
4;2221
4;2221
4;2220
4;2220
4;2219
4;2219
4;2218
4;2218
4;2217
4;2217
4;2216
4;2216
4;2215
4;2215
4;2214
4;2214
4;2213
4;2213
4;2212
4;2212
4;2211
4;2211
4;2210
4;2210
4;2209
4;2209
4;2208
4;2208
4;2207
4;2207
4;2206
4;2206
4;2205
4;2205
4;2204
4;2204
4;2203
4;2203
4;2202
4;2202
4;2201
4;2201
4;2200
4;2200
4;2199
4;2199
4;2198
4;2198
4;2197
4;2197
4;2196
4;2196
4;2195
4;2195
4;2194
4;2194
4;2193
4;2193
4;2192
4;2192
4;2191
4;2191
4;2190
4;2190
4;2189
4;2189
4;2188
4;2188
4;2187
4;2187
4;2186
4;2186
4;2185
4;2185
4;2184
4;2184
4;2183
4;2183
4;2182
4;2182
4;2181
4;2181
4;2180
4;2180
4;2179
4;2179
4;2178
4;2178
4;2177
4;2177
4;2176
4;2176
4;2175
4;2175
4;2174
4;2174
4;2173
4;2173
4;2172
4;2172
4;2171
4;2171
4;2170
4;2170
4;2169
4;2169
4;2168
4;2168
4;2167
4;2167
4;2166
4;2166
4;2165
4;2165
4;2164
4;2164
4;2163
4;2163
4;2162
4;2162
4;2161
4;2161
4;2160
4;2160
4;2159
4;2159
4;2158
4;2158
4;2157
4;2157
4;2156
4;2156
4;2155
4;2155
4;2154
4;2154
4;2153
4;2153
4;2152
4;2152
4;2151
4;2151
4;2150
4;2150
4;2149
4;2149
4;2148
4;2148
4;2147
4;2147
4;2146
4;2146
4;2145
4;2145
4;2144
4;2144
4;2143
4;2143
4;2142
4;2142
4;2141
4;2141
4;2140
4;2140
4;2139
4;2139
4;2138
4;2138
4;2137
4;2137
4;2136
4;2136
4;2135
4;2135
4;2134
4;2134
4;2133
4;2133
4;2132
4;2132
4;2131
4;2131
4;2130
4;2130
4;2129
4;2129
4;2128
4;2128
4;2127
4;2127
4;2126
4;2126
4;2125
4;2125
4;2124
4;2124
4;2123
4;2123
4;2122
4;2122
4;2121
4;2121
4;2120
4;2120
4;2119
4;2119
4;2118
4;2118
4;2117
4;2117
4;2116
4;2116
4;2115
4;2115
4;2114
4;2114
4;2113
4;2113
4;2112
4;2112
4;2111
4;2111
4;2110
4;2110
4;2109
4;2109
4;2108
4;2108
4;2107
4;2107
4;2106
4;2106
4;2105
4;2105
4;2104
4;2104
4;2103
4;2103
4;2102
4;2102
4;2101
4;2101
4;2100
4;2100
4;2099
4;2099
4;2098
4;2098
4;2097
4;2097
4;2096
4;2096
4;2095
4;2095
4;2094
4;2094
4;2093
4;2093
4;2092
4;2092
4;2091
4;2091
4;2090
4;2090
4;2089
4;2089
4;2088
4;2088
4;2087
4;2087
4;2086
4;2086
4;2085
4;2085
4;2084
4;2084
4;2083
4;2083
4;2082
4;2082
4;2081
4;2081
4;2080
4;2080
4;2079
4;2079
4;2078
4;2078
4;2077
4;2077
4;2076
4;2076
4;2075
4;2075
4;2074
4;2074
4;2073
4;2073
4;2072
4;2072
4;2071
4;2071
4;2070
4;2070
4;2069
4;2069
4;2068
4;2068
4;2067
4;2067
4;2066
4;2066
4;2065
4;2065
4;2064
4;2064
4;2063
4;2063
4;2062
4;2062
4;2061
4;2061
4;2060
4;2060
4;2059
4;2059
4;2058
4;2058
4;2057
4;2057
4;2056
4;2056
4;2055
4;2055
4;2054
4;2054
4;2053
4;2053
4;2052
4;2052
4;2051
4;2051
4;2050
4;2050
4;2049
4;2049
4;2048
4;2048
4;2047
4;2047
4;2046
4;2046
4;2045
4;2045
4;2044
4;2044
4;2043
4;2043
4;2042
4;2042
4;2041
4;2041
4;2040
4;2040
4;2039
4;2039
4;2038
4;2038
4;2037
4;2037
4;2036
4;2036
4;2035
4;2035
4;2034
4;2034
4;2033
4;2033
4;2032
4;2032
4;2031
4;2031
4;2030
4;2030
4;2029
4;2029
4;2028
4;2028
4;2027
4;2027
4;2026
4;2026
4;2025
4;2025
4;2024
4;2024
4;2023
4;2023
4;2022
4;2022
4;2021
4;2021
4;2020
4;2020
4;2019
4;2019
4;2018
4;2018
4;2017
4;2017
4;2016
4;2016
4;2015
4;2015
4;2014
4;2014
4;2013
4;2013
4;2012
4;2012
4;2011
4;2011
4;2010
4;2010
4;2009
4;2009
4;2008
4;2008
4;2007
4;2007
4;2006
4;2006
4;2005
4;2005
4;2004
4;2004
4;2003
4;2003
4;2002
4;2002
4;2001
4;2001
4;2000
4;2000
4;1999
4;1999
4;1998
4;1998
4;1997
4;1997
4;1996
4;1996
4;1995
4;1995
4;1994
4;1994
4;1993
4;1993
4;1992
4;1992
4;1991
4;1991
4;1990
4;1990
4;1989
4;1989
4;1988
4;1988
4;1987
4;1987
4;1986
4;1986
4;1985
4;1985
4;1984
4;1984
4;1983
4;1983
4;1982
4;1982
4;1981
4;1981
4;1980
4;1980
4;1979
4;1979
4;1978
4;1978
4;1977
4;1977
4;1976
4;1976
4;1975
4;1975
4;1974
4;1974
4;1973
4;1973
4;1972
4;1972
4;1971
4;1971
4;1970
4;1970
4;1969
4;1969
4;1968
4;1968
4;1967
4;1967
4;1966
4;1966
4;1965
4;1965
4;1964
4;1964
4;1963
4;1963
4;1962
4;1962
4;1961
4;1961
4;1960
4;1960
4;1959
4;1959
4;1958
4;1958
4;1957
4;1957
4;1956
4;1956
4;1955
4;1955
4;1954
4;1954
4;1953
4;1953
4;1952
4;1952
4;1951
4;1951
4;1950
4;1950
4;1949
4;1949
4;1948
4;1948
4;1947
4;1947
4;1946
4;1946
4;1945
4;1945
4;1944
4;1944
4;1943
4;1943
4;1942
4;1942
4;1941
4;1941
4;1940
4;1940
4;1939
4;1939
4;1938
4;1938
4;1937
4;1937
4;1936
4;1936
4;1935
4;1935
4;1934
4;1934
4;1933
4;1933
4;1932
4;1932
4;1931
4;1931
4;1930
4;1930
4;1929
4;1929
4;1928
4;1928
4;1927
4;1927
4;1926
4;1926
4;1925
4;1925
4;1924
4;1924
4;1923
4;1923
4;1922
4;1922
4;1921
4;1921
4;1920
4;1920
4;1919
4;1919
4;1918
4;1918
4;1917
4;1917
4;1916
4;1916
4;1915
4;1915
4;1914
4;1914
4;1913
4;1913
4;1912
4;1912
4;1911
4;1911
4;1910
4;1910
4;1909
4;1909
4;1908
4;1908
4;1907
4;1907
4;1906
4;1906
4;1905
4;1905
4;1904
4;1904
4;1903
4;1903
4;1902
4;1902
4;1901
4;1901
4;1900
4;1900
4;1899
4;1899
4;1898
4;1898
4;1897
4;1897
4;1896
4;1896
4;1895
4;1895
4;1894
4;1894
4;1893
4;1893
4;1892
4;1892
4;1891
4;1891
4;1890
4;1890
4;1889
4;1889
4;1888
4;1888
4;1887
4;1887
4;1886
4;1886
4;1885
4;1885
4;1884
4;1884
4;1883
4;1883
4;1882
4;1882
4;1881
4;1881
4;1880
4;1880
4;1879
4;1879
4;1878
4;1878
4;1877
4;1877
4;1876
4;1876
4;1875
4;1875
4;1874
4;1874
4;1873
4;1873
4;1872
4;1872
4;1871
4;1871
4;1870
4;1870
4;1869
4;1869
4;1868
4;1868
4;1867
4;1867
4;1866
4;1866
4;1865
4;1865
4;1864
4;1864
4;1863
4;1863
4;1862
4;1862
4;1861
4;1861
4;1860
4;1860
4;1859
4;1859
4;1858
4;1858
4;1857
4;1857
4;1856
4;1856
4;1855
4;1855
4;1854
4;1854
4;1853
4;1853
4;1852
4;1852
4;1851
4;1851
4;1850
4;1850
4;1849
4;1849
4;1848
4;1848
4;1847
4;1847
4;1846
4;1846
4;1845
4;1845
4;1844
4;1844
4;1843
4;1843
4;1842
4;1842
4;1841
4;1841
4;1840
4;1840
4;1839
4;1839
4;1838
4;1838
4;1837
4;1837
4;1836
4;1836
4;1835
4;1835
4;1834
4;1834
4;1833
4;1833
4;1832
4;1832
4;1831
4;1831
4;1830
4;1830
4;1829
4;1829
4;1828
4;1828
4;1827
4;1827
4;1826
4;1826
4;1825
4;1825
4;1824
4;1824
4;1823
4;1823
4;1822
4;1822
4;1821
4;1821
4;1820
4;1820
4;1819
4;1819
4;1818
4;1818
4;1817
4;1817
4;1816
4;1816
4;1815
4;1815
4;1814
4;1814
4;1813
4;1813
4;1812
4;1812
4;1811
4;1811
4;1810
4;1810
4;1809
4;1809
4;1808
4;1808
4;1807
4;1807
4;1806
4;1806
4;1805
4;1805
4;1804
4;1804
4;1803
4;1803
4;1802
4;1802
4;1801
4;1801
4;1800
4;1800
4;1799
4;1799
4;1798
4;1798
4;1797
4;1797
4;1796
4;1796
4;1795
4;1795
4;1794
4;1794
4;1793
4;1793
4;1792
4;1792
4;1791
4;1791
4;1790
4;1790
4;1789
4;1789
4;1788
4;1788
4;1787
4;1787
4;1786
4;1786
4;1785
4;1785
4;1784
4;1784
4;1783
4;1783
4;1782
4;1782
4;1781
4;1781
4;1780
4;1780
4;1779
4;1779
4;1778
4;1778
4;1777
4;1777
4;1776
4;1776
4;1775
4;1775
4;1774
4;1774
4;1773
4;1773
4;1772
4;1772
4;1771
4;1771
4;1770
4;1770
4;1769
4;1769
4;1768
4;1768
4;1767
4;1767
4;1766
4;1766
4;1765
4;1765
4;1764
4;1764
4;1763
4;1763
4;1762
4;1762
4;1761
4;1761
4;1760
4;1760
4;1759
4;1759
4;1758
4;1758
4;1757
4;1757
4;1756
4;1756
4;1755
4;1755
4;1754
4;1754
4;1753
4;1753
4;1752
4;1752
4;1751
4;1751
4;1750
4;1750
4;1749
4;1749
4;1748
4;1748
4;1747
4;1747
4;1746
4;1746
4;1745
4;1745
4;1744
4;1744
4;1743
4;1743
4;1742
4;1742
4;1741
4;1741
4;1740
4;1740
4;1739
4;1739
4;1738
4;1738
4;1737
4;1737
4;1736
4;1736
4;1735
4;1735
4;1734
4;1734
4;1733
4;1733
4;1732
4;1732
4;1731
4;1731
4;1730
4;1730
4;1729
4;1729
4;1728
4;1728
4;1727
4;1727
4;1726
4;1726
4;1725
4;1725
4;1724
4;1724
4;1723
4;1723
4;1722
4;1722
4;1721
4;1721
4;1720
4;1720
4;1719
4;1719
4;1718
4;1718
4;1717
4;1717
4;1716
4;1716
4;1715
4;1715
4;1714
4;1714
4;1713
4;1713
4;1712
4;1712
4;1711
4;1711
4;1710
4;1710
4;1709
4;1709
4;1708
4;1708
4;1707
4;1707
4;1706
4;1706
4;1705
4;1705
4;1704
4;1704
4;1703
4;1703
4;1702
4;1702
4;1701
4;1701
4;1700
4;1700
4;1699
4;1699
4;1698
4;1698
4;1697
4;1697
4;1696
4;1696
4;1695
4;1695
4;1694
4;1694
4;1693
4;1693
4;1692
4;1692
4;1691
4;1691
4;1690
4;1690
4;1689
4;1689
4;1688
4;1688
4;1687
4;1687
4;1686
4;1686
4;1685
4;1685
4;1684
4;1684
4;1683
4;1683
4;1682
4;1682
4;1681
4;1681
4;1680
4;1680
4;1679
4;1679
4;1678
4;1678
4;1677
4;1677
4;1676
4;1676
4;1675
4;1675
4;1674
4;1674
4;1673
4;1673
4;1672
4;1672
4;1671
4;1671
4;1670
4;1670
4;1669
4;1669
4;1668
4;1668
4;1667
4;1667
4;1666
4;1666
4;1665
4;1665
4;1664
4;1664
4;1663
4;1663
4;1662
4;1662
4;1661
4;1661
4;1660
4;1660
4;1659
4;1659
4;1658
4;1658
4;1657
4;1657
4;1656
4;1656
4;1655
4;1655
4;1654
4;1654
4;1653
4;1653
4;1652
4;1652
4;1651
4;1651
4;1650
4;1650
4;1649
4;1649
4;1648
4;1648
4;1647
4;1647
4;1646
4;1646
4;1645
4;1645
4;1644
4;1644
4;1643
4;1643
4;1642
4;1642
4;1641
4;1641
4;1640
4;1640
4;1639
4;1639
4;1638
4;1638
4;1637
4;1637
4;1636
4;1636
4;1635
4;1635
4;1634
4;1634
4;1633
4;1633
4;1632
4;1632
4;1631
4;1631
4;1630
4;1630
4;1629
4;1629
4;1628
4;1628
4;1627
4;1627
4;1626
4;1626
4;1625
4;1625
4;1624
4;1624
4;1623
4;1623
4;1622
4;1622
4;1621
4;1621
4;1620
4;1620
4;1619
4;1619
4;1618
4;1618
4;1617
4;1617
4;1616
4;1616
4;1615
4;1615
4;1614
4;1614
4;1613
4;1613
4;1612
4;1612
4;1611
4;1611
4;1610
4;1610
4;1609
4;1609
4;1608
4;1608
4;1607
4;1607
4;1606
4;1606
4;1605
4;1605
4;1604
4;1604
4;1603
4;1603
4;1602
4;1602
4;1601
4;1601
4;1600
4;1600
4;1599
4;1599
4;1598
4;1598
4;1597
4;1597
4;1596
4;1596
4;1595
4;1595
4;1594
4;1594
4;1593
4;1593
4;1592
4;1592
4;1591
4;1591
4;1590
4;1590
4;1589
4;1589
4;1588
4;1588
4;1587
4;1587
4;1586
4;1586
4;1585
4;1585
4;1584
4;1584
4;1583
4;1583
4;1582
4;1582
4;1581
4;1581
4;1580
4;1580
4;1579
4;1579
4;1578
4;1578
4;1577
4;1577
4;1576
4;1576
4;1575
4;1575
4;1574
4;1574
4;1573
4;1573
4;1572
4;1572
4;1571
4;1571
4;1570
4;1570
4;1569
4;1569
4;1568
4;1568
4;1567
4;1567
4;1566
4;1566
4;1565
4;1565
4;1564
4;1564
4;1563
4;1563
4;1562
4;1562
4;1561
4;1561
4;1560
4;1560
4;1559
4;1559
4;1558
4;1558
4;1557
4;1557
4;1556
4;1556
4;1555
4;1555
4;1554
4;1554
4;1553
4;1553
4;1552
4;1552
4;1551
4;1551
4;1550
4;1550
4;1549
4;1549
4;1548
4;1548
4;1547
4;1547
4;1546
4;1546
4;1545
4;1545
4;1544
4;1544
4;1543
4;1543
4;1542
4;1542
4;1541
4;1541
4;1540
4;1540
4;1539
4;1539
4;1538
4;1538
4;1537
4;1537
4;1536
4;1536
4;1535
4;1535
4;1534
4;1534
4;1533
4;1533
4;1532
4;1532
4;1531
4;1531
4;1530
4;1530
4;1529
4;1529
4;1528
4;1528
4;1527
4;1527
4;1526
4;1526
4;1525
4;1525
4;1524
4;1524
4;1523
4;1523
4;1522
4;1522
4;1521
4;1521
4;1520
4;1520
4;1519
4;1519
4;1518
4;1518
4;1517
4;1517
4;1516
4;1516
4;1515
4;1515
4;1514
4;1514
4;1513
4;1513
4;1512
4;1512
4;1511
4;1511
4;1510
4;1510
4;1509
4;1509
4;1508
4;1508
4;1507
4;1507
4;1506
4;1506
4;1505
4;1505
4;1504
4;1504
4;1503
4;1503
4;1502
4;1502
4;1501
4;1501
4;1500
4;1500
4;1499
4;1499
4;1498
4;1498
4;1497
4;1497
4;1496
4;1496
4;1495
4;1495
4;1494
4;1494
4;1493
4;1493
4;1492
4;1492
4;1491
4;1491
4;1490
4;1490
4;1489
4;1489
4;1488
4;1488
4;1487
4;1487
4;1486
4;1486
4;1485
4;1485
4;1484
4;1484
4;1483
4;1483
4;1482
4;1482
4;1481
4;1481
4;1480
4;1480
4;1479
4;1479
4;1478
4;1478
4;1477
4;1477
4;1476
4;1476
4;1475
4;1475
4;1474
4;1474
4;1473
4;1473
4;1472
4;1472
4;1471
4;1471
4;1470
4;1470
4;1469
4;1469
4;1468
4;1468
4;1467
4;1467
4;1466
4;1466
4;1465
4;1465
4;1464
4;1464
4;1463
4;1463
4;1462
4;1462
4;1461
4;1461
4;1460
4;1460
4;1459
4;1459
4;1458
4;1458
4;1457
4;1457
4;1456
4;1456
4;1455
4;1455
4;1454
4;1454
4;1453
4;1453
4;1452
4;1452
4;1451
4;1451
4;1450
4;1450
4;1449
4;1449
4;1448
4;1448
4;1447
4;1447
4;1446
4;1446
4;1445
4;1445
4;1444
4;1444
4;1443
4;1443
4;1442
4;1442
4;1441
4;1441
4;1440
4;1440
4;1439
4;1439
4;1438
4;1438
4;1437
4;1437
4;1436
4;1436
4;1435
4;1435
4;1434
4;1434
4;1433
4;1433
4;1432
4;1432
4;1431
4;1431
4;1430
4;1430
4;1429
4;1429
4;1428
4;1428
4;1427
4;1427
4;1426
4;1426
4;1425
4;1425
4;1424
4;1424
4;1423
4;1423
4;1422
4;1422
4;1421
4;1421
4;1420
4;1420
4;1419
4;1419
4;1418
4;1418
4;1417
4;1417
4;1416
4;1416
4;1415
4;1415
4;1414
4;1414
4;1413
4;1413
4;1412
4;1412
4;1411
4;1411
4;1410
4;1410
4;1409
4;1409
4;1408
4;1408
4;1407
4;1407
4;1406
4;1406
4;1405
4;1405
4;1404
4;1404
4;1403
4;1403
4;1402
4;1402
4;1401
4;1401
4;1400
4;1400
4;1399
4;1399
4;1398
4;1398
4;1397
4;1397
4;1396
4;1396
4;1395
4;1395
4;1394
4;1394
4;1393
4;1393
4;1392
4;1392
4;1391
4;1391
4;1390
4;1390
4;1389
4;1389
4;1388
4;1388
4;1387
4;1387
4;1386
4;1386
4;1385
4;1385
4;1384
4;1384
4;1383
4;1383
4;1382
4;1382
4;1381
4;1381
4;1380
4;1380
4;1379
4;1379
4;1378
4;1378
4;1377
4;1377
4;1376
4;1376
4;1375
4;1375
4;1374
4;1374
4;1373
4;1373
4;1372
4;1372
4;1371
4;1371
4;1370
4;1370
4;1369
4;1369
4;1368
4;1368
4;1367
4;1367
4;1366
4;1366
4;1365
4;1365
4;1364
4;1364
4;1363
4;1363
4;1362
4;1362
4;1361
4;1361
4;1360
4;1360
4;1359
4;1359
4;1358
4;1358
4;1357
4;1357
4;1356
4;1356
4;1355
4;1355
4;1354
4;1354
4;1353
4;1353
4;1352
4;1352
4;1351
4;1351
4;1350
4;1350
4;1349
4;1349
4;1348
4;1348
4;1347
4;1347
4;1346
4;1346
4;1345
4;1345
4;1344
4;1344
4;1343
4;1343
4;1342
4;1342
4;1341
4;1341
4;1340
4;1340
4;1339
4;1339
4;1338
4;1338
4;1337
4;1337
4;1336
4;1336
4;1335
4;1335
4;1334
4;1334
4;1333
4;1333
4;1332
4;1332
4;1331
4;1331
4;1330
4;1330
4;1329
4;1329
4;1328
4;1328
4;1327
4;1327
4;1326
4;1326
4;1325
4;1325
4;1324
4;1324
4;1323
4;1323
4;1322
4;1322
4;1321
4;1321
4;1320
4;1320
4;1319
4;1319
4;1318
4;1318
4;1317
4;1317
4;1316
4;1316
4;1315
4;1315
4;1314
4;1314
4;1313
4;1313
4;1312
4;1312
4;1311
4;1311
4;1310
4;1310
4;1309
4;1309
4;1308
4;1308
4;1307
4;1307
4;1306
4;1306
4;1305
4;1305
4;1304
4;1304
4;1303
4;1303
4;1302
4;1302
4;1301
4;1301
4;1300
4;1300
4;1299
4;1299
4;1298
4;1298
4;1297
4;1297
4;1296
4;1296
4;1295
4;1295
4;1294
4;1294
4;1293
4;1293
4;1292
4;1292
4;1291
4;1291
4;1290
4;1290
4;1289
4;1289
4;1288
4;1288
4;1287
4;1287
4;1286
4;1286
4;1285
4;1285
4;1284
4;1284
4;1283
4;1283
4;1282
4;1282
4;1281
4;1281
4;1280
4;1280
4;1279
4;1279
4;1278
4;1278
4;1277
4;1277
4;1276
4;1276
4;1275
4;1275
4;1274
4;1274
4;1273
4;1273
4;1272
4;1272
4;1271
4;1271
4;1270
4;1270
4;1269
4;1269
4;1268
4;1268
4;1267
4;1267
4;1266
4;1266
4;1265
4;1265
4;1264
4;1264
4;1263
4;1263
4;1262
4;1262
4;1261
4;1261
4;1260
4;1260
4;1259
4;1259
4;1258
4;1258
4;1257
4;1257
4;1256
4;1256
4;1255
4;1255
4;1254
4;1254
4;1253
4;1253
4;1252
4;1252
4;1251
4;1251
4;1250
4;1250
4;1249
4;1249
4;1248
4;1248
4;1247
4;1247
4;1246
4;1246
4;1245
4;1245
4;1244
4;1244
4;1243
4;1243
4;1242
4;1242
4;1241
4;1241
4;1240
4;1240
4;1239
4;1239
4;1238
4;1238
4;1237
4;1237
4;1236
4;1236
4;1235
4;1235
4;1234
4;1234
4;1233
4;1233
4;1232
4;1232
4;1231
4;1231
4;1230
4;1230
4;1229
4;1229
4;1228
4;1228
4;1227
4;1227
4;1226
4;1226
4;1225
4;1225
4;1224
4;1224
4;1223
4;1223
4;1222
4;1222
4;1221
4;1221
4;1220
4;1220
4;1219
4;1219
4;1218
4;1218
4;1217
4;1217
4;1216
4;1216
4;1215
4;1215
4;1214
4;1214
4;1213
4;1213
4;1212
4;1212
4;1211
4;1211
4;1210
4;1210
4;1209
4;1209
4;1208
4;1208
4;1207
4;1207
4;1206
4;1206
4;1205
4;1205
4;1204
4;1204
4;1203
4;1203
4;1202
4;1202
4;1201
4;1201
4;1200
4;1200
4;1199
4;1199
4;1198
4;1198
4;1197
4;1197
4;1196
4;1196
4;1195
4;1195
4;1194
4;1194
4;1193
4;1193
4;1192
4;1192
4;1191
4;1191
4;1190
4;1190
4;1189
4;1189
4;1188
4;1188
4;1187
4;1187
4;1186
4;1186
4;1185
4;1185
4;1184
4;1184
4;1183
4;1183
4;1182
4;1182
4;1181
4;1181
4;1180
4;1180
4;1179
4;1179
4;1178
4;1178
4;1177
4;1177
4;1176
4;1176
4;1175
4;1175
4;1174
4;1174
4;1173
4;1173
4;1172
4;1172
4;1171
4;1171
4;1170
4;1170
4;1169
4;1169
4;1168
4;1168
4;1167
4;1167
4;1166
4;1166
4;1165
4;1165
4;1164
4;1164
4;1163
4;1163
4;1162
4;1162
4;1161
4;1161
4;1160
4;1160
4;1159
4;1159
4;1158
4;1158
4;1157
4;1157
4;1156
4;1156
4;1155
4;1155
4;1154
4;1154
4;1153
4;1153
4;1152
4;1152
4;1151
4;1151
4;1150
4;1150
4;1149
4;1149
4;1148
4;1148
4;1147
4;1147
4;1146
4;1146
4;1145
4;1145
4;1144
4;1144
4;1143
4;1143
4;1142
4;1142
4;1141
4;1141
4;1140
4;1140
4;1139
4;1139
4;1138
4;1138
4;1137
4;1137
4;1136
4;1136
4;1135
4;1135
4;1134
4;1134
4;1133
4;1133
4;1132
4;1132
4;1131
4;1131
4;1130
4;1130
4;1129
4;1129
4;1128
4;1128
4;1127
4;1127
4;1126
4;1126
4;1125
4;1125
4;1124
4;1124
4;1123
4;1123
4;1122
4;1122
4;1121
4;1121
4;1120
4;1120
4;1119
4;1119
4;1118
4;1118
4;1117
4;1117
4;1116
4;1116
4;1115
4;1115
4;1114
4;1114
4;1113
4;1113
4;1112
4;1112
4;1111
4;1111
4;1110
4;1110
4;1109
4;1109
4;1108
4;1108
4;1107
4;1107
4;1106
4;1106
4;1105
4;1105
4;1104
4;1104
4;1103
4;1103
4;1102
4;1102
4;1101
4;1101
4;1100
4;1100
4;1099
4;1099
4;1098
4;1098
4;1097
4;1097
4;1096
4;1096
4;1095
4;1095
4;1094
4;1094
4;1093
4;1093
4;1092
4;1092
4;1091
4;1091
4;1090
4;1090
4;1089
4;1089
4;1088
4;1088
4;1087
4;1087
4;1086
4;1086
4;1085
4;1085
4;1084
4;1084
4;1083
4;1083
4;1082
4;1082
4;1081
4;1081
4;1080
4;1080
4;1079
4;1079
4;1078
4;1078
4;1077
4;1077
4;1076
4;1076
4;1075
4;1075
4;1074
4;1074
4;1073
4;1073
4;1072
4;1072
4;1071
4;1071
4;1070
4;1070
4;1069
4;1069
4;1068
4;1068
4;1067
4;1067
4;1066
4;1066
4;1065
4;1065
4;1064
4;1064
4;1063
4;1063
4;1062
4;1062
4;1061
4;1061
4;1060
4;1060
4;1059
4;1059
4;1058
4;1058
4;1057
4;1057
4;1056
4;1056
4;1055
4;1055
4;1054
4;1054
4;1053
4;1053
4;1052
4;1052
4;1051
4;1051
4;1050
4;1050
4;1049
4;1049
4;1048
4;1048
4;1047
4;1047
4;1046
4;1046
4;1045
4;1045
4;1044
4;1044
4;1043
4;1043
4;1042
4;1042
4;1041
4;1041
4;1040
4;1040
4;1039
4;1039
4;1038
4;1038
4;1037
4;1037
4;1036
4;1036
4;1035
4;1035
4;1034
4;1034
4;1033
4;1033
4;1032
4;1032
4;1031
4;1031
4;1030
4;1030
4;1029
4;1029
4;1028
4;1028
4;1027
4;1027
4;1026
4;1026
4;1025
4;1025
4;1024
4;1024
4;1023
4;1023
4;1022
4;1022
4;1021
4;1021
4;1020
4;1020
4;1019
4;1019
4;1018
4;1018
4;1017
4;1017
4;1016
4;1016
4;1015
4;1015
4;1014
4;1014
4;1013
4;1013
4;1012
4;1012
4;1011
4;1011
4;1010
4;1010
4;1009
4;1009
4;1008
4;1008
4;1007
4;1007
4;1006
4;1006
4;1005
4;1005
4;1004
4;1004
4;1003
4;1003
4;1002
4;1002
4;1001
4;1001
4;1000
4;1000
4;999
4;999
4;998
4;998
4;997
4;997
4;996
4;996
4;995
4;995
4;994
4;994
4;993
4;993
4;992
4;992
4;991
4;991
4;990
4;990
4;989
4;989
4;988
4;988
4;987
4;987
4;986
4;986
4;985
4;985
4;984
4;984
4;983
4;983
4;982
4;982
4;981
4;981
4;980
4;980
4;979
4;979
4;978
4;978
4;977
4;977
4;976
4;976
4;975
4;975
4;974
4;974
4;973
4;973
4;972
4;972
4;971
4;971
4;970
4;970
4;969
4;969
4;968
4;968
4;967
4;967
4;966
4;966
4;965
4;965
4;964
4;964
4;963
4;963
4;962
4;962
4;961
4;961
4;960
4;960
4;959
4;959
4;958
4;958
4;957
4;957
4;956
4;956
4;955
4;955
4;954
4;954
4;953
4;953
4;952
4;952
4;951
4;951
4;950
4;950
4;949
4;949
4;948
4;948
4;947
4;947
4;946
4;946
4;945
4;945
4;944
4;944
4;943
4;943
4;942
4;942
4;941
4;941
4;940
4;940
4;939
4;939
4;938
4;938
4;937
4;937
4;936
4;936
4;935
4;935
4;934
4;934
4;933
4;933
4;932
4;932
4;931
4;931
4;930
4;930
4;929
4;929
4;928
4;928
4;927
4;927
4;926
4;926
4;925
4;925
4;924
4;924
4;923
4;923
4;922
4;922
4;921
4;921
4;920
4;920
4;919
4;919
4;918
4;918
4;917
4;917
4;916
4;916
4;915
4;915
4;914
4;914
4;913
4;913
4;912
4;912
4;911
4;911
4;910
4;910
4;909
4;909
4;908
4;908
4;907
4;907
4;906
4;906
4;905
4;905
4;904
4;904
4;903
4;903
4;902
4;902
4;901
4;901
4;900
4;900
4;899
4;899
4;898
4;898
4;897
4;897
4;896
4;896
4;895
4;895
4;894
4;894
4;893
4;893
4;892
4;892
4;891
4;891
4;890
4;890
4;889
4;889
4;888
4;888
4;887
4;887
4;886
4;886
4;885
4;885
4;884
4;884
4;883
4;883
4;882
4;882
4;881
4;881
4;880
4;880
4;879
4;879
4;878
4;878
4;877
4;877
4;876
4;876
4;875
4;875
4;874
4;874
4;873
4;873
4;872
4;872
4;871
4;871
4;870
4;870
4;869
4;869
4;868
4;868
4;867
4;867
4;866
4;866
4;865
4;865
4;864
4;864
4;863
4;863
4;862
4;862
4;861
4;861
4;860
4;860
4;859
4;859
4;858
4;858
4;857
4;857
4;856
4;856
4;855
4;855
4;854
4;854
4;853
4;853
4;852
4;852
4;851
4;851
4;850
4;850
4;849
4;849
4;848
4;848
4;847
4;847
4;846
4;846
4;845
4;845
4;844
4;844
4;843
4;843
4;842
4;842
4;841
4;841
4;840
4;840
4;839
4;839
4;838
4;838
4;837
4;837
4;836
4;836
4;835
4;835
4;834
4;834
4;833
4;833
4;832
4;832
4;831
4;831
4;830
4;830
4;829
4;829
4;828
4;828
4;827
4;827
4;826
4;826
4;825
4;825
4;824
4;824
4;823
4;823
4;822
4;822
4;821
4;821
4;820
4;820
4;819
4;819
4;818
4;818
4;817
4;817
4;816
4;816
4;815
4;815
4;814
4;814
4;813
4;813
4;812
4;812
4;811
4;811
4;810
4;810
4;809
4;809
4;808
4;808
4;807
4;807
4;806
4;806
4;805
4;805
4;804
4;804
4;803
4;803
4;802
4;802
4;801
4;801
4;800
4;800
4;799
4;799
4;798
4;798
4;797
4;797
4;796
4;796
4;795
4;795
4;794
4;794
4;793
4;793
4;792
4;792
4;791
4;791
4;790
4;790
4;789
4;789
4;788
4;788
4;787
4;787
4;786
4;786
4;785
4;785
4;784
4;784
4;783
4;783
4;782
4;782
4;781
4;781
4;780
4;780
4;779
4;779
4;778
4;778
4;777
4;777
4;776
4;776
4;775
4;775
4;774
4;774
4;773
4;773
4;772
4;772
4;771
4;771
4;770
4;770
4;769
4;769
4;768
4;768
4;767
4;767
4;766
4;766
4;765
4;765
4;764
4;764
4;763
4;763
4;762
4;762
4;761
4;761
4;760
4;760
4;759
4;759
4;758
4;758
4;757
4;757
4;756
4;756
4;755
4;755
4;754
4;754
4;753
4;753
4;752
4;752
4;751
4;751
4;750
4;750
4;749
4;749
4;748
4;748
4;747
4;747
4;746
4;746
4;745
4;745
4;744
4;744
4;743
4;743
4;742
4;742
4;741
4;741
4;740
4;740
4;739
4;739
4;738
4;738
4;737
4;737
4;736
4;736
4;735
4;735
4;734
4;734
4;733
4;733
4;732
4;732
4;731
4;731
4;730
4;730
4;729
4;729
4;728
4;728
4;727
4;727
4;726
4;726
4;725
4;725
4;724
4;724
4;723
4;723
4;722
4;722
4;721
4;721
4;720
4;720
4;719
4;719
4;718
4;718
4;717
4;717
4;716
4;716
4;715
4;715
4;714
4;714
4;713
4;713
4;712
4;712
4;711
4;711
4;710
4;710
4;709
4;709
4;708
4;708
4;707
4;707
4;706
4;706
4;705
4;705
4;704
4;704
4;703
4;703
4;702
4;702
4;701
4;701
4;700
4;700
4;699
4;699
4;698
4;698
4;697
4;697
4;696
4;696
4;695
4;695
4;694
4;694
4;693
4;693
4;692
4;692
4;691
4;691
4;690
4;690
4;689
4;689
4;688
4;688
4;687
4;687
4;686
4;686
4;685
4;685
4;684
4;684
4;683
4;683
4;682
4;682
4;681
4;681
4;680
4;680
4;679
4;679
4;678
4;678
4;677
4;677
4;676
4;676
4;675
4;675
4;674
4;674
4;673
4;673
4;672
4;672
4;671
4;671
4;670
4;670
4;669
4;669
4;668
4;668
4;667
4;667
4;666
4;666
4;665
4;665
4;664
4;664
4;663
4;663
4;662
4;662
4;661
4;661
4;660
4;660
4;659
4;659
4;658
4;658
4;657
4;657
4;656
4;656
4;655
4;655
4;654
4;654
4;653
4;653
4;652
4;652
4;651
4;651
4;650
4;650
4;649
4;649
4;648
4;648
4;647
4;647
4;646
4;646
4;645
4;645
4;644
4;644
4;643
4;643
4;642
4;642
4;641
4;641
4;640
4;640
4;639
4;639
4;638
4;638
4;637
4;637
4;636
4;636
4;635
4;635
4;634
4;634
4;633
4;633
4;632
4;632
4;631
4;631
4;630
4;630
4;629
4;629
4;628
4;628
4;627
4;627
4;626
4;626
4;625
4;625
4;624
4;624
4;623
4;623
4;622
4;622
4;621
4;621
4;620
4;620
4;619
4;619
4;618
4;618
4;617
4;617
4;616
4;616
4;615
4;615
4;614
4;614
4;613
4;613
4;612
4;612
4;611
4;611
4;610
4;610
4;609
4;609
4;608
4;608
4;607
4;607
4;606
4;606
4;605
4;605
4;604
4;604
4;603
4;603
4;602
4;602
4;601
4;601
4;600
4;600
4;599
4;599
4;598
4;598
4;597
4;597
4;596
4;596
4;595
4;595
4;594
4;594
4;593
4;593
4;592
4;592
4;591
4;591
4;590
4;590
4;589
4;589
4;588
4;588
4;587
4;587
4;586
4;586
4;585
4;585
4;584
4;584
4;583
4;583
4;582
4;582
4;581
4;581
4;580
4;580
4;579
4;579
4;578
4;578
4;577
4;577
4;576
4;576
4;575
4;575
4;574
4;574
4;573
4;573
4;572
4;572
4;571
4;571
4;570
4;570
4;569
4;569
4;568
4;568
4;567
4;567
4;566
4;566
4;565
4;565
4;564
4;564
4;563
4;563
4;562
4;562
4;561
4;561
4;560
4;560
4;559
4;559
4;558
4;558
4;557
4;557
4;556
4;556
4;555
4;555
4;554
4;554
4;553
4;553
4;552
4;552
4;551
4;551
4;550
4;550
4;549
4;549
4;548
4;548
4;547
4;547
4;546
4;546
4;545
4;545
4;544
4;544
4;543
4;543
4;542
4;542
4;541
4;541
4;540
4;540
4;539
4;539
4;538
4;538
4;537
4;537
4;536
4;536
4;535
4;535
4;534
4;534
4;533
4;533
4;532
4;532
4;531
4;531
4;530
4;530
4;529
4;529
4;528
4;528
4;527
4;527
4;526
4;526
4;525
4;525
4;524
4;524
4;523
4;523
4;522
4;522
4;521
4;521
4;520
4;520
4;519
4;519
4;518
4;518
4;517
4;517
4;516
4;516
4;515
4;515
4;514
4;514
4;513
4;513
4;512
4;512
4;511
4;511
4;510
4;510
4;509
4;509
4;508
4;508
4;507
4;507
4;506
4;506
4;505
4;505
4;504
4;504
4;503
4;503
4;502
4;502
4;501
4;501
4;500
4;500
4;499
4;499
4;498
4;498
4;497
4;497
4;496
4;496
4;495
4;495
4;494
4;494
4;493
4;493
4;492
4;492
4;491
4;491
4;490
4;490
4;489
4;489
4;488
4;488
4;487
4;487
4;486
4;486
4;485
4;485
4;484
4;484
4;483
4;483
4;482
4;482
4;481
4;481
4;480
4;480
4;479
4;479
4;478
4;478
4;477
4;477
4;476
4;476
4;475
4;475
4;474
4;474
4;473
4;473
4;472
4;472
4;471
4;471
4;470
4;470
4;469
4;469
4;468
4;468
4;467
4;467
4;466
4;466
4;465
4;465
4;464
4;464
4;463
4;463
4;462
4;462
4;461
4;461
4;460
4;460
4;459
4;459
4;458
4;458
4;457
4;457
4;456
4;456
4;455
4;455
4;454
4;454
4;453
4;453
4;452
4;452
4;451
4;451
4;450
4;450
4;449
4;449
4;448
4;448
4;447
4;447
4;446
4;446
4;445
4;445
4;444
4;444
4;443
4;443
4;442
4;442
4;441
4;441
4;440
4;440
4;439
4;439
4;438
4;438
4;437
4;437
4;436
4;436
4;435
4;435
4;434
4;434
4;433
4;433
4;432
4;432
4;431
4;431
4;430
4;430
4;429
4;429
4;428
4;428
4;427
4;427
4;426
4;426
4;425
4;425
4;424
4;424
4;423
4;423
4;422
4;422
4;421
4;421
4;420
4;420
4;419
4;419
4;418
4;418
4;417
4;417
4;416
4;416
4;415
4;415
4;414
4;414
4;413
4;413
4;412
4;412
4;411
4;411
4;410
4;410
4;409
4;409
4;408
4;408
4;407
4;407
4;406
4;406
4;405
4;405
4;404
4;404
4;403
4;403
4;402
4;402
4;401
4;401
4;400
4;400
4;399
4;399
4;398
4;398
4;397
4;397
4;396
4;396
4;395
4;395
4;394
4;394
4;393
4;393
4;392
4;392
4;391
4;391
4;390
4;390
4;389
4;389
4;388
4;388
4;387
4;387
4;386
4;386
4;385
4;385
4;384
4;384
4;383
4;383
4;382
4;382
4;381
4;381
4;380
4;380
4;379
4;379
4;378
4;378
4;377
4;377
4;376
4;376
4;375
4;375
4;374
4;374
4;373
4;373
4;372
4;372
4;371
4;371
4;370
4;370
4;369
4;369
4;368
4;368
4;367
4;367
4;366
4;366
4;365
4;365
4;364
4;364
4;363
4;363
4;362
4;362
4;361
4;361
4;360
4;360
4;359
4;359
4;358
4;358
4;357
4;357
4;356
4;356
4;355
4;355
4;354
4;354
4;353
4;353
4;352
4;352
4;351
4;351
4;350
4;350
4;349
4;349
4;348
4;348
4;347
4;347
4;346
4;346
4;345
4;345
4;344
4;344
4;343
4;343
4;342
4;342
4;341
4;341
4;340
4;340
4;339
4;339
4;338
4;338
4;337
4;337
4;336
4;336
4;335
4;335
4;334
4;334
4;333
4;333
4;332
4;332
4;331
4;331
4;330
4;330
4;329
4;329
4;328
4;328
4;327
4;327
4;326
4;326
4;325
4;325
4;324
4;324
4;323
4;323
4;322
4;322
4;321
4;321
4;320
4;320
4;319
4;319
4;318
4;318
4;317
4;317
4;316
4;316
4;315
4;315
4;314
4;314
4;313
4;313
4;312
4;312
4;311
4;311
4;310
4;310
4;309
4;309
4;308
4;308
4;307
4;307
4;306
4;306
4;305
4;305
4;304
4;304
4;303
4;303
4;302
4;302
4;301
4;301
4;300
4;300
4;299
4;299
4;298
4;298
4;297
4;297
4;296
4;296
4;295
4;295
4;294
4;294
4;293
4;293
4;292
4;292
4;291
4;291
4;290
4;290
4;289
4;289
4;288
4;288
4;287
4;287
4;286
4;286
4;285
4;285
4;284
4;284
4;283
4;283
4;282
4;282
4;281
4;281
4;280
4;280
4;279
4;279
4;278
4;278
4;277
4;277
4;276
4;276
4;275
4;275
4;274
4;274
4;273
4;273
4;272
4;272
4;271
4;271
4;270
4;270
4;269
4;269
4;268
4;268
4;267
4;267
4;266
4;266
4;265
4;265
4;264
4;264
4;263
4;263
4;262
4;262
4;261
4;261
4;260
4;260
4;259
4;259
4;258
4;258
4;257
4;257
4;256
4;256
4;255
4;255
4;254
4;254
4;253
4;253
4;252
4;252
4;251
4;251
4;250
4;250
4;249
4;249
4;248
4;248
4;247
4;247
4;246
4;246
4;245
4;245
4;244
4;244
4;243
4;243
4;242
4;242
4;241
4;241
4;240
4;240
4;239
4;239
4;238
4;238
4;237
4;237
4;236
4;236
4;235
4;235
4;234
4;234
4;233
4;233
4;232
4;232
4;231
4;231
4;230
4;230
4;229
4;229
4;228
4;228
4;227
4;227
4;226
4;226
4;225
4;225
4;224
4;224
4;223
4;223
4;222
4;222
4;221
4;221
4;220
4;220
4;219
4;219
4;218
4;218
4;217
4;217
4;216
4;216
4;215
4;215
4;214
4;214
4;213
4;213
4;212
4;212
4;211
4;211
4;210
4;210
4;209
4;209
4;208
4;208
4;207
4;207
4;206
4;206
4;205
4;205
4;204
4;204
4;203
4;203
4;202
4;202
4;201
4;201
4;200
4;200
4;199
4;199
4;198
4;198
4;197
4;197
4;196
4;196
4;195
4;195
4;194
4;194
4;193
4;193
4;192
4;192
4;191
4;191
4;190
4;190
4;189
4;189
4;188
4;188
4;187
4;187
4;186
4;186
4;185
4;185
4;184
4;184
4;183
4;183
4;182
4;182
4;181
4;181
4;180
4;180
4;179
4;179
4;178
4;178
4;177
4;177
4;176
4;176
4;175
4;175
4;174
4;174
4;173
4;173
4;172
4;172
4;171
4;171
4;170
4;170
4;169
4;169
4;168
4;168
4;167
4;167
4;166
4;166
4;165
4;165
4;164
4;164
4;163
4;163
4;162
4;162
4;161
4;161
4;160
4;160
4;159
4;159
4;158
4;158
4;157
4;157
4;156
4;156
4;155
4;155
4;154
4;154
4;153
4;153
4;152
4;152
4;151
4;151
4;150
4;150
4;149
4;149
4;148
4;148
4;147
4;147
4;146
4;146
4;145
4;145
4;144
4;144
4;143
4;143
4;142
4;142
4;141
4;141
4;140
4;140
4;139
4;139
4;138
4;138
4;137
4;137
4;136
4;136
4;135
4;135
4;134
4;134
4;133
4;133
4;132
4;132
4;131
4;131
4;130
4;130
4;129
4;129
4;128
4;128
4;127
4;127
4;126
4;126
4;125
4;125
4;124
4;124
4;123
4;123
4;122
4;122
4;121
4;121
4;120
4;120
4;119
4;119
4;118
4;118
4;117
4;117
4;116
4;116
4;115
4;115
4;114
4;114
4;113
4;113
4;112
4;112
4;111
4;111
4;110
4;110
4;109
4;109
4;108
4;108
4;107
4;107
4;106
4;106
4;105
4;105
4;104
4;104
4;103
4;103
4;102
4;102
4;101
4;101
4;100
4;100
4;99
4;99
4;98
4;98
4;97
4;97
4;96
4;96
4;95
4;95
4;94
4;94
4;93
4;93
4;92
4;92
4;91
4;91
4;90
4;90
4;89
4;89
4;88
4;88
4;87
4;87
4;86
4;86
4;85
4;85
4;84
4;84
4;83
4;83
4;82
4;82
4;81
4;81
4;80
4;80
4;79
4;79
4;78
4;78
4;77
4;77
4;76
4;76
4;75
4;75
4;74
4;74
4;73
4;73
4;72
4;72
4;71
4;71
4;70
4;70
4;69
4;69
4;68
4;68
4;67
4;67
4;66
4;66
4;65
4;65
4;64
4;64
4;63
4;63
4;62
4;62
4;61
4;61
4;60
4;60
4;59
4;59
4;58
4;58
4;57
4;57
4;56
4;56
4;55
4;55
4;54
4;54
4;53
4;53
4;52
4;52
4;51
4;51
4;50
4;50
4;49
4;49
4;48
4;48
4;47
4;47
4;46
4;46
4;45
4;45
4;44
4;44
4;43
4;43
4;42
4;42
4;41
4;41
4;40
4;40
4;39
4;39
4;38
4;38
4;37
4;37
4;36
4;36
4;35
4;35
4;34
4;34
4;33
4;33
4;32
4;32
4;31
4;31
4;30
4;30
4;29
4;29
4;28
4;28
4;27
4;27
4;26
4;26
4;25
4;25
4;24
4;24
4;23
4;23
4;22
4;22
4;21
4;21
4;20
4;20
4;19
4;19
4;18
4;18
4;17
4;17
4;16
4;16
4;15
4;15
4;14
4;14
4;13
4;13
4;12
4;12
4;11
4;11
4;10
4;10
4;9
4;9
4;8
4;8
4;7
4;7
4;6
4;6
4;5
4;5
4;4
4;4
4;3
4;3
4;2
4;2
4;1
4;1
5;6457
5;6457
5;6456
5;6456
5;6455
5;6455
5;6454
5;6454
5;6453
5;6453
5;6452
5;6452
5;6451
5;6451
5;6450
5;6450
5;6449
5;6449
5;6448
5;6448
5;6447
5;6447
5;6446
5;6446
5;6445
5;6445
5;6444
5;6444
5;6443
5;6443
5;6442
5;6442
5;6441
5;6441
5;6440
5;6440
5;6439
5;6439
5;6438
5;6438
5;6437
5;6437
5;6436
5;6436
5;6435
5;6435
5;6434
5;6434
5;6433
5;6433
5;6432
5;6432
5;6431
5;6431
5;6430
5;6430
5;6429
5;6429
5;6428
5;6428
5;6427
5;6427
5;6426
5;6426
5;6425
5;6425
5;6424
5;6424
5;6423
5;6423
5;6422
5;6422
5;6421
5;6421
5;6420
5;6420
5;6419
5;6419
5;6418
5;6418
5;6417
5;6417
5;6416
5;6416
5;6415
5;6415
5;6414
5;6414
5;6413
5;6413
5;6412
5;6412
5;6411
5;6411
5;6410
5;6410
5;6409
5;6409
5;6408
5;6408
5;6407
5;6407
5;6406
5;6406
5;6405
5;6405
5;6404
5;6404
5;6403
5;6403
5;6402
5;6402
5;6401
5;6401
5;6400
5;6400
5;6399
5;6399
5;6398
5;6398
5;6397
5;6397
5;6396
5;6396
5;6395
5;6395
5;6394
5;6394
5;6393
5;6393
5;6392
5;6392
5;6391
5;6391
5;6390
5;6390
5;6389
5;6389
5;6388
5;6388
5;6387
5;6387
5;6386
5;6386
5;6385
5;6385
5;6384
5;6384
5;6383
5;6383
5;6382
5;6382
5;6381
5;6381
5;6380
5;6380
5;6379
5;6379
5;6378
5;6378
5;6377
5;6377
5;6376
5;6376
5;6375
5;6375
5;6374
5;6374
5;6373
5;6373
5;6372
5;6372
5;6371
5;6371
5;6370
5;6370
5;6369
5;6369
5;6368
5;6368
5;6367
5;6367
5;6366
5;6366
5;6365
5;6365
5;6364
5;6364
5;6363
5;6363
5;6362
5;6362
5;6361
5;6361
5;6360
5;6360
5;6359
5;6359
5;6358
5;6358
5;6357
5;6357
5;6356
5;6356
5;6355
5;6355
5;6354
5;6354
5;6353
5;6353
5;6352
5;6352
5;6351
5;6351
5;6350
5;6350
5;6349
5;6349
5;6348
5;6348
5;6347
5;6347
5;6346
5;6346
5;6345
5;6345
5;6344
5;6344
5;6343
5;6343
5;6342
5;6342
5;6341
5;6341
5;6340
5;6340
5;6339
5;6339
5;6338
5;6338
5;6337
5;6337
5;6336
5;6336
5;6335
5;6335
5;6334
5;6334
5;6333
5;6333
5;6332
5;6332
5;6331
5;6331
5;6330
5;6330
5;6329
5;6329
5;6328
5;6328
5;6327
5;6327
5;6326
5;6326
5;6325
5;6325
5;6324
5;6324
5;6323
5;6323
5;6322
5;6322
5;6321
5;6321
5;6320
5;6320
5;6319
5;6319
5;6318
5;6318
5;6317
5;6317
5;6316
5;6316
5;6315
5;6315
5;6314
5;6314
5;6313
5;6313
5;6312
5;6312
5;6311
5;6311
5;6310
5;6310
5;6309
5;6309
5;6308
5;6308
5;6307
5;6307
5;6306
5;6306
5;6305
5;6305
5;6304
5;6304
5;6303
5;6303
5;6302
5;6302
5;6301
5;6301
5;6300
5;6300
5;6299
5;6299
5;6298
5;6298
5;6297
5;6297
5;6296
5;6296
5;6295
5;6295
5;6294
5;6294
5;6293
5;6293
5;6292
5;6292
5;6291
5;6291
5;6290
5;6290
5;6289
5;6289
5;6288
5;6288
5;6287
5;6287
5;6286
5;6286
5;6285
5;6285
5;6284
5;6284
5;6283
5;6283
5;6282
5;6282
5;6281
5;6281
5;6280
5;6280
5;6279
5;6279
5;6278
5;6278
5;6277
5;6277
5;6276
5;6276
5;6275
5;6275
5;6274
5;6274
5;6273
5;6273
5;6272
5;6272
5;6271
5;6271
5;6270
5;6270
5;6269
5;6269
5;6268
5;6268
5;6267
5;6267
5;6266
5;6266
5;6265
5;6265
5;6264
5;6264
5;6263
5;6263
5;6262
5;6262
5;6261
5;6261
5;6260
5;6260
5;6259
5;6259
5;6258
5;6258
5;6257
5;6257
5;6256
5;6256
5;6255
5;6255
5;6254
5;6254
5;6253
5;6253
5;6252
5;6252
5;6251
5;6251
5;6250
5;6250
5;6249
5;6249
5;6248
5;6248
5;6247
5;6247
5;6246
5;6246
5;6245
5;6245
5;6244
5;6244
5;6243
5;6243
5;6242
5;6242
5;6241
5;6241
5;6240
5;6240
5;6239
5;6239
5;6238
5;6238
5;6237
5;6237
5;6236
5;6236
5;6235
5;6235
5;6234
5;6234
5;6233
5;6233
5;6232
5;6232
5;6231
5;6231
5;6230
5;6230
5;6229
5;6229
5;6228
5;6228
5;6227
5;6227
5;6226
5;6226
5;6225
5;6225
5;6224
5;6224
5;6223
5;6223
5;6222
5;6222
5;6221
5;6221
5;6220
5;6220
5;6219
5;6219
5;6218
5;6218
5;6217
5;6217
5;6216
5;6216
5;6215
5;6215
5;6214
5;6214
5;6213
5;6213
5;6212
5;6212
5;6211
5;6211
5;6210
5;6210
5;6209
5;6209
5;6208
5;6208
5;6207
5;6207
5;6206
5;6206
5;6205
5;6205
5;6204
5;6204
5;6203
5;6203
5;6202
5;6202
5;6201
5;6201
5;6200
5;6200
5;6199
5;6199
5;6198
5;6198
5;6197
5;6197
5;6196
5;6196
5;6195
5;6195
5;6194
5;6194
5;6193
5;6193
5;6192
5;6192
5;6191
5;6191
5;6190
5;6190
5;6189
5;6189
5;6188
5;6188
5;6187
5;6187
5;6186
5;6186
5;6185
5;6185
5;6184
5;6184
5;6183
5;6183
5;6182
5;6182
5;6181
5;6181
5;6180
5;6180
5;6179
5;6179
5;6178
5;6178
5;6177
5;6177
5;6176
5;6176
5;6175
5;6175
5;6174
5;6174
5;6173
5;6173
5;6172
5;6172
5;6171
5;6171
5;6170
5;6170
5;6169
5;6169
5;6168
5;6168
5;6167
5;6167
5;6166
5;6166
5;6165
5;6165
5;6164
5;6164
5;6163
5;6163
5;6162
5;6162
5;6161
5;6161
5;6160
5;6160
5;6159
5;6159
5;6158
5;6158
5;6157
5;6157
5;6156
5;6156
5;6155
5;6155
5;6154
5;6154
5;6153
5;6153
5;6152
5;6152
5;6151
5;6151
5;6150
5;6150
5;6149
5;6149
5;6148
5;6148
5;6147
5;6147
5;6146
5;6146
5;6145
5;6145
5;6144
5;6144
5;6143
5;6143
5;6142
5;6142
5;6141
5;6141
5;6140
5;6140
5;6139
5;6139
5;6138
5;6138
5;6137
5;6137
5;6136
5;6136
5;6135
5;6135
5;6134
5;6134
5;6133
5;6133
5;6132
5;6132
5;6131
5;6131
5;6130
5;6130
5;6129
5;6129
5;6128
5;6128
5;6127
5;6127
5;6126
5;6126
5;6125
5;6125
5;6124
5;6124
5;6123
5;6123
5;6122
5;6122
5;6121
5;6121
5;6120
5;6120
5;6119
5;6119
5;6118
5;6118
5;6117
5;6117
5;6116
5;6116
5;6115
5;6115
5;6114
5;6114
5;6113
5;6113
5;6112
5;6112
5;6111
5;6111
5;6110
5;6110
5;6109
5;6109
5;6108
5;6108
5;6107
5;6107
5;6106
5;6106
5;6105
5;6105
5;6104
5;6104
5;6103
5;6103
5;6102
5;6102
5;6101
5;6101
5;6100
5;6100
5;6099
5;6099
5;6098
5;6098
5;6097
5;6097
5;6096
5;6096
5;6095
5;6095
5;6094
5;6094
5;6093
5;6093
5;6092
5;6092
5;6091
5;6091
5;6090
5;6090
5;6089
5;6089
5;6088
5;6088
5;6087
5;6087
5;6086
5;6086
5;6085
5;6085
5;6084
5;6084
5;6083
5;6083
5;6082
5;6082
5;6081
5;6081
5;6080
5;6080
5;6079
5;6079
5;6078
5;6078
5;6077
5;6077
5;6076
5;6076
5;6075
5;6075
5;6074
5;6074
5;6073
5;6073
5;6072
5;6072
5;6071
5;6071
5;6070
5;6070
5;6069
5;6069
5;6068
5;6068
5;6067
5;6067
5;6066
5;6066
5;6065
5;6065
5;6064
5;6064
5;6063
5;6063
5;6062
5;6062
5;6061
5;6061
5;6060
5;6060
5;6059
5;6059
5;6058
5;6058
5;6057
5;6057
5;6056
5;6056
5;6055
5;6055
5;6054
5;6054
5;6053
5;6053
5;6052
5;6052
5;6051
5;6051
5;6050
5;6050
5;6049
5;6049
5;6048
5;6048
5;6047
5;6047
5;6046
5;6046
5;6045
5;6045
5;6044
5;6044
5;6043
5;6043
5;6042
5;6042
5;6041
5;6041
5;6040
5;6040
5;6039
5;6039
5;6038
5;6038
5;6037
5;6037
5;6036
5;6036
5;6035
5;6035
5;6034
5;6034
5;6033
5;6033
5;6032
5;6032
5;6031
5;6031
5;6030
5;6030
5;6029
5;6029
5;6028
5;6028
5;6027
5;6027
5;6026
5;6026
5;6025
5;6025
5;6024
5;6024
5;6023
5;6023
5;6022
5;6022
5;6021
5;6021
5;6020
5;6020
5;6019
5;6019
5;6018
5;6018
5;6017
5;6017
5;6016
5;6016
5;6015
5;6015
5;6014
5;6014
5;6013
5;6013
5;6012
5;6012
5;6011
5;6011
5;6010
5;6010
5;6009
5;6009
5;6008
5;6008
5;6007
5;6007
5;6006
5;6006
5;6005
5;6005
5;6004
5;6004
5;6003
5;6003
5;6002
5;6002
5;6001
5;6001
5;6000
5;6000
5;5999
5;5999
5;5998
5;5998
5;5997
5;5997
5;5996
5;5996
5;5995
5;5995
5;5994
5;5994
5;5993
5;5993
5;5992
5;5992
5;5991
5;5991
5;5990
5;5990
5;5989
5;5989
5;5988
5;5988
5;5987
5;5987
5;5986
5;5986
5;5985
5;5985
5;5984
5;5984
5;5983
5;5983
5;5982
5;5982
5;5981
5;5981
5;5980
5;5980
5;5979
5;5979
5;5978
5;5978
5;5977
5;5977
5;5976
5;5976
5;5975
5;5975
5;5974
5;5974
5;5973
5;5973
5;5972
5;5972
5;5971
5;5971
5;5970
5;5970
5;5969
5;5969
5;5968
5;5968
5;5967
5;5967
5;5966
5;5966
5;5965
5;5965
5;5964
5;5964
5;5963
5;5963
5;5962
5;5962
5;5961
5;5961
5;5960
5;5960
5;5959
5;5959
5;5958
5;5958
5;5957
5;5957
5;5956
5;5956
5;5955
5;5955
5;5954
5;5954
5;5953
5;5953
5;5952
5;5952
5;5951
5;5951
5;5950
5;5950
5;5949
5;5949
5;5948
5;5948
5;5947
5;5947
5;5946
5;5946
5;5945
5;5945
5;5944
5;5944
5;5943
5;5943
5;5942
5;5942
5;5941
5;5941
5;5940
5;5940
5;5939
5;5939
5;5938
5;5938
5;5937
5;5937
5;5936
5;5936
5;5935
5;5935
5;5934
5;5934
5;5933
5;5933
5;5932
5;5932
5;5931
5;5931
5;5930
5;5930
5;5929
5;5929
5;5928
5;5928
5;5927
5;5927
5;5926
5;5926
5;5925
5;5925
5;5924
5;5924
5;5923
5;5923
5;5922
5;5922
5;5921
5;5921
5;5920
5;5920
5;5919
5;5919
5;5918
5;5918
5;5917
5;5917
5;5916
5;5916
5;5915
5;5915
5;5914
5;5914
5;5913
5;5913
5;5912
5;5912
5;5911
5;5911
5;5910
5;5910
5;5909
5;5909
5;5908
5;5908
5;5907
5;5907
5;5906
5;5906
5;5905
5;5905
5;5904
5;5904
5;5903
5;5903
5;5902
5;5902
5;5901
5;5901
5;5900
5;5900
5;5899
5;5899
5;5898
5;5898
5;5897
5;5897
5;5896
5;5896
5;5895
5;5895
5;5894
5;5894
5;5893
5;5893
5;5892
5;5892
5;5891
5;5891
5;5890
5;5890
5;5889
5;5889
5;5888
5;5888
5;5887
5;5887
5;5886
5;5886
5;5885
5;5885
5;5884
5;5884
5;5883
5;5883
5;5882
5;5882
5;5881
5;5881
5;5880
5;5880
5;5879
5;5879
5;5878
5;5878
5;5877
5;5877
5;5876
5;5876
5;5875
5;5875
5;5874
5;5874
5;5873
5;5873
5;5872
5;5872
5;5871
5;5871
5;5870
5;5870
5;5869
5;5869
5;5868
5;5868
5;5867
5;5867
5;5866
5;5866
5;5865
5;5865
5;5864
5;5864
5;5863
5;5863
5;5862
5;5862
5;5861
5;5861
5;5860
5;5860
5;5859
5;5859
5;5858
5;5858
5;5857
5;5857
5;5856
5;5856
5;5855
5;5855
5;5854
5;5854
5;5853
5;5853
5;5852
5;5852
5;5851
5;5851
5;5850
5;5850
5;5849
5;5849
5;5848
5;5848
5;5847
5;5847
5;5846
5;5846
5;5845
5;5845
5;5844
5;5844
5;5843
5;5843
5;5842
5;5842
5;5841
5;5841
5;5840
5;5840
5;5839
5;5839
5;5838
5;5838
5;5837
5;5837
5;5836
5;5836
5;5835
5;5835
5;5834
5;5834
5;5833
5;5833
5;5832
5;5832
5;5831
5;5831
5;5830
5;5830
5;5829
5;5829
5;5828
5;5828
5;5827
5;5827
5;5826
5;5826
5;5825
5;5825
5;5824
5;5824
5;5823
5;5823
5;5822
5;5822
5;5821
5;5821
5;5820
5;5820
5;5819
5;5819
5;5818
5;5818
5;5817
5;5817
5;5816
5;5816
5;5815
5;5815
5;5814
5;5814
5;5813
5;5813
5;5812
5;5812
5;5811
5;5811
5;5810
5;5810
5;5809
5;5809
5;5808
5;5808
5;5807
5;5807
5;5806
5;5806
5;5805
5;5805
5;5804
5;5804
5;5803
5;5803
5;5802
5;5802
5;5801
5;5801
5;5800
5;5800
5;5799
5;5799
5;5798
5;5798
5;5797
5;5797
5;5796
5;5796
5;5795
5;5795
5;5794
5;5794
5;5793
5;5793
5;5792
5;5792
5;5791
5;5791
5;5790
5;5790
5;5789
5;5789
5;5788
5;5788
5;5787
5;5787
5;5786
5;5786
5;5785
5;5785
5;5784
5;5784
5;5783
5;5783
5;5782
5;5782
5;5781
5;5781
5;5780
5;5780
5;5779
5;5779
5;5778
5;5778
5;5777
5;5777
5;5776
5;5776
5;5775
5;5775
5;5774
5;5774
5;5773
5;5773
5;5772
5;5772
5;5771
5;5771
5;5770
5;5770
5;5769
5;5769
5;5768
5;5768
5;5767
5;5767
5;5766
5;5766
5;5765
5;5765
5;5764
5;5764
5;5763
5;5763
5;5762
5;5762
5;5761
5;5761
5;5760
5;5760
5;5759
5;5759
5;5758
5;5758
5;5757
5;5757
5;5756
5;5756
5;5755
5;5755
5;5754
5;5754
5;5753
5;5753
5;5752
5;5752
5;5751
5;5751
5;5750
5;5750
5;5749
5;5749
5;5748
5;5748
5;5747
5;5747
5;5746
5;5746
5;5745
5;5745
5;5744
5;5744
5;5743
5;5743
5;5742
5;5742
5;5741
5;5741
5;5740
5;5740
5;5739
5;5739
5;5738
5;5738
5;5737
5;5737
5;5736
5;5736
5;5735
5;5735
5;5734
5;5734
5;5733
5;5733
5;5732
5;5732
5;5731
5;5731
5;5730
5;5730
5;5729
5;5729
5;5728
5;5728
5;5727
5;5727
5;5726
5;5726
5;5725
5;5725
5;5724
5;5724
5;5723
5;5723
5;5722
5;5722
5;5721
5;5721
5;5720
5;5720
5;5719
5;5719
5;5718
5;5718
5;5717
5;5717
5;5716
5;5716
5;5715
5;5715
5;5714
5;5714
5;5713
5;5713
5;5712
5;5712
5;5711
5;5711
5;5710
5;5710
5;5709
5;5709
5;5708
5;5708
5;5707
5;5707
5;5706
5;5706
5;5705
5;5705
5;5704
5;5704
5;5703
5;5703
5;5702
5;5702
5;5701
5;5701
5;5700
5;5700
5;5699
5;5699
5;5698
5;5698
5;5697
5;5697
5;5696
5;5696
5;5695
5;5695
5;5694
5;5694
5;5693
5;5693
5;5692
5;5692
5;5691
5;5691
5;5690
5;5690
5;5689
5;5689
5;5688
5;5688
5;5687
5;5687
5;5686
5;5686
5;5685
5;5685
5;5684
5;5684
5;5683
5;5683
5;5682
5;5682
5;5681
5;5681
5;5680
5;5680
5;5679
5;5679
5;5678
5;5678
5;5677
5;5677
5;5676
5;5676
5;5675
5;5675
5;5674
5;5674
5;5673
5;5673
5;5672
5;5672
5;5671
5;5671
5;5670
5;5670
5;5669
5;5669
5;5668
5;5668
5;5667
5;5667
5;5666
5;5666
5;5665
5;5665
5;5664
5;5664
5;5663
5;5663
5;5662
5;5662
5;5661
5;5661
5;5660
5;5660
5;5659
5;5659
5;5658
5;5658
5;5657
5;5657
5;5656
5;5656
5;5655
5;5655
5;5654
5;5654
5;5653
5;5653
5;5652
5;5652
5;5651
5;5651
5;5650
5;5650
5;5649
5;5649
5;5648
5;5648
5;5647
5;5647
5;5646
5;5646
5;5645
5;5645
5;5644
5;5644
5;5643
5;5643
5;5642
5;5642
5;5641
5;5641
5;5640
5;5640
5;5639
5;5639
5;5638
5;5638
5;5637
5;5637
5;5636
5;5636
5;5635
5;5635
5;5634
5;5634
5;5633
5;5633
5;5632
5;5632
5;5631
5;5631
5;5630
5;5630
5;5629
5;5629
5;5628
5;5628
5;5627
5;5627
5;5626
5;5626
5;5625
5;5625
5;5624
5;5624
5;5623
5;5623
5;5622
5;5622
5;5621
5;5621
5;5620
5;5620
5;5619
5;5619
5;5618
5;5618
5;5617
5;5617
5;5616
5;5616
5;5615
5;5615
5;5614
5;5614
5;5613
5;5613
5;5612
5;5612
5;5611
5;5611
5;5610
5;5610
5;5609
5;5609
5;5608
5;5608
5;5607
5;5607
5;5606
5;5606
5;5605
5;5605
5;5604
5;5604
5;5603
5;5603
5;5602
5;5602
5;5601
5;5601
5;5600
5;5600
5;5599
5;5599
5;5598
5;5598
5;5597
5;5597
5;5596
5;5596
5;5595
5;5595
5;5594
5;5594
5;5593
5;5593
5;5592
5;5592
5;5591
5;5591
5;5590
5;5590
5;5589
5;5589
5;5588
5;5588
5;5587
5;5587
5;5586
5;5586
5;5585
5;5585
5;5584
5;5584
5;5583
5;5583
5;5582
5;5582
5;5581
5;5581
5;5580
5;5580
5;5579
5;5579
5;5578
5;5578
5;5577
5;5577
5;5576
5;5576
5;5575
5;5575
5;5574
5;5574
5;5573
5;5573
5;5572
5;5572
5;5571
5;5571
5;5570
5;5570
5;5569
5;5569
5;5568
5;5568
5;5567
5;5567
5;5566
5;5566
5;5565
5;5565
5;5564
5;5564
5;5563
5;5563
5;5562
5;5562
5;5561
5;5561
5;5560
5;5560
5;5559
5;5559
5;5558
5;5558
5;5557
5;5557
5;5556
5;5556
5;5555
5;5555
5;5554
5;5554
5;5553
5;5553
5;5552
5;5552
5;5551
5;5551
5;5550
5;5550
5;5549
5;5549
5;5548
5;5548
5;5547
5;5547
5;5546
5;5546
5;5545
5;5545
5;5544
5;5544
5;5543
5;5543
5;5542
5;5542
5;5541
5;5541
5;5540
5;5540
5;5539
5;5539
5;5538
5;5538
5;5537
5;5537
5;5536
5;5536
5;5535
5;5535
5;5534
5;5534
5;5533
5;5533
5;5532
5;5532
5;5531
5;5531
5;5530
5;5530
5;5529
5;5529
5;5528
5;5528
5;5527
5;5527
5;5526
5;5526
5;5525
5;5525
5;5524
5;5524
5;5523
5;5523
5;5522
5;5522
5;5521
5;5521
5;5520
5;5520
5;5519
5;5519
5;5518
5;5518
5;5517
5;5517
5;5516
5;5516
5;5515
5;5515
5;5514
5;5514
5;5513
5;5513
5;5512
5;5512
5;5511
5;5511
5;5510
5;5510
5;5509
5;5509
5;5508
5;5508
5;5507
5;5507
5;5506
5;5506
5;5505
5;5505
5;5504
5;5504
5;5503
5;5503
5;5502
5;5502
5;5501
5;5501
5;5500
5;5500
5;5499
5;5499
5;5498
5;5498
5;5497
5;5497
5;5496
5;5496
5;5495
5;5495
5;5494
5;5494
5;5493
5;5493
5;5492
5;5492
5;5491
5;5491
5;5490
5;5490
5;5489
5;5489
5;5488
5;5488
5;5487
5;5487
5;5486
5;5486
5;5485
5;5485
5;5484
5;5484
5;5483
5;5483
5;5482
5;5482
5;5481
5;5481
5;5480
5;5480
5;5479
5;5479
5;5478
5;5478
5;5477
5;5477
5;5476
5;5476
5;5475
5;5475
5;5474
5;5474
5;5473
5;5473
5;5472
5;5472
5;5471
5;5471
5;5470
5;5470
5;5469
5;5469
5;5468
5;5468
5;5467
5;5467
5;5466
5;5466
5;5465
5;5465
5;5464
5;5464
5;5463
5;5463
5;5462
5;5462
5;5461
5;5461
5;5460
5;5460
5;5459
5;5459
5;5458
5;5458
5;5457
5;5457
5;5456
5;5456
5;5455
5;5455
5;5454
5;5454
5;5453
5;5453
5;5452
5;5452
5;5451
5;5451
5;5450
5;5450
5;5449
5;5449
5;5448
5;5448
5;5447
5;5447
5;5446
5;5446
5;5445
5;5445
5;5444
5;5444
5;5443
5;5443
5;5442
5;5442
5;5441
5;5441
5;5440
5;5440
5;5439
5;5439
5;5438
5;5438
5;5437
5;5437
5;5436
5;5436
5;5435
5;5435
5;5434
5;5434
5;5433
5;5433
5;5432
5;5432
5;5431
5;5431
5;5430
5;5430
5;5429
5;5429
5;5428
5;5428
5;5427
5;5427
5;5426
5;5426
5;5425
5;5425
5;5424
5;5424
5;5423
5;5423
5;5422
5;5422
5;5421
5;5421
5;5420
5;5420
5;5419
5;5419
5;5418
5;5418
5;5417
5;5417
5;5416
5;5416
5;5415
5;5415
5;5414
5;5414
5;5413
5;5413
5;5412
5;5412
5;5411
5;5411
5;5410
5;5410
5;5409
5;5409
5;5408
5;5408
5;5407
5;5407
5;5406
5;5406
5;5405
5;5405
5;5404
5;5404
5;5403
5;5403
5;5402
5;5402
5;5401
5;5401
5;5400
5;5400
5;5399
5;5399
5;5398
5;5398
5;5397
5;5397
5;5396
5;5396
5;5395
5;5395
5;5394
5;5394
5;5393
5;5393
5;5392
5;5392
5;5391
5;5391
5;5390
5;5390
5;5389
5;5389
5;5388
5;5388
5;5387
5;5387
5;5386
5;5386
5;5385
5;5385
5;5384
5;5384
5;5383
5;5383
5;5382
5;5382
5;5381
5;5381
5;5380
5;5380
5;5379
5;5379
5;5378
5;5378
5;5377
5;5377
5;5376
5;5376
5;5375
5;5375
5;5374
5;5374
5;5373
5;5373
5;5372
5;5372
5;5371
5;5371
5;5370
5;5370
5;5369
5;5369
5;5368
5;5368
5;5367
5;5367
5;5366
5;5366
5;5365
5;5365
5;5364
5;5364
5;5363
5;5363
5;5362
5;5362
5;5361
5;5361
5;5360
5;5360
5;5359
5;5359
5;5358
5;5358
5;5357
5;5357
5;5356
5;5356
5;5355
5;5355
5;5354
5;5354
5;5353
5;5353
5;5352
5;5352
5;5351
5;5351
5;5350
5;5350
5;5349
5;5349
5;5348
5;5348
5;5347
5;5347
5;5346
5;5346
5;5345
5;5345
5;5344
5;5344
5;5343
5;5343
5;5342
5;5342
5;5341
5;5341
5;5340
5;5340
5;5339
5;5339
5;5338
5;5338
5;5337
5;5337
5;5336
5;5336
5;5335
5;5335
5;5334
5;5334
5;5333
5;5333
5;5332
5;5332
5;5331
5;5331
5;5330
5;5330
5;5329
5;5329
5;5328
5;5328
5;5327
5;5327
5;5326
5;5326
5;5325
5;5325
5;5324
5;5324
5;5323
5;5323
5;5322
5;5322
5;5321
5;5321
5;5320
5;5320
5;5319
5;5319
5;5318
5;5318
5;5317
5;5317
5;5316
5;5316
5;5315
5;5315
5;5314
5;5314
5;5313
5;5313
5;5312
5;5312
5;5311
5;5311
5;5310
5;5310
5;5309
5;5309
5;5308
5;5308
5;5307
5;5307
5;5306
5;5306
5;5305
5;5305
5;5304
5;5304
5;5303
5;5303
5;5302
5;5302
5;5301
5;5301
5;5300
5;5300
5;5299
5;5299
5;5298
5;5298
5;5297
5;5297
5;5296
5;5296
5;5295
5;5295
5;5294
5;5294
5;5293
5;5293
5;5292
5;5292
5;5291
5;5291
5;5290
5;5290
5;5289
5;5289
5;5288
5;5288
5;5287
5;5287
5;5286
5;5286
5;5285
5;5285
5;5284
5;5284
5;5283
5;5283
5;5282
5;5282
5;5281
5;5281
5;5280
5;5280
5;5279
5;5279
5;5278
5;5278
5;5277
5;5277
5;5276
5;5276
5;5275
5;5275
5;5274
5;5274
5;5273
5;5273
5;5272
5;5272
5;5271
5;5271
5;5270
5;5270
5;5269
5;5269
5;5268
5;5268
5;5267
5;5267
5;5266
5;5266
5;5265
5;5265
5;5264
5;5264
5;5263
5;5263
5;5262
5;5262
5;5261
5;5261
5;5260
5;5260
5;5259
5;5259
5;5258
5;5258
5;5257
5;5257
5;5256
5;5256
5;5255
5;5255
5;5254
5;5254
5;5253
5;5253
5;5252
5;5252
5;5251
5;5251
5;5250
5;5250
5;5249
5;5249
5;5248
5;5248
5;5247
5;5247
5;5246
5;5246
5;5245
5;5245
5;5244
5;5244
5;5243
5;5243
5;5242
5;5242
5;5241
5;5241
5;5240
5;5240
5;5239
5;5239
5;5238
5;5238
5;5237
5;5237
5;5236
5;5236
5;5235
5;5235
5;5234
5;5234
5;5233
5;5233
5;5232
5;5232
5;5231
5;5231
5;5230
5;5230
5;5229
5;5229
5;5228
5;5228
5;5227
5;5227
5;5226
5;5226
5;5225
5;5225
5;5224
5;5224
5;5223
5;5223
5;5222
5;5222
5;5221
5;5221
5;5220
5;5220
5;5219
5;5219
5;5218
5;5218
5;5217
5;5217
5;5216
5;5216
5;5215
5;5215
5;5214
5;5214
5;5213
5;5213
5;5212
5;5212
5;5211
5;5211
5;5210
5;5210
5;5209
5;5209
5;5208
5;5208
5;5207
5;5207
5;5206
5;5206
5;5205
5;5205
5;5204
5;5204
5;5203
5;5203
5;5202
5;5202
5;5201
5;5201
5;5200
5;5200
5;5199
5;5199
5;5198
5;5198
5;5197
5;5197
5;5196
5;5196
5;5195
5;5195
5;5194
5;5194
5;5193
5;5193
5;5192
5;5192
5;5191
5;5191
5;5190
5;5190
5;5189
5;5189
5;5188
5;5188
5;5187
5;5187
5;5186
5;5186
5;5185
5;5185
5;5184
5;5184
5;5183
5;5183
5;5182
5;5182
5;5181
5;5181
5;5180
5;5180
5;5179
5;5179
5;5178
5;5178
5;5177
5;5177
5;5176
5;5176
5;5175
5;5175
5;5174
5;5174
5;5173
5;5173
5;5172
5;5172
5;5171
5;5171
5;5170
5;5170
5;5169
5;5169
5;5168
5;5168
5;5167
5;5167
5;5166
5;5166
5;5165
5;5165
5;5164
5;5164
5;5163
5;5163
5;5162
5;5162
5;5161
5;5161
5;5160
5;5160
5;5159
5;5159
5;5158
5;5158
5;5157
5;5157
5;5156
5;5156
5;5155
5;5155
5;5154
5;5154
5;5153
5;5153
5;5152
5;5152
5;5151
5;5151
5;5150
5;5150
5;5149
5;5149
5;5148
5;5148
5;5147
5;5147
5;5146
5;5146
5;5145
5;5145
5;5144
5;5144
5;5143
5;5143
5;5142
5;5142
5;5141
5;5141
5;5140
5;5140
5;5139
5;5139
5;5138
5;5138
5;5137
5;5137
5;5136
5;5136
5;5135
5;5135
5;5134
5;5134
5;5133
5;5133
5;5132
5;5132
5;5131
5;5131
5;5130
5;5130
5;5129
5;5129
5;5128
5;5128
5;5127
5;5127
5;5126
5;5126
5;5125
5;5125
5;5124
5;5124
5;5123
5;5123
5;5122
5;5122
5;5121
5;5121
5;5120
5;5120
5;5119
5;5119
5;5118
5;5118
5;5117
5;5117
5;5116
5;5116
5;5115
5;5115
5;5114
5;5114
5;5113
5;5113
5;5112
5;5112
5;5111
5;5111
5;5110
5;5110
5;5109
5;5109
5;5108
5;5108
5;5107
5;5107
5;5106
5;5106
5;5105
5;5105
5;5104
5;5104
5;5103
5;5103
5;5102
5;5102
5;5101
5;5101
5;5100
5;5100
5;5099
5;5099
5;5098
5;5098
5;5097
5;5097
5;5096
5;5096
5;5095
5;5095
5;5094
5;5094
5;5093
5;5093
5;5092
5;5092
5;5091
5;5091
5;5090
5;5090
5;5089
5;5089
5;5088
5;5088
5;5087
5;5087
5;5086
5;5086
5;5085
5;5085
5;5084
5;5084
5;5083
5;5083
5;5082
5;5082
5;5081
5;5081
5;5080
5;5080
5;5079
5;5079
5;5078
5;5078
5;5077
5;5077
5;5076
5;5076
5;5075
5;5075
5;5074
5;5074
5;5073
5;5073
5;5072
5;5072
5;5071
5;5071
5;5070
5;5070
5;5069
5;5069
5;5068
5;5068
5;5067
5;5067
5;5066
5;5066
5;5065
5;5065
5;5064
5;5064
5;5063
5;5063
5;5062
5;5062
5;5061
5;5061
5;5060
5;5060
5;5059
5;5059
5;5058
5;5058
5;5057
5;5057
5;5056
5;5056
5;5055
5;5055
5;5054
5;5054
5;5053
5;5053
5;5052
5;5052
5;5051
5;5051
5;5050
5;5050
5;5049
5;5049
5;5048
5;5048
5;5047
5;5047
5;5046
5;5046
5;5045
5;5045
5;5044
5;5044
5;5043
5;5043
5;5042
5;5042
5;5041
5;5041
5;5040
5;5040
5;5039
5;5039
5;5038
5;5038
5;5037
5;5037
5;5036
5;5036
5;5035
5;5035
5;5034
5;5034
5;5033
5;5033
5;5032
5;5032
5;5031
5;5031
5;5030
5;5030
5;5029
5;5029
5;5028
5;5028
5;5027
5;5027
5;5026
5;5026
5;5025
5;5025
5;5024
5;5024
5;5023
5;5023
5;5022
5;5022
5;5021
5;5021
5;5020
5;5020
5;5019
5;5019
5;5018
5;5018
5;5017
5;5017
5;5016
5;5016
5;5015
5;5015
5;5014
5;5014
5;5013
5;5013
5;5012
5;5012
5;5011
5;5011
5;5010
5;5010
5;5009
5;5009
5;5008
5;5008
5;5007
5;5007
5;5006
5;5006
5;5005
5;5005
5;5004
5;5004
5;5003
5;5003
5;5002
5;5002
5;5001
5;5001
5;5000
5;5000
5;4999
5;4999
5;4998
5;4998
5;4997
5;4997
5;4996
5;4996
5;4995
5;4995
5;4994
5;4994
5;4993
5;4993
5;4992
5;4992
5;4991
5;4991
5;4990
5;4990
5;4989
5;4989
5;4988
5;4988
5;4987
5;4987
5;4986
5;4986
5;4985
5;4985
5;4984
5;4984
5;4983
5;4983
5;4982
5;4982
5;4981
5;4981
5;4980
5;4980
5;4979
5;4979
5;4978
5;4978
5;4977
5;4977
5;4976
5;4976
5;4975
5;4975
5;4974
5;4974
5;4973
5;4973
5;4972
5;4972
5;4971
5;4971
5;4970
5;4970
5;4969
5;4969
5;4968
5;4968
5;4967
5;4967
5;4966
5;4966
5;4965
5;4965
5;4964
5;4964
5;4963
5;4963
5;4962
5;4962
5;4961
5;4961
5;4960
5;4960
5;4959
5;4959
5;4958
5;4958
5;4957
5;4957
5;4956
5;4956
5;4955
5;4955
5;4954
5;4954
5;4953
5;4953
5;4952
5;4952
5;4951
5;4951
5;4950
5;4950
5;4949
5;4949
5;4948
5;4948
5;4947
5;4947
5;4946
5;4946
5;4945
5;4945
5;4944
5;4944
5;4943
5;4943
5;4942
5;4942
5;4941
5;4941
5;4940
5;4940
5;4939
5;4939
5;4938
5;4938
5;4937
5;4937
5;4936
5;4936
5;4935
5;4935
5;4934
5;4934
5;4933
5;4933
5;4932
5;4932
5;4931
5;4931
5;4930
5;4930
5;4929
5;4929
5;4928
5;4928
5;4927
5;4927
5;4926
5;4926
5;4925
5;4925
5;4924
5;4924
5;4923
5;4923
5;4922
5;4922
5;4921
5;4921
5;4920
5;4920
5;4919
5;4919
5;4918
5;4918
5;4917
5;4917
5;4916
5;4916
5;4915
5;4915
5;4914
5;4914
5;4913
5;4913
5;4912
5;4912
5;4911
5;4911
5;4910
5;4910
5;4909
5;4909
5;4908
5;4908
5;4907
5;4907
5;4906
5;4906
5;4905
5;4905
5;4904
5;4904
5;4903
5;4903
5;4902
5;4902
5;4901
5;4901
5;4900
5;4900
5;4899
5;4899
5;4898
5;4898
5;4897
5;4897
5;4896
5;4896
5;4895
5;4895
5;4894
5;4894
5;4893
5;4893
5;4892
5;4892
5;4891
5;4891
5;4890
5;4890
5;4889
5;4889
5;4888
5;4888
5;4887
5;4887
5;4886
5;4886
5;4885
5;4885
5;4884
5;4884
5;4883
5;4883
5;4882
5;4882
5;4881
5;4881
5;4880
5;4880
5;4879
5;4879
5;4878
5;4878
5;4877
5;4877
5;4876
5;4876
5;4875
5;4875
5;4874
5;4874
5;4873
5;4873
5;4872
5;4872
5;4871
5;4871
5;4870
5;4870
5;4869
5;4869
5;4868
5;4868
5;4867
5;4867
5;4866
5;4866
5;4865
5;4865
5;4864
5;4864
5;4863
5;4863
5;4862
5;4862
5;4861
5;4861
5;4860
5;4860
5;4859
5;4859
5;4858
5;4858
5;4857
5;4857
5;4856
5;4856
5;4855
5;4855
5;4854
5;4854
5;4853
5;4853
5;4852
5;4852
5;4851
5;4851
5;4850
5;4850
5;4849
5;4849
5;4848
5;4848
5;4847
5;4847
5;4846
5;4846
5;4845
5;4845
5;4844
5;4844
5;4843
5;4843
5;4842
5;4842
5;4841
5;4841
5;4840
5;4840
5;4839
5;4839
5;4838
5;4838
5;4837
5;4837
5;4836
5;4836
5;4835
5;4835
5;4834
5;4834
5;4833
5;4833
5;4832
5;4832
5;4831
5;4831
5;4830
5;4830
5;4829
5;4829
5;4828
5;4828
5;4827
5;4827
5;4826
5;4826
5;4825
5;4825
5;4824
5;4824
5;4823
5;4823
5;4822
5;4822
5;4821
5;4821
5;4820
5;4820
5;4819
5;4819
5;4818
5;4818
5;4817
5;4817
5;4816
5;4816
5;4815
5;4815
5;4814
5;4814
5;4813
5;4813
5;4812
5;4812
5;4811
5;4811
5;4810
5;4810
5;4809
5;4809
5;4808
5;4808
5;4807
5;4807
5;4806
5;4806
5;4805
5;4805
5;4804
5;4804
5;4803
5;4803
5;4802
5;4802
5;4801
5;4801
5;4800
5;4800
5;4799
5;4799
5;4798
5;4798
5;4797
5;4797
5;4796
5;4796
5;4795
5;4795
5;4794
5;4794
5;4793
5;4793
5;4792
5;4792
5;4791
5;4791
5;4790
5;4790
5;4789
5;4789
5;4788
5;4788
5;4787
5;4787
5;4786
5;4786
5;4785
5;4785
5;4784
5;4784
5;4783
5;4783
5;4782
5;4782
5;4781
5;4781
5;4780
5;4780
5;4779
5;4779
5;4778
5;4778
5;4777
5;4777
5;4776
5;4776
5;4775
5;4775
5;4774
5;4774
5;4773
5;4773
5;4772
5;4772
5;4771
5;4771
5;4770
5;4770
5;4769
5;4769
5;4768
5;4768
5;4767
5;4767
5;4766
5;4766
5;4765
5;4765
5;4764
5;4764
5;4763
5;4763
5;4762
5;4762
5;4761
5;4761
5;4760
5;4760
5;4759
5;4759
5;4758
5;4758
5;4757
5;4757
5;4756
5;4756
5;4755
5;4755
5;4754
5;4754
5;4753
5;4753
5;4752
5;4752
5;4751
5;4751
5;4750
5;4750
5;4749
5;4749
5;4748
5;4748
5;4747
5;4747
5;4746
5;4746
5;4745
5;4745
5;4744
5;4744
5;4743
5;4743
5;4742
5;4742
5;4741
5;4741
5;4740
5;4740
5;4739
5;4739
5;4738
5;4738
5;4737
5;4737
5;4736
5;4736
5;4735
5;4735
5;4734
5;4734
5;4733
5;4733
5;4732
5;4732
5;4731
5;4731
5;4730
5;4730
5;4729
5;4729
5;4728
5;4728
5;4727
5;4727
5;4726
5;4726
5;4725
5;4725
5;4724
5;4724
5;4723
5;4723
5;4722
5;4722
5;4721
5;4721
5;4720
5;4720
5;4719
5;4719
5;4718
5;4718
5;4717
5;4717
5;4716
5;4716
5;4715
5;4715
5;4714
5;4714
5;4713
5;4713
5;4712
5;4712
5;4711
5;4711
5;4710
5;4710
5;4709
5;4709
5;4708
5;4708
5;4707
5;4707
5;4706
5;4706
5;4705
5;4705
5;4704
5;4704
5;4703
5;4703
5;4702
5;4702
5;4701
5;4701
5;4700
5;4700
5;4699
5;4699
5;4698
5;4698
5;4697
5;4697
5;4696
5;4696
5;4695
5;4695
5;4694
5;4694
5;4693
5;4693
5;4692
5;4692
5;4691
5;4691
5;4690
5;4690
5;4689
5;4689
5;4688
5;4688
5;4687
5;4687
5;4686
5;4686
5;4685
5;4685
5;4684
5;4684
5;4683
5;4683
5;4682
5;4682
5;4681
5;4681
5;4680
5;4680
5;4679
5;4679
5;4678
5;4678
5;4677
5;4677
5;4676
5;4676
5;4675
5;4675
5;4674
5;4674
5;4673
5;4673
5;4672
5;4672
5;4671
5;4671
5;4670
5;4670
5;4669
5;4669
5;4668
5;4668
5;4667
5;4667
5;4666
5;4666
5;4665
5;4665
5;4664
5;4664
5;4663
5;4663
5;4662
5;4662
5;4661
5;4661
5;4660
5;4660
5;4659
5;4659
5;4658
5;4658
5;4657
5;4657
5;4656
5;4656
5;4655
5;4655
5;4654
5;4654
5;4653
5;4653
5;4652
5;4652
5;4651
5;4651
5;4650
5;4650
5;4649
5;4649
5;4648
5;4648
5;4647
5;4647
5;4646
5;4646
5;4645
5;4645
5;4644
5;4644
5;4643
5;4643
5;4642
5;4642
5;4641
5;4641
5;4640
5;4640
5;4639
5;4639
5;4638
5;4638
5;4637
5;4637
5;4636
5;4636
5;4635
5;4635
5;4634
5;4634
5;4633
5;4633
5;4632
5;4632
5;4631
5;4631
5;4630
5;4630
5;4629
5;4629
5;4628
5;4628
5;4627
5;4627
5;4626
5;4626
5;4625
5;4625
5;4624
5;4624
5;4623
5;4623
5;4622
5;4622
5;4621
5;4621
5;4620
5;4620
5;4619
5;4619
5;4618
5;4618
5;4617
5;4617
5;4616
5;4616
5;4615
5;4615
5;4614
5;4614
5;4613
5;4613
5;4612
5;4612
5;4611
5;4611
5;4610
5;4610
5;4609
5;4609
5;4608
5;4608
5;4607
5;4607
5;4606
5;4606
5;4605
5;4605
5;4604
5;4604
5;4603
5;4603
5;4602
5;4602
5;4601
5;4601
5;4600
5;4600
5;4599
5;4599
5;4598
5;4598
5;4597
5;4597
5;4596
5;4596
5;4595
5;4595
5;4594
5;4594
5;4593
5;4593
5;4592
5;4592
5;4591
5;4591
5;4590
5;4590
5;4589
5;4589
5;4588
5;4588
5;4587
5;4587
5;4586
5;4586
5;4585
5;4585
5;4584
5;4584
5;4583
5;4583
5;4582
5;4582
5;4581
5;4581
5;4580
5;4580
5;4579
5;4579
5;4578
5;4578
5;4577
5;4577
5;4576
5;4576
5;4575
5;4575
5;4574
5;4574
5;4573
5;4573
5;4572
5;4572
5;4571
5;4571
5;4570
5;4570
5;4569
5;4569
5;4568
5;4568
5;4567
5;4567
5;4566
5;4566
5;4565
5;4565
5;4564
5;4564
5;4563
5;4563
5;4562
5;4562
5;4561
5;4561
5;4560
5;4560
5;4559
5;4559
5;4558
5;4558
5;4557
5;4557
5;4556
5;4556
5;4555
5;4555
5;4554
5;4554
5;4553
5;4553
5;4552
5;4552
5;4551
5;4551
5;4550
5;4550
5;4549
5;4549
5;4548
5;4548
5;4547
5;4547
5;4546
5;4546
5;4545
5;4545
5;4544
5;4544
5;4543
5;4543
5;4542
5;4542
5;4541
5;4541
5;4540
5;4540
5;4539
5;4539
5;4538
5;4538
5;4537
5;4537
5;4536
5;4536
5;4535
5;4535
5;4534
5;4534
5;4533
5;4533
5;4532
5;4532
5;4531
5;4531
5;4530
5;4530
5;4529
5;4529
5;4528
5;4528
5;4527
5;4527
5;4526
5;4526
5;4525
5;4525
5;4524
5;4524
5;4523
5;4523
5;4522
5;4522
5;4521
5;4521
5;4520
5;4520
5;4519
5;4519
5;4518
5;4518
5;4517
5;4517
5;4516
5;4516
5;4515
5;4515
5;4514
5;4514
5;4513
5;4513
5;4512
5;4512
5;4511
5;4511
5;4510
5;4510
5;4509
5;4509
5;4508
5;4508
5;4507
5;4507
5;4506
5;4506
5;4505
5;4505
5;4504
5;4504
5;4503
5;4503
5;4502
5;4502
5;4501
5;4501
5;4500
5;4500
5;4499
5;4499
5;4498
5;4498
5;4497
5;4497
5;4496
5;4496
5;4495
5;4495
5;4494
5;4494
5;4493
5;4493
5;4492
5;4492
5;4491
5;4491
5;4490
5;4490
5;4489
5;4489
5;4488
5;4488
5;4487
5;4487
5;4486
5;4486
5;4485
5;4485
5;4484
5;4484
5;4483
5;4483
5;4482
5;4482
5;4481
5;4481
5;4480
5;4480
5;4479
5;4479
5;4478
5;4478
5;4477
5;4477
5;4476
5;4476
5;4475
5;4475
5;4474
5;4474
5;4473
5;4473
5;4472
5;4472
5;4471
5;4471
5;4470
5;4470
5;4469
5;4469
5;4468
5;4468
5;4467
5;4467
5;4466
5;4466
5;4465
5;4465
5;4464
5;4464
5;4463
5;4463
5;4462
5;4462
5;4461
5;4461
5;4460
5;4460
5;4459
5;4459
5;4458
5;4458
5;4457
5;4457
5;4456
5;4456
5;4455
5;4455
5;4454
5;4454
5;4453
5;4453
5;4452
5;4452
5;4451
5;4451
5;4450
5;4450
5;4449
5;4449
5;4448
5;4448
5;4447
5;4447
5;4446
5;4446
5;4445
5;4445
5;4444
5;4444
5;4443
5;4443
5;4442
5;4442
5;4441
5;4441
5;4440
5;4440
5;4439
5;4439
5;4438
5;4438
5;4437
5;4437
5;4436
5;4436
5;4435
5;4435
5;4434
5;4434
5;4433
5;4433
5;4432
5;4432
5;4431
5;4431
5;4430
5;4430
5;4429
5;4429
5;4428
5;4428
5;4427
5;4427
5;4426
5;4426
5;4425
5;4425
5;4424
5;4424
5;4423
5;4423
5;4422
5;4422
5;4421
5;4421
5;4420
5;4420
5;4419
5;4419
5;4418
5;4418
5;4417
5;4417
5;4416
5;4416
5;4415
5;4415
5;4414
5;4414
5;4413
5;4413
5;4412
5;4412
5;4411
5;4411
5;4410
5;4410
5;4409
5;4409
5;4408
5;4408
5;4407
5;4407
5;4406
5;4406
5;4405
5;4405
5;4404
5;4404
5;4403
5;4403
5;4402
5;4402
5;4401
5;4401
5;4400
5;4400
5;4399
5;4399
5;4398
5;4398
5;4397
5;4397
5;4396
5;4396
5;4395
5;4395
5;4394
5;4394
5;4393
5;4393
5;4392
5;4392
5;4391
5;4391
5;4390
5;4390
5;4389
5;4389
5;4388
5;4388
5;4387
5;4387
5;4386
5;4386
5;4385
5;4385
5;4384
5;4384
5;4383
5;4383
5;4382
5;4382
5;4381
5;4381
5;4380
5;4380
5;4379
5;4379
5;4378
5;4378
5;4377
5;4377
5;4376
5;4376
5;4375
5;4375
5;4374
5;4374
5;4373
5;4373
5;4372
5;4372
5;4371
5;4371
5;4370
5;4370
5;4369
5;4369
5;4368
5;4368
5;4367
5;4367
5;4366
5;4366
5;4365
5;4365
5;4364
5;4364
5;4363
5;4363
5;4362
5;4362
5;4361
5;4361
5;4360
5;4360
5;4359
5;4359
5;4358
5;4358
5;4357
5;4357
5;4356
5;4356
5;4355
5;4355
5;4354
5;4354
5;4353
5;4353
5;4352
5;4352
5;4351
5;4351
5;4350
5;4350
5;4349
5;4349
5;4348
5;4348
5;4347
5;4347
5;4346
5;4346
5;4345
5;4345
5;4344
5;4344
5;4343
5;4343
5;4342
5;4342
5;4341
5;4341
5;4340
5;4340
5;4339
5;4339
5;4338
5;4338
5;4337
5;4337
5;4336
5;4336
5;4335
5;4335
5;4334
5;4334
5;4333
5;4333
5;4332
5;4332
5;4331
5;4331
5;4330
5;4330
5;4329
5;4329
5;4328
5;4328
5;4327
5;4327
5;4326
5;4326
5;4325
5;4325
5;4324
5;4324
5;4323
5;4323
5;4322
5;4322
5;4321
5;4321
5;4320
5;4320
5;4319
5;4319
5;4318
5;4318
5;4317
5;4317
5;4316
5;4316
5;4315
5;4315
5;4314
5;4314
5;4313
5;4313
5;4312
5;4312
5;4311
5;4311
5;4310
5;4310
5;4309
5;4309
5;4308
5;4308
5;4307
5;4307
5;4306
5;4306
5;4305
5;4305
5;4304
5;4304
5;4303
5;4303
5;4302
5;4302
5;4301
5;4301
5;4300
5;4300
5;4299
5;4299
5;4298
5;4298
5;4297
5;4297
5;4296
5;4296
5;4295
5;4295
5;4294
5;4294
5;4293
5;4293
5;4292
5;4292
5;4291
5;4291
5;4290
5;4290
5;4289
5;4289
5;4288
5;4288
5;4287
5;4287
5;4286
5;4286
5;4285
5;4285
5;4284
5;4284
5;4283
5;4283
5;4282
5;4282
5;4281
5;4281
5;4280
5;4280
5;4279
5;4279
5;4278
5;4278
5;4277
5;4277
5;4276
5;4276
5;4275
5;4275
5;4274
5;4274
5;4273
5;4273
5;4272
5;4272
5;4271
5;4271
5;4270
5;4270
5;4269
5;4269
5;4268
5;4268
5;4267
5;4267
5;4266
5;4266
5;4265
5;4265
5;4264
5;4264
5;4263
5;4263
5;4262
5;4262
5;4261
5;4261
5;4260
5;4260
5;4259
5;4259
5;4258
5;4258
5;4257
5;4257
5;4256
5;4256
5;4255
5;4255
5;4254
5;4254
5;4253
5;4253
5;4252
5;4252
5;4251
5;4251
5;4250
5;4250
5;4249
5;4249
5;4248
5;4248
5;4247
5;4247
5;4246
5;4246
5;4245
5;4245
5;4244
5;4244
5;4243
5;4243
5;4242
5;4242
5;4241
5;4241
5;4240
5;4240
5;4239
5;4239
5;4238
5;4238
5;4237
5;4237
5;4236
5;4236
5;4235
5;4235
5;4234
5;4234
5;4233
5;4233
5;4232
5;4232
5;4231
5;4231
5;4230
5;4230
5;4229
5;4229
5;4228
5;4228
5;4227
5;4227
5;4226
5;4226
5;4225
5;4225
5;4224
5;4224
5;4223
5;4223
5;4222
5;4222
5;4221
5;4221
5;4220
5;4220
5;4219
5;4219
5;4218
5;4218
5;4217
5;4217
5;4216
5;4216
5;4215
5;4215
5;4214
5;4214
5;4213
5;4213
5;4212
5;4212
5;4211
5;4211
5;4210
5;4210
5;4209
5;4209
5;4208
5;4208
5;4207
5;4207
5;4206
5;4206
5;4205
5;4205
5;4204
5;4204
5;4203
5;4203
5;4202
5;4202
5;4201
5;4201
5;4200
5;4200
5;4199
5;4199
5;4198
5;4198
5;4197
5;4197
5;4196
5;4196
5;4195
5;4195
5;4194
5;4194
5;4193
5;4193
5;4192
5;4192
5;4191
5;4191
5;4190
5;4190
5;4189
5;4189
5;4188
5;4188
5;4187
5;4187
5;4186
5;4186
5;4185
5;4185
5;4184
5;4184
5;4183
5;4183
5;4182
5;4182
5;4181
5;4181
5;4180
5;4180
5;4179
5;4179
5;4178
5;4178
5;4177
5;4177
5;4176
5;4176
5;4175
5;4175
5;4174
5;4174
5;4173
5;4173
5;4172
5;4172
5;4171
5;4171
5;4170
5;4170
5;4169
5;4169
5;4168
5;4168
5;4167
5;4167
5;4166
5;4166
5;4165
5;4165
5;4164
5;4164
5;4163
5;4163
5;4162
5;4162
5;4161
5;4161
5;4160
5;4160
5;4159
5;4159
5;4158
5;4158
5;4157
5;4157
5;4156
5;4156
5;4155
5;4155
5;4154
5;4154
5;4153
5;4153
5;4152
5;4152
5;4151
5;4151
5;4150
5;4150
5;4149
5;4149
5;4148
5;4148
5;4147
5;4147
5;4146
5;4146
5;4145
5;4145
5;4144
5;4144
5;4143
5;4143
5;4142
5;4142
5;4141
5;4141
5;4140
5;4140
5;4139
5;4139
5;4138
5;4138
5;4137
5;4137
5;4136
5;4136
5;4135
5;4135
5;4134
5;4134
5;4133
5;4133
5;4132
5;4132
5;4131
5;4131
5;4130
5;4130
5;4129
5;4129
5;4128
5;4128
5;4127
5;4127
5;4126
5;4126
5;4125
5;4125
5;4124
5;4124
5;4123
5;4123
5;4122
5;4122
5;4121
5;4121
5;4120
5;4120
5;4119
5;4119
5;4118
5;4118
5;4117
5;4117
5;4116
5;4116
5;4115
5;4115
5;4114
5;4114
5;4113
5;4113
5;4112
5;4112
5;4111
5;4111
5;4110
5;4110
5;4109
5;4109
5;4108
5;4108
5;4107
5;4107
5;4106
5;4106
5;4105
5;4105
5;4104
5;4104
5;4103
5;4103
5;4102
5;4102
5;4101
5;4101
5;4100
5;4100
5;4099
5;4099
5;4098
5;4098
5;4097
5;4097
5;4096
5;4096
5;4095
5;4095
5;4094
5;4094
5;4093
5;4093
5;4092
5;4092
5;4091
5;4091
5;4090
5;4090
5;4089
5;4089
5;4088
5;4088
5;4087
5;4087
5;4086
5;4086
5;4085
5;4085
5;4084
5;4084
5;4083
5;4083
5;4082
5;4082
5;4081
5;4081
5;4080
5;4080
5;4079
5;4079
5;4078
5;4078
5;4077
5;4077
5;4076
5;4076
5;4075
5;4075
5;4074
5;4074
5;4073
5;4073
5;4072
5;4072
5;4071
5;4071
5;4070
5;4070
5;4069
5;4069
5;4068
5;4068
5;4067
5;4067
5;4066
5;4066
5;4065
5;4065
5;4064
5;4064
5;4063
5;4063
5;4062
5;4062
5;4061
5;4061
5;4060
5;4060
5;4059
5;4059
5;4058
5;4058
5;4057
5;4057
5;4056
5;4056
5;4055
5;4055
5;4054
5;4054
5;4053
5;4053
5;4052
5;4052
5;4051
5;4051
5;4050
5;4050
5;4049
5;4049
5;4048
5;4048
5;4047
5;4047
5;4046
5;4046
5;4045
5;4045
5;4044
5;4044
5;4043
5;4043
5;4042
5;4042
5;4041
5;4041
5;4040
5;4040
5;4039
5;4039
5;4038
5;4038
5;4037
5;4037
5;4036
5;4036
5;4035
5;4035
5;4034
5;4034
5;4033
5;4033
5;4032
5;4032
5;4031
5;4031
5;4030
5;4030
5;4029
5;4029
5;4028
5;4028
5;4027
5;4027
5;4026
5;4026
5;4025
5;4025
5;4024
5;4024
5;4023
5;4023
5;4022
5;4022
5;4021
5;4021
5;4020
5;4020
5;4019
5;4019
5;4018
5;4018
5;4017
5;4017
5;4016
5;4016
5;4015
5;4015
5;4014
5;4014
5;4013
5;4013
5;4012
5;4012
5;4011
5;4011
5;4010
5;4010
5;4009
5;4009
5;4008
5;4008
5;4007
5;4007
5;4006
5;4006
5;4005
5;4005
5;4004
5;4004
5;4003
5;4003
5;4002
5;4002
5;4001
5;4001
5;4000
5;4000
5;3999
5;3999
5;3998
5;3998
5;3997
5;3997
5;3996
5;3996
5;3995
5;3995
5;3994
5;3994
5;3993
5;3993
5;3992
5;3992
5;3991
5;3991
5;3990
5;3990
5;3989
5;3989
5;3988
5;3988
5;3987
5;3987
5;3986
5;3986
5;3985
5;3985
5;3984
5;3984
5;3983
5;3983
5;3982
5;3982
5;3981
5;3981
5;3980
5;3980
5;3979
5;3979
5;3978
5;3978
5;3977
5;3977
5;3976
5;3976
5;3975
5;3975
5;3974
5;3974
5;3973
5;3973
5;3972
5;3972
5;3971
5;3971
5;3970
5;3970
5;3969
5;3969
5;3968
5;3968
5;3967
5;3967
5;3966
5;3966
5;3965
5;3965
5;3964
5;3964
5;3963
5;3963
5;3962
5;3962
5;3961
5;3961
5;3960
5;3960
5;3959
5;3959
5;3958
5;3958
5;3957
5;3957
5;3956
5;3956
5;3955
5;3955
5;3954
5;3954
5;3953
5;3953
5;3952
5;3952
5;3951
5;3951
5;3950
5;3950
5;3949
5;3949
5;3948
5;3948
5;3947
5;3947
5;3946
5;3946
5;3945
5;3945
5;3944
5;3944
5;3943
5;3943
5;3942
5;3942
5;3941
5;3941
5;3940
5;3940
5;3939
5;3939
5;3938
5;3938
5;3937
5;3937
5;3936
5;3936
5;3935
5;3935
5;3934
5;3934
5;3933
5;3933
5;3932
5;3932
5;3931
5;3931
5;3930
5;3930
5;3929
5;3929
5;3928
5;3928
5;3927
5;3927
5;3926
5;3926
5;3925
5;3925
5;3924
5;3924
5;3923
5;3923
5;3922
5;3922
5;3921
5;3921
5;3920
5;3920
5;3919
5;3919
5;3918
5;3918
5;3917
5;3917
5;3916
5;3916
5;3915
5;3915
5;3914
5;3914
5;3913
5;3913
5;3912
5;3912
5;3911
5;3911
5;3910
5;3910
5;3909
5;3909
5;3908
5;3908
5;3907
5;3907
5;3906
5;3906
5;3905
5;3905
5;3904
5;3904
5;3903
5;3903
5;3902
5;3902
5;3901
5;3901
5;3900
5;3900
5;3899
5;3899
5;3898
5;3898
5;3897
5;3897
5;3896
5;3896
5;3895
5;3895
5;3894
5;3894
5;3893
5;3893
5;3892
5;3892
5;3891
5;3891
5;3890
5;3890
5;3889
5;3889
5;3888
5;3888
5;3887
5;3887
5;3886
5;3886
5;3885
5;3885
5;3884
5;3884
5;3883
5;3883
5;3882
5;3882
5;3881
5;3881
5;3880
5;3880
5;3879
5;3879
5;3878
5;3878
5;3877
5;3877
5;3876
5;3876
5;3875
5;3875
5;3874
5;3874
5;3873
5;3873
5;3872
5;3872
5;3871
5;3871
5;3870
5;3870
5;3869
5;3869
5;3868
5;3868
5;3867
5;3867
5;3866
5;3866
5;3865
5;3865
5;3864
5;3864
5;3863
5;3863
5;3862
5;3862
5;3861
5;3861
5;3860
5;3860
5;3859
5;3859
5;3858
5;3858
5;3857
5;3857
5;3856
5;3856
5;3855
5;3855
5;3854
5;3854
5;3853
5;3853
5;3852
5;3852
5;3851
5;3851
5;3850
5;3850
5;3849
5;3849
5;3848
5;3848
5;3847
5;3847
5;3846
5;3846
5;3845
5;3845
5;3844
5;3844
5;3843
5;3843
5;3842
5;3842
5;3841
5;3841
5;3840
5;3840
5;3839
5;3839
5;3838
5;3838
5;3837
5;3837
5;3836
5;3836
5;3835
5;3835
5;3834
5;3834
5;3833
5;3833
5;3832
5;3832
5;3831
5;3831
5;3830
5;3830
5;3829
5;3829
5;3828
5;3828
5;3827
5;3827
5;3826
5;3826
5;3825
5;3825
5;3824
5;3824
5;3823
5;3823
5;3822
5;3822
5;3821
5;3821
5;3820
5;3820
5;3819
5;3819
5;3818
5;3818
5;3817
5;3817
5;3816
5;3816
5;3815
5;3815
5;3814
5;3814
5;3813
5;3813
5;3812
5;3812
5;3811
5;3811
5;3810
5;3810
5;3809
5;3809
5;3808
5;3808
5;3807
5;3807
5;3806
5;3806
5;3805
5;3805
5;3804
5;3804
5;3803
5;3803
5;3802
5;3802
5;3801
5;3801
5;3800
5;3800
5;3799
5;3799
5;3798
5;3798
5;3797
5;3797
5;3796
5;3796
5;3795
5;3795
5;3794
5;3794
5;3793
5;3793
5;3792
5;3792
5;3791
5;3791
5;3790
5;3790
5;3789
5;3789
5;3788
5;3788
5;3787
5;3787
5;3786
5;3786
5;3785
5;3785
5;3784
5;3784
5;3783
5;3783
5;3782
5;3782
5;3781
5;3781
5;3780
5;3780
5;3779
5;3779
5;3778
5;3778
5;3777
5;3777
5;3776
5;3776
5;3775
5;3775
5;3774
5;3774
5;3773
5;3773
5;3772
5;3772
5;3771
5;3771
5;3770
5;3770
5;3769
5;3769
5;3768
5;3768
5;3767
5;3767
5;3766
5;3766
5;3765
5;3765
5;3764
5;3764
5;3763
5;3763
5;3762
5;3762
5;3761
5;3761
5;3760
5;3760
5;3759
5;3759
5;3758
5;3758
5;3757
5;3757
5;3756
5;3756
5;3755
5;3755
5;3754
5;3754
5;3753
5;3753
5;3752
5;3752
5;3751
5;3751
5;3750
5;3750
5;3749
5;3749
5;3748
5;3748
5;3747
5;3747
5;3746
5;3746
5;3745
5;3745
5;3744
5;3744
5;3743
5;3743
5;3742
5;3742
5;3741
5;3741
5;3740
5;3740
5;3739
5;3739
5;3738
5;3738
5;3737
5;3737
5;3736
5;3736
5;3735
5;3735
5;3734
5;3734
5;3733
5;3733
5;3732
5;3732
5;3731
5;3731
5;3730
5;3730
5;3729
5;3729
5;3728
5;3728
5;3727
5;3727
5;3726
5;3726
5;3725
5;3725
5;3724
5;3724
5;3723
5;3723
5;3722
5;3722
5;3721
5;3721
5;3720
5;3720
5;3719
5;3719
5;3718
5;3718
5;3717
5;3717
5;3716
5;3716
5;3715
5;3715
5;3714
5;3714
5;3713
5;3713
5;3712
5;3712
5;3711
5;3711
5;3710
5;3710
5;3709
5;3709
5;3708
5;3708
5;3707
5;3707
5;3706
5;3706
5;3705
5;3705
5;3704
5;3704
5;3703
5;3703
5;3702
5;3702
5;3701
5;3701
5;3700
5;3700
5;3699
5;3699
5;3698
5;3698
5;3697
5;3697
5;3696
5;3696
5;3695
5;3695
5;3694
5;3694
5;3693
5;3693
5;3692
5;3692
5;3691
5;3691
5;3690
5;3690
5;3689
5;3689
5;3688
5;3688
5;3687
5;3687
5;3686
5;3686
5;3685
5;3685
5;3684
5;3684
5;3683
5;3683
5;3682
5;3682
5;3681
5;3681
5;3680
5;3680
5;3679
5;3679
5;3678
5;3678
5;3677
5;3677
5;3676
5;3676
5;3675
5;3675
5;3674
5;3674
5;3673
5;3673
5;3672
5;3672
5;3671
5;3671
5;3670
5;3670
5;3669
5;3669
5;3668
5;3668
5;3667
5;3667
5;3666
5;3666
5;3665
5;3665
5;3664
5;3664
5;3663
5;3663
5;3662
5;3662
5;3661
5;3661
5;3660
5;3660
5;3659
5;3659
5;3658
5;3658
5;3657
5;3657
5;3656
5;3656
5;3655
5;3655
5;3654
5;3654
5;3653
5;3653
5;3652
5;3652
5;3651
5;3651
5;3650
5;3650
5;3649
5;3649
5;3648
5;3648
5;3647
5;3647
5;3646
5;3646
5;3645
5;3645
5;3644
5;3644
5;3643
5;3643
5;3642
5;3642
5;3641
5;3641
5;3640
5;3640
5;3639
5;3639
5;3638
5;3638
5;3637
5;3637
5;3636
5;3636
5;3635
5;3635
5;3634
5;3634
5;3633
5;3633
5;3632
5;3632
5;3631
5;3631
5;3630
5;3630
5;3629
5;3629
5;3628
5;3628
5;3627
5;3627
5;3626
5;3626
5;3625
5;3625
5;3624
5;3624
5;3623
5;3623
5;3622
5;3622
5;3621
5;3621
5;3620
5;3620
5;3619
5;3619
5;3618
5;3618
5;3617
5;3617
5;3616
5;3616
5;3615
5;3615
5;3614
5;3614
5;3613
5;3613
5;3612
5;3612
5;3611
5;3611
5;3610
5;3610
5;3609
5;3609
5;3608
5;3608
5;3607
5;3607
5;3606
5;3606
5;3605
5;3605
5;3604
5;3604
5;3603
5;3603
5;3602
5;3602
5;3601
5;3601
5;3600
5;3600
5;3599
5;3599
5;3598
5;3598
5;3597
5;3597
5;3596
5;3596
5;3595
5;3595
5;3594
5;3594
5;3593
5;3593
5;3592
5;3592
5;3591
5;3591
5;3590
5;3590
5;3589
5;3589
5;3588
5;3588
5;3587
5;3587
5;3586
5;3586
5;3585
5;3585
5;3584
5;3584
5;3583
5;3583
5;3582
5;3582
5;3581
5;3581
5;3580
5;3580
5;3579
5;3579
5;3578
5;3578
5;3577
5;3577
5;3576
5;3576
5;3575
5;3575
5;3574
5;3574
5;3573
5;3573
5;3572
5;3572
5;3571
5;3571
5;3570
5;3570
5;3569
5;3569
5;3568
5;3568
5;3567
5;3567
5;3566
5;3566
5;3565
5;3565
5;3564
5;3564
5;3563
5;3563
5;3562
5;3562
5;3561
5;3561
5;3560
5;3560
5;3559
5;3559
5;3558
5;3558
5;3557
5;3557
5;3556
5;3556
5;3555
5;3555
5;3554
5;3554
5;3553
5;3553
5;3552
5;3552
5;3551
5;3551
5;3550
5;3550
5;3549
5;3549
5;3548
5;3548
5;3547
5;3547
5;3546
5;3546
5;3545
5;3545
5;3544
5;3544
5;3543
5;3543
5;3542
5;3542
5;3541
5;3541
5;3540
5;3540
5;3539
5;3539
5;3538
5;3538
5;3537
5;3537
5;3536
5;3536
5;3535
5;3535
5;3534
5;3534
5;3533
5;3533
5;3532
5;3532
5;3531
5;3531
5;3530
5;3530
5;3529
5;3529
5;3528
5;3528
5;3527
5;3527
5;3526
5;3526
5;3525
5;3525
5;3524
5;3524
5;3523
5;3523
5;3522
5;3522
5;3521
5;3521
5;3520
5;3520
5;3519
5;3519
5;3518
5;3518
5;3517
5;3517
5;3516
5;3516
5;3515
5;3515
5;3514
5;3514
5;3513
5;3513
5;3512
5;3512
5;3511
5;3511
5;3510
5;3510
5;3509
5;3509
5;3508
5;3508
5;3507
5;3507
5;3506
5;3506
5;3505
5;3505
5;3504
5;3504
5;3503
5;3503
5;3502
5;3502
5;3501
5;3501
5;3500
5;3500
5;3499
5;3499
5;3498
5;3498
5;3497
5;3497
5;3496
5;3496
5;3495
5;3495
5;3494
5;3494
5;3493
5;3493
5;3492
5;3492
5;3491
5;3491
5;3490
5;3490
5;3489
5;3489
5;3488
5;3488
5;3487
5;3487
5;3486
5;3486
5;3485
5;3485
5;3484
5;3484
5;3483
5;3483
5;3482
5;3482
5;3481
5;3481
5;3480
5;3480
5;3479
5;3479
5;3478
5;3478
5;3477
5;3477
5;3476
5;3476
5;3475
5;3475
5;3474
5;3474
5;3473
5;3473
5;3472
5;3472
5;3471
5;3471
5;3470
5;3470
5;3469
5;3469
5;3468
5;3468
5;3467
5;3467
5;3466
5;3466
5;3465
5;3465
5;3464
5;3464
5;3463
5;3463
5;3462
5;3462
5;3461
5;3461
5;3460
5;3460
5;3459
5;3459
5;3458
5;3458
5;3457
5;3457
5;3456
5;3456
5;3455
5;3455
5;3454
5;3454
5;3453
5;3453
5;3452
5;3452
5;3451
5;3451
5;3450
5;3450
5;3449
5;3449
5;3448
5;3448
5;3447
5;3447
5;3446
5;3446
5;3445
5;3445
5;3444
5;3444
5;3443
5;3443
5;3442
5;3442
5;3441
5;3441
5;3440
5;3440
5;3439
5;3439
5;3438
5;3438
5;3437
5;3437
5;3436
5;3436
5;3435
5;3435
5;3434
5;3434
5;3433
5;3433
5;3432
5;3432
5;3431
5;3431
5;3430
5;3430
5;3429
5;3429
5;3428
5;3428
5;3427
5;3427
5;3426
5;3426
5;3425
5;3425
5;3424
5;3424
5;3423
5;3423
5;3422
5;3422
5;3421
5;3421
5;3420
5;3420
5;3419
5;3419
5;3418
5;3418
5;3417
5;3417
5;3416
5;3416
5;3415
5;3415
5;3414
5;3414
5;3413
5;3413
5;3412
5;3412
5;3411
5;3411
5;3410
5;3410
5;3409
5;3409
5;3408
5;3408
5;3407
5;3407
5;3406
5;3406
5;3405
5;3405
5;3404
5;3404
5;3403
5;3403
5;3402
5;3402
5;3401
5;3401
5;3400
5;3400
5;3399
5;3399
5;3398
5;3398
5;3397
5;3397
5;3396
5;3396
5;3395
5;3395
5;3394
5;3394
5;3393
5;3393
5;3392
5;3392
5;3391
5;3391
5;3390
5;3390
5;3389
5;3389
5;3388
5;3388
5;3387
5;3387
5;3386
5;3386
5;3385
5;3385
5;3384
5;3384
5;3383
5;3383
5;3382
5;3382
5;3381
5;3381
5;3380
5;3380
5;3379
5;3379
5;3378
5;3378
5;3377
5;3377
5;3376
5;3376
5;3375
5;3375
5;3374
5;3374
5;3373
5;3373
5;3372
5;3372
5;3371
5;3371
5;3370
5;3370
5;3369
5;3369
5;3368
5;3368
5;3367
5;3367
5;3366
5;3366
5;3365
5;3365
5;3364
5;3364
5;3363
5;3363
5;3362
5;3362
5;3361
5;3361
5;3360
5;3360
5;3359
5;3359
5;3358
5;3358
5;3357
5;3357
5;3356
5;3356
5;3355
5;3355
5;3354
5;3354
5;3353
5;3353
5;3352
5;3352
5;3351
5;3351
5;3350
5;3350
5;3349
5;3349
5;3348
5;3348
5;3347
5;3347
5;3346
5;3346
5;3345
5;3345
5;3344
5;3344
5;3343
5;3343
5;3342
5;3342
5;3341
5;3341
5;3340
5;3340
5;3339
5;3339
5;3338
5;3338
5;3337
5;3337
5;3336
5;3336
5;3335
5;3335
5;3334
5;3334
5;3333
5;3333
5;3332
5;3332
5;3331
5;3331
5;3330
5;3330
5;3329
5;3329
5;3328
5;3328
5;3327
5;3327
5;3326
5;3326
5;3325
5;3325
5;3324
5;3324
5;3323
5;3323
5;3322
5;3322
5;3321
5;3321
5;3320
5;3320
5;3319
5;3319
5;3318
5;3318
5;3317
5;3317
5;3316
5;3316
5;3315
5;3315
5;3314
5;3314
5;3313
5;3313
5;3312
5;3312
5;3311
5;3311
5;3310
5;3310
5;3309
5;3309
5;3308
5;3308
5;3307
5;3307
5;3306
5;3306
5;3305
5;3305
5;3304
5;3304
5;3303
5;3303
5;3302
5;3302
5;3301
5;3301
5;3300
5;3300
5;3299
5;3299
5;3298
5;3298
5;3297
5;3297
5;3296
5;3296
5;3295
5;3295
5;3294
5;3294
5;3293
5;3293
5;3292
5;3292
5;3291
5;3291
5;3290
5;3290
5;3289
5;3289
5;3288
5;3288
5;3287
5;3287
5;3286
5;3286
5;3285
5;3285
5;3284
5;3284
5;3283
5;3283
5;3282
5;3282
5;3281
5;3281
5;3280
5;3280
5;3279
5;3279
5;3278
5;3278
5;3277
5;3277
5;3276
5;3276
5;3275
5;3275
5;3274
5;3274
5;3273
5;3273
5;3272
5;3272
5;3271
5;3271
5;3270
5;3270
5;3269
5;3269
5;3268
5;3268
5;3267
5;3267
5;3266
5;3266
5;3265
5;3265
5;3264
5;3264
5;3263
5;3263
5;3262
5;3262
5;3261
5;3261
5;3260
5;3260
5;3259
5;3259
5;3258
5;3258
5;3257
5;3257
5;3256
5;3256
5;3255
5;3255
5;3254
5;3254
5;3253
5;3253
5;3252
5;3252
5;3251
5;3251
5;3250
5;3250
5;3249
5;3249
5;3248
5;3248
5;3247
5;3247
5;3246
5;3246
5;3245
5;3245
5;3244
5;3244
5;3243
5;3243
5;3242
5;3242
5;3241
5;3241
5;3240
5;3240
5;3239
5;3239
5;3238
5;3238
5;3237
5;3237
5;3236
5;3236
5;3235
5;3235
5;3234
5;3234
5;3233
5;3233
5;3232
5;3232
5;3231
5;3231
5;3230
5;3230
5;3229
5;3229
5;3228
5;3228
5;3227
5;3227
5;3226
5;3226
5;3225
5;3225
5;3224
5;3224
5;3223
5;3223
5;3222
5;3222
5;3221
5;3221
5;3220
5;3220
5;3219
5;3219
5;3218
5;3218
5;3217
5;3217
5;3216
5;3216
5;3215
5;3215
5;3214
5;3214
5;3213
5;3213
5;3212
5;3212
5;3211
5;3211
5;3210
5;3210
5;3209
5;3209
5;3208
5;3208
5;3207
5;3207
5;3206
5;3206
5;3205
5;3205
5;3204
5;3204
5;3203
5;3203
5;3202
5;3202
5;3201
5;3201
5;3200
5;3200
5;3199
5;3199
5;3198
5;3198
5;3197
5;3197
5;3196
5;3196
5;3195
5;3195
5;3194
5;3194
5;3193
5;3193
5;3192
5;3192
5;3191
5;3191
5;3190
5;3190
5;3189
5;3189
5;3188
5;3188
5;3187
5;3187
5;3186
5;3186
5;3185
5;3185
5;3184
5;3184
5;3183
5;3183
5;3182
5;3182
5;3181
5;3181
5;3180
5;3180
5;3179
5;3179
5;3178
5;3178
5;3177
5;3177
5;3176
5;3176
5;3175
5;3175
5;3174
5;3174
5;3173
5;3173
5;3172
5;3172
5;3171
5;3171
5;3170
5;3170
5;3169
5;3169
5;3168
5;3168
5;3167
5;3167
5;3166
5;3166
5;3165
5;3165
5;3164
5;3164
5;3163
5;3163
5;3162
5;3162
5;3161
5;3161
5;3160
5;3160
5;3159
5;3159
5;3158
5;3158
5;3157
5;3157
5;3156
5;3156
5;3155
5;3155
5;3154
5;3154
5;3153
5;3153
5;3152
5;3152
5;3151
5;3151
5;3150
5;3150
5;3149
5;3149
5;3148
5;3148
5;3147
5;3147
5;3146
5;3146
5;3145
5;3145
5;3144
5;3144
5;3143
5;3143
5;3142
5;3142
5;3141
5;3141
5;3140
5;3140
5;3139
5;3139
5;3138
5;3138
5;3137
5;3137
5;3136
5;3136
5;3135
5;3135
5;3134
5;3134
5;3133
5;3133
5;3132
5;3132
5;3131
5;3131
5;3130
5;3130
5;3129
5;3129
5;3128
5;3128
5;3127
5;3127
5;3126
5;3126
5;3125
5;3125
5;3124
5;3124
5;3123
5;3123
5;3122
5;3122
5;3121
5;3121
5;3120
5;3120
5;3119
5;3119
5;3118
5;3118
5;3117
5;3117
5;3116
5;3116
5;3115
5;3115
5;3114
5;3114
5;3113
5;3113
5;3112
5;3112
5;3111
5;3111
5;3110
5;3110
5;3109
5;3109
5;3108
5;3108
5;3107
5;3107
5;3106
5;3106
5;3105
5;3105
5;3104
5;3104
5;3103
5;3103
5;3102
5;3102
5;3101
5;3101
5;3100
5;3100
5;3099
5;3099
5;3098
5;3098
5;3097
5;3097
5;3096
5;3096
5;3095
5;3095
5;3094
5;3094
5;3093
5;3093
5;3092
5;3092
5;3091
5;3091
5;3090
5;3090
5;3089
5;3089
5;3088
5;3088
5;3087
5;3087
5;3086
5;3086
5;3085
5;3085
5;3084
5;3084
5;3083
5;3083
5;3082
5;3082
5;3081
5;3081
5;3080
5;3080
5;3079
5;3079
5;3078
5;3078
5;3077
5;3077
5;3076
5;3076
5;3075
5;3075
5;3074
5;3074
5;3073
5;3073
5;3072
5;3072
5;3071
5;3071
5;3070
5;3070
5;3069
5;3069
5;3068
5;3068
5;3067
5;3067
5;3066
5;3066
5;3065
5;3065
5;3064
5;3064
5;3063
5;3063
5;3062
5;3062
5;3061
5;3061
5;3060
5;3060
5;3059
5;3059
5;3058
5;3058
5;3057
5;3057
5;3056
5;3056
5;3055
5;3055
5;3054
5;3054
5;3053
5;3053
5;3052
5;3052
5;3051
5;3051
5;3050
5;3050
5;3049
5;3049
5;3048
5;3048
5;3047
5;3047
5;3046
5;3046
5;3045
5;3045
5;3044
5;3044
5;3043
5;3043
5;3042
5;3042
5;3041
5;3041
5;3040
5;3040
5;3039
5;3039
5;3038
5;3038
5;3037
5;3037
5;3036
5;3036
5;3035
5;3035
5;3034
5;3034
5;3033
5;3033
5;3032
5;3032
5;3031
5;3031
5;3030
5;3030
5;3029
5;3029
5;3028
5;3028
5;3027
5;3027
5;3026
5;3026
5;3025
5;3025
5;3024
5;3024
5;3023
5;3023
5;3022
5;3022
5;3021
5;3021
5;3020
5;3020
5;3019
5;3019
5;3018
5;3018
5;3017
5;3017
5;3016
5;3016
5;3015
5;3015
5;3014
5;3014
5;3013
5;3013
5;3012
5;3012
5;3011
5;3011
5;3010
5;3010
5;3009
5;3009
5;3008
5;3008
5;3007
5;3007
5;3006
5;3006
5;3005
5;3005
5;3004
5;3004
5;3003
5;3003
5;3002
5;3002
5;3001
5;3001
5;3000
5;3000
5;2999
5;2999
5;2998
5;2998
5;2997
5;2997
5;2996
5;2996
5;2995
5;2995
5;2994
5;2994
5;2993
5;2993
5;2992
5;2992
5;2991
5;2991
5;2990
5;2990
5;2989
5;2989
5;2988
5;2988
5;2987
5;2987
5;2986
5;2986
5;2985
5;2985
5;2984
5;2984
5;2983
5;2983
5;2982
5;2982
5;2981
5;2981
5;2980
5;2980
5;2979
5;2979
5;2978
5;2978
5;2977
5;2977
5;2976
5;2976
5;2975
5;2975
5;2974
5;2974
5;2973
5;2973
5;2972
5;2972
5;2971
5;2971
5;2970
5;2970
5;2969
5;2969
5;2968
5;2968
5;2967
5;2967
5;2966
5;2966
5;2965
5;2965
5;2964
5;2964
5;2963
5;2963
5;2962
5;2962
5;2961
5;2961
5;2960
5;2960
5;2959
5;2959
5;2958
5;2958
5;2957
5;2957
5;2956
5;2956
5;2955
5;2955
5;2954
5;2954
5;2953
5;2953
5;2952
5;2952
5;2951
5;2951
5;2950
5;2950
5;2949
5;2949
5;2948
5;2948
5;2947
5;2947
5;2946
5;2946
5;2945
5;2945
5;2944
5;2944
5;2943
5;2943
5;2942
5;2942
5;2941
5;2941
5;2940
5;2940
5;2939
5;2939
5;2938
5;2938
5;2937
5;2937
5;2936
5;2936
5;2935
5;2935
5;2934
5;2934
5;2933
5;2933
5;2932
5;2932
5;2931
5;2931
5;2930
5;2930
5;2929
5;2929
5;2928
5;2928
5;2927
5;2927
5;2926
5;2926
5;2925
5;2925
5;2924
5;2924
5;2923
5;2923
5;2922
5;2922
5;2921
5;2921
5;2920
5;2920
5;2919
5;2919
5;2918
5;2918
5;2917
5;2917
5;2916
5;2916
5;2915
5;2915
5;2914
5;2914
5;2913
5;2913
5;2912
5;2912
5;2911
5;2911
5;2910
5;2910
5;2909
5;2909
5;2908
5;2908
5;2907
5;2907
5;2906
5;2906
5;2905
5;2905
5;2904
5;2904
5;2903
5;2903
5;2902
5;2902
5;2901
5;2901
5;2900
5;2900
5;2899
5;2899
5;2898
5;2898
5;2897
5;2897
5;2896
5;2896
5;2895
5;2895
5;2894
5;2894
5;2893
5;2893
5;2892
5;2892
5;2891
5;2891
5;2890
5;2890
5;2889
5;2889
5;2888
5;2888
5;2887
5;2887
5;2886
5;2886
5;2885
5;2885
5;2884
5;2884
5;2883
5;2883
5;2882
5;2882
5;2881
5;2881
5;2880
5;2880
5;2879
5;2879
5;2878
5;2878
5;2877
5;2877
5;2876
5;2876
5;2875
5;2875
5;2874
5;2874
5;2873
5;2873
5;2872
5;2872
5;2871
5;2871
5;2870
5;2870
5;2869
5;2869
5;2868
5;2868
5;2867
5;2867
5;2866
5;2866
5;2865
5;2865
5;2864
5;2864
5;2863
5;2863
5;2862
5;2862
5;2861
5;2861
5;2860
5;2860
5;2859
5;2859
5;2858
5;2858
5;2857
5;2857
5;2856
5;2856
5;2855
5;2855
5;2854
5;2854
5;2853
5;2853
5;2852
5;2852
5;2851
5;2851
5;2850
5;2850
5;2849
5;2849
5;2848
5;2848
5;2847
5;2847
5;2846
5;2846
5;2845
5;2845
5;2844
5;2844
5;2843
5;2843
5;2842
5;2842
5;2841
5;2841
5;2840
5;2840
5;2839
5;2839
5;2838
5;2838
5;2837
5;2837
5;2836
5;2836
5;2835
5;2835
5;2834
5;2834
5;2833
5;2833
5;2832
5;2832
5;2831
5;2831
5;2830
5;2830
5;2829
5;2829
5;2828
5;2828
5;2827
5;2827
5;2826
5;2826
5;2825
5;2825
5;2824
5;2824
5;2823
5;2823
5;2822
5;2822
5;2821
5;2821
5;2820
5;2820
5;2819
5;2819
5;2818
5;2818
5;2817
5;2817
5;2816
5;2816
5;2815
5;2815
5;2814
5;2814
5;2813
5;2813
5;2812
5;2812
5;2811
5;2811
5;2810
5;2810
5;2809
5;2809
5;2808
5;2808
5;2807
5;2807
5;2806
5;2806
5;2805
5;2805
5;2804
5;2804
5;2803
5;2803
5;2802
5;2802
5;2801
5;2801
5;2800
5;2800
5;2799
5;2799
5;2798
5;2798
5;2797
5;2797
5;2796
5;2796
5;2795
5;2795
5;2794
5;2794
5;2793
5;2793
5;2792
5;2792
5;2791
5;2791
5;2790
5;2790
5;2789
5;2789
5;2788
5;2788
5;2787
5;2787
5;2786
5;2786
5;2785
5;2785
5;2784
5;2784
5;2783
5;2783
5;2782
5;2782
5;2781
5;2781
5;2780
5;2780
5;2779
5;2779
5;2778
5;2778
5;2777
5;2777
5;2776
5;2776
5;2775
5;2775
5;2774
5;2774
5;2773
5;2773
5;2772
5;2772
5;2771
5;2771
5;2770
5;2770
5;2769
5;2769
5;2768
5;2768
5;2767
5;2767
5;2766
5;2766
5;2765
5;2765
5;2764
5;2764
5;2763
5;2763
5;2762
5;2762
5;2761
5;2761
5;2760
5;2760
5;2759
5;2759
5;2758
5;2758
5;2757
5;2757
5;2756
5;2756
5;2755
5;2755
5;2754
5;2754
5;2753
5;2753
5;2752
5;2752
5;2751
5;2751
5;2750
5;2750
5;2749
5;2749
5;2748
5;2748
5;2747
5;2747
5;2746
5;2746
5;2745
5;2745
5;2744
5;2744
5;2743
5;2743
5;2742
5;2742
5;2741
5;2741
5;2740
5;2740
5;2739
5;2739
5;2738
5;2738
5;2737
5;2737
5;2736
5;2736
5;2735
5;2735
5;2734
5;2734
5;2733
5;2733
5;2732
5;2732
5;2731
5;2731
5;2730
5;2730
5;2729
5;2729
5;2728
5;2728
5;2727
5;2727
5;2726
5;2726
5;2725
5;2725
5;2724
5;2724
5;2723
5;2723
5;2722
5;2722
5;2721
5;2721
5;2720
5;2720
5;2719
5;2719
5;2718
5;2718
5;2717
5;2717
5;2716
5;2716
5;2715
5;2715
5;2714
5;2714
5;2713
5;2713
5;2712
5;2712
5;2711
5;2711
5;2710
5;2710
5;2709
5;2709
5;2708
5;2708
5;2707
5;2707
5;2706
5;2706
5;2705
5;2705
5;2704
5;2704
5;2703
5;2703
5;2702
5;2702
5;2701
5;2701
5;2700
5;2700
5;2699
5;2699
5;2698
5;2698
5;2697
5;2697
5;2696
5;2696
5;2695
5;2695
5;2694
5;2694
5;2693
5;2693
5;2692
5;2692
5;2691
5;2691
5;2690
5;2690
5;2689
5;2689
5;2688
5;2688
5;2687
5;2687
5;2686
5;2686
5;2685
5;2685
5;2684
5;2684
5;2683
5;2683
5;2682
5;2682
5;2681
5;2681
5;2680
5;2680
5;2679
5;2679
5;2678
5;2678
5;2677
5;2677
5;2676
5;2676
5;2675
5;2675
5;2674
5;2674
5;2673
5;2673
5;2672
5;2672
5;2671
5;2671
5;2670
5;2670
5;2669
5;2669
5;2668
5;2668
5;2667
5;2667
5;2666
5;2666
5;2665
5;2665
5;2664
5;2664
5;2663
5;2663
5;2662
5;2662
5;2661
5;2661
5;2660
5;2660
5;2659
5;2659
5;2658
5;2658
5;2657
5;2657
5;2656
5;2656
5;2655
5;2655
5;2654
5;2654
5;2653
5;2653
5;2652
5;2652
5;2651
5;2651
5;2650
5;2650
5;2649
5;2649
5;2648
5;2648
5;2647
5;2647
5;2646
5;2646
5;2645
5;2645
5;2644
5;2644
5;2643
5;2643
5;2642
5;2642
5;2641
5;2641
5;2640
5;2640
5;2639
5;2639
5;2638
5;2638
5;2637
5;2637
5;2636
5;2636
5;2635
5;2635
5;2634
5;2634
5;2633
5;2633
5;2632
5;2632
5;2631
5;2631
5;2630
5;2630
5;2629
5;2629
5;2628
5;2628
5;2627
5;2627
5;2626
5;2626
5;2625
5;2625
5;2624
5;2624
5;2623
5;2623
5;2622
5;2622
5;2621
5;2621
5;2620
5;2620
5;2619
5;2619
5;2618
5;2618
5;2617
5;2617
5;2616
5;2616
5;2615
5;2615
5;2614
5;2614
5;2613
5;2613
5;2612
5;2612
5;2611
5;2611
5;2610
5;2610
5;2609
5;2609
5;2608
5;2608
5;2607
5;2607
5;2606
5;2606
5;2605
5;2605
5;2604
5;2604
5;2603
5;2603
5;2602
5;2602
5;2601
5;2601
5;2600
5;2600
5;2599
5;2599
5;2598
5;2598
5;2597
5;2597
5;2596
5;2596
5;2595
5;2595
5;2594
5;2594
5;2593
5;2593
5;2592
5;2592
5;2591
5;2591
5;2590
5;2590
5;2589
5;2589
5;2588
5;2588
5;2587
5;2587
5;2586
5;2586
5;2585
5;2585
5;2584
5;2584
5;2583
5;2583
5;2582
5;2582
5;2581
5;2581
5;2580
5;2580
5;2579
5;2579
5;2578
5;2578
5;2577
5;2577
5;2576
5;2576
5;2575
5;2575
5;2574
5;2574
5;2573
5;2573
5;2572
5;2572
5;2571
5;2571
5;2570
5;2570
5;2569
5;2569
5;2568
5;2568
5;2567
5;2567
5;2566
5;2566
5;2565
5;2565
5;2564
5;2564
5;2563
5;2563
5;2562
5;2562
5;2561
5;2561
5;2560
5;2560
5;2559
5;2559
5;2558
5;2558
5;2557
5;2557
5;2556
5;2556
5;2555
5;2555
5;2554
5;2554
5;2553
5;2553
5;2552
5;2552
5;2551
5;2551
5;2550
5;2550
5;2549
5;2549
5;2548
5;2548
5;2547
5;2547
5;2546
5;2546
5;2545
5;2545
5;2544
5;2544
5;2543
5;2543
5;2542
5;2542
5;2541
5;2541
5;2540
5;2540
5;2539
5;2539
5;2538
5;2538
5;2537
5;2537
5;2536
5;2536
5;2535
5;2535
5;2534
5;2534
5;2533
5;2533
5;2532
5;2532
5;2531
5;2531
5;2530
5;2530
5;2529
5;2529
5;2528
5;2528
5;2527
5;2527
5;2526
5;2526
5;2525
5;2525
5;2524
5;2524
5;2523
5;2523
5;2522
5;2522
5;2521
5;2521
5;2520
5;2520
5;2519
5;2519
5;2518
5;2518
5;2517
5;2517
5;2516
5;2516
5;2515
5;2515
5;2514
5;2514
5;2513
5;2513
5;2512
5;2512
5;2511
5;2511
5;2510
5;2510
5;2509
5;2509
5;2508
5;2508
5;2507
5;2507
5;2506
5;2506
5;2505
5;2505
5;2504
5;2504
5;2503
5;2503
5;2502
5;2502
5;2501
5;2501
5;2500
5;2500
5;2499
5;2499
5;2498
5;2498
5;2497
5;2497
5;2496
5;2496
5;2495
5;2495
5;2494
5;2494
5;2493
5;2493
5;2492
5;2492
5;2491
5;2491
5;2490
5;2490
5;2489
5;2489
5;2488
5;2488
5;2487
5;2487
5;2486
5;2486
5;2485
5;2485
5;2484
5;2484
5;2483
5;2483
5;2482
5;2482
5;2481
5;2481
5;2480
5;2480
5;2479
5;2479
5;2478
5;2478
5;2477
5;2477
5;2476
5;2476
5;2475
5;2475
5;2474
5;2474
5;2473
5;2473
5;2472
5;2472
5;2471
5;2471
5;2470
5;2470
5;2469
5;2469
5;2468
5;2468
5;2467
5;2467
5;2466
5;2466
5;2465
5;2465
5;2464
5;2464
5;2463
5;2463
5;2462
5;2462
5;2461
5;2461
5;2460
5;2460
5;2459
5;2459
5;2458
5;2458
5;2457
5;2457
5;2456
5;2456
5;2455
5;2455
5;2454
5;2454
5;2453
5;2453
5;2452
5;2452
5;2451
5;2451
5;2450
5;2450
5;2449
5;2449
5;2448
5;2448
5;2447
5;2447
5;2446
5;2446
5;2445
5;2445
5;2444
5;2444
5;2443
5;2443
5;2442
5;2442
5;2441
5;2441
5;2440
5;2440
5;2439
5;2439
5;2438
5;2438
5;2437
5;2437
5;2436
5;2436
5;2435
5;2435
5;2434
5;2434
5;2433
5;2433
5;2432
5;2432
5;2431
5;2431
5;2430
5;2430
5;2429
5;2429
5;2428
5;2428
5;2427
5;2427
5;2426
5;2426
5;2425
5;2425
5;2424
5;2424
5;2423
5;2423
5;2422
5;2422
5;2421
5;2421
5;2420
5;2420
5;2419
5;2419
5;2418
5;2418
5;2417
5;2417
5;2416
5;2416
5;2415
5;2415
5;2414
5;2414
5;2413
5;2413
5;2412
5;2412
5;2411
5;2411
5;2410
5;2410
5;2409
5;2409
5;2408
5;2408
5;2407
5;2407
5;2406
5;2406
5;2405
5;2405
5;2404
5;2404
5;2403
5;2403
5;2402
5;2402
5;2401
5;2401
5;2400
5;2400
5;2399
5;2399
5;2398
5;2398
5;2397
5;2397
5;2396
5;2396
5;2395
5;2395
5;2394
5;2394
5;2393
5;2393
5;2392
5;2392
5;2391
5;2391
5;2390
5;2390
5;2389
5;2389
5;2388
5;2388
5;2387
5;2387
5;2386
5;2386
5;2385
5;2385
5;2384
5;2384
5;2383
5;2383
5;2382
5;2382
5;2381
5;2381
5;2380
5;2380
5;2379
5;2379
5;2378
5;2378
5;2377
5;2377
5;2376
5;2376
5;2375
5;2375
5;2374
5;2374
5;2373
5;2373
5;2372
5;2372
5;2371
5;2371
5;2370
5;2370
5;2369
5;2369
5;2368
5;2368
5;2367
5;2367
5;2366
5;2366
5;2365
5;2365
5;2364
5;2364
5;2363
5;2363
5;2362
5;2362
5;2361
5;2361
5;2360
5;2360
5;2359
5;2359
5;2358
5;2358
5;2357
5;2357
5;2356
5;2356
5;2355
5;2355
5;2354
5;2354
5;2353
5;2353
5;2352
5;2352
5;2351
5;2351
5;2350
5;2350
5;2349
5;2349
5;2348
5;2348
5;2347
5;2347
5;2346
5;2346
5;2345
5;2345
5;2344
5;2344
5;2343
5;2343
5;2342
5;2342
5;2341
5;2341
5;2340
5;2340
5;2339
5;2339
5;2338
5;2338
5;2337
5;2337
5;2336
5;2336
5;2335
5;2335
5;2334
5;2334
5;2333
5;2333
5;2332
5;2332
5;2331
5;2331
5;2330
5;2330
5;2329
5;2329
5;2328
5;2328
5;2327
5;2327
5;2326
5;2326
5;2325
5;2325
5;2324
5;2324
5;2323
5;2323
5;2322
5;2322
5;2321
5;2321
5;2320
5;2320
5;2319
5;2319
5;2318
5;2318
5;2317
5;2317
5;2316
5;2316
5;2315
5;2315
5;2314
5;2314
5;2313
5;2313
5;2312
5;2312
5;2311
5;2311
5;2310
5;2310
5;2309
5;2309
5;2308
5;2308
5;2307
5;2307
5;2306
5;2306
5;2305
5;2305
5;2304
5;2304
5;2303
5;2303
5;2302
5;2302
5;2301
5;2301
5;2300
5;2300
5;2299
5;2299
5;2298
5;2298
5;2297
5;2297
5;2296
5;2296
5;2295
5;2295
5;2294
5;2294
5;2293
5;2293
5;2292
5;2292
5;2291
5;2291
5;2290
5;2290
5;2289
5;2289
5;2288
5;2288
5;2287
5;2287
5;2286
5;2286
5;2285
5;2285
5;2284
5;2284
5;2283
5;2283
5;2282
5;2282
5;2281
5;2281
5;2280
5;2280
5;2279
5;2279
5;2278
5;2278
5;2277
5;2277
5;2276
5;2276
5;2275
5;2275
5;2274
5;2274
5;2273
5;2273
5;2272
5;2272
5;2271
5;2271
5;2270
5;2270
5;2269
5;2269
5;2268
5;2268
5;2267
5;2267
5;2266
5;2266
5;2265
5;2265
5;2264
5;2264
5;2263
5;2263
5;2262
5;2262
5;2261
5;2261
5;2260
5;2260
5;2259
5;2259
5;2258
5;2258
5;2257
5;2257
5;2256
5;2256
5;2255
5;2255
5;2254
5;2254
5;2253
5;2253
5;2252
5;2252
5;2251
5;2251
5;2250
5;2250
5;2249
5;2249
5;2248
5;2248
5;2247
5;2247
5;2246
5;2246
5;2245
5;2245
5;2244
5;2244
5;2243
5;2243
5;2242
5;2242
5;2241
5;2241
5;2240
5;2240
5;2239
5;2239
5;2238
5;2238
5;2237
5;2237
5;2236
5;2236
5;2235
5;2235
5;2234
5;2234
5;2233
5;2233
5;2232
5;2232
5;2231
5;2231
5;2230
5;2230
5;2229
5;2229
5;2228
5;2228
5;2227
5;2227
5;2226
5;2226
5;2225
5;2225
5;2224
5;2224
5;2223
5;2223
5;2222
5;2222
5;2221
5;2221
5;2220
5;2220
5;2219
5;2219
5;2218
5;2218
5;2217
5;2217
5;2216
5;2216
5;2215
5;2215
5;2214
5;2214
5;2213
5;2213
5;2212
5;2212
5;2211
5;2211
5;2210
5;2210
5;2209
5;2209
5;2208
5;2208
5;2207
5;2207
5;2206
5;2206
5;2205
5;2205
5;2204
5;2204
5;2203
5;2203
5;2202
5;2202
5;2201
5;2201
5;2200
5;2200
5;2199
5;2199
5;2198
5;2198
5;2197
5;2197
5;2196
5;2196
5;2195
5;2195
5;2194
5;2194
5;2193
5;2193
5;2192
5;2192
5;2191
5;2191
5;2190
5;2190
5;2189
5;2189
5;2188
5;2188
5;2187
5;2187
5;2186
5;2186
5;2185
5;2185
5;2184
5;2184
5;2183
5;2183
5;2182
5;2182
5;2181
5;2181
5;2180
5;2180
5;2179
5;2179
5;2178
5;2178
5;2177
5;2177
5;2176
5;2176
5;2175
5;2175
5;2174
5;2174
5;2173
5;2173
5;2172
5;2172
5;2171
5;2171
5;2170
5;2170
5;2169
5;2169
5;2168
5;2168
5;2167
5;2167
5;2166
5;2166
5;2165
5;2165
5;2164
5;2164
5;2163
5;2163
5;2162
5;2162
5;2161
5;2161
5;2160
5;2160
5;2159
5;2159
5;2158
5;2158
5;2157
5;2157
5;2156
5;2156
5;2155
5;2155
5;2154
5;2154
5;2153
5;2153
5;2152
5;2152
5;2151
5;2151
5;2150
5;2150
5;2149
5;2149
5;2148
5;2148
5;2147
5;2147
5;2146
5;2146
5;2145
5;2145
5;2144
5;2144
5;2143
5;2143
5;2142
5;2142
5;2141
5;2141
5;2140
5;2140
5;2139
5;2139
5;2138
5;2138
5;2137
5;2137
5;2136
5;2136
5;2135
5;2135
5;2134
5;2134
5;2133
5;2133
5;2132
5;2132
5;2131
5;2131
5;2130
5;2130
5;2129
5;2129
5;2128
5;2128
5;2127
5;2127
5;2126
5;2126
5;2125
5;2125
5;2124
5;2124
5;2123
5;2123
5;2122
5;2122
5;2121
5;2121
5;2120
5;2120
5;2119
5;2119
5;2118
5;2118
5;2117
5;2117
5;2116
5;2116
5;2115
5;2115
5;2114
5;2114
5;2113
5;2113
5;2112
5;2112
5;2111
5;2111
5;2110
5;2110
5;2109
5;2109
5;2108
5;2108
5;2107
5;2107
5;2106
5;2106
5;2105
5;2105
5;2104
5;2104
5;2103
5;2103
5;2102
5;2102
5;2101
5;2101
5;2100
5;2100
5;2099
5;2099
5;2098
5;2098
5;2097
5;2097
5;2096
5;2096
5;2095
5;2095
5;2094
5;2094
5;2093
5;2093
5;2092
5;2092
5;2091
5;2091
5;2090
5;2090
5;2089
5;2089
5;2088
5;2088
5;2087
5;2087
5;2086
5;2086
5;2085
5;2085
5;2084
5;2084
5;2083
5;2083
5;2082
5;2082
5;2081
5;2081
5;2080
5;2080
5;2079
5;2079
5;2078
5;2078
5;2077
5;2077
5;2076
5;2076
5;2075
5;2075
5;2074
5;2074
5;2073
5;2073
5;2072
5;2072
5;2071
5;2071
5;2070
5;2070
5;2069
5;2069
5;2068
5;2068
5;2067
5;2067
5;2066
5;2066
5;2065
5;2065
5;2064
5;2064
5;2063
5;2063
5;2062
5;2062
5;2061
5;2061
5;2060
5;2060
5;2059
5;2059
5;2058
5;2058
5;2057
5;2057
5;2056
5;2056
5;2055
5;2055
5;2054
5;2054
5;2053
5;2053
5;2052
5;2052
5;2051
5;2051
5;2050
5;2050
5;2049
5;2049
5;2048
5;2048
5;2047
5;2047
5;2046
5;2046
5;2045
5;2045
5;2044
5;2044
5;2043
5;2043
5;2042
5;2042
5;2041
5;2041
5;2040
5;2040
5;2039
5;2039
5;2038
5;2038
5;2037
5;2037
5;2036
5;2036
5;2035
5;2035
5;2034
5;2034
5;2033
5;2033
5;2032
5;2032
5;2031
5;2031
5;2030
5;2030
5;2029
5;2029
5;2028
5;2028
5;2027
5;2027
5;2026
5;2026
5;2025
5;2025
5;2024
5;2024
5;2023
5;2023
5;2022
5;2022
5;2021
5;2021
5;2020
5;2020
5;2019
5;2019
5;2018
5;2018
5;2017
5;2017
5;2016
5;2016
5;2015
5;2015
5;2014
5;2014
5;2013
5;2013
5;2012
5;2012
5;2011
5;2011
5;2010
5;2010
5;2009
5;2009
5;2008
5;2008
5;2007
5;2007
5;2006
5;2006
5;2005
5;2005
5;2004
5;2004
5;2003
5;2003
5;2002
5;2002
5;2001
5;2001
5;2000
5;2000
5;1999
5;1999
5;1998
5;1998
5;1997
5;1997
5;1996
5;1996
5;1995
5;1995
5;1994
5;1994
5;1993
5;1993
5;1992
5;1992
5;1991
5;1991
5;1990
5;1990
5;1989
5;1989
5;1988
5;1988
5;1987
5;1987
5;1986
5;1986
5;1985
5;1985
5;1984
5;1984
5;1983
5;1983
5;1982
5;1982
5;1981
5;1981
5;1980
5;1980
5;1979
5;1979
5;1978
5;1978
5;1977
5;1977
5;1976
5;1976
5;1975
5;1975
5;1974
5;1974
5;1973
5;1973
5;1972
5;1972
5;1971
5;1971
5;1970
5;1970
5;1969
5;1969
5;1968
5;1968
5;1967
5;1967
5;1966
5;1966
5;1965
5;1965
5;1964
5;1964
5;1963
5;1963
5;1962
5;1962
5;1961
5;1961
5;1960
5;1960
5;1959
5;1959
5;1958
5;1958
5;1957
5;1957
5;1956
5;1956
5;1955
5;1955
5;1954
5;1954
5;1953
5;1953
5;1952
5;1952
5;1951
5;1951
5;1950
5;1950
5;1949
5;1949
5;1948
5;1948
5;1947
5;1947
5;1946
5;1946
5;1945
5;1945
5;1944
5;1944
5;1943
5;1943
5;1942
5;1942
5;1941
5;1941
5;1940
5;1940
5;1939
5;1939
5;1938
5;1938
5;1937
5;1937
5;1936
5;1936
5;1935
5;1935
5;1934
5;1934
5;1933
5;1933
5;1932
5;1932
5;1931
5;1931
5;1930
5;1930
5;1929
5;1929
5;1928
5;1928
5;1927
5;1927
5;1926
5;1926
5;1925
5;1925
5;1924
5;1924
5;1923
5;1923
5;1922
5;1922
5;1921
5;1921
5;1920
5;1920
5;1919
5;1919
5;1918
5;1918
5;1917
5;1917
5;1916
5;1916
5;1915
5;1915
5;1914
5;1914
5;1913
5;1913
5;1912
5;1912
5;1911
5;1911
5;1910
5;1910
5;1909
5;1909
5;1908
5;1908
5;1907
5;1907
5;1906
5;1906
5;1905
5;1905
5;1904
5;1904
5;1903
5;1903
5;1902
5;1902
5;1901
5;1901
5;1900
5;1900
5;1899
5;1899
5;1898
5;1898
5;1897
5;1897
5;1896
5;1896
5;1895
5;1895
5;1894
5;1894
5;1893
5;1893
5;1892
5;1892
5;1891
5;1891
5;1890
5;1890
5;1889
5;1889
5;1888
5;1888
5;1887
5;1887
5;1886
5;1886
5;1885
5;1885
5;1884
5;1884
5;1883
5;1883
5;1882
5;1882
5;1881
5;1881
5;1880
5;1880
5;1879
5;1879
5;1878
5;1878
5;1877
5;1877
5;1876
5;1876
5;1875
5;1875
5;1874
5;1874
5;1873
5;1873
5;1872
5;1872
5;1871
5;1871
5;1870
5;1870
5;1869
5;1869
5;1868
5;1868
5;1867
5;1867
5;1866
5;1866
5;1865
5;1865
5;1864
5;1864
5;1863
5;1863
5;1862
5;1862
5;1861
5;1861
5;1860
5;1860
5;1859
5;1859
5;1858
5;1858
5;1857
5;1857
5;1856
5;1856
5;1855
5;1855
5;1854
5;1854
5;1853
5;1853
5;1852
5;1852
5;1851
5;1851
5;1850
5;1850
5;1849
5;1849
5;1848
5;1848
5;1847
5;1847
5;1846
5;1846
5;1845
5;1845
5;1844
5;1844
5;1843
5;1843
5;1842
5;1842
5;1841
5;1841
5;1840
5;1840
5;1839
5;1839
5;1838
5;1838
5;1837
5;1837
5;1836
5;1836
5;1835
5;1835
5;1834
5;1834
5;1833
5;1833
5;1832
5;1832
5;1831
5;1831
5;1830
5;1830
5;1829
5;1829
5;1828
5;1828
5;1827
5;1827
5;1826
5;1826
5;1825
5;1825
5;1824
5;1824
5;1823
5;1823
5;1822
5;1822
5;1821
5;1821
5;1820
5;1820
5;1819
5;1819
5;1818
5;1818
5;1817
5;1817
5;1816
5;1816
5;1815
5;1815
5;1814
5;1814
5;1813
5;1813
5;1812
5;1812
5;1811
5;1811
5;1810
5;1810
5;1809
5;1809
5;1808
5;1808
5;1807
5;1807
5;1806
5;1806
5;1805
5;1805
5;1804
5;1804
5;1803
5;1803
5;1802
5;1802
5;1801
5;1801
5;1800
5;1800
5;1799
5;1799
5;1798
5;1798
5;1797
5;1797
5;1796
5;1796
5;1795
5;1795
5;1794
5;1794
5;1793
5;1793
5;1792
5;1792
5;1791
5;1791
5;1790
5;1790
5;1789
5;1789
5;1788
5;1788
5;1787
5;1787
5;1786
5;1786
5;1785
5;1785
5;1784
5;1784
5;1783
5;1783
5;1782
5;1782
5;1781
5;1781
5;1780
5;1780
5;1779
5;1779
5;1778
5;1778
5;1777
5;1777
5;1776
5;1776
5;1775
5;1775
5;1774
5;1774
5;1773
5;1773
5;1772
5;1772
5;1771
5;1771
5;1770
5;1770
5;1769
5;1769
5;1768
5;1768
5;1767
5;1767
5;1766
5;1766
5;1765
5;1765
5;1764
5;1764
5;1763
5;1763
5;1762
5;1762
5;1761
5;1761
5;1760
5;1760
5;1759
5;1759
5;1758
5;1758
5;1757
5;1757
5;1756
5;1756
5;1755
5;1755
5;1754
5;1754
5;1753
5;1753
5;1752
5;1752
5;1751
5;1751
5;1750
5;1750
5;1749
5;1749
5;1748
5;1748
5;1747
5;1747
5;1746
5;1746
5;1745
5;1745
5;1744
5;1744
5;1743
5;1743
5;1742
5;1742
5;1741
5;1741
5;1740
5;1740
5;1739
5;1739
5;1738
5;1738
5;1737
5;1737
5;1736
5;1736
5;1735
5;1735
5;1734
5;1734
5;1733
5;1733
5;1732
5;1732
5;1731
5;1731
5;1730
5;1730
5;1729
5;1729
5;1728
5;1728
5;1727
5;1727
5;1726
5;1726
5;1725
5;1725
5;1724
5;1724
5;1723
5;1723
5;1722
5;1722
5;1721
5;1721
5;1720
5;1720
5;1719
5;1719
5;1718
5;1718
5;1717
5;1717
5;1716
5;1716
5;1715
5;1715
5;1714
5;1714
5;1713
5;1713
5;1712
5;1712
5;1711
5;1711
5;1710
5;1710
5;1709
5;1709
5;1708
5;1708
5;1707
5;1707
5;1706
5;1706
5;1705
5;1705
5;1704
5;1704
5;1703
5;1703
5;1702
5;1702
5;1701
5;1701
5;1700
5;1700
5;1699
5;1699
5;1698
5;1698
5;1697
5;1697
5;1696
5;1696
5;1695
5;1695
5;1694
5;1694
5;1693
5;1693
5;1692
5;1692
5;1691
5;1691
5;1690
5;1690
5;1689
5;1689
5;1688
5;1688
5;1687
5;1687
5;1686
5;1686
5;1685
5;1685
5;1684
5;1684
5;1683
5;1683
5;1682
5;1682
5;1681
5;1681
5;1680
5;1680
5;1679
5;1679
5;1678
5;1678
5;1677
5;1677
5;1676
5;1676
5;1675
5;1675
5;1674
5;1674
5;1673
5;1673
5;1672
5;1672
5;1671
5;1671
5;1670
5;1670
5;1669
5;1669
5;1668
5;1668
5;1667
5;1667
5;1666
5;1666
5;1665
5;1665
5;1664
5;1664
5;1663
5;1663
5;1662
5;1662
5;1661
5;1661
5;1660
5;1660
5;1659
5;1659
5;1658
5;1658
5;1657
5;1657
5;1656
5;1656
5;1655
5;1655
5;1654
5;1654
5;1653
5;1653
5;1652
5;1652
5;1651
5;1651
5;1650
5;1650
5;1649
5;1649
5;1648
5;1648
5;1647
5;1647
5;1646
5;1646
5;1645
5;1645
5;1644
5;1644
5;1643
5;1643
5;1642
5;1642
5;1641
5;1641
5;1640
5;1640
5;1639
5;1639
5;1638
5;1638
5;1637
5;1637
5;1636
5;1636
5;1635
5;1635
5;1634
5;1634
5;1633
5;1633
5;1632
5;1632
5;1631
5;1631
5;1630
5;1630
5;1629
5;1629
5;1628
5;1628
5;1627
5;1627
5;1626
5;1626
5;1625
5;1625
5;1624
5;1624
5;1623
5;1623
5;1622
5;1622
5;1621
5;1621
5;1620
5;1620
5;1619
5;1619
5;1618
5;1618
5;1617
5;1617
5;1616
5;1616
5;1615
5;1615
5;1614
5;1614
5;1613
5;1613
5;1612
5;1612
5;1611
5;1611
5;1610
5;1610
5;1609
5;1609
5;1608
5;1608
5;1607
5;1607
5;1606
5;1606
5;1605
5;1605
5;1604
5;1604
5;1603
5;1603
5;1602
5;1602
5;1601
5;1601
5;1600
5;1600
5;1599
5;1599
5;1598
5;1598
5;1597
5;1597
5;1596
5;1596
5;1595
5;1595
5;1594
5;1594
5;1593
5;1593
5;1592
5;1592
5;1591
5;1591
5;1590
5;1590
5;1589
5;1589
5;1588
5;1588
5;1587
5;1587
5;1586
5;1586
5;1585
5;1585
5;1584
5;1584
5;1583
5;1583
5;1582
5;1582
5;1581
5;1581
5;1580
5;1580
5;1579
5;1579
5;1578
5;1578
5;1577
5;1577
5;1576
5;1576
5;1575
5;1575
5;1574
5;1574
5;1573
5;1573
5;1572
5;1572
5;1571
5;1571
5;1570
5;1570
5;1569
5;1569
5;1568
5;1568
5;1567
5;1567
5;1566
5;1566
5;1565
5;1565
5;1564
5;1564
5;1563
5;1563
5;1562
5;1562
5;1561
5;1561
5;1560
5;1560
5;1559
5;1559
5;1558
5;1558
5;1557
5;1557
5;1556
5;1556
5;1555
5;1555
5;1554
5;1554
5;1553
5;1553
5;1552
5;1552
5;1551
5;1551
5;1550
5;1550
5;1549
5;1549
5;1548
5;1548
5;1547
5;1547
5;1546
5;1546
5;1545
5;1545
5;1544
5;1544
5;1543
5;1543
5;1542
5;1542
5;1541
5;1541
5;1540
5;1540
5;1539
5;1539
5;1538
5;1538
5;1537
5;1537
5;1536
5;1536
5;1535
5;1535
5;1534
5;1534
5;1533
5;1533
5;1532
5;1532
5;1531
5;1531
5;1530
5;1530
5;1529
5;1529
5;1528
5;1528
5;1527
5;1527
5;1526
5;1526
5;1525
5;1525
5;1524
5;1524
5;1523
5;1523
5;1522
5;1522
5;1521
5;1521
5;1520
5;1520
5;1519
5;1519
5;1518
5;1518
5;1517
5;1517
5;1516
5;1516
5;1515
5;1515
5;1514
5;1514
5;1513
5;1513
5;1512
5;1512
5;1511
5;1511
5;1510
5;1510
5;1509
5;1509
5;1508
5;1508
5;1507
5;1507
5;1506
5;1506
5;1505
5;1505
5;1504
5;1504
5;1503
5;1503
5;1502
5;1502
5;1501
5;1501
5;1500
5;1500
5;1499
5;1499
5;1498
5;1498
5;1497
5;1497
5;1496
5;1496
5;1495
5;1495
5;1494
5;1494
5;1493
5;1493
5;1492
5;1492
5;1491
5;1491
5;1490
5;1490
5;1489
5;1489
5;1488
5;1488
5;1487
5;1487
5;1486
5;1486
5;1485
5;1485
5;1484
5;1484
5;1483
5;1483
5;1482
5;1482
5;1481
5;1481
5;1480
5;1480
5;1479
5;1479
5;1478
5;1478
5;1477
5;1477
5;1476
5;1476
5;1475
5;1475
5;1474
5;1474
5;1473
5;1473
5;1472
5;1472
5;1471
5;1471
5;1470
5;1470
5;1469
5;1469
5;1468
5;1468
5;1467
5;1467
5;1466
5;1466
5;1465
5;1465
5;1464
5;1464
5;1463
5;1463
5;1462
5;1462
5;1461
5;1461
5;1460
5;1460
5;1459
5;1459
5;1458
5;1458
5;1457
5;1457
5;1456
5;1456
5;1455
5;1455
5;1454
5;1454
5;1453
5;1453
5;1452
5;1452
5;1451
5;1451
5;1450
5;1450
5;1449
5;1449
5;1448
5;1448
5;1447
5;1447
5;1446
5;1446
5;1445
5;1445
5;1444
5;1444
5;1443
5;1443
5;1442
5;1442
5;1441
5;1441
5;1440
5;1440
5;1439
5;1439
5;1438
5;1438
5;1437
5;1437
5;1436
5;1436
5;1435
5;1435
5;1434
5;1434
5;1433
5;1433
5;1432
5;1432
5;1431
5;1431
5;1430
5;1430
5;1429
5;1429
5;1428
5;1428
5;1427
5;1427
5;1426
5;1426
5;1425
5;1425
5;1424
5;1424
5;1423
5;1423
5;1422
5;1422
5;1421
5;1421
5;1420
5;1420
5;1419
5;1419
5;1418
5;1418
5;1417
5;1417
5;1416
5;1416
5;1415
5;1415
5;1414
5;1414
5;1413
5;1413
5;1412
5;1412
5;1411
5;1411
5;1410
5;1410
5;1409
5;1409
5;1408
5;1408
5;1407
5;1407
5;1406
5;1406
5;1405
5;1405
5;1404
5;1404
5;1403
5;1403
5;1402
5;1402
5;1401
5;1401
5;1400
5;1400
5;1399
5;1399
5;1398
5;1398
5;1397
5;1397
5;1396
5;1396
5;1395
5;1395
5;1394
5;1394
5;1393
5;1393
5;1392
5;1392
5;1391
5;1391
5;1390
5;1390
5;1389
5;1389
5;1388
5;1388
5;1387
5;1387
5;1386
5;1386
5;1385
5;1385
5;1384
5;1384
5;1383
5;1383
5;1382
5;1382
5;1381
5;1381
5;1380
5;1380
5;1379
5;1379
5;1378
5;1378
5;1377
5;1377
5;1376
5;1376
5;1375
5;1375
5;1374
5;1374
5;1373
5;1373
5;1372
5;1372
5;1371
5;1371
5;1370
5;1370
5;1369
5;1369
5;1368
5;1368
5;1367
5;1367
5;1366
5;1366
5;1365
5;1365
5;1364
5;1364
5;1363
5;1363
5;1362
5;1362
5;1361
5;1361
5;1360
5;1360
5;1359
5;1359
5;1358
5;1358
5;1357
5;1357
5;1356
5;1356
5;1355
5;1355
5;1354
5;1354
5;1353
5;1353
5;1352
5;1352
5;1351
5;1351
5;1350
5;1350
5;1349
5;1349
5;1348
5;1348
5;1347
5;1347
5;1346
5;1346
5;1345
5;1345
5;1344
5;1344
5;1343
5;1343
5;1342
5;1342
5;1341
5;1341
5;1340
5;1340
5;1339
5;1339
5;1338
5;1338
5;1337
5;1337
5;1336
5;1336
5;1335
5;1335
5;1334
5;1334
5;1333
5;1333
5;1332
5;1332
5;1331
5;1331
5;1330
5;1330
5;1329
5;1329
5;1328
5;1328
5;1327
5;1327
5;1326
5;1326
5;1325
5;1325
5;1324
5;1324
5;1323
5;1323
5;1322
5;1322
5;1321
5;1321
5;1320
5;1320
5;1319
5;1319
5;1318
5;1318
5;1317
5;1317
5;1316
5;1316
5;1315
5;1315
5;1314
5;1314
5;1313
5;1313
5;1312
5;1312
5;1311
5;1311
5;1310
5;1310
5;1309
5;1309
5;1308
5;1308
5;1307
5;1307
5;1306
5;1306
5;1305
5;1305
5;1304
5;1304
5;1303
5;1303
5;1302
5;1302
5;1301
5;1301
5;1300
5;1300
5;1299
5;1299
5;1298
5;1298
5;1297
5;1297
5;1296
5;1296
5;1295
5;1295
5;1294
5;1294
5;1293
5;1293
5;1292
5;1292
5;1291
5;1291
5;1290
5;1290
5;1289
5;1289
5;1288
5;1288
5;1287
5;1287
5;1286
5;1286
5;1285
5;1285
5;1284
5;1284
5;1283
5;1283
5;1282
5;1282
5;1281
5;1281
5;1280
5;1280
5;1279
5;1279
5;1278
5;1278
5;1277
5;1277
5;1276
5;1276
5;1275
5;1275
5;1274
5;1274
5;1273
5;1273
5;1272
5;1272
5;1271
5;1271
5;1270
5;1270
5;1269
5;1269
5;1268
5;1268
5;1267
5;1267
5;1266
5;1266
5;1265
5;1265
5;1264
5;1264
5;1263
5;1263
5;1262
5;1262
5;1261
5;1261
5;1260
5;1260
5;1259
5;1259
5;1258
5;1258
5;1257
5;1257
5;1256
5;1256
5;1255
5;1255
5;1254
5;1254
5;1253
5;1253
5;1252
5;1252
5;1251
5;1251
5;1250
5;1250
5;1249
5;1249
5;1248
5;1248
5;1247
5;1247
5;1246
5;1246
5;1245
5;1245
5;1244
5;1244
5;1243
5;1243
5;1242
5;1242
5;1241
5;1241
5;1240
5;1240
5;1239
5;1239
5;1238
5;1238
5;1237
5;1237
5;1236
5;1236
5;1235
5;1235
5;1234
5;1234
5;1233
5;1233
5;1232
5;1232
5;1231
5;1231
5;1230
5;1230
5;1229
5;1229
5;1228
5;1228
5;1227
5;1227
5;1226
5;1226
5;1225
5;1225
5;1224
5;1224
5;1223
5;1223
5;1222
5;1222
5;1221
5;1221
5;1220
5;1220
5;1219
5;1219
5;1218
5;1218
5;1217
5;1217
5;1216
5;1216
5;1215
5;1215
5;1214
5;1214
5;1213
5;1213
5;1212
5;1212
5;1211
5;1211
5;1210
5;1210
5;1209
5;1209
5;1208
5;1208
5;1207
5;1207
5;1206
5;1206
5;1205
5;1205
5;1204
5;1204
5;1203
5;1203
5;1202
5;1202
5;1201
5;1201
5;1200
5;1200
5;1199
5;1199
5;1198
5;1198
5;1197
5;1197
5;1196
5;1196
5;1195
5;1195
5;1194
5;1194
5;1193
5;1193
5;1192
5;1192
5;1191
5;1191
5;1190
5;1190
5;1189
5;1189
5;1188
5;1188
5;1187
5;1187
5;1186
5;1186
5;1185
5;1185
5;1184
5;1184
5;1183
5;1183
5;1182
5;1182
5;1181
5;1181
5;1180
5;1180
5;1179
5;1179
5;1178
5;1178
5;1177
5;1177
5;1176
5;1176
5;1175
5;1175
5;1174
5;1174
5;1173
5;1173
5;1172
5;1172
5;1171
5;1171
5;1170
5;1170
5;1169
5;1169
5;1168
5;1168
5;1167
5;1167
5;1166
5;1166
5;1165
5;1165
5;1164
5;1164
5;1163
5;1163
5;1162
5;1162
5;1161
5;1161
5;1160
5;1160
5;1159
5;1159
5;1158
5;1158
5;1157
5;1157
5;1156
5;1156
5;1155
5;1155
5;1154
5;1154
5;1153
5;1153
5;1152
5;1152
5;1151
5;1151
5;1150
5;1150
5;1149
5;1149
5;1148
5;1148
5;1147
5;1147
5;1146
5;1146
5;1145
5;1145
5;1144
5;1144
5;1143
5;1143
5;1142
5;1142
5;1141
5;1141
5;1140
5;1140
5;1139
5;1139
5;1138
5;1138
5;1137
5;1137
5;1136
5;1136
5;1135
5;1135
5;1134
5;1134
5;1133
5;1133
5;1132
5;1132
5;1131
5;1131
5;1130
5;1130
5;1129
5;1129
5;1128
5;1128
5;1127
5;1127
5;1126
5;1126
5;1125
5;1125
5;1124
5;1124
5;1123
5;1123
5;1122
5;1122
5;1121
5;1121
5;1120
5;1120
5;1119
5;1119
5;1118
5;1118
5;1117
5;1117
5;1116
5;1116
5;1115
5;1115
5;1114
5;1114
5;1113
5;1113
5;1112
5;1112
5;1111
5;1111
5;1110
5;1110
5;1109
5;1109
5;1108
5;1108
5;1107
5;1107
5;1106
5;1106
5;1105
5;1105
5;1104
5;1104
5;1103
5;1103
5;1102
5;1102
5;1101
5;1101
5;1100
5;1100
5;1099
5;1099
5;1098
5;1098
5;1097
5;1097
5;1096
5;1096
5;1095
5;1095
5;1094
5;1094
5;1093
5;1093
5;1092
5;1092
5;1091
5;1091
5;1090
5;1090
5;1089
5;1089
5;1088
5;1088
5;1087
5;1087
5;1086
5;1086
5;1085
5;1085
5;1084
5;1084
5;1083
5;1083
5;1082
5;1082
5;1081
5;1081
5;1080
5;1080
5;1079
5;1079
5;1078
5;1078
5;1077
5;1077
5;1076
5;1076
5;1075
5;1075
5;1074
5;1074
5;1073
5;1073
5;1072
5;1072
5;1071
5;1071
5;1070
5;1070
5;1069
5;1069
5;1068
5;1068
5;1067
5;1067
5;1066
5;1066
5;1065
5;1065
5;1064
5;1064
5;1063
5;1063
5;1062
5;1062
5;1061
5;1061
5;1060
5;1060
5;1059
5;1059
5;1058
5;1058
5;1057
5;1057
5;1056
5;1056
5;1055
5;1055
5;1054
5;1054
5;1053
5;1053
5;1052
5;1052
5;1051
5;1051
5;1050
5;1050
5;1049
5;1049
5;1048
5;1048
5;1047
5;1047
5;1046
5;1046
5;1045
5;1045
5;1044
5;1044
5;1043
5;1043
5;1042
5;1042
5;1041
5;1041
5;1040
5;1040
5;1039
5;1039
5;1038
5;1038
5;1037
5;1037
5;1036
5;1036
5;1035
5;1035
5;1034
5;1034
5;1033
5;1033
5;1032
5;1032
5;1031
5;1031
5;1030
5;1030
5;1029
5;1029
5;1028
5;1028
5;1027
5;1027
5;1026
5;1026
5;1025
5;1025
5;1024
5;1024
5;1023
5;1023
5;1022
5;1022
5;1021
5;1021
5;1020
5;1020
5;1019
5;1019
5;1018
5;1018
5;1017
5;1017
5;1016
5;1016
5;1015
5;1015
5;1014
5;1014
5;1013
5;1013
5;1012
5;1012
5;1011
5;1011
5;1010
5;1010
5;1009
5;1009
5;1008
5;1008
5;1007
5;1007
5;1006
5;1006
5;1005
5;1005
5;1004
5;1004
5;1003
5;1003
5;1002
5;1002
5;1001
5;1001
5;1000
5;1000
5;999
5;999
5;998
5;998
5;997
5;997
5;996
5;996
5;995
5;995
5;994
5;994
5;993
5;993
5;992
5;992
5;991
5;991
5;990
5;990
5;989
5;989
5;988
5;988
5;987
5;987
5;986
5;986
5;985
5;985
5;984
5;984
5;983
5;983
5;982
5;982
5;981
5;981
5;980
5;980
5;979
5;979
5;978
5;978
5;977
5;977
5;976
5;976
5;975
5;975
5;974
5;974
5;973
5;973
5;972
5;972
5;971
5;971
5;970
5;970
5;969
5;969
5;968
5;968
5;967
5;967
5;966
5;966
5;965
5;965
5;964
5;964
5;963
5;963
5;962
5;962
5;961
5;961
5;960
5;960
5;959
5;959
5;958
5;958
5;957
5;957
5;956
5;956
5;955
5;955
5;954
5;954
5;953
5;953
5;952
5;952
5;951
5;951
5;950
5;950
5;949
5;949
5;948
5;948
5;947
5;947
5;946
5;946
5;945
5;945
5;944
5;944
5;943
5;943
5;942
5;942
5;941
5;941
5;940
5;940
5;939
5;939
5;938
5;938
5;937
5;937
5;936
5;936
5;935
5;935
5;934
5;934
5;933
5;933
5;932
5;932
5;931
5;931
5;930
5;930
5;929
5;929
5;928
5;928
5;927
5;927
5;926
5;926
5;925
5;925
5;924
5;924
5;923
5;923
5;922
5;922
5;921
5;921
5;920
5;920
5;919
5;919
5;918
5;918
5;917
5;917
5;916
5;916
5;915
5;915
5;914
5;914
5;913
5;913
5;912
5;912
5;911
5;911
5;910
5;910
5;909
5;909
5;908
5;908
5;907
5;907
5;906
5;906
5;905
5;905
5;904
5;904
5;903
5;903
5;902
5;902
5;901
5;901
5;900
5;900
5;899
5;899
5;898
5;898
5;897
5;897
5;896
5;896
5;895
5;895
5;894
5;894
5;893
5;893
5;892
5;892
5;891
5;891
5;890
5;890
5;889
5;889
5;888
5;888
5;887
5;887
5;886
5;886
5;885
5;885
5;884
5;884
5;883
5;883
5;882
5;882
5;881
5;881
5;880
5;880
5;879
5;879
5;878
5;878
5;877
5;877
5;876
5;876
5;875
5;875
5;874
5;874
5;873
5;873
5;872
5;872
5;871
5;871
5;870
5;870
5;869
5;869
5;868
5;868
5;867
5;867
5;866
5;866
5;865
5;865
5;864
5;864
5;863
5;863
5;862
5;862
5;861
5;861
5;860
5;860
5;859
5;859
5;858
5;858
5;857
5;857
5;856
5;856
5;855
5;855
5;854
5;854
5;853
5;853
5;852
5;852
5;851
5;851
5;850
5;850
5;849
5;849
5;848
5;848
5;847
5;847
5;846
5;846
5;845
5;845
5;844
5;844
5;843
5;843
5;842
5;842
5;841
5;841
5;840
5;840
5;839
5;839
5;838
5;838
5;837
5;837
5;836
5;836
5;835
5;835
5;834
5;834
5;833
5;833
5;832
5;832
5;831
5;831
5;830
5;830
5;829
5;829
5;828
5;828
5;827
5;827
5;826
5;826
5;825
5;825
5;824
5;824
5;823
5;823
5;822
5;822
5;821
5;821
5;820
5;820
5;819
5;819
5;818
5;818
5;817
5;817
5;816
5;816
5;815
5;815
5;814
5;814
5;813
5;813
5;812
5;812
5;811
5;811
5;810
5;810
5;809
5;809
5;808
5;808
5;807
5;807
5;806
5;806
5;805
5;805
5;804
5;804
5;803
5;803
5;802
5;802
5;801
5;801
5;800
5;800
5;799
5;799
5;798
5;798
5;797
5;797
5;796
5;796
5;795
5;795
5;794
5;794
5;793
5;793
5;792
5;792
5;791
5;791
5;790
5;790
5;789
5;789
5;788
5;788
5;787
5;787
5;786
5;786
5;785
5;785
5;784
5;784
5;783
5;783
5;782
5;782
5;781
5;781
5;780
5;780
5;779
5;779
5;778
5;778
5;777
5;777
5;776
5;776
5;775
5;775
5;774
5;774
5;773
5;773
5;772
5;772
5;771
5;771
5;770
5;770
5;769
5;769
5;768
5;768
5;767
5;767
5;766
5;766
5;765
5;765
5;764
5;764
5;763
5;763
5;762
5;762
5;761
5;761
5;760
5;760
5;759
5;759
5;758
5;758
5;757
5;757
5;756
5;756
5;755
5;755
5;754
5;754
5;753
5;753
5;752
5;752
5;751
5;751
5;750
5;750
5;749
5;749
5;748
5;748
5;747
5;747
5;746
5;746
5;745
5;745
5;744
5;744
5;743
5;743
5;742
5;742
5;741
5;741
5;740
5;740
5;739
5;739
5;738
5;738
5;737
5;737
5;736
5;736
5;735
5;735
5;734
5;734
5;733
5;733
5;732
5;732
5;731
5;731
5;730
5;730
5;729
5;729
5;728
5;728
5;727
5;727
5;726
5;726
5;725
5;725
5;724
5;724
5;723
5;723
5;722
5;722
5;721
5;721
5;720
5;720
5;719
5;719
5;718
5;718
5;717
5;717
5;716
5;716
5;715
5;715
5;714
5;714
5;713
5;713
5;712
5;712
5;711
5;711
5;710
5;710
5;709
5;709
5;708
5;708
5;707
5;707
5;706
5;706
5;705
5;705
5;704
5;704
5;703
5;703
5;702
5;702
5;701
5;701
5;700
5;700
5;699
5;699
5;698
5;698
5;697
5;697
5;696
5;696
5;695
5;695
5;694
5;694
5;693
5;693
5;692
5;692
5;691
5;691
5;690
5;690
5;689
5;689
5;688
5;688
5;687
5;687
5;686
5;686
5;685
5;685
5;684
5;684
5;683
5;683
5;682
5;682
5;681
5;681
5;680
5;680
5;679
5;679
5;678
5;678
5;677
5;677
5;676
5;676
5;675
5;675
5;674
5;674
5;673
5;673
5;672
5;672
5;671
5;671
5;670
5;670
5;669
5;669
5;668
5;668
5;667
5;667
5;666
5;666
5;665
5;665
5;664
5;664
5;663
5;663
5;662
5;662
5;661
5;661
5;660
5;660
5;659
5;659
5;658
5;658
5;657
5;657
5;656
5;656
5;655
5;655
5;654
5;654
5;653
5;653
5;652
5;652
5;651
5;651
5;650
5;650
5;649
5;649
5;648
5;648
5;647
5;647
5;646
5;646
5;645
5;645
5;644
5;644
5;643
5;643
5;642
5;642
5;641
5;641
5;640
5;640
5;639
5;639
5;638
5;638
5;637
5;637
5;636
5;636
5;635
5;635
5;634
5;634
5;633
5;633
5;632
5;632
5;631
5;631
5;630
5;630
5;629
5;629
5;628
5;628
5;627
5;627
5;626
5;626
5;625
5;625
5;624
5;624
5;623
5;623
5;622
5;622
5;621
5;621
5;620
5;620
5;619
5;619
5;618
5;618
5;617
5;617
5;616
5;616
5;615
5;615
5;614
5;614
5;613
5;613
5;612
5;612
5;611
5;611
5;610
5;610
5;609
5;609
5;608
5;608
5;607
5;607
5;606
5;606
5;605
5;605
5;604
5;604
5;603
5;603
5;602
5;602
5;601
5;601
5;600
5;600
5;599
5;599
5;598
5;598
5;597
5;597
5;596
5;596
5;595
5;595
5;594
5;594
5;593
5;593
5;592
5;592
5;591
5;591
5;590
5;590
5;589
5;589
5;588
5;588
5;587
5;587
5;586
5;586
5;585
5;585
5;584
5;584
5;583
5;583
5;582
5;582
5;581
5;581
5;580
5;580
5;579
5;579
5;578
5;578
5;577
5;577
5;576
5;576
5;575
5;575
5;574
5;574
5;573
5;573
5;572
5;572
5;571
5;571
5;570
5;570
5;569
5;569
5;568
5;568
5;567
5;567
5;566
5;566
5;565
5;565
5;564
5;564
5;563
5;563
5;562
5;562
5;561
5;561
5;560
5;560
5;559
5;559
5;558
5;558
5;557
5;557
5;556
5;556
5;555
5;555
5;554
5;554
5;553
5;553
5;552
5;552
5;551
5;551
5;550
5;550
5;549
5;549
5;548
5;548
5;547
5;547
5;546
5;546
5;545
5;545
5;544
5;544
5;543
5;543
5;542
5;542
5;541
5;541
5;540
5;540
5;539
5;539
5;538
5;538
5;537
5;537
5;536
5;536
5;535
5;535
5;534
5;534
5;533
5;533
5;532
5;532
5;531
5;531
5;530
5;530
5;529
5;529
5;528
5;528
5;527
5;527
5;526
5;526
5;525
5;525
5;524
5;524
5;523
5;523
5;522
5;522
5;521
5;521
5;520
5;520
5;519
5;519
5;518
5;518
5;517
5;517
5;516
5;516
5;515
5;515
5;514
5;514
5;513
5;513
5;512
5;512
5;511
5;511
5;510
5;510
5;509
5;509
5;508
5;508
5;507
5;507
5;506
5;506
5;505
5;505
5;504
5;504
5;503
5;503
5;502
5;502
5;501
5;501
5;500
5;500
5;499
5;499
5;498
5;498
5;497
5;497
5;496
5;496
5;495
5;495
5;494
5;494
5;493
5;493
5;492
5;492
5;491
5;491
5;490
5;490
5;489
5;489
5;488
5;488
5;487
5;487
5;486
5;486
5;485
5;485
5;484
5;484
5;483
5;483
5;482
5;482
5;481
5;481
5;480
5;480
5;479
5;479
5;478
5;478
5;477
5;477
5;476
5;476
5;475
5;475
5;474
5;474
5;473
5;473
5;472
5;472
5;471
5;471
5;470
5;470
5;469
5;469
5;468
5;468
5;467
5;467
5;466
5;466
5;465
5;465
5;464
5;464
5;463
5;463
5;462
5;462
5;461
5;461
5;460
5;460
5;459
5;459
5;458
5;458
5;457
5;457
5;456
5;456
5;455
5;455
5;454
5;454
5;453
5;453
5;452
5;452
5;451
5;451
5;450
5;450
5;449
5;449
5;448
5;448
5;447
5;447
5;446
5;446
5;445
5;445
5;444
5;444
5;443
5;443
5;442
5;442
5;441
5;441
5;440
5;440
5;439
5;439
5;438
5;438
5;437
5;437
5;436
5;436
5;435
5;435
5;434
5;434
5;433
5;433
5;432
5;432
5;431
5;431
5;430
5;430
5;429
5;429
5;428
5;428
5;427
5;427
5;426
5;426
5;425
5;425
5;424
5;424
5;423
5;423
5;422
5;422
5;421
5;421
5;420
5;420
5;419
5;419
5;418
5;418
5;417
5;417
5;416
5;416
5;415
5;415
5;414
5;414
5;413
5;413
5;412
5;412
5;411
5;411
5;410
5;410
5;409
5;409
5;408
5;408
5;407
5;407
5;406
5;406
5;405
5;405
5;404
5;404
5;403
5;403
5;402
5;402
5;401
5;401
5;400
5;400
5;399
5;399
5;398
5;398
5;397
5;397
5;396
5;396
5;395
5;395
5;394
5;394
5;393
5;393
5;392
5;392
5;391
5;391
5;390
5;390
5;389
5;389
5;388
5;388
5;387
5;387
5;386
5;386
5;385
5;385
5;384
5;384
5;383
5;383
5;382
5;382
5;381
5;381
5;380
5;380
5;379
5;379
5;378
5;378
5;377
5;377
5;376
5;376
5;375
5;375
5;374
5;374
5;373
5;373
5;372
5;372
5;371
5;371
5;370
5;370
5;369
5;369
5;368
5;368
5;367
5;367
5;366
5;366
5;365
5;365
5;364
5;364
5;363
5;363
5;362
5;362
5;361
5;361
5;360
5;360
5;359
5;359
5;358
5;358
5;357
5;357
5;356
5;356
5;355
5;355
5;354
5;354
5;353
5;353
5;352
5;352
5;351
5;351
5;350
5;350
5;349
5;349
5;348
5;348
5;347
5;347
5;346
5;346
5;345
5;345
5;344
5;344
5;343
5;343
5;342
5;342
5;341
5;341
5;340
5;340
5;339
5;339
5;338
5;338
5;337
5;337
5;336
5;336
5;335
5;335
5;334
5;334
5;333
5;333
5;332
5;332
5;331
5;331
5;330
5;330
5;329
5;329
5;328
5;328
5;327
5;327
5;326
5;326
5;325
5;325
5;324
5;324
5;323
5;323
5;322
5;322
5;321
5;321
5;320
5;320
5;319
5;319
5;318
5;318
5;317
5;317
5;316
5;316
5;315
5;315
5;314
5;314
5;313
5;313
5;312
5;312
5;311
5;311
5;310
5;310
5;309
5;309
5;308
5;308
5;307
5;307
5;306
5;306
5;305
5;305
5;304
5;304
5;303
5;303
5;302
5;302
5;301
5;301
5;300
5;300
5;299
5;299
5;298
5;298
5;297
5;297
5;296
5;296
5;295
5;295
5;294
5;294
5;293
5;293
5;292
5;292
5;291
5;291
5;290
5;290
5;289
5;289
5;288
5;288
5;287
5;287
5;286
5;286
5;285
5;285
5;284
5;284
5;283
5;283
5;282
5;282
5;281
5;281
5;280
5;280
5;279
5;279
5;278
5;278
5;277
5;277
5;276
5;276
5;275
5;275
5;274
5;274
5;273
5;273
5;272
5;272
5;271
5;271
5;270
5;270
5;269
5;269
5;268
5;268
5;267
5;267
5;266
5;266
5;265
5;265
5;264
5;264
5;263
5;263
5;262
5;262
5;261
5;261
5;260
5;260
5;259
5;259
5;258
5;258
5;257
5;257
5;256
5;256
5;255
5;255
5;254
5;254
5;253
5;253
5;252
5;252
5;251
5;251
5;250
5;250
5;249
5;249
5;248
5;248
5;247
5;247
5;246
5;246
5;245
5;245
5;244
5;244
5;243
5;243
5;242
5;242
5;241
5;241
5;240
5;240
5;239
5;239
5;238
5;238
5;237
5;237
5;236
5;236
5;235
5;235
5;234
5;234
5;233
5;233
5;232
5;232
5;231
5;231
5;230
5;230
5;229
5;229
5;228
5;228
5;227
5;227
5;226
5;226
5;225
5;225
5;224
5;224
5;223
5;223
5;222
5;222
5;221
5;221
5;220
5;220
5;219
5;219
5;218
5;218
5;217
5;217
5;216
5;216
5;215
5;215
5;214
5;214
5;213
5;213
5;212
5;212
5;211
5;211
5;210
5;210
5;209
5;209
5;208
5;208
5;207
5;207
5;206
5;206
5;205
5;205
5;204
5;204
5;203
5;203
5;202
5;202
5;201
5;201
5;200
5;200
5;199
5;199
5;198
5;198
5;197
5;197
5;196
5;196
5;195
5;195
5;194
5;194
5;193
5;193
5;192
5;192
5;191
5;191
5;190
5;190
5;189
5;189
5;188
5;188
5;187
5;187
5;186
5;186
5;185
5;185
5;184
5;184
5;183
5;183
5;182
5;182
5;181
5;181
5;180
5;180
5;179
5;179
5;178
5;178
5;177
5;177
5;176
5;176
5;175
5;175
5;174
5;174
5;173
5;173
5;172
5;172
5;171
5;171
5;170
5;170
5;169
5;169
5;168
5;168
5;167
5;167
5;166
5;166
5;165
5;165
5;164
5;164
5;163
5;163
5;162
5;162
5;161
5;161
5;160
5;160
5;159
5;159
5;158
5;158
5;157
5;157
5;156
5;156
5;155
5;155
5;154
5;154
5;153
5;153
5;152
5;152
5;151
5;151
5;150
5;150
5;149
5;149
5;148
5;148
5;147
5;147
5;146
5;146
5;145
5;145
5;144
5;144
5;143
5;143
5;142
5;142
5;141
5;141
5;140
5;140
5;139
5;139
5;138
5;138
5;137
5;137
5;136
5;136
5;135
5;135
5;134
5;134
5;133
5;133
5;132
5;132
5;131
5;131
5;130
5;130
5;129
5;129
5;128
5;128
5;127
5;127
5;126
5;126
5;125
5;125
5;124
5;124
5;123
5;123
5;122
5;122
5;121
5;121
5;120
5;120
5;119
5;119
5;118
5;118
5;117
5;117
5;116
5;116
5;115
5;115
5;114
5;114
5;113
5;113
5;112
5;112
5;111
5;111
5;110
5;110
5;109
5;109
5;108
5;108
5;107
5;107
5;106
5;106
5;105
5;105
5;104
5;104
5;103
5;103
5;102
5;102
5;101
5;101
5;100
5;100
5;99
5;99
5;98
5;98
5;97
5;97
5;96
5;96
5;95
5;95
5;94
5;94
5;93
5;93
5;92
5;92
5;91
5;91
5;90
5;90
5;89
5;89
5;88
5;88
5;87
5;87
5;86
5;86
5;85
5;85
5;84
5;84
5;83
5;83
5;82
5;82
5;81
5;81
5;80
5;80
5;79
5;79
5;78
5;78
5;77
5;77
5;76
5;76
5;75
5;75
5;74
5;74
5;73
5;73
5;72
5;72
5;71
5;71
5;70
5;70
5;69
5;69
5;68
5;68
5;67
5;67
5;66
5;66
5;65
5;65
5;64
5;64
5;63
5;63
5;62
5;62
5;61
5;61
5;60
5;60
5;59
5;59
5;58
5;58
5;57
5;57
5;56
5;56
5;55
5;55
5;54
5;54
5;53
5;53
5;52
5;52
5;51
5;51
5;50
5;50
5;49
5;49
5;48
5;48
5;47
5;47
5;46
5;46
5;45
5;45
5;44
5;44
5;43
5;43
5;42
5;42
5;41
5;41
5;40
5;40
5;39
5;39
5;38
5;38
5;37
5;37
5;36
5;36
5;35
5;35
5;34
5;34
5;33
5;33
5;32
5;32
5;31
5;31
5;30
5;30
5;29
5;29
5;28
5;28
5;27
5;27
5;26
5;26
5;25
5;25
5;24
5;24
5;23
5;23
5;22
5;22
5;21
5;21
5;20
5;20
5;19
5;19
5;18
5;18
5;17
5;17
5;16
5;16
5;15
5;15
5;14
5;14
5;13
5;13
5;12
5;12
5;11
5;11
5;10
5;10
5;9
5;9
5;8
5;8
5;7
5;7
5;6
5;6
5;5
5;5
5;4
5;4
5;3
5;3
5;2
5;2
5;1
5;1
6;2264
6;2264
6;2263
6;2263
6;2262
6;2262
6;2261
6;2261
6;2260
6;2260
6;2259
6;2259
6;2258
6;2258
6;2257
6;2257
6;2256
6;2256
6;2255
6;2255
6;2254
6;2254
6;2253
6;2253
6;2252
6;2252
6;2251
6;2251
6;2250
6;2250
6;2249
6;2249
6;2248
6;2248
6;2247
6;2247
6;2246
6;2246
6;2245
6;2245
6;2244
6;2244
6;2243
6;2243
6;2242
6;2242
6;2241
6;2241
6;2240
6;2240
6;2239
6;2239
6;2238
6;2238
6;2237
6;2237
6;2236
6;2236
6;2235
6;2235
6;2234
6;2234
6;2233
6;2233
6;2232
6;2232
6;2231
6;2231
6;2230
6;2230
6;2229
6;2229
6;2228
6;2228
6;2227
6;2227
6;2226
6;2226
6;2225
6;2225
6;2224
6;2224
6;2223
6;2223
6;2222
6;2222
6;2221
6;2221
6;2220
6;2220
6;2219
6;2219
6;2218
6;2218
6;2217
6;2217
6;2216
6;2216
6;2215
6;2215
6;2214
6;2214
6;2213
6;2213
6;2212
6;2212
6;2211
6;2211
6;2210
6;2210
6;2209
6;2209
6;2208
6;2208
6;2207
6;2207
6;2206
6;2206
6;2205
6;2205
6;2204
6;2204
6;2203
6;2203
6;2202
6;2202
6;2201
6;2201
6;2200
6;2200
6;2199
6;2199
6;2198
6;2198
6;2197
6;2197
6;2196
6;2196
6;2195
6;2195
6;2194
6;2194
6;2193
6;2193
6;2192
6;2192
6;2191
6;2191
6;2190
6;2190
6;2189
6;2189
6;2188
6;2188
6;2187
6;2187
6;2186
6;2186
6;2185
6;2185
6;2184
6;2184
6;2183
6;2183
6;2182
6;2182
6;2181
6;2181
6;2180
6;2180
6;2179
6;2179
6;2178
6;2178
6;2177
6;2177
6;2176
6;2176
6;2175
6;2175
6;2174
6;2174
6;2173
6;2173
6;2172
6;2172
6;2171
6;2171
6;2170
6;2170
6;2169
6;2169
6;2168
6;2168
6;2167
6;2167
6;2166
6;2166
6;2165
6;2165
6;2164
6;2164
6;2163
6;2163
6;2162
6;2162
6;2161
6;2161
6;2160
6;2160
6;2159
6;2159
6;2158
6;2158
6;2157
6;2157
6;2156
6;2156
6;2155
6;2155
6;2154
6;2154
6;2153
6;2153
6;2152
6;2152
6;2151
6;2151
6;2150
6;2150
6;2149
6;2149
6;2148
6;2148
6;2147
6;2147
6;2146
6;2146
6;2145
6;2145
6;2144
6;2144
6;2143
6;2143
6;2142
6;2142
6;2141
6;2141
6;2140
6;2140
6;2139
6;2139
6;2138
6;2138
6;2137
6;2137
6;2136
6;2136
6;2135
6;2135
6;2134
6;2134
6;2133
6;2133
6;2132
6;2132
6;2131
6;2131
6;2130
6;2130
6;2129
6;2129
6;2128
6;2128
6;2127
6;2127
6;2126
6;2126
6;2125
6;2125
6;2124
6;2124
6;2123
6;2123
6;2122
6;2122
6;2121
6;2121
6;2120
6;2120
6;2119
6;2119
6;2118
6;2118
6;2117
6;2117
6;2116
6;2116
6;2115
6;2115
6;2114
6;2114
6;2113
6;2113
6;2112
6;2112
6;2111
6;2111
6;2110
6;2110
6;2109
6;2109
6;2108
6;2108
6;2107
6;2107
6;2106
6;2106
6;2105
6;2105
6;2104
6;2104
6;2103
6;2103
6;2102
6;2102
6;2101
6;2101
6;2100
6;2100
6;2099
6;2099
6;2098
6;2098
6;2097
6;2097
6;2096
6;2096
6;2095
6;2095
6;2094
6;2094
6;2093
6;2093
6;2092
6;2092
6;2091
6;2091
6;2090
6;2090
6;2089
6;2089
6;2088
6;2088
6;2087
6;2087
6;2086
6;2086
6;2085
6;2085
6;2084
6;2084
6;2083
6;2083
6;2082
6;2082
6;2081
6;2081
6;2080
6;2080
6;2079
6;2079
6;2078
6;2078
6;2077
6;2077
6;2076
6;2076
6;2075
6;2075
6;2074
6;2074
6;2073
6;2073
6;2072
6;2072
6;2071
6;2071
6;2070
6;2070
6;2069
6;2069
6;2068
6;2068
6;2067
6;2067
6;2066
6;2066
6;2065
6;2065
6;2064
6;2064
6;2063
6;2063
6;2062
6;2062
6;2061
6;2061
6;2060
6;2060
6;2059
6;2059
6;2058
6;2058
6;2057
6;2057
6;2056
6;2056
6;2055
6;2055
6;2054
6;2054
6;2053
6;2053
6;2052
6;2052
6;2051
6;2051
6;2050
6;2050
6;2049
6;2049
6;2048
6;2048
6;2047
6;2047
6;2046
6;2046
6;2045
6;2045
6;2044
6;2044
6;2043
6;2043
6;2042
6;2042
6;2041
6;2041
6;2040
6;2040
6;2039
6;2039
6;2038
6;2038
6;2037
6;2037
6;2036
6;2036
6;2035
6;2035
6;2034
6;2034
6;2033
6;2033
6;2032
6;2032
6;2031
6;2031
6;2030
6;2030
6;2029
6;2029
6;2028
6;2028
6;2027
6;2027
6;2026
6;2026
6;2025
6;2025
6;2024
6;2024
6;2023
6;2023
6;2022
6;2022
6;2021
6;2021
6;2020
6;2020
6;2019
6;2019
6;2018
6;2018
6;2017
6;2017
6;2016
6;2016
6;2015
6;2015
6;2014
6;2014
6;2013
6;2013
6;2012
6;2012
6;2011
6;2011
6;2010
6;2010
6;2009
6;2009
6;2008
6;2008
6;2007
6;2007
6;2006
6;2006
6;2005
6;2005
6;2004
6;2004
6;2003
6;2003
6;2002
6;2002
6;2001
6;2001
6;2000
6;2000
6;1999
6;1999
6;1998
6;1998
6;1997
6;1997
6;1996
6;1996
6;1995
6;1995
6;1994
6;1994
6;1993
6;1993
6;1992
6;1992
6;1991
6;1991
6;1990
6;1990
6;1989
6;1989
6;1988
6;1988
6;1987
6;1987
6;1986
6;1986
6;1985
6;1985
6;1984
6;1984
6;1983
6;1983
6;1982
6;1982
6;1981
6;1981
6;1980
6;1980
6;1979
6;1979
6;1978
6;1978
6;1977
6;1977
6;1976
6;1976
6;1975
6;1975
6;1974
6;1974
6;1973
6;1973
6;1972
6;1972
6;1971
6;1971
6;1970
6;1970
6;1969
6;1969
6;1968
6;1968
6;1967
6;1967
6;1966
6;1966
6;1965
6;1965
6;1964
6;1964
6;1963
6;1963
6;1962
6;1962
6;1961
6;1961
6;1960
6;1960
6;1959
6;1959
6;1958
6;1958
6;1957
6;1957
6;1956
6;1956
6;1955
6;1955
6;1954
6;1954
6;1953
6;1953
6;1952
6;1952
6;1951
6;1951
6;1950
6;1950
6;1949
6;1949
6;1948
6;1948
6;1947
6;1947
6;1946
6;1946
6;1945
6;1945
6;1944
6;1944
6;1943
6;1943
6;1942
6;1942
6;1941
6;1941
6;1940
6;1940
6;1939
6;1939
6;1938
6;1938
6;1937
6;1937
6;1936
6;1936
6;1935
6;1935
6;1934
6;1934
6;1933
6;1933
6;1932
6;1932
6;1931
6;1931
6;1930
6;1930
6;1929
6;1929
6;1928
6;1928
6;1927
6;1927
6;1926
6;1926
6;1925
6;1925
6;1924
6;1924
6;1923
6;1923
6;1922
6;1922
6;1921
6;1921
6;1920
6;1920
6;1919
6;1919
6;1918
6;1918
6;1917
6;1917
6;1916
6;1916
6;1915
6;1915
6;1914
6;1914
6;1913
6;1913
6;1912
6;1912
6;1911
6;1911
6;1910
6;1910
6;1909
6;1909
6;1908
6;1908
6;1907
6;1907
6;1906
6;1906
6;1905
6;1905
6;1904
6;1904
6;1903
6;1903
6;1902
6;1902
6;1901
6;1901
6;1900
6;1900
6;1899
6;1899
6;1898
6;1898
6;1897
6;1897
6;1896
6;1896
6;1895
6;1895
6;1894
6;1894
6;1893
6;1893
6;1892
6;1892
6;1891
6;1891
6;1890
6;1890
6;1889
6;1889
6;1888
6;1888
6;1887
6;1887
6;1886
6;1886
6;1885
6;1885
6;1884
6;1884
6;1883
6;1883
6;1882
6;1882
6;1881
6;1881
6;1880
6;1880
6;1879
6;1879
6;1878
6;1878
6;1877
6;1877
6;1876
6;1876
6;1875
6;1875
6;1874
6;1874
6;1873
6;1873
6;1872
6;1872
6;1871
6;1871
6;1870
6;1870
6;1869
6;1869
6;1868
6;1868
6;1867
6;1867
6;1866
6;1866
6;1865
6;1865
6;1864
6;1864
6;1863
6;1863
6;1862
6;1862
6;1861
6;1861
6;1860
6;1860
6;1859
6;1859
6;1858
6;1858
6;1857
6;1857
6;1856
6;1856
6;1855
6;1855
6;1854
6;1854
6;1853
6;1853
6;1852
6;1852
6;1851
6;1851
6;1850
6;1850
6;1849
6;1849
6;1848
6;1848
6;1847
6;1847
6;1846
6;1846
6;1845
6;1845
6;1844
6;1844
6;1843
6;1843
6;1842
6;1842
6;1841
6;1841
6;1840
6;1840
6;1839
6;1839
6;1838
6;1838
6;1837
6;1837
6;1836
6;1836
6;1835
6;1835
6;1834
6;1834
6;1833
6;1833
6;1832
6;1832
6;1831
6;1831
6;1830
6;1830
6;1829
6;1829
6;1828
6;1828
6;1827
6;1827
6;1826
6;1826
6;1825
6;1825
6;1824
6;1824
6;1823
6;1823
6;1822
6;1822
6;1821
6;1821
6;1820
6;1820
6;1819
6;1819
6;1818
6;1818
6;1817
6;1817
6;1816
6;1816
6;1815
6;1815
6;1814
6;1814
6;1813
6;1813
6;1812
6;1812
6;1811
6;1811
6;1810
6;1810
6;1809
6;1809
6;1808
6;1808
6;1807
6;1807
6;1806
6;1806
6;1805
6;1805
6;1804
6;1804
6;1803
6;1803
6;1802
6;1802
6;1801
6;1801
6;1800
6;1800
6;1799
6;1799
6;1798
6;1798
6;1797
6;1797
6;1796
6;1796
6;1795
6;1795
6;1794
6;1794
6;1793
6;1793
6;1792
6;1792
6;1791
6;1791
6;1790
6;1790
6;1789
6;1789
6;1788
6;1788
6;1787
6;1787
6;1786
6;1786
6;1785
6;1785
6;1784
6;1784
6;1783
6;1783
6;1782
6;1782
6;1781
6;1781
6;1780
6;1780
6;1779
6;1779
6;1778
6;1778
6;1777
6;1777
6;1776
6;1776
6;1775
6;1775
6;1774
6;1774
6;1773
6;1773
6;1772
6;1772
6;1771
6;1771
6;1770
6;1770
6;1769
6;1769
6;1768
6;1768
6;1767
6;1767
6;1766
6;1766
6;1765
6;1765
6;1764
6;1764
6;1763
6;1763
6;1762
6;1762
6;1761
6;1761
6;1760
6;1760
6;1759
6;1759
6;1758
6;1758
6;1757
6;1757
6;1756
6;1756
6;1755
6;1755
6;1754
6;1754
6;1753
6;1753
6;1752
6;1752
6;1751
6;1751
6;1750
6;1750
6;1749
6;1749
6;1748
6;1748
6;1747
6;1747
6;1746
6;1746
6;1745
6;1745
6;1744
6;1744
6;1743
6;1743
6;1742
6;1742
6;1741
6;1741
6;1740
6;1740
6;1739
6;1739
6;1738
6;1738
6;1737
6;1737
6;1736
6;1736
6;1735
6;1735
6;1734
6;1734
6;1733
6;1733
6;1732
6;1732
6;1731
6;1731
6;1730
6;1730
6;1729
6;1729
6;1728
6;1728
6;1727
6;1727
6;1726
6;1726
6;1725
6;1725
6;1724
6;1724
6;1723
6;1723
6;1722
6;1722
6;1721
6;1721
6;1720
6;1720
6;1719
6;1719
6;1718
6;1718
6;1717
6;1717
6;1716
6;1716
6;1715
6;1715
6;1714
6;1714
6;1713
6;1713
6;1712
6;1712
6;1711
6;1711
6;1710
6;1710
6;1709
6;1709
6;1708
6;1708
6;1707
6;1707
6;1706
6;1706
6;1705
6;1705
6;1704
6;1704
6;1703
6;1703
6;1702
6;1702
6;1701
6;1701
6;1700
6;1700
6;1699
6;1699
6;1698
6;1698
6;1697
6;1697
6;1696
6;1696
6;1695
6;1695
6;1694
6;1694
6;1693
6;1693
6;1692
6;1692
6;1691
6;1691
6;1690
6;1690
6;1689
6;1689
6;1688
6;1688
6;1687
6;1687
6;1686
6;1686
6;1685
6;1685
6;1684
6;1684
6;1683
6;1683
6;1682
6;1682
6;1681
6;1681
6;1680
6;1680
6;1679
6;1679
6;1678
6;1678
6;1677
6;1677
6;1676
6;1676
6;1675
6;1675
6;1674
6;1674
6;1673
6;1673
6;1672
6;1672
6;1671
6;1671
6;1670
6;1670
6;1669
6;1669
6;1668
6;1668
6;1667
6;1667
6;1666
6;1666
6;1665
6;1665
6;1664
6;1664
6;1663
6;1663
6;1662
6;1662
6;1661
6;1661
6;1660
6;1660
6;1659
6;1659
6;1658
6;1658
6;1657
6;1657
6;1656
6;1656
6;1655
6;1655
6;1654
6;1654
6;1653
6;1653
6;1652
6;1652
6;1651
6;1651
6;1650
6;1650
6;1649
6;1649
6;1648
6;1648
6;1647
6;1647
6;1646
6;1646
6;1645
6;1645
6;1644
6;1644
6;1643
6;1643
6;1642
6;1642
6;1641
6;1641
6;1640
6;1640
6;1639
6;1639
6;1638
6;1638
6;1637
6;1637
6;1636
6;1636
6;1635
6;1635
6;1634
6;1634
6;1633
6;1633
6;1632
6;1632
6;1631
6;1631
6;1630
6;1630
6;1629
6;1629
6;1628
6;1628
6;1627
6;1627
6;1626
6;1626
6;1625
6;1625
6;1624
6;1624
6;1623
6;1623
6;1622
6;1622
6;1621
6;1621
6;1620
6;1620
6;1619
6;1619
6;1618
6;1618
6;1617
6;1617
6;1616
6;1616
6;1615
6;1615
6;1614
6;1614
6;1613
6;1613
6;1612
6;1612
6;1611
6;1611
6;1610
6;1610
6;1609
6;1609
6;1608
6;1608
6;1607
6;1607
6;1606
6;1606
6;1605
6;1605
6;1604
6;1604
6;1603
6;1603
6;1602
6;1602
6;1601
6;1601
6;1600
6;1600
6;1599
6;1599
6;1598
6;1598
6;1597
6;1597
6;1596
6;1596
6;1595
6;1595
6;1594
6;1594
6;1593
6;1593
6;1592
6;1592
6;1591
6;1591
6;1590
6;1590
6;1589
6;1589
6;1588
6;1588
6;1587
6;1587
6;1586
6;1586
6;1585
6;1585
6;1584
6;1584
6;1583
6;1583
6;1582
6;1582
6;1581
6;1581
6;1580
6;1580
6;1579
6;1579
6;1578
6;1578
6;1577
6;1577
6;1576
6;1576
6;1575
6;1575
6;1574
6;1574
6;1573
6;1573
6;1572
6;1572
6;1571
6;1571
6;1570
6;1570
6;1569
6;1569
6;1568
6;1568
6;1567
6;1567
6;1566
6;1566
6;1565
6;1565
6;1564
6;1564
6;1563
6;1563
6;1562
6;1562
6;1561
6;1561
6;1560
6;1560
6;1559
6;1559
6;1558
6;1558
6;1557
6;1557
6;1556
6;1556
6;1555
6;1555
6;1554
6;1554
6;1553
6;1553
6;1552
6;1552
6;1551
6;1551
6;1550
6;1550
6;1549
6;1549
6;1548
6;1548
6;1547
6;1547
6;1546
6;1546
6;1545
6;1545
6;1544
6;1544
6;1543
6;1543
6;1542
6;1542
6;1541
6;1541
6;1540
6;1540
6;1539
6;1539
6;1538
6;1538
6;1537
6;1537
6;1536
6;1536
6;1535
6;1535
6;1534
6;1534
6;1533
6;1533
6;1532
6;1532
6;1531
6;1531
6;1530
6;1530
6;1529
6;1529
6;1528
6;1528
6;1527
6;1527
6;1526
6;1526
6;1525
6;1525
6;1524
6;1524
6;1523
6;1523
6;1522
6;1522
6;1521
6;1521
6;1520
6;1520
6;1519
6;1519
6;1518
6;1518
6;1517
6;1517
6;1516
6;1516
6;1515
6;1515
6;1514
6;1514
6;1513
6;1513
6;1512
6;1512
6;1511
6;1511
6;1510
6;1510
6;1509
6;1509
6;1508
6;1508
6;1507
6;1507
6;1506
6;1506
6;1505
6;1505
6;1504
6;1504
6;1503
6;1503
6;1502
6;1502
6;1501
6;1501
6;1500
6;1500
6;1499
6;1499
6;1498
6;1498
6;1497
6;1497
6;1496
6;1496
6;1495
6;1495
6;1494
6;1494
6;1493
6;1493
6;1492
6;1492
6;1491
6;1491
6;1490
6;1490
6;1489
6;1489
6;1488
6;1488
6;1487
6;1487
6;1486
6;1486
6;1485
6;1485
6;1484
6;1484
6;1483
6;1483
6;1482
6;1482
6;1481
6;1481
6;1480
6;1480
6;1479
6;1479
6;1478
6;1478
6;1477
6;1477
6;1476
6;1476
6;1475
6;1475
6;1474
6;1474
6;1473
6;1473
6;1472
6;1472
6;1471
6;1471
6;1470
6;1470
6;1469
6;1469
6;1468
6;1468
6;1467
6;1467
6;1466
6;1466
6;1465
6;1465
6;1464
6;1464
6;1463
6;1463
6;1462
6;1462
6;1461
6;1461
6;1460
6;1460
6;1459
6;1459
6;1458
6;1458
6;1457
6;1457
6;1456
6;1456
6;1455
6;1455
6;1454
6;1454
6;1453
6;1453
6;1452
6;1452
6;1451
6;1451
6;1450
6;1450
6;1449
6;1449
6;1448
6;1448
6;1447
6;1447
6;1446
6;1446
6;1445
6;1445
6;1444
6;1444
6;1443
6;1443
6;1442
6;1442
6;1441
6;1441
6;1440
6;1440
6;1439
6;1439
6;1438
6;1438
6;1437
6;1437
6;1436
6;1436
6;1435
6;1435
6;1434
6;1434
6;1433
6;1433
6;1432
6;1432
6;1431
6;1431
6;1430
6;1430
6;1429
6;1429
6;1428
6;1428
6;1427
6;1427
6;1426
6;1426
6;1425
6;1425
6;1424
6;1424
6;1423
6;1423
6;1422
6;1422
6;1421
6;1421
6;1420
6;1420
6;1419
6;1419
6;1418
6;1418
6;1417
6;1417
6;1416
6;1416
6;1415
6;1415
6;1414
6;1414
6;1413
6;1413
6;1412
6;1412
6;1411
6;1411
6;1410
6;1410
6;1409
6;1409
6;1408
6;1408
6;1407
6;1407
6;1406
6;1406
6;1405
6;1405
6;1404
6;1404
6;1403
6;1403
6;1402
6;1402
6;1401
6;1401
6;1400
6;1400
6;1399
6;1399
6;1398
6;1398
6;1397
6;1397
6;1396
6;1396
6;1395
6;1395
6;1394
6;1394
6;1393
6;1393
6;1392
6;1392
6;1391
6;1391
6;1390
6;1390
6;1389
6;1389
6;1388
6;1388
6;1387
6;1387
6;1386
6;1386
6;1385
6;1385
6;1384
6;1384
6;1383
6;1383
6;1382
6;1382
6;1381
6;1381
6;1380
6;1380
6;1379
6;1379
6;1378
6;1378
6;1377
6;1377
6;1376
6;1376
6;1375
6;1375
6;1374
6;1374
6;1373
6;1373
6;1372
6;1372
6;1371
6;1371
6;1370
6;1370
6;1369
6;1369
6;1368
6;1368
6;1367
6;1367
6;1366
6;1366
6;1365
6;1365
6;1364
6;1364
6;1363
6;1363
6;1362
6;1362
6;1361
6;1361
6;1360
6;1360
6;1359
6;1359
6;1358
6;1358
6;1357
6;1357
6;1356
6;1356
6;1355
6;1355
6;1354
6;1354
6;1353
6;1353
6;1352
6;1352
6;1351
6;1351
6;1350
6;1350
6;1349
6;1349
6;1348
6;1348
6;1347
6;1347
6;1346
6;1346
6;1345
6;1345
6;1344
6;1344
6;1343
6;1343
6;1342
6;1342
6;1341
6;1341
6;1340
6;1340
6;1339
6;1339
6;1338
6;1338
6;1337
6;1337
6;1336
6;1336
6;1335
6;1335
6;1334
6;1334
6;1333
6;1333
6;1332
6;1332
6;1331
6;1331
6;1330
6;1330
6;1329
6;1329
6;1328
6;1328
6;1327
6;1327
6;1326
6;1326
6;1325
6;1325
6;1324
6;1324
6;1323
6;1323
6;1322
6;1322
6;1321
6;1321
6;1320
6;1320
6;1319
6;1319
6;1318
6;1318
6;1317
6;1317
6;1316
6;1316
6;1315
6;1315
6;1314
6;1314
6;1313
6;1313
6;1312
6;1312
6;1311
6;1311
6;1310
6;1310
6;1309
6;1309
6;1308
6;1308
6;1307
6;1307
6;1306
6;1306
6;1305
6;1305
6;1304
6;1304
6;1303
6;1303
6;1302
6;1302
6;1301
6;1301
6;1300
6;1300
6;1299
6;1299
6;1298
6;1298
6;1297
6;1297
6;1296
6;1296
6;1295
6;1295
6;1294
6;1294
6;1293
6;1293
6;1292
6;1292
6;1291
6;1291
6;1290
6;1290
6;1289
6;1289
6;1288
6;1288
6;1287
6;1287
6;1286
6;1286
6;1285
6;1285
6;1284
6;1284
6;1283
6;1283
6;1282
6;1282
6;1281
6;1281
6;1280
6;1280
6;1279
6;1279
6;1278
6;1278
6;1277
6;1277
6;1276
6;1276
6;1275
6;1275
6;1274
6;1274
6;1273
6;1273
6;1272
6;1272
6;1271
6;1271
6;1270
6;1270
6;1269
6;1269
6;1268
6;1268
6;1267
6;1267
6;1266
6;1266
6;1265
6;1265
6;1264
6;1264
6;1263
6;1263
6;1262
6;1262
6;1261
6;1261
6;1260
6;1260
6;1259
6;1259
6;1258
6;1258
6;1257
6;1257
6;1256
6;1256
6;1255
6;1255
6;1254
6;1254
6;1253
6;1253
6;1252
6;1252
6;1251
6;1251
6;1250
6;1250
6;1249
6;1249
6;1248
6;1248
6;1247
6;1247
6;1246
6;1246
6;1245
6;1245
6;1244
6;1244
6;1243
6;1243
6;1242
6;1242
6;1241
6;1241
6;1240
6;1240
6;1239
6;1239
6;1238
6;1238
6;1237
6;1237
6;1236
6;1236
6;1235
6;1235
6;1234
6;1234
6;1233
6;1233
6;1232
6;1232
6;1231
6;1231
6;1230
6;1230
6;1229
6;1229
6;1228
6;1228
6;1227
6;1227
6;1226
6;1226
6;1225
6;1225
6;1224
6;1224
6;1223
6;1223
6;1222
6;1222
6;1221
6;1221
6;1220
6;1220
6;1219
6;1219
6;1218
6;1218
6;1217
6;1217
6;1216
6;1216
6;1215
6;1215
6;1214
6;1214
6;1213
6;1213
6;1212
6;1212
6;1211
6;1211
6;1210
6;1210
6;1209
6;1209
6;1208
6;1208
6;1207
6;1207
6;1206
6;1206
6;1205
6;1205
6;1204
6;1204
6;1203
6;1203
6;1202
6;1202
6;1201
6;1201
6;1200
6;1200
6;1199
6;1199
6;1198
6;1198
6;1197
6;1197
6;1196
6;1196
6;1195
6;1195
6;1194
6;1194
6;1193
6;1193
6;1192
6;1192
6;1191
6;1191
6;1190
6;1190
6;1189
6;1189
6;1188
6;1188
6;1187
6;1187
6;1186
6;1186
6;1185
6;1185
6;1184
6;1184
6;1183
6;1183
6;1182
6;1182
6;1181
6;1181
6;1180
6;1180
6;1179
6;1179
6;1178
6;1178
6;1177
6;1177
6;1176
6;1176
6;1175
6;1175
6;1174
6;1174
6;1173
6;1173
6;1172
6;1172
6;1171
6;1171
6;1170
6;1170
6;1169
6;1169
6;1168
6;1168
6;1167
6;1167
6;1166
6;1166
6;1165
6;1165
6;1164
6;1164
6;1163
6;1163
6;1162
6;1162
6;1161
6;1161
6;1160
6;1160
6;1159
6;1159
6;1158
6;1158
6;1157
6;1157
6;1156
6;1156
6;1155
6;1155
6;1154
6;1154
6;1153
6;1153
6;1152
6;1152
6;1151
6;1151
6;1150
6;1150
6;1149
6;1149
6;1148
6;1148
6;1147
6;1147
6;1146
6;1146
6;1145
6;1145
6;1144
6;1144
6;1143
6;1143
6;1142
6;1142
6;1141
6;1141
6;1140
6;1140
6;1139
6;1139
6;1138
6;1138
6;1137
6;1137
6;1136
6;1136
6;1135
6;1135
6;1134
6;1134
6;1133
6;1133
6;1132
6;1132
6;1131
6;1131
6;1130
6;1130
6;1129
6;1129
6;1128
6;1128
6;1127
6;1127
6;1126
6;1126
6;1125
6;1125
6;1124
6;1124
6;1123
6;1123
6;1122
6;1122
6;1121
6;1121
6;1120
6;1120
6;1119
6;1119
6;1118
6;1118
6;1117
6;1117
6;1116
6;1116
6;1115
6;1115
6;1114
6;1114
6;1113
6;1113
6;1112
6;1112
6;1111
6;1111
6;1110
6;1110
6;1109
6;1109
6;1108
6;1108
6;1107
6;1107
6;1106
6;1106
6;1105
6;1105
6;1104
6;1104
6;1103
6;1103
6;1102
6;1102
6;1101
6;1101
6;1100
6;1100
6;1099
6;1099
6;1098
6;1098
6;1097
6;1097
6;1096
6;1096
6;1095
6;1095
6;1094
6;1094
6;1093
6;1093
6;1092
6;1092
6;1091
6;1091
6;1090
6;1090
6;1089
6;1089
6;1088
6;1088
6;1087
6;1087
6;1086
6;1086
6;1085
6;1085
6;1084
6;1084
6;1083
6;1083
6;1082
6;1082
6;1081
6;1081
6;1080
6;1080
6;1079
6;1079
6;1078
6;1078
6;1077
6;1077
6;1076
6;1076
6;1075
6;1075
6;1074
6;1074
6;1073
6;1073
6;1072
6;1072
6;1071
6;1071
6;1070
6;1070
6;1069
6;1069
6;1068
6;1068
6;1067
6;1067
6;1066
6;1066
6;1065
6;1065
6;1064
6;1064
6;1063
6;1063
6;1062
6;1062
6;1061
6;1061
6;1060
6;1060
6;1059
6;1059
6;1058
6;1058
6;1057
6;1057
6;1056
6;1056
6;1055
6;1055
6;1054
6;1054
6;1053
6;1053
6;1052
6;1052
6;1051
6;1051
6;1050
6;1050
6;1049
6;1049
6;1048
6;1048
6;1047
6;1047
6;1046
6;1046
6;1045
6;1045
6;1044
6;1044
6;1043
6;1043
6;1042
6;1042
6;1041
6;1041
6;1040
6;1040
6;1039
6;1039
6;1038
6;1038
6;1037
6;1037
6;1036
6;1036
6;1035
6;1035
6;1034
6;1034
6;1033
6;1033
6;1032
6;1032
6;1031
6;1031
6;1030
6;1030
6;1029
6;1029
6;1028
6;1028
6;1027
6;1027
6;1026
6;1026
6;1025
6;1025
6;1024
6;1024
6;1023
6;1023
6;1022
6;1022
6;1021
6;1021
6;1020
6;1020
6;1019
6;1019
6;1018
6;1018
6;1017
6;1017
6;1016
6;1016
6;1015
6;1015
6;1014
6;1014
6;1013
6;1013
6;1012
6;1012
6;1011
6;1011
6;1010
6;1010
6;1009
6;1009
6;1008
6;1008
6;1007
6;1007
6;1006
6;1006
6;1005
6;1005
6;1004
6;1004
6;1003
6;1003
6;1002
6;1002
6;1001
6;1001
6;1000
6;1000
6;999
6;999
6;998
6;998
6;997
6;997
6;996
6;996
6;995
6;995
6;994
6;994
6;993
6;993
6;992
6;992
6;991
6;991
6;990
6;990
6;989
6;989
6;988
6;988
6;987
6;987
6;986
6;986
6;985
6;985
6;984
6;984
6;983
6;983
6;982
6;982
6;981
6;981
6;980
6;980
6;979
6;979
6;978
6;978
6;977
6;977
6;976
6;976
6;975
6;975
6;974
6;974
6;973
6;973
6;972
6;972
6;971
6;971
6;970
6;970
6;969
6;969
6;968
6;968
6;967
6;967
6;966
6;966
6;965
6;965
6;964
6;964
6;963
6;963
6;962
6;962
6;961
6;961
6;960
6;960
6;959
6;959
6;958
6;958
6;957
6;957
6;956
6;956
6;955
6;955
6;954
6;954
6;953
6;953
6;952
6;952
6;951
6;951
6;950
6;950
6;949
6;949
6;948
6;948
6;947
6;947
6;946
6;946
6;945
6;945
6;944
6;944
6;943
6;943
6;942
6;942
6;941
6;941
6;940
6;940
6;939
6;939
6;938
6;938
6;937
6;937
6;936
6;936
6;935
6;935
6;934
6;934
6;933
6;933
6;932
6;932
6;931
6;931
6;930
6;930
6;929
6;929
6;928
6;928
6;927
6;927
6;926
6;926
6;925
6;925
6;924
6;924
6;923
6;923
6;922
6;922
6;921
6;921
6;920
6;920
6;919
6;919
6;918
6;918
6;917
6;917
6;916
6;916
6;915
6;915
6;914
6;914
6;913
6;913
6;912
6;912
6;911
6;911
6;910
6;910
6;909
6;909
6;908
6;908
6;907
6;907
6;906
6;906
6;905
6;905
6;904
6;904
6;903
6;903
6;902
6;902
6;901
6;901
6;900
6;900
6;899
6;899
6;898
6;898
6;897
6;897
6;896
6;896
6;895
6;895
6;894
6;894
6;893
6;893
6;892
6;892
6;891
6;891
6;890
6;890
6;889
6;889
6;888
6;888
6;887
6;887
6;886
6;886
6;885
6;885
6;884
6;884
6;883
6;883
6;882
6;882
6;881
6;881
6;880
6;880
6;879
6;879
6;878
6;878
6;877
6;877
6;876
6;876
6;875
6;875
6;874
6;874
6;873
6;873
6;872
6;872
6;871
6;871
6;870
6;870
6;869
6;869
6;868
6;868
6;867
6;867
6;866
6;866
6;865
6;865
6;864
6;864
6;863
6;863
6;862
6;862
6;861
6;861
6;860
6;860
6;859
6;859
6;858
6;858
6;857
6;857
6;856
6;856
6;855
6;855
6;854
6;854
6;853
6;853
6;852
6;852
6;851
6;851
6;850
6;850
6;849
6;849
6;848
6;848
6;847
6;847
6;846
6;846
6;845
6;845
6;844
6;844
6;843
6;843
6;842
6;842
6;841
6;841
6;840
6;840
6;839
6;839
6;838
6;838
6;837
6;837
6;836
6;836
6;835
6;835
6;834
6;834
6;833
6;833
6;832
6;832
6;831
6;831
6;830
6;830
6;829
6;829
6;828
6;828
6;827
6;827
6;826
6;826
6;825
6;825
6;824
6;824
6;823
6;823
6;822
6;822
6;821
6;821
6;820
6;820
6;819
6;819
6;818
6;818
6;817
6;817
6;816
6;816
6;815
6;815
6;814
6;814
6;813
6;813
6;812
6;812
6;811
6;811
6;810
6;810
6;809
6;809
6;808
6;808
6;807
6;807
6;806
6;806
6;805
6;805
6;804
6;804
6;803
6;803
6;802
6;802
6;801
6;801
6;800
6;800
6;799
6;799
6;798
6;798
6;797
6;797
6;796
6;796
6;795
6;795
6;794
6;794
6;793
6;793
6;792
6;792
6;791
6;791
6;790
6;790
6;789
6;789
6;788
6;788
6;787
6;787
6;786
6;786
6;785
6;785
6;784
6;784
6;783
6;783
6;782
6;782
6;781
6;781
6;780
6;780
6;779
6;779
6;778
6;778
6;777
6;777
6;776
6;776
6;775
6;775
6;774
6;774
6;773
6;773
6;772
6;772
6;771
6;771
6;770
6;770
6;769
6;769
6;768
6;768
6;767
6;767
6;766
6;766
6;765
6;765
6;764
6;764
6;763
6;763
6;762
6;762
6;761
6;761
6;760
6;760
6;759
6;759
6;758
6;758
6;757
6;757
6;756
6;756
6;755
6;755
6;754
6;754
6;753
6;753
6;752
6;752
6;751
6;751
6;750
6;750
6;749
6;749
6;748
6;748
6;747
6;747
6;746
6;746
6;745
6;745
6;744
6;744
6;743
6;743
6;742
6;742
6;741
6;741
6;740
6;740
6;739
6;739
6;738
6;738
6;737
6;737
6;736
6;736
6;735
6;735
6;734
6;734
6;733
6;733
6;732
6;732
6;731
6;731
6;730
6;730
6;729
6;729
6;728
6;728
6;727
6;727
6;726
6;726
6;725
6;725
6;724
6;724
6;723
6;723
6;722
6;722
6;721
6;721
6;720
6;720
6;719
6;719
6;718
6;718
6;717
6;717
6;716
6;716
6;715
6;715
6;714
6;714
6;713
6;713
6;712
6;712
6;711
6;711
6;710
6;710
6;709
6;709
6;708
6;708
6;707
6;707
6;706
6;706
6;705
6;705
6;704
6;704
6;703
6;703
6;702
6;702
6;701
6;701
6;700
6;700
6;699
6;699
6;698
6;698
6;697
6;697
6;696
6;696
6;695
6;695
6;694
6;694
6;693
6;693
6;692
6;692
6;691
6;691
6;690
6;690
6;689
6;689
6;688
6;688
6;687
6;687
6;686
6;686
6;685
6;685
6;684
6;684
6;683
6;683
6;682
6;682
6;681
6;681
6;680
6;680
6;679
6;679
6;678
6;678
6;677
6;677
6;676
6;676
6;675
6;675
6;674
6;674
6;673
6;673
6;672
6;672
6;671
6;671
6;670
6;670
6;669
6;669
6;668
6;668
6;667
6;667
6;666
6;666
6;665
6;665
6;664
6;664
6;663
6;663
6;662
6;662
6;661
6;661
6;660
6;660
6;659
6;659
6;658
6;658
6;657
6;657
6;656
6;656
6;655
6;655
6;654
6;654
6;653
6;653
6;652
6;652
6;651
6;651
6;650
6;650
6;649
6;649
6;648
6;648
6;647
6;647
6;646
6;646
6;645
6;645
6;644
6;644
6;643
6;643
6;642
6;642
6;641
6;641
6;640
6;640
6;639
6;639
6;638
6;638
6;637
6;637
6;636
6;636
6;635
6;635
6;634
6;634
6;633
6;633
6;632
6;632
6;631
6;631
6;630
6;630
6;629
6;629
6;628
6;628
6;627
6;627
6;626
6;626
6;625
6;625
6;624
6;624
6;623
6;623
6;622
6;622
6;621
6;621
6;620
6;620
6;619
6;619
6;618
6;618
6;617
6;617
6;616
6;616
6;615
6;615
6;614
6;614
6;613
6;613
6;612
6;612
6;611
6;611
6;610
6;610
6;609
6;609
6;608
6;608
6;607
6;607
6;606
6;606
6;605
6;605
6;604
6;604
6;603
6;603
6;602
6;602
6;601
6;601
6;600
6;600
6;599
6;599
6;598
6;598
6;597
6;597
6;596
6;596
6;595
6;595
6;594
6;594
6;593
6;593
6;592
6;592
6;591
6;591
6;590
6;590
6;589
6;589
6;588
6;588
6;587
6;587
6;586
6;586
6;585
6;585
6;584
6;584
6;583
6;583
6;582
6;582
6;581
6;581
6;580
6;580
6;579
6;579
6;578
6;578
6;577
6;577
6;576
6;576
6;575
6;575
6;574
6;574
6;573
6;573
6;572
6;572
6;571
6;571
6;570
6;570
6;569
6;569
6;568
6;568
6;567
6;567
6;566
6;566
6;565
6;565
6;564
6;564
6;563
6;563
6;562
6;562
6;561
6;561
6;560
6;560
6;559
6;559
6;558
6;558
6;557
6;557
6;556
6;556
6;555
6;555
6;554
6;554
6;553
6;553
6;552
6;552
6;551
6;551
6;550
6;550
6;549
6;549
6;548
6;548
6;547
6;547
6;546
6;546
6;545
6;545
6;544
6;544
6;543
6;543
6;542
6;542
6;541
6;541
6;540
6;540
6;539
6;539
6;538
6;538
6;537
6;537
6;536
6;536
6;535
6;535
6;534
6;534
6;533
6;533
6;532
6;532
6;531
6;531
6;530
6;530
6;529
6;529
6;528
6;528
6;527
6;527
6;526
6;526
6;525
6;525
6;524
6;524
6;523
6;523
6;522
6;522
6;521
6;521
6;520
6;520
6;519
6;519
6;518
6;518
6;517
6;517
6;516
6;516
6;515
6;515
6;514
6;514
6;513
6;513
6;512
6;512
6;511
6;511
6;510
6;510
6;509
6;509
6;508
6;508
6;507
6;507
6;506
6;506
6;505
6;505
6;504
6;504
6;503
6;503
6;502
6;502
6;501
6;501
6;500
6;500
6;499
6;499
6;498
6;498
6;497
6;497
6;496
6;496
6;495
6;495
6;494
6;494
6;493
6;493
6;492
6;492
6;491
6;491
6;490
6;490
6;489
6;489
6;488
6;488
6;487
6;487
6;486
6;486
6;485
6;485
6;484
6;484
6;483
6;483
6;482
6;482
6;481
6;481
6;480
6;480
6;479
6;479
6;478
6;478
6;477
6;477
6;476
6;476
6;475
6;475
6;474
6;474
6;473
6;473
6;472
6;472
6;471
6;471
6;470
6;470
6;469
6;469
6;468
6;468
6;467
6;467
6;466
6;466
6;465
6;465
6;464
6;464
6;463
6;463
6;462
6;462
6;461
6;461
6;460
6;460
6;459
6;459
6;458
6;458
6;457
6;457
6;456
6;456
6;455
6;455
6;454
6;454
6;453
6;453
6;452
6;452
6;451
6;451
6;450
6;450
6;449
6;449
6;448
6;448
6;447
6;447
6;446
6;446
6;445
6;445
6;444
6;444
6;443
6;443
6;442
6;442
6;441
6;441
6;440
6;440
6;439
6;439
6;438
6;438
6;437
6;437
6;436
6;436
6;435
6;435
6;434
6;434
6;433
6;433
6;432
6;432
6;431
6;431
6;430
6;430
6;429
6;429
6;428
6;428
6;427
6;427
6;426
6;426
6;425
6;425
6;424
6;424
6;423
6;423
6;422
6;422
6;421
6;421
6;420
6;420
6;419
6;419
6;418
6;418
6;417
6;417
6;416
6;416
6;415
6;415
6;414
6;414
6;413
6;413
6;412
6;412
6;411
6;411
6;410
6;410
6;409
6;409
6;408
6;408
6;407
6;407
6;406
6;406
6;405
6;405
6;404
6;404
6;403
6;403
6;402
6;402
6;401
6;401
6;400
6;400
6;399
6;399
6;398
6;398
6;397
6;397
6;396
6;396
6;395
6;395
6;394
6;394
6;393
6;393
6;392
6;392
6;391
6;391
6;390
6;390
6;389
6;389
6;388
6;388
6;387
6;387
6;386
6;386
6;385
6;385
6;384
6;384
6;383
6;383
6;382
6;382
6;381
6;381
6;380
6;380
6;379
6;379
6;378
6;378
6;377
6;377
6;376
6;376
6;375
6;375
6;374
6;374
6;373
6;373
6;372
6;372
6;371
6;371
6;370
6;370
6;369
6;369
6;368
6;368
6;367
6;367
6;366
6;366
6;365
6;365
6;364
6;364
6;363
6;363
6;362
6;362
6;361
6;361
6;360
6;360
6;359
6;359
6;358
6;358
6;357
6;357
6;356
6;356
6;355
6;355
6;354
6;354
6;353
6;353
6;352
6;352
6;351
6;351
6;350
6;350
6;349
6;349
6;348
6;348
6;347
6;347
6;346
6;346
6;345
6;345
6;344
6;344
6;343
6;343
6;342
6;342
6;341
6;341
6;340
6;340
6;339
6;339
6;338
6;338
6;337
6;337
6;336
6;336
6;335
6;335
6;334
6;334
6;333
6;333
6;332
6;332
6;331
6;331
6;330
6;330
6;329
6;329
6;328
6;328
6;327
6;327
6;326
6;326
6;325
6;325
6;324
6;324
6;323
6;323
6;322
6;322
6;321
6;321
6;320
6;320
6;319
6;319
6;318
6;318
6;317
6;317
6;316
6;316
6;315
6;315
6;314
6;314
6;313
6;313
6;312
6;312
6;311
6;311
6;310
6;310
6;309
6;309
6;308
6;308
6;307
6;307
6;306
6;306
6;305
6;305
6;304
6;304
6;303
6;303
6;302
6;302
6;301
6;301
6;300
6;300
6;299
6;299
6;298
6;298
6;297
6;297
6;296
6;296
6;295
6;295
6;294
6;294
6;293
6;293
6;292
6;292
6;291
6;291
6;290
6;290
6;289
6;289
6;288
6;288
6;287
6;287
6;286
6;286
6;285
6;285
6;284
6;284
6;283
6;283
6;282
6;282
6;281
6;281
6;280
6;280
6;279
6;279
6;278
6;278
6;277
6;277
6;276
6;276
6;275
6;275
6;274
6;274
6;273
6;273
6;272
6;272
6;271
6;271
6;270
6;270
6;269
6;269
6;268
6;268
6;267
6;267
6;266
6;266
6;265
6;265
6;264
6;264
6;263
6;263
6;262
6;262
6;261
6;261
6;260
6;260
6;259
6;259
6;258
6;258
6;257
6;257
6;256
6;256
6;255
6;255
6;254
6;254
6;253
6;253
6;252
6;252
6;251
6;251
6;250
6;250
6;249
6;249
6;248
6;248
6;247
6;247
6;246
6;246
6;245
6;245
6;244
6;244
6;243
6;243
6;242
6;242
6;241
6;241
6;240
6;240
6;239
6;239
6;238
6;238
6;237
6;237
6;236
6;236
6;235
6;235
6;234
6;234
6;233
6;233
6;232
6;232
6;231
6;231
6;230
6;230
6;229
6;229
6;228
6;228
6;227
6;227
6;226
6;226
6;225
6;225
6;224
6;224
6;223
6;223
6;222
6;222
6;221
6;221
6;220
6;220
6;219
6;219
6;218
6;218
6;217
6;217
6;216
6;216
6;215
6;215
6;214
6;214
6;213
6;213
6;212
6;212
6;211
6;211
6;210
6;210
6;209
6;209
6;208
6;208
6;207
6;207
6;206
6;206
6;205
6;205
6;204
6;204
6;203
6;203
6;202
6;202
6;201
6;201
6;200
6;200
6;199
6;199
6;198
6;198
6;197
6;197
6;196
6;196
6;195
6;195
6;194
6;194
6;193
6;193
6;192
6;192
6;191
6;191
6;190
6;190
6;189
6;189
6;188
6;188
6;187
6;187
6;186
6;186
6;185
6;185
6;184
6;184
6;183
6;183
6;182
6;182
6;181
6;181
6;180
6;180
6;179
6;179
6;178
6;178
6;177
6;177
6;176
6;176
6;175
6;175
6;174
6;174
6;173
6;173
6;172
6;172
6;171
6;171
6;170
6;170
6;169
6;169
6;168
6;168
6;167
6;167
6;166
6;166
6;165
6;165
6;164
6;164
6;163
6;163
6;162
6;162
6;161
6;161
6;160
6;160
6;159
6;159
6;158
6;158
6;157
6;157
6;156
6;156
6;155
6;155
6;154
6;154
6;153
6;153
6;152
6;152
6;151
6;151
6;150
6;150
6;149
6;149
6;148
6;148
6;147
6;147
6;146
6;146
6;145
6;145
6;144
6;144
6;143
6;143
6;142
6;142
6;141
6;141
6;140
6;140
6;139
6;139
6;138
6;138
6;137
6;137
6;136
6;136
6;135
6;135
6;134
6;134
6;133
6;133
6;132
6;132
6;131
6;131
6;130
6;130
6;129
6;129
6;128
6;128
6;127
6;127
6;126
6;126
6;125
6;125
6;124
6;124
6;123
6;123
6;122
6;122
6;121
6;121
6;120
6;120
6;119
6;119
6;118
6;118
6;117
6;117
6;116
6;116
6;115
6;115
6;114
6;114
6;113
6;113
6;112
6;112
6;111
6;111
6;110
6;110
6;109
6;109
6;108
6;108
6;107
6;107
6;106
6;106
6;105
6;105
6;104
6;104
6;103
6;103
6;102
6;102
6;101
6;101
6;100
6;100
6;99
6;99
6;98
6;98
6;97
6;97
6;96
6;96
6;95
6;95
6;94
6;94
6;93
6;93
6;92
6;92
6;91
6;91
6;90
6;90
6;89
6;89
6;88
6;88
6;87
6;87
6;86
6;86
6;85
6;85
6;84
6;84
6;83
6;83
6;82
6;82
6;81
6;81
6;80
6;80
6;79
6;79
6;78
6;78
6;77
6;77
6;76
6;76
6;75
6;75
6;74
6;74
6;73
6;73
6;72
6;72
6;71
6;71
6;70
6;70
6;69
6;69
6;68
6;68
6;67
6;67
6;66
6;66
6;65
6;65
6;64
6;64
6;63
6;63
6;62
6;62
6;61
6;61
6;60
6;60
6;59
6;59
6;58
6;58
6;57
6;57
6;56
6;56
6;55
6;55
6;54
6;54
6;53
6;53
6;52
6;52
6;51
6;51
6;50
6;50
6;49
6;49
6;48
6;48
6;47
6;47
6;46
6;46
6;45
6;45
6;44
6;44
6;43
6;43
6;42
6;42
6;41
6;41
6;40
6;40
6;39
6;39
6;38
6;38
6;37
6;37
6;36
6;36
6;35
6;35
6;34
6;34
6;33
6;33
6;32
6;32
6;31
6;31
6;30
6;30
6;29
6;29
6;28
6;28
6;27
6;27
6;26
6;26
6;25
6;25
6;24
6;24
6;23
6;23
6;22
6;22
6;21
6;21
6;20
6;20
6;19
6;19
6;18
6;18
6;17
6;17
6;16
6;16
6;15
6;15
6;14
6;14
6;13
6;13
6;12
6;12
6;11
6;11
6;10
6;10
6;9
6;9
6;8
6;8
6;7
6;7
6;6
6;6
6;5
6;5
6;4
6;4
6;3
6;3
6;2
6;2
6;1
6;1
7;1134
7;1134
7;1133
7;1133
7;1132
7;1132
7;1131
7;1131
7;1130
7;1130
7;1129
7;1129
7;1128
7;1128
7;1127
7;1127
7;1126
7;1126
7;1125
7;1125
7;1124
7;1124
7;1123
7;1123
7;1122
7;1122
7;1121
7;1121
7;1120
7;1120
7;1119
7;1119
7;1118
7;1118
7;1117
7;1117
7;1116
7;1116
7;1115
7;1115
7;1114
7;1114
7;1113
7;1113
7;1112
7;1112
7;1111
7;1111
7;1110
7;1110
7;1109
7;1109
7;1108
7;1108
7;1107
7;1107
7;1106
7;1106
7;1105
7;1105
7;1104
7;1104
7;1103
7;1103
7;1102
7;1102
7;1101
7;1101
7;1100
7;1100
7;1099
7;1099
7;1098
7;1098
7;1097
7;1097
7;1096
7;1096
7;1095
7;1095
7;1094
7;1094
7;1093
7;1093
7;1092
7;1092
7;1091
7;1091
7;1090
7;1090
7;1089
7;1089
7;1088
7;1088
7;1087
7;1087
7;1086
7;1086
7;1085
7;1085
7;1084
7;1084
7;1083
7;1083
7;1082
7;1082
7;1081
7;1081
7;1080
7;1080
7;1079
7;1079
7;1078
7;1078
7;1077
7;1077
7;1076
7;1076
7;1075
7;1075
7;1074
7;1074
7;1073
7;1073
7;1072
7;1072
7;1071
7;1071
7;1070
7;1070
7;1069
7;1069
7;1068
7;1068
7;1067
7;1067
7;1066
7;1066
7;1065
7;1065
7;1064
7;1064
7;1063
7;1063
7;1062
7;1062
7;1061
7;1061
7;1060
7;1060
7;1059
7;1059
7;1058
7;1058
7;1057
7;1057
7;1056
7;1056
7;1055
7;1055
7;1054
7;1054
7;1053
7;1053
7;1052
7;1052
7;1051
7;1051
7;1050
7;1050
7;1049
7;1049
7;1048
7;1048
7;1047
7;1047
7;1046
7;1046
7;1045
7;1045
7;1044
7;1044
7;1043
7;1043
7;1042
7;1042
7;1041
7;1041
7;1040
7;1040
7;1039
7;1039
7;1038
7;1038
7;1037
7;1037
7;1036
7;1036
7;1035
7;1035
7;1034
7;1034
7;1033
7;1033
7;1032
7;1032
7;1031
7;1031
7;1030
7;1030
7;1029
7;1029
7;1028
7;1028
7;1027
7;1027
7;1026
7;1026
7;1025
7;1025
7;1024
7;1024
7;1023
7;1023
7;1022
7;1022
7;1021
7;1021
7;1020
7;1020
7;1019
7;1019
7;1018
7;1018
7;1017
7;1017
7;1016
7;1016
7;1015
7;1015
7;1014
7;1014
7;1013
7;1013
7;1012
7;1012
7;1011
7;1011
7;1010
7;1010
7;1009
7;1009
7;1008
7;1008
7;1007
7;1007
7;1006
7;1006
7;1005
7;1005
7;1004
7;1004
7;1003
7;1003
7;1002
7;1002
7;1001
7;1001
7;1000
7;1000
7;999
7;999
7;998
7;998
7;997
7;997
7;996
7;996
7;995
7;995
7;994
7;994
7;993
7;993
7;992
7;992
7;991
7;991
7;990
7;990
7;989
7;989
7;988
7;988
7;987
7;987
7;986
7;986
7;985
7;985
7;984
7;984
7;983
7;983
7;982
7;982
7;981
7;981
7;980
7;980
7;979
7;979
7;978
7;978
7;977
7;977
7;976
7;976
7;975
7;975
7;974
7;974
7;973
7;973
7;972
7;972
7;971
7;971
7;970
7;970
7;969
7;969
7;968
7;968
7;967
7;967
7;966
7;966
7;965
7;965
7;964
7;964
7;963
7;963
7;962
7;962
7;961
7;961
7;960
7;960
7;959
7;959
7;958
7;958
7;957
7;957
7;956
7;956
7;955
7;955
7;954
7;954
7;953
7;953
7;952
7;952
7;951
7;951
7;950
7;950
7;949
7;949
7;948
7;948
7;947
7;947
7;946
7;946
7;945
7;945
7;944
7;944
7;943
7;943
7;942
7;942
7;941
7;941
7;940
7;940
7;939
7;939
7;938
7;938
7;937
7;937
7;936
7;936
7;935
7;935
7;934
7;934
7;933
7;933
7;932
7;932
7;931
7;931
7;930
7;930
7;929
7;929
7;928
7;928
7;927
7;927
7;926
7;926
7;925
7;925
7;924
7;924
7;923
7;923
7;922
7;922
7;921
7;921
7;920
7;920
7;919
7;919
7;918
7;918
7;917
7;917
7;916
7;916
7;915
7;915
7;914
7;914
7;913
7;913
7;912
7;912
7;911
7;911
7;910
7;910
7;909
7;909
7;908
7;908
7;907
7;907
7;906
7;906
7;905
7;905
7;904
7;904
7;903
7;903
7;902
7;902
7;901
7;901
7;900
7;900
7;899
7;899
7;898
7;898
7;897
7;897
7;896
7;896
7;895
7;895
7;894
7;894
7;893
7;893
7;892
7;892
7;891
7;891
7;890
7;890
7;889
7;889
7;888
7;888
7;887
7;887
7;886
7;886
7;885
7;885
7;884
7;884
7;883
7;883
7;882
7;882
7;881
7;881
7;880
7;880
7;879
7;879
7;878
7;878
7;877
7;877
7;876
7;876
7;875
7;875
7;874
7;874
7;873
7;873
7;872
7;872
7;871
7;871
7;870
7;870
7;869
7;869
7;868
7;868
7;867
7;867
7;866
7;866
7;865
7;865
7;864
7;864
7;863
7;863
7;862
7;862
7;861
7;861
7;860
7;860
7;859
7;859
7;858
7;858
7;857
7;857
7;856
7;856
7;855
7;855
7;854
7;854
7;853
7;853
7;852
7;852
7;851
7;851
7;850
7;850
7;849
7;849
7;848
7;848
7;847
7;847
7;846
7;846
7;845
7;845
7;844
7;844
7;843
7;843
7;842
7;842
7;841
7;841
7;840
7;840
7;839
7;839
7;838
7;838
7;837
7;837
7;836
7;836
7;835
7;835
7;834
7;834
7;833
7;833
7;832
7;832
7;831
7;831
7;830
7;830
7;829
7;829
7;828
7;828
7;827
7;827
7;826
7;826
7;825
7;825
7;824
7;824
7;823
7;823
7;822
7;822
7;821
7;821
7;820
7;820
7;819
7;819
7;818
7;818
7;817
7;817
7;816
7;816
7;815
7;815
7;814
7;814
7;813
7;813
7;812
7;812
7;811
7;811
7;810
7;810
7;809
7;809
7;808
7;808
7;807
7;807
7;806
7;806
7;805
7;805
7;804
7;804
7;803
7;803
7;802
7;802
7;801
7;801
7;800
7;800
7;799
7;799
7;798
7;798
7;797
7;797
7;796
7;796
7;795
7;795
7;794
7;794
7;793
7;793
7;792
7;792
7;791
7;791
7;790
7;790
7;789
7;789
7;788
7;788
7;787
7;787
7;786
7;786
7;785
7;785
7;784
7;784
7;783
7;783
7;782
7;782
7;781
7;781
7;780
7;780
7;779
7;779
7;778
7;778
7;777
7;777
7;776
7;776
7;775
7;775
7;774
7;774
7;773
7;773
7;772
7;772
7;771
7;771
7;770
7;770
7;769
7;769
7;768
7;768
7;767
7;767
7;766
7;766
7;765
7;765
7;764
7;764
7;763
7;763
7;762
7;762
7;761
7;761
7;760
7;760
7;759
7;759
7;758
7;758
7;757
7;757
7;756
7;756
7;755
7;755
7;754
7;754
7;753
7;753
7;752
7;752
7;751
7;751
7;750
7;750
7;749
7;749
7;748
7;748
7;747
7;747
7;746
7;746
7;745
7;745
7;744
7;744
7;743
7;743
7;742
7;742
7;741
7;741
7;740
7;740
7;739
7;739
7;738
7;738
7;737
7;737
7;736
7;736
7;735
7;735
7;734
7;734
7;733
7;733
7;732
7;732
7;731
7;731
7;730
7;730
7;729
7;729
7;728
7;728
7;727
7;727
7;726
7;726
7;725
7;725
7;724
7;724
7;723
7;723
7;722
7;722
7;721
7;721
7;720
7;720
7;719
7;719
7;718
7;718
7;717
7;717
7;716
7;716
7;715
7;715
7;714
7;714
7;713
7;713
7;712
7;712
7;711
7;711
7;710
7;710
7;709
7;709
7;708
7;708
7;707
7;707
7;706
7;706
7;705
7;705
7;704
7;704
7;703
7;703
7;702
7;702
7;701
7;701
7;700
7;700
7;699
7;699
7;698
7;698
7;697
7;697
7;696
7;696
7;695
7;695
7;694
7;694
7;693
7;693
7;692
7;692
7;691
7;691
7;690
7;690
7;689
7;689
7;688
7;688
7;687
7;687
7;686
7;686
7;685
7;685
7;684
7;684
7;683
7;683
7;682
7;682
7;681
7;681
7;680
7;680
7;679
7;679
7;678
7;678
7;677
7;677
7;676
7;676
7;675
7;675
7;674
7;674
7;673
7;673
7;672
7;672
7;671
7;671
7;670
7;670
7;669
7;669
7;668
7;668
7;667
7;667
7;666
7;666
7;665
7;665
7;664
7;664
7;663
7;663
7;662
7;662
7;661
7;661
7;660
7;660
7;659
7;659
7;658
7;658
7;657
7;657
7;656
7;656
7;655
7;655
7;654
7;654
7;653
7;653
7;652
7;652
7;651
7;651
7;650
7;650
7;649
7;649
7;648
7;648
7;647
7;647
7;646
7;646
7;645
7;645
7;644
7;644
7;643
7;643
7;642
7;642
7;641
7;641
7;640
7;640
7;639
7;639
7;638
7;638
7;637
7;637
7;636
7;636
7;635
7;635
7;634
7;634
7;633
7;633
7;632
7;632
7;631
7;631
7;630
7;630
7;629
7;629
7;628
7;628
7;627
7;627
7;626
7;626
7;625
7;625
7;624
7;624
7;623
7;623
7;622
7;622
7;621
7;621
7;620
7;620
7;619
7;619
7;618
7;618
7;617
7;617
7;616
7;616
7;615
7;615
7;614
7;614
7;613
7;613
7;612
7;612
7;611
7;611
7;610
7;610
7;609
7;609
7;608
7;608
7;607
7;607
7;606
7;606
7;605
7;605
7;604
7;604
7;603
7;603
7;602
7;602
7;601
7;601
7;600
7;600
7;599
7;599
7;598
7;598
7;597
7;597
7;596
7;596
7;595
7;595
7;594
7;594
7;593
7;593
7;592
7;592
7;591
7;591
7;590
7;590
7;589
7;589
7;588
7;588
7;587
7;587
7;586
7;586
7;585
7;585
7;584
7;584
7;583
7;583
7;582
7;582
7;581
7;581
7;580
7;580
7;579
7;579
7;578
7;578
7;577
7;577
7;576
7;576
7;575
7;575
7;574
7;574
7;573
7;573
7;572
7;572
7;571
7;571
7;570
7;570
7;569
7;569
7;568
7;568
7;567
7;567
7;566
7;566
7;565
7;565
7;564
7;564
7;563
7;563
7;562
7;562
7;561
7;561
7;560
7;560
7;559
7;559
7;558
7;558
7;557
7;557
7;556
7;556
7;555
7;555
7;554
7;554
7;553
7;553
7;552
7;552
7;551
7;551
7;550
7;550
7;549
7;549
7;548
7;548
7;547
7;547
7;546
7;546
7;545
7;545
7;544
7;544
7;543
7;543
7;542
7;542
7;541
7;541
7;540
7;540
7;539
7;539
7;538
7;538
7;537
7;537
7;536
7;536
7;535
7;535
7;534
7;534
7;533
7;533
7;532
7;532
7;531
7;531
7;530
7;530
7;529
7;529
7;528
7;528
7;527
7;527
7;526
7;526
7;525
7;525
7;524
7;524
7;523
7;523
7;522
7;522
7;521
7;521
7;520
7;520
7;519
7;519
7;518
7;518
7;517
7;517
7;516
7;516
7;515
7;515
7;514
7;514
7;513
7;513
7;512
7;512
7;511
7;511
7;510
7;510
7;509
7;509
7;508
7;508
7;507
7;507
7;506
7;506
7;505
7;505
7;504
7;504
7;503
7;503
7;502
7;502
7;501
7;501
7;500
7;500
7;499
7;499
7;498
7;498
7;497
7;497
7;496
7;496
7;495
7;495
7;494
7;494
7;493
7;493
7;492
7;492
7;491
7;491
7;490
7;490
7;489
7;489
7;488
7;488
7;487
7;487
7;486
7;486
7;485
7;485
7;484
7;484
7;483
7;483
7;482
7;482
7;481
7;481
7;480
7;480
7;479
7;479
7;478
7;478
7;477
7;477
7;476
7;476
7;475
7;475
7;474
7;474
7;473
7;473
7;472
7;472
7;471
7;471
7;470
7;470
7;469
7;469
7;468
7;468
7;467
7;467
7;466
7;466
7;465
7;465
7;464
7;464
7;463
7;463
7;462
7;462
7;461
7;461
7;460
7;460
7;459
7;459
7;458
7;458
7;457
7;457
7;456
7;456
7;455
7;455
7;454
7;454
7;453
7;453
7;452
7;452
7;451
7;451
7;450
7;450
7;449
7;449
7;448
7;448
7;447
7;447
7;446
7;446
7;445
7;445
7;444
7;444
7;443
7;443
7;442
7;442
7;441
7;441
7;440
7;440
7;439
7;439
7;438
7;438
7;437
7;437
7;436
7;436
7;435
7;435
7;434
7;434
7;433
7;433
7;432
7;432
7;431
7;431
7;430
7;430
7;429
7;429
7;428
7;428
7;427
7;427
7;426
7;426
7;425
7;425
7;424
7;424
7;423
7;423
7;422
7;422
7;421
7;421
7;420
7;420
7;419
7;419
7;418
7;418
7;417
7;417
7;416
7;416
7;415
7;415
7;414
7;414
7;413
7;413
7;412
7;412
7;411
7;411
7;410
7;410
7;409
7;409
7;408
7;408
7;407
7;407
7;406
7;406
7;405
7;405
7;404
7;404
7;403
7;403
7;402
7;402
7;401
7;401
7;400
7;400
7;399
7;399
7;398
7;398
7;397
7;397
7;396
7;396
7;395
7;395
7;394
7;394
7;393
7;393
7;392
7;392
7;391
7;391
7;390
7;390
7;389
7;389
7;388
7;388
7;387
7;387
7;386
7;386
7;385
7;385
7;384
7;384
7;383
7;383
7;382
7;382
7;381
7;381
7;380
7;380
7;379
7;379
7;378
7;378
7;377
7;377
7;376
7;376
7;375
7;375
7;374
7;374
7;373
7;373
7;372
7;372
7;371
7;371
7;370
7;370
7;369
7;369
7;368
7;368
7;367
7;367
7;366
7;366
7;365
7;365
7;364
7;364
7;363
7;363
7;362
7;362
7;361
7;361
7;360
7;360
7;359
7;359
7;358
7;358
7;357
7;357
7;356
7;356
7;355
7;355
7;354
7;354
7;353
7;353
7;352
7;352
7;351
7;351
7;350
7;350
7;349
7;349
7;348
7;348
7;347
7;347
7;346
7;346
7;345
7;345
7;344
7;344
7;343
7;343
7;342
7;342
7;341
7;341
7;340
7;340
7;339
7;339
7;338
7;338
7;337
7;337
7;336
7;336
7;335
7;335
7;334
7;334
7;333
7;333
7;332
7;332
7;331
7;331
7;330
7;330
7;329
7;329
7;328
7;328
7;327
7;327
7;326
7;326
7;325
7;325
7;324
7;324
7;323
7;323
7;322
7;322
7;321
7;321
7;320
7;320
7;319
7;319
7;318
7;318
7;317
7;317
7;316
7;316
7;315
7;315
7;314
7;314
7;313
7;313
7;312
7;312
7;311
7;311
7;310
7;310
7;309
7;309
7;308
7;308
7;307
7;307
7;306
7;306
7;305
7;305
7;304
7;304
7;303
7;303
7;302
7;302
7;301
7;301
7;300
7;300
7;299
7;299
7;298
7;298
7;297
7;297
7;296
7;296
7;295
7;295
7;294
7;294
7;293
7;293
7;292
7;292
7;291
7;291
7;290
7;290
7;289
7;289
7;288
7;288
7;287
7;287
7;286
7;286
7;285
7;285
7;284
7;284
7;283
7;283
7;282
7;282
7;281
7;281
7;280
7;280
7;279
7;279
7;278
7;278
7;277
7;277
7;276
7;276
7;275
7;275
7;274
7;274
7;273
7;273
7;272
7;272
7;271
7;271
7;270
7;270
7;269
7;269
7;268
7;268
7;267
7;267
7;266
7;266
7;265
7;265
7;264
7;264
7;263
7;263
7;262
7;262
7;261
7;261
7;260
7;260
7;259
7;259
7;258
7;258
7;257
7;257
7;256
7;256
7;255
7;255
7;254
7;254
7;253
7;253
7;252
7;252
7;251
7;251
7;250
7;250
7;249
7;249
7;248
7;248
7;247
7;247
7;246
7;246
7;245
7;245
7;244
7;244
7;243
7;243
7;242
7;242
7;241
7;241
7;240
7;240
7;239
7;239
7;238
7;238
7;237
7;237
7;236
7;236
7;235
7;235
7;234
7;234
7;233
7;233
7;232
7;232
7;231
7;231
7;230
7;230
7;229
7;229
7;228
7;228
7;227
7;227
7;226
7;226
7;225
7;225
7;224
7;224
7;223
7;223
7;222
7;222
7;221
7;221
7;220
7;220
7;219
7;219
7;218
7;218
7;217
7;217
7;216
7;216
7;215
7;215
7;214
7;214
7;213
7;213
7;212
7;212
7;211
7;211
7;210
7;210
7;209
7;209
7;208
7;208
7;207
7;207
7;206
7;206
7;205
7;205
7;204
7;204
7;203
7;203
7;202
7;202
7;201
7;201
7;200
7;200
7;199
7;199
7;198
7;198
7;197
7;197
7;196
7;196
7;195
7;195
7;194
7;194
7;193
7;193
7;192
7;192
7;191
7;191
7;190
7;190
7;189
7;189
7;188
7;188
7;187
7;187
7;186
7;186
7;185
7;185
7;184
7;184
7;183
7;183
7;182
7;182
7;181
7;181
7;180
7;180
7;179
7;179
7;178
7;178
7;177
7;177
7;176
7;176
7;175
7;175
7;174
7;174
7;173
7;173
7;172
7;172
7;171
7;171
7;170
7;170
7;169
7;169
7;168
7;168
7;167
7;167
7;166
7;166
7;165
7;165
7;164
7;164
7;163
7;163
7;162
7;162
7;161
7;161
7;160
7;160
7;159
7;159
7;158
7;158
7;157
7;157
7;156
7;156
7;155
7;155
7;154
7;154
7;153
7;153
7;152
7;152
7;151
7;151
7;150
7;150
7;149
7;149
7;148
7;148
7;147
7;147
7;146
7;146
7;145
7;145
7;144
7;144
7;143
7;143
7;142
7;142
7;141
7;141
7;140
7;140
7;139
7;139
7;138
7;138
7;137
7;137
7;136
7;136
7;135
7;135
7;134
7;134
7;133
7;133
7;132
7;132
7;131
7;131
7;130
7;130
7;129
7;129
7;128
7;128
7;127
7;127
7;126
7;126
7;125
7;125
7;124
7;124
7;123
7;123
7;122
7;122
7;121
7;121
7;120
7;120
7;119
7;119
7;118
7;118
7;117
7;117
7;116
7;116
7;115
7;115
7;114
7;114
7;113
7;113
7;112
7;112
7;111
7;111
7;110
7;110
7;109
7;109
7;108
7;108
7;107
7;107
7;106
7;106
7;105
7;105
7;104
7;104
7;103
7;103
7;102
7;102
7;101
7;101
7;100
7;100
7;99
7;99
7;98
7;98
7;97
7;97
7;96
7;96
7;95
7;95
7;94
7;94
7;93
7;93
7;92
7;92
7;91
7;91
7;90
7;90
7;89
7;89
7;88
7;88
7;87
7;87
7;86
7;86
7;85
7;85
7;84
7;84
7;83
7;83
7;82
7;82
7;81
7;81
7;80
7;80
7;79
7;79
7;78
7;78
7;77
7;77
7;76
7;76
7;75
7;75
7;74
7;74
7;73
7;73
7;72
7;72
7;71
7;71
7;70
7;70
7;69
7;69
7;68
7;68
7;67
7;67
7;66
7;66
7;65
7;65
7;64
7;64
7;63
7;63
7;62
7;62
7;61
7;61
7;60
7;60
7;59
7;59
7;58
7;58
7;57
7;57
7;56
7;56
7;55
7;55
7;54
7;54
7;53
7;53
7;52
7;52
7;51
7;51
7;50
7;50
7;49
7;49
7;48
7;48
7;47
7;47
7;46
7;46
7;45
7;45
7;44
7;44
7;43
7;43
7;42
7;42
7;41
7;41
7;40
7;40
7;39
7;39
7;38
7;38
7;37
7;37
7;36
7;36
7;35
7;35
7;34
7;34
7;33
7;33
7;32
7;32
7;31
7;31
7;30
7;30
7;29
7;29
7;28
7;28
7;27
7;27
7;26
7;26
7;25
7;25
7;24
7;24
7;23
7;23
7;22
7;22
7;21
7;21
7;20
7;20
7;19
7;19
7;18
7;18
7;17
7;17
7;16
7;16
7;15
7;15
7;14
7;14
7;13
7;13
7;12
7;12
7;11
7;11
7;10
7;10
7;9
7;9
7;8
7;8
7;7
7;7
7;6
7;6
7;5
7;5
7;4
7;4
7;3
7;3
7;2
7;2
7;1
7;1
8;1854
8;1854
8;1853
8;1853
8;1852
8;1852
8;1851
8;1851
8;1850
8;1850
8;1849
8;1849
8;1848
8;1848
8;1847
8;1847
8;1846
8;1846
8;1845
8;1845
8;1844
8;1844
8;1843
8;1843
8;1842
8;1842
8;1841
8;1841
8;1840
8;1840
8;1839
8;1839
8;1838
8;1838
8;1837
8;1837
8;1836
8;1836
8;1835
8;1835
8;1834
8;1834
8;1833
8;1833
8;1832
8;1832
8;1831
8;1831
8;1830
8;1830
8;1829
8;1829
8;1828
8;1828
8;1827
8;1827
8;1826
8;1826
8;1825
8;1825
8;1824
8;1824
8;1823
8;1823
8;1822
8;1822
8;1821
8;1821
8;1820
8;1820
8;1819
8;1819
8;1818
8;1818
8;1817
8;1817
8;1816
8;1816
8;1815
8;1815
8;1814
8;1814
8;1813
8;1813
8;1812
8;1812
8;1811
8;1811
8;1810
8;1810
8;1809
8;1809
8;1808
8;1808
8;1807
8;1807
8;1806
8;1806
8;1805
8;1805
8;1804
8;1804
8;1803
8;1803
8;1802
8;1802
8;1801
8;1801
8;1800
8;1800
8;1799
8;1799
8;1798
8;1798
8;1797
8;1797
8;1796
8;1796
8;1795
8;1795
8;1794
8;1794
8;1793
8;1793
8;1792
8;1792
8;1791
8;1791
8;1790
8;1790
8;1789
8;1789
8;1788
8;1788
8;1787
8;1787
8;1786
8;1786
8;1785
8;1785
8;1784
8;1784
8;1783
8;1783
8;1782
8;1782
8;1781
8;1781
8;1780
8;1780
8;1779
8;1779
8;1778
8;1778
8;1777
8;1777
8;1776
8;1776
8;1775
8;1775
8;1774
8;1774
8;1773
8;1773
8;1772
8;1772
8;1771
8;1771
8;1770
8;1770
8;1769
8;1769
8;1768
8;1768
8;1767
8;1767
8;1766
8;1766
8;1765
8;1765
8;1764
8;1764
8;1763
8;1763
8;1762
8;1762
8;1761
8;1761
8;1760
8;1760
8;1759
8;1759
8;1758
8;1758
8;1757
8;1757
8;1756
8;1756
8;1755
8;1755
8;1754
8;1754
8;1753
8;1753
8;1752
8;1752
8;1751
8;1751
8;1750
8;1750
8;1749
8;1749
8;1748
8;1748
8;1747
8;1747
8;1746
8;1746
8;1745
8;1745
8;1744
8;1744
8;1743
8;1743
8;1742
8;1742
8;1741
8;1741
8;1740
8;1740
8;1739
8;1739
8;1738
8;1738
8;1737
8;1737
8;1736
8;1736
8;1735
8;1735
8;1734
8;1734
8;1733
8;1733
8;1732
8;1732
8;1731
8;1731
8;1730
8;1730
8;1729
8;1729
8;1728
8;1728
8;1727
8;1727
8;1726
8;1726
8;1725
8;1725
8;1724
8;1724
8;1723
8;1723
8;1722
8;1722
8;1721
8;1721
8;1720
8;1720
8;1719
8;1719
8;1718
8;1718
8;1717
8;1717
8;1716
8;1716
8;1715
8;1715
8;1714
8;1714
8;1713
8;1713
8;1712
8;1712
8;1711
8;1711
8;1710
8;1710
8;1709
8;1709
8;1708
8;1708
8;1707
8;1707
8;1706
8;1706
8;1705
8;1705
8;1704
8;1704
8;1703
8;1703
8;1702
8;1702
8;1701
8;1701
8;1700
8;1700
8;1699
8;1699
8;1698
8;1698
8;1697
8;1697
8;1696
8;1696
8;1695
8;1695
8;1694
8;1694
8;1693
8;1693
8;1692
8;1692
8;1691
8;1691
8;1690
8;1690
8;1689
8;1689
8;1688
8;1688
8;1687
8;1687
8;1686
8;1686
8;1685
8;1685
8;1684
8;1684
8;1683
8;1683
8;1682
8;1682
8;1681
8;1681
8;1680
8;1680
8;1679
8;1679
8;1678
8;1678
8;1677
8;1677
8;1676
8;1676
8;1675
8;1675
8;1674
8;1674
8;1673
8;1673
8;1672
8;1672
8;1671
8;1671
8;1670
8;1670
8;1669
8;1669
8;1668
8;1668
8;1667
8;1667
8;1666
8;1666
8;1665
8;1665
8;1664
8;1664
8;1663
8;1663
8;1662
8;1662
8;1661
8;1661
8;1660
8;1660
8;1659
8;1659
8;1658
8;1658
8;1657
8;1657
8;1656
8;1656
8;1655
8;1655
8;1654
8;1654
8;1653
8;1653
8;1652
8;1652
8;1651
8;1651
8;1650
8;1650
8;1649
8;1649
8;1648
8;1648
8;1647
8;1647
8;1646
8;1646
8;1645
8;1645
8;1644
8;1644
8;1643
8;1643
8;1642
8;1642
8;1641
8;1641
8;1640
8;1640
8;1639
8;1639
8;1638
8;1638
8;1637
8;1637
8;1636
8;1636
8;1635
8;1635
8;1634
8;1634
8;1633
8;1633
8;1632
8;1632
8;1631
8;1631
8;1630
8;1630
8;1629
8;1629
8;1628
8;1628
8;1627
8;1627
8;1626
8;1626
8;1625
8;1625
8;1624
8;1624
8;1623
8;1623
8;1622
8;1622
8;1621
8;1621
8;1620
8;1620
8;1619
8;1619
8;1618
8;1618
8;1617
8;1617
8;1616
8;1616
8;1615
8;1615
8;1614
8;1614
8;1613
8;1613
8;1612
8;1612
8;1611
8;1611
8;1610
8;1610
8;1609
8;1609
8;1608
8;1608
8;1607
8;1607
8;1606
8;1606
8;1605
8;1605
8;1604
8;1604
8;1603
8;1603
8;1602
8;1602
8;1601
8;1601
8;1600
8;1600
8;1599
8;1599
8;1598
8;1598
8;1597
8;1597
8;1596
8;1596
8;1595
8;1595
8;1594
8;1594
8;1593
8;1593
8;1592
8;1592
8;1591
8;1591
8;1590
8;1590
8;1589
8;1589
8;1588
8;1588
8;1587
8;1587
8;1586
8;1586
8;1585
8;1585
8;1584
8;1584
8;1583
8;1583
8;1582
8;1582
8;1581
8;1581
8;1580
8;1580
8;1579
8;1579
8;1578
8;1578
8;1577
8;1577
8;1576
8;1576
8;1575
8;1575
8;1574
8;1574
8;1573
8;1573
8;1572
8;1572
8;1571
8;1571
8;1570
8;1570
8;1569
8;1569
8;1568
8;1568
8;1567
8;1567
8;1566
8;1566
8;1565
8;1565
8;1564
8;1564
8;1563
8;1563
8;1562
8;1562
8;1561
8;1561
8;1560
8;1560
8;1559
8;1559
8;1558
8;1558
8;1557
8;1557
8;1556
8;1556
8;1555
8;1555
8;1554
8;1554
8;1553
8;1553
8;1552
8;1552
8;1551
8;1551
8;1550
8;1550
8;1549
8;1549
8;1548
8;1548
8;1547
8;1547
8;1546
8;1546
8;1545
8;1545
8;1544
8;1544
8;1543
8;1543
8;1542
8;1542
8;1541
8;1541
8;1540
8;1540
8;1539
8;1539
8;1538
8;1538
8;1537
8;1537
8;1536
8;1536
8;1535
8;1535
8;1534
8;1534
8;1533
8;1533
8;1532
8;1532
8;1531
8;1531
8;1530
8;1530
8;1529
8;1529
8;1528
8;1528
8;1527
8;1527
8;1526
8;1526
8;1525
8;1525
8;1524
8;1524
8;1523
8;1523
8;1522
8;1522
8;1521
8;1521
8;1520
8;1520
8;1519
8;1519
8;1518
8;1518
8;1517
8;1517
8;1516
8;1516
8;1515
8;1515
8;1514
8;1514
8;1513
8;1513
8;1512
8;1512
8;1511
8;1511
8;1510
8;1510
8;1509
8;1509
8;1508
8;1508
8;1507
8;1507
8;1506
8;1506
8;1505
8;1505
8;1504
8;1504
8;1503
8;1503
8;1502
8;1502
8;1501
8;1501
8;1500
8;1500
8;1499
8;1499
8;1498
8;1498
8;1497
8;1497
8;1496
8;1496
8;1495
8;1495
8;1494
8;1494
8;1493
8;1493
8;1492
8;1492
8;1491
8;1491
8;1490
8;1490
8;1489
8;1489
8;1488
8;1488
8;1487
8;1487
8;1486
8;1486
8;1485
8;1485
8;1484
8;1484
8;1483
8;1483
8;1482
8;1482
8;1481
8;1481
8;1480
8;1480
8;1479
8;1479
8;1478
8;1478
8;1477
8;1477
8;1476
8;1476
8;1475
8;1475
8;1474
8;1474
8;1473
8;1473
8;1472
8;1472
8;1471
8;1471
8;1470
8;1470
8;1469
8;1469
8;1468
8;1468
8;1467
8;1467
8;1466
8;1466
8;1465
8;1465
8;1464
8;1464
8;1463
8;1463
8;1462
8;1462
8;1461
8;1461
8;1460
8;1460
8;1459
8;1459
8;1458
8;1458
8;1457
8;1457
8;1456
8;1456
8;1455
8;1455
8;1454
8;1454
8;1453
8;1453
8;1452
8;1452
8;1451
8;1451
8;1450
8;1450
8;1449
8;1449
8;1448
8;1448
8;1447
8;1447
8;1446
8;1446
8;1445
8;1445
8;1444
8;1444
8;1443
8;1443
8;1442
8;1442
8;1441
8;1441
8;1440
8;1440
8;1439
8;1439
8;1438
8;1438
8;1437
8;1437
8;1436
8;1436
8;1435
8;1435
8;1434
8;1434
8;1433
8;1433
8;1432
8;1432
8;1431
8;1431
8;1430
8;1430
8;1429
8;1429
8;1428
8;1428
8;1427
8;1427
8;1426
8;1426
8;1425
8;1425
8;1424
8;1424
8;1423
8;1423
8;1422
8;1422
8;1421
8;1421
8;1420
8;1420
8;1419
8;1419
8;1418
8;1418
8;1417
8;1417
8;1416
8;1416
8;1415
8;1415
8;1414
8;1414
8;1413
8;1413
8;1412
8;1412
8;1411
8;1411
8;1410
8;1410
8;1409
8;1409
8;1408
8;1408
8;1407
8;1407
8;1406
8;1406
8;1405
8;1405
8;1404
8;1404
8;1403
8;1403
8;1402
8;1402
8;1401
8;1401
8;1400
8;1400
8;1399
8;1399
8;1398
8;1398
8;1397
8;1397
8;1396
8;1396
8;1395
8;1395
8;1394
8;1394
8;1393
8;1393
8;1392
8;1392
8;1391
8;1391
8;1390
8;1390
8;1389
8;1389
8;1388
8;1388
8;1387
8;1387
8;1386
8;1386
8;1385
8;1385
8;1384
8;1384
8;1383
8;1383
8;1382
8;1382
8;1381
8;1381
8;1380
8;1380
8;1379
8;1379
8;1378
8;1378
8;1377
8;1377
8;1376
8;1376
8;1375
8;1375
8;1374
8;1374
8;1373
8;1373
8;1372
8;1372
8;1371
8;1371
8;1370
8;1370
8;1369
8;1369
8;1368
8;1368
8;1367
8;1367
8;1366
8;1366
8;1365
8;1365
8;1364
8;1364
8;1363
8;1363
8;1362
8;1362
8;1361
8;1361
8;1360
8;1360
8;1359
8;1359
8;1358
8;1358
8;1357
8;1357
8;1356
8;1356
8;1355
8;1355
8;1354
8;1354
8;1353
8;1353
8;1352
8;1352
8;1351
8;1351
8;1350
8;1350
8;1349
8;1349
8;1348
8;1348
8;1347
8;1347
8;1346
8;1346
8;1345
8;1345
8;1344
8;1344
8;1343
8;1343
8;1342
8;1342
8;1341
8;1341
8;1340
8;1340
8;1339
8;1339
8;1338
8;1338
8;1337
8;1337
8;1336
8;1336
8;1335
8;1335
8;1334
8;1334
8;1333
8;1333
8;1332
8;1332
8;1331
8;1331
8;1330
8;1330
8;1329
8;1329
8;1328
8;1328
8;1327
8;1327
8;1326
8;1326
8;1325
8;1325
8;1324
8;1324
8;1323
8;1323
8;1322
8;1322
8;1321
8;1321
8;1320
8;1320
8;1319
8;1319
8;1318
8;1318
8;1317
8;1317
8;1316
8;1316
8;1315
8;1315
8;1314
8;1314
8;1313
8;1313
8;1312
8;1312
8;1311
8;1311
8;1310
8;1310
8;1309
8;1309
8;1308
8;1308
8;1307
8;1307
8;1306
8;1306
8;1305
8;1305
8;1304
8;1304
8;1303
8;1303
8;1302
8;1302
8;1301
8;1301
8;1300
8;1300
8;1299
8;1299
8;1298
8;1298
8;1297
8;1297
8;1296
8;1296
8;1295
8;1295
8;1294
8;1294
8;1293
8;1293
8;1292
8;1292
8;1291
8;1291
8;1290
8;1290
8;1289
8;1289
8;1288
8;1288
8;1287
8;1287
8;1286
8;1286
8;1285
8;1285
8;1284
8;1284
8;1283
8;1283
8;1282
8;1282
8;1281
8;1281
8;1280
8;1280
8;1279
8;1279
8;1278
8;1278
8;1277
8;1277
8;1276
8;1276
8;1275
8;1275
8;1274
8;1274
8;1273
8;1273
8;1272
8;1272
8;1271
8;1271
8;1270
8;1270
8;1269
8;1269
8;1268
8;1268
8;1267
8;1267
8;1266
8;1266
8;1265
8;1265
8;1264
8;1264
8;1263
8;1263
8;1262
8;1262
8;1261
8;1261
8;1260
8;1260
8;1259
8;1259
8;1258
8;1258
8;1257
8;1257
8;1256
8;1256
8;1255
8;1255
8;1254
8;1254
8;1253
8;1253
8;1252
8;1252
8;1251
8;1251
8;1250
8;1250
8;1249
8;1249
8;1248
8;1248
8;1247
8;1247
8;1246
8;1246
8;1245
8;1245
8;1244
8;1244
8;1243
8;1243
8;1242
8;1242
8;1241
8;1241
8;1240
8;1240
8;1239
8;1239
8;1238
8;1238
8;1237
8;1237
8;1236
8;1236
8;1235
8;1235
8;1234
8;1234
8;1233
8;1233
8;1232
8;1232
8;1231
8;1231
8;1230
8;1230
8;1229
8;1229
8;1228
8;1228
8;1227
8;1227
8;1226
8;1226
8;1225
8;1225
8;1224
8;1224
8;1223
8;1223
8;1222
8;1222
8;1221
8;1221
8;1220
8;1220
8;1219
8;1219
8;1218
8;1218
8;1217
8;1217
8;1216
8;1216
8;1215
8;1215
8;1214
8;1214
8;1213
8;1213
8;1212
8;1212
8;1211
8;1211
8;1210
8;1210
8;1209
8;1209
8;1208
8;1208
8;1207
8;1207
8;1206
8;1206
8;1205
8;1205
8;1204
8;1204
8;1203
8;1203
8;1202
8;1202
8;1201
8;1201
8;1200
8;1200
8;1199
8;1199
8;1198
8;1198
8;1197
8;1197
8;1196
8;1196
8;1195
8;1195
8;1194
8;1194
8;1193
8;1193
8;1192
8;1192
8;1191
8;1191
8;1190
8;1190
8;1189
8;1189
8;1188
8;1188
8;1187
8;1187
8;1186
8;1186
8;1185
8;1185
8;1184
8;1184
8;1183
8;1183
8;1182
8;1182
8;1181
8;1181
8;1180
8;1180
8;1179
8;1179
8;1178
8;1178
8;1177
8;1177
8;1176
8;1176
8;1175
8;1175
8;1174
8;1174
8;1173
8;1173
8;1172
8;1172
8;1171
8;1171
8;1170
8;1170
8;1169
8;1169
8;1168
8;1168
8;1167
8;1167
8;1166
8;1166
8;1165
8;1165
8;1164
8;1164
8;1163
8;1163
8;1162
8;1162
8;1161
8;1161
8;1160
8;1160
8;1159
8;1159
8;1158
8;1158
8;1157
8;1157
8;1156
8;1156
8;1155
8;1155
8;1154
8;1154
8;1153
8;1153
8;1152
8;1152
8;1151
8;1151
8;1150
8;1150
8;1149
8;1149
8;1148
8;1148
8;1147
8;1147
8;1146
8;1146
8;1145
8;1145
8;1144
8;1144
8;1143
8;1143
8;1142
8;1142
8;1141
8;1141
8;1140
8;1140
8;1139
8;1139
8;1138
8;1138
8;1137
8;1137
8;1136
8;1136
8;1135
8;1135
8;1134
8;1134
8;1133
8;1133
8;1132
8;1132
8;1131
8;1131
8;1130
8;1130
8;1129
8;1129
8;1128
8;1128
8;1127
8;1127
8;1126
8;1126
8;1125
8;1125
8;1124
8;1124
8;1123
8;1123
8;1122
8;1122
8;1121
8;1121
8;1120
8;1120
8;1119
8;1119
8;1118
8;1118
8;1117
8;1117
8;1116
8;1116
8;1115
8;1115
8;1114
8;1114
8;1113
8;1113
8;1112
8;1112
8;1111
8;1111
8;1110
8;1110
8;1109
8;1109
8;1108
8;1108
8;1107
8;1107
8;1106
8;1106
8;1105
8;1105
8;1104
8;1104
8;1103
8;1103
8;1102
8;1102
8;1101
8;1101
8;1100
8;1100
8;1099
8;1099
8;1098
8;1098
8;1097
8;1097
8;1096
8;1096
8;1095
8;1095
8;1094
8;1094
8;1093
8;1093
8;1092
8;1092
8;1091
8;1091
8;1090
8;1090
8;1089
8;1089
8;1088
8;1088
8;1087
8;1087
8;1086
8;1086
8;1085
8;1085
8;1084
8;1084
8;1083
8;1083
8;1082
8;1082
8;1081
8;1081
8;1080
8;1080
8;1079
8;1079
8;1078
8;1078
8;1077
8;1077
8;1076
8;1076
8;1075
8;1075
8;1074
8;1074
8;1073
8;1073
8;1072
8;1072
8;1071
8;1071
8;1070
8;1070
8;1069
8;1069
8;1068
8;1068
8;1067
8;1067
8;1066
8;1066
8;1065
8;1065
8;1064
8;1064
8;1063
8;1063
8;1062
8;1062
8;1061
8;1061
8;1060
8;1060
8;1059
8;1059
8;1058
8;1058
8;1057
8;1057
8;1056
8;1056
8;1055
8;1055
8;1054
8;1054
8;1053
8;1053
8;1052
8;1052
8;1051
8;1051
8;1050
8;1050
8;1049
8;1049
8;1048
8;1048
8;1047
8;1047
8;1046
8;1046
8;1045
8;1045
8;1044
8;1044
8;1043
8;1043
8;1042
8;1042
8;1041
8;1041
8;1040
8;1040
8;1039
8;1039
8;1038
8;1038
8;1037
8;1037
8;1036
8;1036
8;1035
8;1035
8;1034
8;1034
8;1033
8;1033
8;1032
8;1032
8;1031
8;1031
8;1030
8;1030
8;1029
8;1029
8;1028
8;1028
8;1027
8;1027
8;1026
8;1026
8;1025
8;1025
8;1024
8;1024
8;1023
8;1023
8;1022
8;1022
8;1021
8;1021
8;1020
8;1020
8;1019
8;1019
8;1018
8;1018
8;1017
8;1017
8;1016
8;1016
8;1015
8;1015
8;1014
8;1014
8;1013
8;1013
8;1012
8;1012
8;1011
8;1011
8;1010
8;1010
8;1009
8;1009
8;1008
8;1008
8;1007
8;1007
8;1006
8;1006
8;1005
8;1005
8;1004
8;1004
8;1003
8;1003
8;1002
8;1002
8;1001
8;1001
8;1000
8;1000
8;999
8;999
8;998
8;998
8;997
8;997
8;996
8;996
8;995
8;995
8;994
8;994
8;993
8;993
8;992
8;992
8;991
8;991
8;990
8;990
8;989
8;989
8;988
8;988
8;987
8;987
8;986
8;986
8;985
8;985
8;984
8;984
8;983
8;983
8;982
8;982
8;981
8;981
8;980
8;980
8;979
8;979
8;978
8;978
8;977
8;977
8;976
8;976
8;975
8;975
8;974
8;974
8;973
8;973
8;972
8;972
8;971
8;971
8;970
8;970
8;969
8;969
8;968
8;968
8;967
8;967
8;966
8;966
8;965
8;965
8;964
8;964
8;963
8;963
8;962
8;962
8;961
8;961
8;960
8;960
8;959
8;959
8;958
8;958
8;957
8;957
8;956
8;956
8;955
8;955
8;954
8;954
8;953
8;953
8;952
8;952
8;951
8;951
8;950
8;950
8;949
8;949
8;948
8;948
8;947
8;947
8;946
8;946
8;945
8;945
8;944
8;944
8;943
8;943
8;942
8;942
8;941
8;941
8;940
8;940
8;939
8;939
8;938
8;938
8;937
8;937
8;936
8;936
8;935
8;935
8;934
8;934
8;933
8;933
8;932
8;932
8;931
8;931
8;930
8;930
8;929
8;929
8;928
8;928
8;927
8;927
8;926
8;926
8;925
8;925
8;924
8;924
8;923
8;923
8;922
8;922
8;921
8;921
8;920
8;920
8;919
8;919
8;918
8;918
8;917
8;917
8;916
8;916
8;915
8;915
8;914
8;914
8;913
8;913
8;912
8;912
8;911
8;911
8;910
8;910
8;909
8;909
8;908
8;908
8;907
8;907
8;906
8;906
8;905
8;905
8;904
8;904
8;903
8;903
8;902
8;902
8;901
8;901
8;900
8;900
8;899
8;899
8;898
8;898
8;897
8;897
8;896
8;896
8;895
8;895
8;894
8;894
8;893
8;893
8;892
8;892
8;891
8;891
8;890
8;890
8;889
8;889
8;888
8;888
8;887
8;887
8;886
8;886
8;885
8;885
8;884
8;884
8;883
8;883
8;882
8;882
8;881
8;881
8;880
8;880
8;879
8;879
8;878
8;878
8;877
8;877
8;876
8;876
8;875
8;875
8;874
8;874
8;873
8;873
8;872
8;872
8;871
8;871
8;870
8;870
8;869
8;869
8;868
8;868
8;867
8;867
8;866
8;866
8;865
8;865
8;864
8;864
8;863
8;863
8;862
8;862
8;861
8;861
8;860
8;860
8;859
8;859
8;858
8;858
8;857
8;857
8;856
8;856
8;855
8;855
8;854
8;854
8;853
8;853
8;852
8;852
8;851
8;851
8;850
8;850
8;849
8;849
8;848
8;848
8;847
8;847
8;846
8;846
8;845
8;845
8;844
8;844
8;843
8;843
8;842
8;842
8;841
8;841
8;840
8;840
8;839
8;839
8;838
8;838
8;837
8;837
8;836
8;836
8;835
8;835
8;834
8;834
8;833
8;833
8;832
8;832
8;831
8;831
8;830
8;830
8;829
8;829
8;828
8;828
8;827
8;827
8;826
8;826
8;825
8;825
8;824
8;824
8;823
8;823
8;822
8;822
8;821
8;821
8;820
8;820
8;819
8;819
8;818
8;818
8;817
8;817
8;816
8;816
8;815
8;815
8;814
8;814
8;813
8;813
8;812
8;812
8;811
8;811
8;810
8;810
8;809
8;809
8;808
8;808
8;807
8;807
8;806
8;806
8;805
8;805
8;804
8;804
8;803
8;803
8;802
8;802
8;801
8;801
8;800
8;800
8;799
8;799
8;798
8;798
8;797
8;797
8;796
8;796
8;795
8;795
8;794
8;794
8;793
8;793
8;792
8;792
8;791
8;791
8;790
8;790
8;789
8;789
8;788
8;788
8;787
8;787
8;786
8;786
8;785
8;785
8;784
8;784
8;783
8;783
8;782
8;782
8;781
8;781
8;780
8;780
8;779
8;779
8;778
8;778
8;777
8;777
8;776
8;776
8;775
8;775
8;774
8;774
8;773
8;773
8;772
8;772
8;771
8;771
8;770
8;770
8;769
8;769
8;768
8;768
8;767
8;767
8;766
8;766
8;765
8;765
8;764
8;764
8;763
8;763
8;762
8;762
8;761
8;761
8;760
8;760
8;759
8;759
8;758
8;758
8;757
8;757
8;756
8;756
8;755
8;755
8;754
8;754
8;753
8;753
8;752
8;752
8;751
8;751
8;750
8;750
8;749
8;749
8;748
8;748
8;747
8;747
8;746
8;746
8;745
8;745
8;744
8;744
8;743
8;743
8;742
8;742
8;741
8;741
8;740
8;740
8;739
8;739
8;738
8;738
8;737
8;737
8;736
8;736
8;735
8;735
8;734
8;734
8;733
8;733
8;732
8;732
8;731
8;731
8;730
8;730
8;729
8;729
8;728
8;728
8;727
8;727
8;726
8;726
8;725
8;725
8;724
8;724
8;723
8;723
8;722
8;722
8;721
8;721
8;720
8;720
8;719
8;719
8;718
8;718
8;717
8;717
8;716
8;716
8;715
8;715
8;714
8;714
8;713
8;713
8;712
8;712
8;711
8;711
8;710
8;710
8;709
8;709
8;708
8;708
8;707
8;707
8;706
8;706
8;705
8;705
8;704
8;704
8;703
8;703
8;702
8;702
8;701
8;701
8;700
8;700
8;699
8;699
8;698
8;698
8;697
8;697
8;696
8;696
8;695
8;695
8;694
8;694
8;693
8;693
8;692
8;692
8;691
8;691
8;690
8;690
8;689
8;689
8;688
8;688
8;687
8;687
8;686
8;686
8;685
8;685
8;684
8;684
8;683
8;683
8;682
8;682
8;681
8;681
8;680
8;680
8;679
8;679
8;678
8;678
8;677
8;677
8;676
8;676
8;675
8;675
8;674
8;674
8;673
8;673
8;672
8;672
8;671
8;671
8;670
8;670
8;669
8;669
8;668
8;668
8;667
8;667
8;666
8;666
8;665
8;665
8;664
8;664
8;663
8;663
8;662
8;662
8;661
8;661
8;660
8;660
8;659
8;659
8;658
8;658
8;657
8;657
8;656
8;656
8;655
8;655
8;654
8;654
8;653
8;653
8;652
8;652
8;651
8;651
8;650
8;650
8;649
8;649
8;648
8;648
8;647
8;647
8;646
8;646
8;645
8;645
8;644
8;644
8;643
8;643
8;642
8;642
8;641
8;641
8;640
8;640
8;639
8;639
8;638
8;638
8;637
8;637
8;636
8;636
8;635
8;635
8;634
8;634
8;633
8;633
8;632
8;632
8;631
8;631
8;630
8;630
8;629
8;629
8;628
8;628
8;627
8;627
8;626
8;626
8;625
8;625
8;624
8;624
8;623
8;623
8;622
8;622
8;621
8;621
8;620
8;620
8;619
8;619
8;618
8;618
8;617
8;617
8;616
8;616
8;615
8;615
8;614
8;614
8;613
8;613
8;612
8;612
8;611
8;611
8;610
8;610
8;609
8;609
8;608
8;608
8;607
8;607
8;606
8;606
8;605
8;605
8;604
8;604
8;603
8;603
8;602
8;602
8;601
8;601
8;600
8;600
8;599
8;599
8;598
8;598
8;597
8;597
8;596
8;596
8;595
8;595
8;594
8;594
8;593
8;593
8;592
8;592
8;591
8;591
8;590
8;590
8;589
8;589
8;588
8;588
8;587
8;587
8;586
8;586
8;585
8;585
8;584
8;584
8;583
8;583
8;582
8;582
8;581
8;581
8;580
8;580
8;579
8;579
8;578
8;578
8;577
8;577
8;576
8;576
8;575
8;575
8;574
8;574
8;573
8;573
8;572
8;572
8;571
8;571
8;570
8;570
8;569
8;569
8;568
8;568
8;567
8;567
8;566
8;566
8;565
8;565
8;564
8;564
8;563
8;563
8;562
8;562
8;561
8;561
8;560
8;560
8;559
8;559
8;558
8;558
8;557
8;557
8;556
8;556
8;555
8;555
8;554
8;554
8;553
8;553
8;552
8;552
8;551
8;551
8;550
8;550
8;549
8;549
8;548
8;548
8;547
8;547
8;546
8;546
8;545
8;545
8;544
8;544
8;543
8;543
8;542
8;542
8;541
8;541
8;540
8;540
8;539
8;539
8;538
8;538
8;537
8;537
8;536
8;536
8;535
8;535
8;534
8;534
8;533
8;533
8;532
8;532
8;531
8;531
8;530
8;530
8;529
8;529
8;528
8;528
8;527
8;527
8;526
8;526
8;525
8;525
8;524
8;524
8;523
8;523
8;522
8;522
8;521
8;521
8;520
8;520
8;519
8;519
8;518
8;518
8;517
8;517
8;516
8;516
8;515
8;515
8;514
8;514
8;513
8;513
8;512
8;512
8;511
8;511
8;510
8;510
8;509
8;509
8;508
8;508
8;507
8;507
8;506
8;506
8;505
8;505
8;504
8;504
8;503
8;503
8;502
8;502
8;501
8;501
8;500
8;500
8;499
8;499
8;498
8;498
8;497
8;497
8;496
8;496
8;495
8;495
8;494
8;494
8;493
8;493
8;492
8;492
8;491
8;491
8;490
8;490
8;489
8;489
8;488
8;488
8;487
8;487
8;486
8;486
8;485
8;485
8;484
8;484
8;483
8;483
8;482
8;482
8;481
8;481
8;480
8;480
8;479
8;479
8;478
8;478
8;477
8;477
8;476
8;476
8;475
8;475
8;474
8;474
8;473
8;473
8;472
8;472
8;471
8;471
8;470
8;470
8;469
8;469
8;468
8;468
8;467
8;467
8;466
8;466
8;465
8;465
8;464
8;464
8;463
8;463
8;462
8;462
8;461
8;461
8;460
8;460
8;459
8;459
8;458
8;458
8;457
8;457
8;456
8;456
8;455
8;455
8;454
8;454
8;453
8;453
8;452
8;452
8;451
8;451
8;450
8;450
8;449
8;449
8;448
8;448
8;447
8;447
8;446
8;446
8;445
8;445
8;444
8;444
8;443
8;443
8;442
8;442
8;441
8;441
8;440
8;440
8;439
8;439
8;438
8;438
8;437
8;437
8;436
8;436
8;435
8;435
8;434
8;434
8;433
8;433
8;432
8;432
8;431
8;431
8;430
8;430
8;429
8;429
8;428
8;428
8;427
8;427
8;426
8;426
8;425
8;425
8;424
8;424
8;423
8;423
8;422
8;422
8;421
8;421
8;420
8;420
8;419
8;419
8;418
8;418
8;417
8;417
8;416
8;416
8;415
8;415
8;414
8;414
8;413
8;413
8;412
8;412
8;411
8;411
8;410
8;410
8;409
8;409
8;408
8;408
8;407
8;407
8;406
8;406
8;405
8;405
8;404
8;404
8;403
8;403
8;402
8;402
8;401
8;401
8;400
8;400
8;399
8;399
8;398
8;398
8;397
8;397
8;396
8;396
8;395
8;395
8;394
8;394
8;393
8;393
8;392
8;392
8;391
8;391
8;390
8;390
8;389
8;389
8;388
8;388
8;387
8;387
8;386
8;386
8;385
8;385
8;384
8;384
8;383
8;383
8;382
8;382
8;381
8;381
8;380
8;380
8;379
8;379
8;378
8;378
8;377
8;377
8;376
8;376
8;375
8;375
8;374
8;374
8;373
8;373
8;372
8;372
8;371
8;371
8;370
8;370
8;369
8;369
8;368
8;368
8;367
8;367
8;366
8;366
8;365
8;365
8;364
8;364
8;363
8;363
8;362
8;362
8;361
8;361
8;360
8;360
8;359
8;359
8;358
8;358
8;357
8;357
8;356
8;356
8;355
8;355
8;354
8;354
8;353
8;353
8;352
8;352
8;351
8;351
8;350
8;350
8;349
8;349
8;348
8;348
8;347
8;347
8;346
8;346
8;345
8;345
8;344
8;344
8;343
8;343
8;342
8;342
8;341
8;341
8;340
8;340
8;339
8;339
8;338
8;338
8;337
8;337
8;336
8;336
8;335
8;335
8;334
8;334
8;333
8;333
8;332
8;332
8;331
8;331
8;330
8;330
8;329
8;329
8;328
8;328
8;327
8;327
8;326
8;326
8;325
8;325
8;324
8;324
8;323
8;323
8;322
8;322
8;321
8;321
8;320
8;320
8;319
8;319
8;318
8;318
8;317
8;317
8;316
8;316
8;315
8;315
8;314
8;314
8;313
8;313
8;312
8;312
8;311
8;311
8;310
8;310
8;309
8;309
8;308
8;308
8;307
8;307
8;306
8;306
8;305
8;305
8;304
8;304
8;303
8;303
8;302
8;302
8;301
8;301
8;300
8;300
8;299
8;299
8;298
8;298
8;297
8;297
8;296
8;296
8;295
8;295
8;294
8;294
8;293
8;293
8;292
8;292
8;291
8;291
8;290
8;290
8;289
8;289
8;288
8;288
8;287
8;287
8;286
8;286
8;285
8;285
8;284
8;284
8;283
8;283
8;282
8;282
8;281
8;281
8;280
8;280
8;279
8;279
8;278
8;278
8;277
8;277
8;276
8;276
8;275
8;275
8;274
8;274
8;273
8;273
8;272
8;272
8;271
8;271
8;270
8;270
8;269
8;269
8;268
8;268
8;267
8;267
8;266
8;266
8;265
8;265
8;264
8;264
8;263
8;263
8;262
8;262
8;261
8;261
8;260
8;260
8;259
8;259
8;258
8;258
8;257
8;257
8;256
8;256
8;255
8;255
8;254
8;254
8;253
8;253
8;252
8;252
8;251
8;251
8;250
8;250
8;249
8;249
8;248
8;248
8;247
8;247
8;246
8;246
8;245
8;245
8;244
8;244
8;243
8;243
8;242
8;242
8;241
8;241
8;240
8;240
8;239
8;239
8;238
8;238
8;237
8;237
8;236
8;236
8;235
8;235
8;234
8;234
8;233
8;233
8;232
8;232
8;231
8;231
8;230
8;230
8;229
8;229
8;228
8;228
8;227
8;227
8;226
8;226
8;225
8;225
8;224
8;224
8;223
8;223
8;222
8;222
8;221
8;221
8;220
8;220
8;219
8;219
8;218
8;218
8;217
8;217
8;216
8;216
8;215
8;215
8;214
8;214
8;213
8;213
8;212
8;212
8;211
8;211
8;210
8;210
8;209
8;209
8;208
8;208
8;207
8;207
8;206
8;206
8;205
8;205
8;204
8;204
8;203
8;203
8;202
8;202
8;201
8;201
8;200
8;200
8;199
8;199
8;198
8;198
8;197
8;197
8;196
8;196
8;195
8;195
8;194
8;194
8;193
8;193
8;192
8;192
8;191
8;191
8;190
8;190
8;189
8;189
8;188
8;188
8;187
8;187
8;186
8;186
8;185
8;185
8;184
8;184
8;183
8;183
8;182
8;182
8;181
8;181
8;180
8;180
8;179
8;179
8;178
8;178
8;177
8;177
8;176
8;176
8;175
8;175
8;174
8;174
8;173
8;173
8;172
8;172
8;171
8;171
8;170
8;170
8;169
8;169
8;168
8;168
8;167
8;167
8;166
8;166
8;165
8;165
8;164
8;164
8;163
8;163
8;162
8;162
8;161
8;161
8;160
8;160
8;159
8;159
8;158
8;158
8;157
8;157
8;156
8;156
8;155
8;155
8;154
8;154
8;153
8;153
8;152
8;152
8;151
8;151
8;150
8;150
8;149
8;149
8;148
8;148
8;147
8;147
8;146
8;146
8;145
8;145
8;144
8;144
8;143
8;143
8;142
8;142
8;141
8;141
8;140
8;140
8;139
8;139
8;138
8;138
8;137
8;137
8;136
8;136
8;135
8;135
8;134
8;134
8;133
8;133
8;132
8;132
8;131
8;131
8;130
8;130
8;129
8;129
8;128
8;128
8;127
8;127
8;126
8;126
8;125
8;125
8;124
8;124
8;123
8;123
8;122
8;122
8;121
8;121
8;120
8;120
8;119
8;119
8;118
8;118
8;117
8;117
8;116
8;116
8;115
8;115
8;114
8;114
8;113
8;113
8;112
8;112
8;111
8;111
8;110
8;110
8;109
8;109
8;108
8;108
8;107
8;107
8;106
8;106
8;105
8;105
8;104
8;104
8;103
8;103
8;102
8;102
8;101
8;101
8;100
8;100
8;99
8;99
8;98
8;98
8;97
8;97
8;96
8;96
8;95
8;95
8;94
8;94
8;93
8;93
8;92
8;92
8;91
8;91
8;90
8;90
8;89
8;89
8;88
8;88
8;87
8;87
8;86
8;86
8;85
8;85
8;84
8;84
8;83
8;83
8;82
8;82
8;81
8;81
8;80
8;80
8;79
8;79
8;78
8;78
8;77
8;77
8;76
8;76
8;75
8;75
8;74
8;74
8;73
8;73
8;72
8;72
8;71
8;71
8;70
8;70
8;69
8;69
8;68
8;68
8;67
8;67
8;66
8;66
8;65
8;65
8;64
8;64
8;63
8;63
8;62
8;62
8;61
8;61
8;60
8;60
8;59
8;59
8;58
8;58
8;57
8;57
8;56
8;56
8;55
8;55
8;54
8;54
8;53
8;53
8;52
8;52
8;51
8;51
8;50
8;50
8;49
8;49
8;48
8;48
8;47
8;47
8;46
8;46
8;45
8;45
8;44
8;44
8;43
8;43
8;42
8;42
8;41
8;41
8;40
8;40
8;39
8;39
8;38
8;38
8;37
8;37
8;36
8;36
8;35
8;35
8;34
8;34
8;33
8;33
8;32
8;32
8;31
8;31
8;30
8;30
8;29
8;29
8;28
8;28
8;27
8;27
8;26
8;26
8;25
8;25
8;24
8;24
8;23
8;23
8;22
8;22
8;21
8;21
8;20
8;20
8;19
8;19
8;18
8;18
8;17
8;17
8;16
8;16
8;15
8;15
8;14
8;14
8;13
8;13
8;12
8;12
8;11
8;11
8;10
8;10
8;9
8;9
8;8
8;8
8;7
8;7
8;6
8;6
8;5
8;5
8;4
8;4
8;3
8;3
8;2
8;2
8;1
8;1
9;1777
9;1777
9;1776
9;1776
9;1775
9;1775
9;1774
9;1774
9;1773
9;1773
9;1772
9;1772
9;1771
9;1771
9;1770
9;1770
9;1769
9;1769
9;1768
9;1768
9;1767
9;1767
9;1766
9;1766
9;1765
9;1765
9;1764
9;1764
9;1763
9;1763
9;1762
9;1762
9;1761
9;1761
9;1760
9;1760
9;1759
9;1759
9;1758
9;1758
9;1757
9;1757
9;1756
9;1756
9;1755
9;1755
9;1754
9;1754
9;1753
9;1753
9;1752
9;1752
9;1751
9;1751
9;1750
9;1750
9;1749
9;1749
9;1748
9;1748
9;1747
9;1747
9;1746
9;1746
9;1745
9;1745
9;1744
9;1744
9;1743
9;1743
9;1742
9;1742
9;1741
9;1741
9;1740
9;1740
9;1739
9;1739
9;1738
9;1738
9;1737
9;1737
9;1736
9;1736
9;1735
9;1735
9;1734
9;1734
9;1733
9;1733
9;1732
9;1732
9;1731
9;1731
9;1730
9;1730
9;1729
9;1729
9;1728
9;1728
9;1727
9;1727
9;1726
9;1726
9;1725
9;1725
9;1724
9;1724
9;1723
9;1723
9;1722
9;1722
9;1721
9;1721
9;1720
9;1720
9;1719
9;1719
9;1718
9;1718
9;1717
9;1717
9;1716
9;1716
9;1715
9;1715
9;1714
9;1714
9;1713
9;1713
9;1712
9;1712
9;1711
9;1711
9;1710
9;1710
9;1709
9;1709
9;1708
9;1708
9;1707
9;1707
9;1706
9;1706
9;1705
9;1705
9;1704
9;1704
9;1703
9;1703
9;1702
9;1702
9;1701
9;1701
9;1700
9;1700
9;1699
9;1699
9;1698
9;1698
9;1697
9;1697
9;1696
9;1696
9;1695
9;1695
9;1694
9;1694
9;1693
9;1693
9;1692
9;1692
9;1691
9;1691
9;1690
9;1690
9;1689
9;1689
9;1688
9;1688
9;1687
9;1687
9;1686
9;1686
9;1685
9;1685
9;1684
9;1684
9;1683
9;1683
9;1682
9;1682
9;1681
9;1681
9;1680
9;1680
9;1679
9;1679
9;1678
9;1678
9;1677
9;1677
9;1676
9;1676
9;1675
9;1675
9;1674
9;1674
9;1673
9;1673
9;1672
9;1672
9;1671
9;1671
9;1670
9;1670
9;1669
9;1669
9;1668
9;1668
9;1667
9;1667
9;1666
9;1666
9;1665
9;1665
9;1664
9;1664
9;1663
9;1663
9;1662
9;1662
9;1661
9;1661
9;1660
9;1660
9;1659
9;1659
9;1658
9;1658
9;1657
9;1657
9;1656
9;1656
9;1655
9;1655
9;1654
9;1654
9;1653
9;1653
9;1652
9;1652
9;1651
9;1651
9;1650
9;1650
9;1649
9;1649
9;1648
9;1648
9;1647
9;1647
9;1646
9;1646
9;1645
9;1645
9;1644
9;1644
9;1643
9;1643
9;1642
9;1642
9;1641
9;1641
9;1640
9;1640
9;1639
9;1639
9;1638
9;1638
9;1637
9;1637
9;1636
9;1636
9;1635
9;1635
9;1634
9;1634
9;1633
9;1633
9;1632
9;1632
9;1631
9;1631
9;1630
9;1630
9;1629
9;1629
9;1628
9;1628
9;1627
9;1627
9;1626
9;1626
9;1625
9;1625
9;1624
9;1624
9;1623
9;1623
9;1622
9;1622
9;1621
9;1621
9;1620
9;1620
9;1619
9;1619
9;1618
9;1618
9;1617
9;1617
9;1616
9;1616
9;1615
9;1615
9;1614
9;1614
9;1613
9;1613
9;1612
9;1612
9;1611
9;1611
9;1610
9;1610
9;1609
9;1609
9;1608
9;1608
9;1607
9;1607
9;1606
9;1606
9;1605
9;1605
9;1604
9;1604
9;1603
9;1603
9;1602
9;1602
9;1601
9;1601
9;1600
9;1600
9;1599
9;1599
9;1598
9;1598
9;1597
9;1597
9;1596
9;1596
9;1595
9;1595
9;1594
9;1594
9;1593
9;1593
9;1592
9;1592
9;1591
9;1591
9;1590
9;1590
9;1589
9;1589
9;1588
9;1588
9;1587
9;1587
9;1586
9;1586
9;1585
9;1585
9;1584
9;1584
9;1583
9;1583
9;1582
9;1582
9;1581
9;1581
9;1580
9;1580
9;1579
9;1579
9;1578
9;1578
9;1577
9;1577
9;1576
9;1576
9;1575
9;1575
9;1574
9;1574
9;1573
9;1573
9;1572
9;1572
9;1571
9;1571
9;1570
9;1570
9;1569
9;1569
9;1568
9;1568
9;1567
9;1567
9;1566
9;1566
9;1565
9;1565
9;1564
9;1564
9;1563
9;1563
9;1562
9;1562
9;1561
9;1561
9;1560
9;1560
9;1559
9;1559
9;1558
9;1558
9;1557
9;1557
9;1556
9;1556
9;1555
9;1555
9;1554
9;1554
9;1553
9;1553
9;1552
9;1552
9;1551
9;1551
9;1550
9;1550
9;1549
9;1549
9;1548
9;1548
9;1547
9;1547
9;1546
9;1546
9;1545
9;1545
9;1544
9;1544
9;1543
9;1543
9;1542
9;1542
9;1541
9;1541
9;1540
9;1540
9;1539
9;1539
9;1538
9;1538
9;1537
9;1537
9;1536
9;1536
9;1535
9;1535
9;1534
9;1534
9;1533
9;1533
9;1532
9;1532
9;1531
9;1531
9;1530
9;1530
9;1529
9;1529
9;1528
9;1528
9;1527
9;1527
9;1526
9;1526
9;1525
9;1525
9;1524
9;1524
9;1523
9;1523
9;1522
9;1522
9;1521
9;1521
9;1520
9;1520
9;1519
9;1519
9;1518
9;1518
9;1517
9;1517
9;1516
9;1516
9;1515
9;1515
9;1514
9;1514
9;1513
9;1513
9;1512
9;1512
9;1511
9;1511
9;1510
9;1510
9;1509
9;1509
9;1508
9;1508
9;1507
9;1507
9;1506
9;1506
9;1505
9;1505
9;1504
9;1504
9;1503
9;1503
9;1502
9;1502
9;1501
9;1501
9;1500
9;1500
9;1499
9;1499
9;1498
9;1498
9;1497
9;1497
9;1496
9;1496
9;1495
9;1495
9;1494
9;1494
9;1493
9;1493
9;1492
9;1492
9;1491
9;1491
9;1490
9;1490
9;1489
9;1489
9;1488
9;1488
9;1487
9;1487
9;1486
9;1486
9;1485
9;1485
9;1484
9;1484
9;1483
9;1483
9;1482
9;1482
9;1481
9;1481
9;1480
9;1480
9;1479
9;1479
9;1478
9;1478
9;1477
9;1477
9;1476
9;1476
9;1475
9;1475
9;1474
9;1474
9;1473
9;1473
9;1472
9;1472
9;1471
9;1471
9;1470
9;1470
9;1469
9;1469
9;1468
9;1468
9;1467
9;1467
9;1466
9;1466
9;1465
9;1465
9;1464
9;1464
9;1463
9;1463
9;1462
9;1462
9;1461
9;1461
9;1460
9;1460
9;1459
9;1459
9;1458
9;1458
9;1457
9;1457
9;1456
9;1456
9;1455
9;1455
9;1454
9;1454
9;1453
9;1453
9;1452
9;1452
9;1451
9;1451
9;1450
9;1450
9;1449
9;1449
9;1448
9;1448
9;1447
9;1447
9;1446
9;1446
9;1445
9;1445
9;1444
9;1444
9;1443
9;1443
9;1442
9;1442
9;1441
9;1441
9;1440
9;1440
9;1439
9;1439
9;1438
9;1438
9;1437
9;1437
9;1436
9;1436
9;1435
9;1435
9;1434
9;1434
9;1433
9;1433
9;1432
9;1432
9;1431
9;1431
9;1430
9;1430
9;1429
9;1429
9;1428
9;1428
9;1427
9;1427
9;1426
9;1426
9;1425
9;1425
9;1424
9;1424
9;1423
9;1423
9;1422
9;1422
9;1421
9;1421
9;1420
9;1420
9;1419
9;1419
9;1418
9;1418
9;1417
9;1417
9;1416
9;1416
9;1415
9;1415
9;1414
9;1414
9;1413
9;1413
9;1412
9;1412
9;1411
9;1411
9;1410
9;1410
9;1409
9;1409
9;1408
9;1408
9;1407
9;1407
9;1406
9;1406
9;1405
9;1405
9;1404
9;1404
9;1403
9;1403
9;1402
9;1402
9;1401
9;1401
9;1400
9;1400
9;1399
9;1399
9;1398
9;1398
9;1397
9;1397
9;1396
9;1396
9;1395
9;1395
9;1394
9;1394
9;1393
9;1393
9;1392
9;1392
9;1391
9;1391
9;1390
9;1390
9;1389
9;1389
9;1388
9;1388
9;1387
9;1387
9;1386
9;1386
9;1385
9;1385
9;1384
9;1384
9;1383
9;1383
9;1382
9;1382
9;1381
9;1381
9;1380
9;1380
9;1379
9;1379
9;1378
9;1378
9;1377
9;1377
9;1376
9;1376
9;1375
9;1375
9;1374
9;1374
9;1373
9;1373
9;1372
9;1372
9;1371
9;1371
9;1370
9;1370
9;1369
9;1369
9;1368
9;1368
9;1367
9;1367
9;1366
9;1366
9;1365
9;1365
9;1364
9;1364
9;1363
9;1363
9;1362
9;1362
9;1361
9;1361
9;1360
9;1360
9;1359
9;1359
9;1358
9;1358
9;1357
9;1357
9;1356
9;1356
9;1355
9;1355
9;1354
9;1354
9;1353
9;1353
9;1352
9;1352
9;1351
9;1351
9;1350
9;1350
9;1349
9;1349
9;1348
9;1348
9;1347
9;1347
9;1346
9;1346
9;1345
9;1345
9;1344
9;1344
9;1343
9;1343
9;1342
9;1342
9;1341
9;1341
9;1340
9;1340
9;1339
9;1339
9;1338
9;1338
9;1337
9;1337
9;1336
9;1336
9;1335
9;1335
9;1334
9;1334
9;1333
9;1333
9;1332
9;1332
9;1331
9;1331
9;1330
9;1330
9;1329
9;1329
9;1328
9;1328
9;1327
9;1327
9;1326
9;1326
9;1325
9;1325
9;1324
9;1324
9;1323
9;1323
9;1322
9;1322
9;1321
9;1321
9;1320
9;1320
9;1319
9;1319
9;1318
9;1318
9;1317
9;1317
9;1316
9;1316
9;1315
9;1315
9;1314
9;1314
9;1313
9;1313
9;1312
9;1312
9;1311
9;1311
9;1310
9;1310
9;1309
9;1309
9;1308
9;1308
9;1307
9;1307
9;1306
9;1306
9;1305
9;1305
9;1304
9;1304
9;1303
9;1303
9;1302
9;1302
9;1301
9;1301
9;1300
9;1300
9;1299
9;1299
9;1298
9;1298
9;1297
9;1297
9;1296
9;1296
9;1295
9;1295
9;1294
9;1294
9;1293
9;1293
9;1292
9;1292
9;1291
9;1291
9;1290
9;1290
9;1289
9;1289
9;1288
9;1288
9;1287
9;1287
9;1286
9;1286
9;1285
9;1285
9;1284
9;1284
9;1283
9;1283
9;1282
9;1282
9;1281
9;1281
9;1280
9;1280
9;1279
9;1279
9;1278
9;1278
9;1277
9;1277
9;1276
9;1276
9;1275
9;1275
9;1274
9;1274
9;1273
9;1273
9;1272
9;1272
9;1271
9;1271
9;1270
9;1270
9;1269
9;1269
9;1268
9;1268
9;1267
9;1267
9;1266
9;1266
9;1265
9;1265
9;1264
9;1264
9;1263
9;1263
9;1262
9;1262
9;1261
9;1261
9;1260
9;1260
9;1259
9;1259
9;1258
9;1258
9;1257
9;1257
9;1256
9;1256
9;1255
9;1255
9;1254
9;1254
9;1253
9;1253
9;1252
9;1252
9;1251
9;1251
9;1250
9;1250
9;1249
9;1249
9;1248
9;1248
9;1247
9;1247
9;1246
9;1246
9;1245
9;1245
9;1244
9;1244
9;1243
9;1243
9;1242
9;1242
9;1241
9;1241
9;1240
9;1240
9;1239
9;1239
9;1238
9;1238
9;1237
9;1237
9;1236
9;1236
9;1235
9;1235
9;1234
9;1234
9;1233
9;1233
9;1232
9;1232
9;1231
9;1231
9;1230
9;1230
9;1229
9;1229
9;1228
9;1228
9;1227
9;1227
9;1226
9;1226
9;1225
9;1225
9;1224
9;1224
9;1223
9;1223
9;1222
9;1222
9;1221
9;1221
9;1220
9;1220
9;1219
9;1219
9;1218
9;1218
9;1217
9;1217
9;1216
9;1216
9;1215
9;1215
9;1214
9;1214
9;1213
9;1213
9;1212
9;1212
9;1211
9;1211
9;1210
9;1210
9;1209
9;1209
9;1208
9;1208
9;1207
9;1207
9;1206
9;1206
9;1205
9;1205
9;1204
9;1204
9;1203
9;1203
9;1202
9;1202
9;1201
9;1201
9;1200
9;1200
9;1199
9;1199
9;1198
9;1198
9;1197
9;1197
9;1196
9;1196
9;1195
9;1195
9;1194
9;1194
9;1193
9;1193
9;1192
9;1192
9;1191
9;1191
9;1190
9;1190
9;1189
9;1189
9;1188
9;1188
9;1187
9;1187
9;1186
9;1186
9;1185
9;1185
9;1184
9;1184
9;1183
9;1183
9;1182
9;1182
9;1181
9;1181
9;1180
9;1180
9;1179
9;1179
9;1178
9;1178
9;1177
9;1177
9;1176
9;1176
9;1175
9;1175
9;1174
9;1174
9;1173
9;1173
9;1172
9;1172
9;1171
9;1171
9;1170
9;1170
9;1169
9;1169
9;1168
9;1168
9;1167
9;1167
9;1166
9;1166
9;1165
9;1165
9;1164
9;1164
9;1163
9;1163
9;1162
9;1162
9;1161
9;1161
9;1160
9;1160
9;1159
9;1159
9;1158
9;1158
9;1157
9;1157
9;1156
9;1156
9;1155
9;1155
9;1154
9;1154
9;1153
9;1153
9;1152
9;1152
9;1151
9;1151
9;1150
9;1150
9;1149
9;1149
9;1148
9;1148
9;1147
9;1147
9;1146
9;1146
9;1145
9;1145
9;1144
9;1144
9;1143
9;1143
9;1142
9;1142
9;1141
9;1141
9;1140
9;1140
9;1139
9;1139
9;1138
9;1138
9;1137
9;1137
9;1136
9;1136
9;1135
9;1135
9;1134
9;1134
9;1133
9;1133
9;1132
9;1132
9;1131
9;1131
9;1130
9;1130
9;1129
9;1129
9;1128
9;1128
9;1127
9;1127
9;1126
9;1126
9;1125
9;1125
9;1124
9;1124
9;1123
9;1123
9;1122
9;1122
9;1121
9;1121
9;1120
9;1120
9;1119
9;1119
9;1118
9;1118
9;1117
9;1117
9;1116
9;1116
9;1115
9;1115
9;1114
9;1114
9;1113
9;1113
9;1112
9;1112
9;1111
9;1111
9;1110
9;1110
9;1109
9;1109
9;1108
9;1108
9;1107
9;1107
9;1106
9;1106
9;1105
9;1105
9;1104
9;1104
9;1103
9;1103
9;1102
9;1102
9;1101
9;1101
9;1100
9;1100
9;1099
9;1099
9;1098
9;1098
9;1097
9;1097
9;1096
9;1096
9;1095
9;1095
9;1094
9;1094
9;1093
9;1093
9;1092
9;1092
9;1091
9;1091
9;1090
9;1090
9;1089
9;1089
9;1088
9;1088
9;1087
9;1087
9;1086
9;1086
9;1085
9;1085
9;1084
9;1084
9;1083
9;1083
9;1082
9;1082
9;1081
9;1081
9;1080
9;1080
9;1079
9;1079
9;1078
9;1078
9;1077
9;1077
9;1076
9;1076
9;1075
9;1075
9;1074
9;1074
9;1073
9;1073
9;1072
9;1072
9;1071
9;1071
9;1070
9;1070
9;1069
9;1069
9;1068
9;1068
9;1067
9;1067
9;1066
9;1066
9;1065
9;1065
9;1064
9;1064
9;1063
9;1063
9;1062
9;1062
9;1061
9;1061
9;1060
9;1060
9;1059
9;1059
9;1058
9;1058
9;1057
9;1057
9;1056
9;1056
9;1055
9;1055
9;1054
9;1054
9;1053
9;1053
9;1052
9;1052
9;1051
9;1051
9;1050
9;1050
9;1049
9;1049
9;1048
9;1048
9;1047
9;1047
9;1046
9;1046
9;1045
9;1045
9;1044
9;1044
9;1043
9;1043
9;1042
9;1042
9;1041
9;1041
9;1040
9;1040
9;1039
9;1039
9;1038
9;1038
9;1037
9;1037
9;1036
9;1036
9;1035
9;1035
9;1034
9;1034
9;1033
9;1033
9;1032
9;1032
9;1031
9;1031
9;1030
9;1030
9;1029
9;1029
9;1028
9;1028
9;1027
9;1027
9;1026
9;1026
9;1025
9;1025
9;1024
9;1024
9;1023
9;1023
9;1022
9;1022
9;1021
9;1021
9;1020
9;1020
9;1019
9;1019
9;1018
9;1018
9;1017
9;1017
9;1016
9;1016
9;1015
9;1015
9;1014
9;1014
9;1013
9;1013
9;1012
9;1012
9;1011
9;1011
9;1010
9;1010
9;1009
9;1009
9;1008
9;1008
9;1007
9;1007
9;1006
9;1006
9;1005
9;1005
9;1004
9;1004
9;1003
9;1003
9;1002
9;1002
9;1001
9;1001
9;1000
9;1000
9;999
9;999
9;998
9;998
9;997
9;997
9;996
9;996
9;995
9;995
9;994
9;994
9;993
9;993
9;992
9;992
9;991
9;991
9;990
9;990
9;989
9;989
9;988
9;988
9;987
9;987
9;986
9;986
9;985
9;985
9;984
9;984
9;983
9;983
9;982
9;982
9;981
9;981
9;980
9;980
9;979
9;979
9;978
9;978
9;977
9;977
9;976
9;976
9;975
9;975
9;974
9;974
9;973
9;973
9;972
9;972
9;971
9;971
9;970
9;970
9;969
9;969
9;968
9;968
9;967
9;967
9;966
9;966
9;965
9;965
9;964
9;964
9;963
9;963
9;962
9;962
9;961
9;961
9;960
9;960
9;959
9;959
9;958
9;958
9;957
9;957
9;956
9;956
9;955
9;955
9;954
9;954
9;953
9;953
9;952
9;952
9;951
9;951
9;950
9;950
9;949
9;949
9;948
9;948
9;947
9;947
9;946
9;946
9;945
9;945
9;944
9;944
9;943
9;943
9;942
9;942
9;941
9;941
9;940
9;940
9;939
9;939
9;938
9;938
9;937
9;937
9;936
9;936
9;935
9;935
9;934
9;934
9;933
9;933
9;932
9;932
9;931
9;931
9;930
9;930
9;929
9;929
9;928
9;928
9;927
9;927
9;926
9;926
9;925
9;925
9;924
9;924
9;923
9;923
9;922
9;922
9;921
9;921
9;920
9;920
9;919
9;919
9;918
9;918
9;917
9;917
9;916
9;916
9;915
9;915
9;914
9;914
9;913
9;913
9;912
9;912
9;911
9;911
9;910
9;910
9;909
9;909
9;908
9;908
9;907
9;907
9;906
9;906
9;905
9;905
9;904
9;904
9;903
9;903
9;902
9;902
9;901
9;901
9;900
9;900
9;899
9;899
9;898
9;898
9;897
9;897
9;896
9;896
9;895
9;895
9;894
9;894
9;893
9;893
9;892
9;892
9;891
9;891
9;890
9;890
9;889
9;889
9;888
9;888
9;887
9;887
9;886
9;886
9;885
9;885
9;884
9;884
9;883
9;883
9;882
9;882
9;881
9;881
9;880
9;880
9;879
9;879
9;878
9;878
9;877
9;877
9;876
9;876
9;875
9;875
9;874
9;874
9;873
9;873
9;872
9;872
9;871
9;871
9;870
9;870
9;869
9;869
9;868
9;868
9;867
9;867
9;866
9;866
9;865
9;865
9;864
9;864
9;863
9;863
9;862
9;862
9;861
9;861
9;860
9;860
9;859
9;859
9;858
9;858
9;857
9;857
9;856
9;856
9;855
9;855
9;854
9;854
9;853
9;853
9;852
9;852
9;851
9;851
9;850
9;850
9;849
9;849
9;848
9;848
9;847
9;847
9;846
9;846
9;845
9;845
9;844
9;844
9;843
9;843
9;842
9;842
9;841
9;841
9;840
9;840
9;839
9;839
9;838
9;838
9;837
9;837
9;836
9;836
9;835
9;835
9;834
9;834
9;833
9;833
9;832
9;832
9;831
9;831
9;830
9;830
9;829
9;829
9;828
9;828
9;827
9;827
9;826
9;826
9;825
9;825
9;824
9;824
9;823
9;823
9;822
9;822
9;821
9;821
9;820
9;820
9;819
9;819
9;818
9;818
9;817
9;817
9;816
9;816
9;815
9;815
9;814
9;814
9;813
9;813
9;812
9;812
9;811
9;811
9;810
9;810
9;809
9;809
9;808
9;808
9;807
9;807
9;806
9;806
9;805
9;805
9;804
9;804
9;803
9;803
9;802
9;802
9;801
9;801
9;800
9;800
9;799
9;799
9;798
9;798
9;797
9;797
9;796
9;796
9;795
9;795
9;794
9;794
9;793
9;793
9;792
9;792
9;791
9;791
9;790
9;790
9;789
9;789
9;788
9;788
9;787
9;787
9;786
9;786
9;785
9;785
9;784
9;784
9;783
9;783
9;782
9;782
9;781
9;781
9;780
9;780
9;779
9;779
9;778
9;778
9;777
9;777
9;776
9;776
9;775
9;775
9;774
9;774
9;773
9;773
9;772
9;772
9;771
9;771
9;770
9;770
9;769
9;769
9;768
9;768
9;767
9;767
9;766
9;766
9;765
9;765
9;764
9;764
9;763
9;763
9;762
9;762
9;761
9;761
9;760
9;760
9;759
9;759
9;758
9;758
9;757
9;757
9;756
9;756
9;755
9;755
9;754
9;754
9;753
9;753
9;752
9;752
9;751
9;751
9;750
9;750
9;749
9;749
9;748
9;748
9;747
9;747
9;746
9;746
9;745
9;745
9;744
9;744
9;743
9;743
9;742
9;742
9;741
9;741
9;740
9;740
9;739
9;739
9;738
9;738
9;737
9;737
9;736
9;736
9;735
9;735
9;734
9;734
9;733
9;733
9;732
9;732
9;731
9;731
9;730
9;730
9;729
9;729
9;728
9;728
9;727
9;727
9;726
9;726
9;725
9;725
9;724
9;724
9;723
9;723
9;722
9;722
9;721
9;721
9;720
9;720
9;719
9;719
9;718
9;718
9;717
9;717
9;716
9;716
9;715
9;715
9;714
9;714
9;713
9;713
9;712
9;712
9;711
9;711
9;710
9;710
9;709
9;709
9;708
9;708
9;707
9;707
9;706
9;706
9;705
9;705
9;704
9;704
9;703
9;703
9;702
9;702
9;701
9;701
9;700
9;700
9;699
9;699
9;698
9;698
9;697
9;697
9;696
9;696
9;695
9;695
9;694
9;694
9;693
9;693
9;692
9;692
9;691
9;691
9;690
9;690
9;689
9;689
9;688
9;688
9;687
9;687
9;686
9;686
9;685
9;685
9;684
9;684
9;683
9;683
9;682
9;682
9;681
9;681
9;680
9;680
9;679
9;679
9;678
9;678
9;677
9;677
9;676
9;676
9;675
9;675
9;674
9;674
9;673
9;673
9;672
9;672
9;671
9;671
9;670
9;670
9;669
9;669
9;668
9;668
9;667
9;667
9;666
9;666
9;665
9;665
9;664
9;664
9;663
9;663
9;662
9;662
9;661
9;661
9;660
9;660
9;659
9;659
9;658
9;658
9;657
9;657
9;656
9;656
9;655
9;655
9;654
9;654
9;653
9;653
9;652
9;652
9;651
9;651
9;650
9;650
9;649
9;649
9;648
9;648
9;647
9;647
9;646
9;646
9;645
9;645
9;644
9;644
9;643
9;643
9;642
9;642
9;641
9;641
9;640
9;640
9;639
9;639
9;638
9;638
9;637
9;637
9;636
9;636
9;635
9;635
9;634
9;634
9;633
9;633
9;632
9;632
9;631
9;631
9;630
9;630
9;629
9;629
9;628
9;628
9;627
9;627
9;626
9;626
9;625
9;625
9;624
9;624
9;623
9;623
9;622
9;622
9;621
9;621
9;620
9;620
9;619
9;619
9;618
9;618
9;617
9;617
9;616
9;616
9;615
9;615
9;614
9;614
9;613
9;613
9;612
9;612
9;611
9;611
9;610
9;610
9;609
9;609
9;608
9;608
9;607
9;607
9;606
9;606
9;605
9;605
9;604
9;604
9;603
9;603
9;602
9;602
9;601
9;601
9;600
9;600
9;599
9;599
9;598
9;598
9;597
9;597
9;596
9;596
9;595
9;595
9;594
9;594
9;593
9;593
9;592
9;592
9;591
9;591
9;590
9;590
9;589
9;589
9;588
9;588
9;587
9;587
9;586
9;586
9;585
9;585
9;584
9;584
9;583
9;583
9;582
9;582
9;581
9;581
9;580
9;580
9;579
9;579
9;578
9;578
9;577
9;577
9;576
9;576
9;575
9;575
9;574
9;574
9;573
9;573
9;572
9;572
9;571
9;571
9;570
9;570
9;569
9;569
9;568
9;568
9;567
9;567
9;566
9;566
9;565
9;565
9;564
9;564
9;563
9;563
9;562
9;562
9;561
9;561
9;560
9;560
9;559
9;559
9;558
9;558
9;557
9;557
9;556
9;556
9;555
9;555
9;554
9;554
9;553
9;553
9;552
9;552
9;551
9;551
9;550
9;550
9;549
9;549
9;548
9;548
9;547
9;547
9;546
9;546
9;545
9;545
9;544
9;544
9;543
9;543
9;542
9;542
9;541
9;541
9;540
9;540
9;539
9;539
9;538
9;538
9;537
9;537
9;536
9;536
9;535
9;535
9;534
9;534
9;533
9;533
9;532
9;532
9;531
9;531
9;530
9;530
9;529
9;529
9;528
9;528
9;527
9;527
9;526
9;526
9;525
9;525
9;524
9;524
9;523
9;523
9;522
9;522
9;521
9;521
9;520
9;520
9;519
9;519
9;518
9;518
9;517
9;517
9;516
9;516
9;515
9;515
9;514
9;514
9;513
9;513
9;512
9;512
9;511
9;511
9;510
9;510
9;509
9;509
9;508
9;508
9;507
9;507
9;506
9;506
9;505
9;505
9;504
9;504
9;503
9;503
9;502
9;502
9;501
9;501
9;500
9;500
9;499
9;499
9;498
9;498
9;497
9;497
9;496
9;496
9;495
9;495
9;494
9;494
9;493
9;493
9;492
9;492
9;491
9;491
9;490
9;490
9;489
9;489
9;488
9;488
9;487
9;487
9;486
9;486
9;485
9;485
9;484
9;484
9;483
9;483
9;482
9;482
9;481
9;481
9;480
9;480
9;479
9;479
9;478
9;478
9;477
9;477
9;476
9;476
9;475
9;475
9;474
9;474
9;473
9;473
9;472
9;472
9;471
9;471
9;470
9;470
9;469
9;469
9;468
9;468
9;467
9;467
9;466
9;466
9;465
9;465
9;464
9;464
9;463
9;463
9;462
9;462
9;461
9;461
9;460
9;460
9;459
9;459
9;458
9;458
9;457
9;457
9;456
9;456
9;455
9;455
9;454
9;454
9;453
9;453
9;452
9;452
9;451
9;451
9;450
9;450
9;449
9;449
9;448
9;448
9;447
9;447
9;446
9;446
9;445
9;445
9;444
9;444
9;443
9;443
9;442
9;442
9;441
9;441
9;440
9;440
9;439
9;439
9;438
9;438
9;437
9;437
9;436
9;436
9;435
9;435
9;434
9;434
9;433
9;433
9;432
9;432
9;431
9;431
9;430
9;430
9;429
9;429
9;428
9;428
9;427
9;427
9;426
9;426
9;425
9;425
9;424
9;424
9;423
9;423
9;422
9;422
9;421
9;421
9;420
9;420
9;419
9;419
9;418
9;418
9;417
9;417
9;416
9;416
9;415
9;415
9;414
9;414
9;413
9;413
9;412
9;412
9;411
9;411
9;410
9;410
9;409
9;409
9;408
9;408
9;407
9;407
9;406
9;406
9;405
9;405
9;404
9;404
9;403
9;403
9;402
9;402
9;401
9;401
9;400
9;400
9;399
9;399
9;398
9;398
9;397
9;397
9;396
9;396
9;395
9;395
9;394
9;394
9;393
9;393
9;392
9;392
9;391
9;391
9;390
9;390
9;389
9;389
9;388
9;388
9;387
9;387
9;386
9;386
9;385
9;385
9;384
9;384
9;383
9;383
9;382
9;382
9;381
9;381
9;380
9;380
9;379
9;379
9;378
9;378
9;377
9;377
9;376
9;376
9;375
9;375
9;374
9;374
9;373
9;373
9;372
9;372
9;371
9;371
9;370
9;370
9;369
9;369
9;368
9;368
9;367
9;367
9;366
9;366
9;365
9;365
9;364
9;364
9;363
9;363
9;362
9;362
9;361
9;361
9;360
9;360
9;359
9;359
9;358
9;358
9;357
9;357
9;356
9;356
9;355
9;355
9;354
9;354
9;353
9;353
9;352
9;352
9;351
9;351
9;350
9;350
9;349
9;349
9;348
9;348
9;347
9;347
9;346
9;346
9;345
9;345
9;344
9;344
9;343
9;343
9;342
9;342
9;341
9;341
9;340
9;340
9;339
9;339
9;338
9;338
9;337
9;337
9;336
9;336
9;335
9;335
9;334
9;334
9;333
9;333
9;332
9;332
9;331
9;331
9;330
9;330
9;329
9;329
9;328
9;328
9;327
9;327
9;326
9;326
9;325
9;325
9;324
9;324
9;323
9;323
9;322
9;322
9;321
9;321
9;320
9;320
9;319
9;319
9;318
9;318
9;317
9;317
9;316
9;316
9;315
9;315
9;314
9;314
9;313
9;313
9;312
9;312
9;311
9;311
9;310
9;310
9;309
9;309
9;308
9;308
9;307
9;307
9;306
9;306
9;305
9;305
9;304
9;304
9;303
9;303
9;302
9;302
9;301
9;301
9;300
9;300
9;299
9;299
9;298
9;298
9;297
9;297
9;296
9;296
9;295
9;295
9;294
9;294
9;293
9;293
9;292
9;292
9;291
9;291
9;290
9;290
9;289
9;289
9;288
9;288
9;287
9;287
9;286
9;286
9;285
9;285
9;284
9;284
9;283
9;283
9;282
9;282
9;281
9;281
9;280
9;280
9;279
9;279
9;278
9;278
9;277
9;277
9;276
9;276
9;275
9;275
9;274
9;274
9;273
9;273
9;272
9;272
9;271
9;271
9;270
9;270
9;269
9;269
9;268
9;268
9;267
9;267
9;266
9;266
9;265
9;265
9;264
9;264
9;263
9;263
9;262
9;262
9;261
9;261
9;260
9;260
9;259
9;259
9;258
9;258
9;257
9;257
9;256
9;256
9;255
9;255
9;254
9;254
9;253
9;253
9;252
9;252
9;251
9;251
9;250
9;250
9;249
9;249
9;248
9;248
9;247
9;247
9;246
9;246
9;245
9;245
9;244
9;244
9;243
9;243
9;242
9;242
9;241
9;241
9;240
9;240
9;239
9;239
9;238
9;238
9;237
9;237
9;236
9;236
9;235
9;235
9;234
9;234
9;233
9;233
9;232
9;232
9;231
9;231
9;230
9;230
9;229
9;229
9;228
9;228
9;227
9;227
9;226
9;226
9;225
9;225
9;224
9;224
9;223
9;223
9;222
9;222
9;221
9;221
9;220
9;220
9;219
9;219
9;218
9;218
9;217
9;217
9;216
9;216
9;215
9;215
9;214
9;214
9;213
9;213
9;212
9;212
9;211
9;211
9;210
9;210
9;209
9;209
9;208
9;208
9;207
9;207
9;206
9;206
9;205
9;205
9;204
9;204
9;203
9;203
9;202
9;202
9;201
9;201
9;200
9;200
9;199
9;199
9;198
9;198
9;197
9;197
9;196
9;196
9;195
9;195
9;194
9;194
9;193
9;193
9;192
9;192
9;191
9;191
9;190
9;190
9;189
9;189
9;188
9;188
9;187
9;187
9;186
9;186
9;185
9;185
9;184
9;184
9;183
9;183
9;182
9;182
9;181
9;181
9;180
9;180
9;179
9;179
9;178
9;178
9;177
9;177
9;176
9;176
9;175
9;175
9;174
9;174
9;173
9;173
9;172
9;172
9;171
9;171
9;170
9;170
9;169
9;169
9;168
9;168
9;167
9;167
9;166
9;166
9;165
9;165
9;164
9;164
9;163
9;163
9;162
9;162
9;161
9;161
9;160
9;160
9;159
9;159
9;158
9;158
9;157
9;157
9;156
9;156
9;155
9;155
9;154
9;154
9;153
9;153
9;152
9;152
9;151
9;151
9;150
9;150
9;149
9;149
9;148
9;148
9;147
9;147
9;146
9;146
9;145
9;145
9;144
9;144
9;143
9;143
9;142
9;142
9;141
9;141
9;140
9;140
9;139
9;139
9;138
9;138
9;137
9;137
9;136
9;136
9;135
9;135
9;134
9;134
9;133
9;133
9;132
9;132
9;131
9;131
9;130
9;130
9;129
9;129
9;128
9;128
9;127
9;127
9;126
9;126
9;125
9;125
9;124
9;124
9;123
9;123
9;122
9;122
9;121
9;121
9;120
9;120
9;119
9;119
9;118
9;118
9;117
9;117
9;116
9;116
9;115
9;115
9;114
9;114
9;113
9;113
9;112
9;112
9;111
9;111
9;110
9;110
9;109
9;109
9;108
9;108
9;107
9;107
9;106
9;106
9;105
9;105
9;104
9;104
9;103
9;103
9;102
9;102
9;101
9;101
9;100
9;100
9;99
9;99
9;98
9;98
9;97
9;97
9;96
9;96
9;95
9;95
9;94
9;94
9;93
9;93
9;92
9;92
9;91
9;91
9;90
9;90
9;89
9;89
9;88
9;88
9;87
9;87
9;86
9;86
9;85
9;85
9;84
9;84
9;83
9;83
9;82
9;82
9;81
9;81
9;80
9;80
9;79
9;79
9;78
9;78
9;77
9;77
9;76
9;76
9;75
9;75
9;74
9;74
9;73
9;73
9;72
9;72
9;71
9;71
9;70
9;70
9;69
9;69
9;68
9;68
9;67
9;67
9;66
9;66
9;65
9;65
9;64
9;64
9;63
9;63
9;62
9;62
9;61
9;61
9;60
9;60
9;59
9;59
9;58
9;58
9;57
9;57
9;56
9;56
9;55
9;55
9;54
9;54
9;53
9;53
9;52
9;52
9;51
9;51
9;50
9;50
9;49
9;49
9;48
9;48
9;47
9;47
9;46
9;46
9;45
9;45
9;44
9;44
9;43
9;43
9;42
9;42
9;41
9;41
9;40
9;40
9;39
9;39
9;38
9;38
9;37
9;37
9;36
9;36
9;35
9;35
9;34
9;34
9;33
9;33
9;32
9;32
9;31
9;31
9;30
9;30
9;29
9;29
9;28
9;28
9;27
9;27
9;26
9;26
9;25
9;25
9;24
9;24
9;23
9;23
9;22
9;22
9;21
9;21
9;20
9;20
9;19
9;19
9;18
9;18
9;17
9;17
9;16
9;16
9;15
9;15
9;14
9;14
9;13
9;13
9;12
9;12
9;11
9;11
9;10
9;10
9;9
9;9
9;8
9;8
9;7
9;7
9;6
9;6
9;5
9;5
9;4
9;4
9;3
9;3
9;2
9;2
9;1
9;1
10;3383
10;3383
10;3382
10;3382
10;3381
10;3381
10;3380
10;3380
10;3379
10;3379
10;3378
10;3378
10;3377
10;3377
10;3376
10;3376
10;3375
10;3375
10;3374
10;3374
10;3373
10;3373
10;3372
10;3372
10;3371
10;3371
10;3370
10;3370
10;3369
10;3369
10;3368
10;3368
10;3367
10;3367
10;3366
10;3366
10;3365
10;3365
10;3364
10;3364
10;3363
10;3363
10;3362
10;3362
10;3361
10;3361
10;3360
10;3360
10;3359
10;3359
10;3358
10;3358
10;3357
10;3357
10;3356
10;3356
10;3355
10;3355
10;3354
10;3354
10;3353
10;3353
10;3352
10;3352
10;3351
10;3351
10;3350
10;3350
10;3349
10;3349
10;3348
10;3348
10;3347
10;3347
10;3346
10;3346
10;3345
10;3345
10;3344
10;3344
10;3343
10;3343
10;3342
10;3342
10;3341
10;3341
10;3340
10;3340
10;3339
10;3339
10;3338
10;3338
10;3337
10;3337
10;3336
10;3336
10;3335
10;3335
10;3334
10;3334
10;3333
10;3333
10;3332
10;3332
10;3331
10;3331
10;3330
10;3330
10;3329
10;3329
10;3328
10;3328
10;3327
10;3327
10;3326
10;3326
10;3325
10;3325
10;3324
10;3324
10;3323
10;3323
10;3322
10;3322
10;3321
10;3321
10;3320
10;3320
10;3319
10;3319
10;3318
10;3318
10;3317
10;3317
10;3316
10;3316
10;3315
10;3315
10;3314
10;3314
10;3313
10;3313
10;3312
10;3312
10;3311
10;3311
10;3310
10;3310
10;3309
10;3309
10;3308
10;3308
10;3307
10;3307
10;3306
10;3306
10;3305
10;3305
10;3304
10;3304
10;3303
10;3303
10;3302
10;3302
10;3301
10;3301
10;3300
10;3300
10;3299
10;3299
10;3298
10;3298
10;3297
10;3297
10;3296
10;3296
10;3295
10;3295
10;3294
10;3294
10;3293
10;3293
10;3292
10;3292
10;3291
10;3291
10;3290
10;3290
10;3289
10;3289
10;3288
10;3288
10;3287
10;3287
10;3286
10;3286
10;3285
10;3285
10;3284
10;3284
10;3283
10;3283
10;3282
10;3282
10;3281
10;3281
10;3280
10;3280
10;3279
10;3279
10;3278
10;3278
10;3277
10;3277
10;3276
10;3276
10;3275
10;3275
10;3274
10;3274
10;3273
10;3273
10;3272
10;3272
10;3271
10;3271
10;3270
10;3270
10;3269
10;3269
10;3268
10;3268
10;3267
10;3267
10;3266
10;3266
10;3265
10;3265
10;3264
10;3264
10;3263
10;3263
10;3262
10;3262
10;3261
10;3261
10;3260
10;3260
10;3259
10;3259
10;3258
10;3258
10;3257
10;3257
10;3256
10;3256
10;3255
10;3255
10;3254
10;3254
10;3253
10;3253
10;3252
10;3252
10;3251
10;3251
10;3250
10;3250
10;3249
10;3249
10;3248
10;3248
10;3247
10;3247
10;3246
10;3246
10;3245
10;3245
10;3244
10;3244
10;3243
10;3243
10;3242
10;3242
10;3241
10;3241
10;3240
10;3240
10;3239
10;3239
10;3238
10;3238
10;3237
10;3237
10;3236
10;3236
10;3235
10;3235
10;3234
10;3234
10;3233
10;3233
10;3232
10;3232
10;3231
10;3231
10;3230
10;3230
10;3229
10;3229
10;3228
10;3228
10;3227
10;3227
10;3226
10;3226
10;3225
10;3225
10;3224
10;3224
10;3223
10;3223
10;3222
10;3222
10;3221
10;3221
10;3220
10;3220
10;3219
10;3219
10;3218
10;3218
10;3217
10;3217
10;3216
10;3216
10;3215
10;3215
10;3214
10;3214
10;3213
10;3213
10;3212
10;3212
10;3211
10;3211
10;3210
10;3210
10;3209
10;3209
10;3208
10;3208
10;3207
10;3207
10;3206
10;3206
10;3205
10;3205
10;3204
10;3204
10;3203
10;3203
10;3202
10;3202
10;3201
10;3201
10;3200
10;3200
10;3199
10;3199
10;3198
10;3198
10;3197
10;3197
10;3196
10;3196
10;3195
10;3195
10;3194
10;3194
10;3193
10;3193
10;3192
10;3192
10;3191
10;3191
10;3190
10;3190
10;3189
10;3189
10;3188
10;3188
10;3187
10;3187
10;3186
10;3186
10;3185
10;3185
10;3184
10;3184
10;3183
10;3183
10;3182
10;3182
10;3181
10;3181
10;3180
10;3180
10;3179
10;3179
10;3178
10;3178
10;3177
10;3177
10;3176
10;3176
10;3175
10;3175
10;3174
10;3174
10;3173
10;3173
10;3172
10;3172
10;3171
10;3171
10;3170
10;3170
10;3169
10;3169
10;3168
10;3168
10;3167
10;3167
10;3166
10;3166
10;3165
10;3165
10;3164
10;3164
10;3163
10;3163
10;3162
10;3162
10;3161
10;3161
10;3160
10;3160
10;3159
10;3159
10;3158
10;3158
10;3157
10;3157
10;3156
10;3156
10;3155
10;3155
10;3154
10;3154
10;3153
10;3153
10;3152
10;3152
10;3151
10;3151
10;3150
10;3150
10;3149
10;3149
10;3148
10;3148
10;3147
10;3147
10;3146
10;3146
10;3145
10;3145
10;3144
10;3144
10;3143
10;3143
10;3142
10;3142
10;3141
10;3141
10;3140
10;3140
10;3139
10;3139
10;3138
10;3138
10;3137
10;3137
10;3136
10;3136
10;3135
10;3135
10;3134
10;3134
10;3133
10;3133
10;3132
10;3132
10;3131
10;3131
10;3130
10;3130
10;3129
10;3129
10;3128
10;3128
10;3127
10;3127
10;3126
10;3126
10;3125
10;3125
10;3124
10;3124
10;3123
10;3123
10;3122
10;3122
10;3121
10;3121
10;3120
10;3120
10;3119
10;3119
10;3118
10;3118
10;3117
10;3117
10;3116
10;3116
10;3115
10;3115
10;3114
10;3114
10;3113
10;3113
10;3112
10;3112
10;3111
10;3111
10;3110
10;3110
10;3109
10;3109
10;3108
10;3108
10;3107
10;3107
10;3106
10;3106
10;3105
10;3105
10;3104
10;3104
10;3103
10;3103
10;3102
10;3102
10;3101
10;3101
10;3100
10;3100
10;3099
10;3099
10;3098
10;3098
10;3097
10;3097
10;3096
10;3096
10;3095
10;3095
10;3094
10;3094
10;3093
10;3093
10;3092
10;3092
10;3091
10;3091
10;3090
10;3090
10;3089
10;3089
10;3088
10;3088
10;3087
10;3087
10;3086
10;3086
10;3085
10;3085
10;3084
10;3084
10;3083
10;3083
10;3082
10;3082
10;3081
10;3081
10;3080
10;3080
10;3079
10;3079
10;3078
10;3078
10;3077
10;3077
10;3076
10;3076
10;3075
10;3075
10;3074
10;3074
10;3073
10;3073
10;3072
10;3072
10;3071
10;3071
10;3070
10;3070
10;3069
10;3069
10;3068
10;3068
10;3067
10;3067
10;3066
10;3066
10;3065
10;3065
10;3064
10;3064
10;3063
10;3063
10;3062
10;3062
10;3061
10;3061
10;3060
10;3060
10;3059
10;3059
10;3058
10;3058
10;3057
10;3057
10;3056
10;3056
10;3055
10;3055
10;3054
10;3054
10;3053
10;3053
10;3052
10;3052
10;3051
10;3051
10;3050
10;3050
10;3049
10;3049
10;3048
10;3048
10;3047
10;3047
10;3046
10;3046
10;3045
10;3045
10;3044
10;3044
10;3043
10;3043
10;3042
10;3042
10;3041
10;3041
10;3040
10;3040
10;3039
10;3039
10;3038
10;3038
10;3037
10;3037
10;3036
10;3036
10;3035
10;3035
10;3034
10;3034
10;3033
10;3033
10;3032
10;3032
10;3031
10;3031
10;3030
10;3030
10;3029
10;3029
10;3028
10;3028
10;3027
10;3027
10;3026
10;3026
10;3025
10;3025
10;3024
10;3024
10;3023
10;3023
10;3022
10;3022
10;3021
10;3021
10;3020
10;3020
10;3019
10;3019
10;3018
10;3018
10;3017
10;3017
10;3016
10;3016
10;3015
10;3015
10;3014
10;3014
10;3013
10;3013
10;3012
10;3012
10;3011
10;3011
10;3010
10;3010
10;3009
10;3009
10;3008
10;3008
10;3007
10;3007
10;3006
10;3006
10;3005
10;3005
10;3004
10;3004
10;3003
10;3003
10;3002
10;3002
10;3001
10;3001
10;3000
10;3000
10;2999
10;2999
10;2998
10;2998
10;2997
10;2997
10;2996
10;2996
10;2995
10;2995
10;2994
10;2994
10;2993
10;2993
10;2992
10;2992
10;2991
10;2991
10;2990
10;2990
10;2989
10;2989
10;2988
10;2988
10;2987
10;2987
10;2986
10;2986
10;2985
10;2985
10;2984
10;2984
10;2983
10;2983
10;2982
10;2982
10;2981
10;2981
10;2980
10;2980
10;2979
10;2979
10;2978
10;2978
10;2977
10;2977
10;2976
10;2976
10;2975
10;2975
10;2974
10;2974
10;2973
10;2973
10;2972
10;2972
10;2971
10;2971
10;2970
10;2970
10;2969
10;2969
10;2968
10;2968
10;2967
10;2967
10;2966
10;2966
10;2965
10;2965
10;2964
10;2964
10;2963
10;2963
10;2962
10;2962
10;2961
10;2961
10;2960
10;2960
10;2959
10;2959
10;2958
10;2958
10;2957
10;2957
10;2956
10;2956
10;2955
10;2955
10;2954
10;2954
10;2953
10;2953
10;2952
10;2952
10;2951
10;2951
10;2950
10;2950
10;2949
10;2949
10;2948
10;2948
10;2947
10;2947
10;2946
10;2946
10;2945
10;2945
10;2944
10;2944
10;2943
10;2943
10;2942
10;2942
10;2941
10;2941
10;2940
10;2940
10;2939
10;2939
10;2938
10;2938
10;2937
10;2937
10;2936
10;2936
10;2935
10;2935
10;2934
10;2934
10;2933
10;2933
10;2932
10;2932
10;2931
10;2931
10;2930
10;2930
10;2929
10;2929
10;2928
10;2928
10;2927
10;2927
10;2926
10;2926
10;2925
10;2925
10;2924
10;2924
10;2923
10;2923
10;2922
10;2922
10;2921
10;2921
10;2920
10;2920
10;2919
10;2919
10;2918
10;2918
10;2917
10;2917
10;2916
10;2916
10;2915
10;2915
10;2914
10;2914
10;2913
10;2913
10;2912
10;2912
10;2911
10;2911
10;2910
10;2910
10;2909
10;2909
10;2908
10;2908
10;2907
10;2907
10;2906
10;2906
10;2905
10;2905
10;2904
10;2904
10;2903
10;2903
10;2902
10;2902
10;2901
10;2901
10;2900
10;2900
10;2899
10;2899
10;2898
10;2898
10;2897
10;2897
10;2896
10;2896
10;2895
10;2895
10;2894
10;2894
10;2893
10;2893
10;2892
10;2892
10;2891
10;2891
10;2890
10;2890
10;2889
10;2889
10;2888
10;2888
10;2887
10;2887
10;2886
10;2886
10;2885
10;2885
10;2884
10;2884
10;2883
10;2883
10;2882
10;2882
10;2881
10;2881
10;2880
10;2880
10;2879
10;2879
10;2878
10;2878
10;2877
10;2877
10;2876
10;2876
10;2875
10;2875
10;2874
10;2874
10;2873
10;2873
10;2872
10;2872
10;2871
10;2871
10;2870
10;2870
10;2869
10;2869
10;2868
10;2868
10;2867
10;2867
10;2866
10;2866
10;2865
10;2865
10;2864
10;2864
10;2863
10;2863
10;2862
10;2862
10;2861
10;2861
10;2860
10;2860
10;2859
10;2859
10;2858
10;2858
10;2857
10;2857
10;2856
10;2856
10;2855
10;2855
10;2854
10;2854
10;2853
10;2853
10;2852
10;2852
10;2851
10;2851
10;2850
10;2850
10;2849
10;2849
10;2848
10;2848
10;2847
10;2847
10;2846
10;2846
10;2845
10;2845
10;2844
10;2844
10;2843
10;2843
10;2842
10;2842
10;2841
10;2841
10;2840
10;2840
10;2839
10;2839
10;2838
10;2838
10;2837
10;2837
10;2836
10;2836
10;2835
10;2835
10;2834
10;2834
10;2833
10;2833
10;2832
10;2832
10;2831
10;2831
10;2830
10;2830
10;2829
10;2829
10;2828
10;2828
10;2827
10;2827
10;2826
10;2826
10;2825
10;2825
10;2824
10;2824
10;2823
10;2823
10;2822
10;2822
10;2821
10;2821
10;2820
10;2820
10;2819
10;2819
10;2818
10;2818
10;2817
10;2817
10;2816
10;2816
10;2815
10;2815
10;2814
10;2814
10;2813
10;2813
10;2812
10;2812
10;2811
10;2811
10;2810
10;2810
10;2809
10;2809
10;2808
10;2808
10;2807
10;2807
10;2806
10;2806
10;2805
10;2805
10;2804
10;2804
10;2803
10;2803
10;2802
10;2802
10;2801
10;2801
10;2800
10;2800
10;2799
10;2799
10;2798
10;2798
10;2797
10;2797
10;2796
10;2796
10;2795
10;2795
10;2794
10;2794
10;2793
10;2793
10;2792
10;2792
10;2791
10;2791
10;2790
10;2790
10;2789
10;2789
10;2788
10;2788
10;2787
10;2787
10;2786
10;2786
10;2785
10;2785
10;2784
10;2784
10;2783
10;2783
10;2782
10;2782
10;2781
10;2781
10;2780
10;2780
10;2779
10;2779
10;2778
10;2778
10;2777
10;2777
10;2776
10;2776
10;2775
10;2775
10;2774
10;2774
10;2773
10;2773
10;2772
10;2772
10;2771
10;2771
10;2770
10;2770
10;2769
10;2769
10;2768
10;2768
10;2767
10;2767
10;2766
10;2766
10;2765
10;2765
10;2764
10;2764
10;2763
10;2763
10;2762
10;2762
10;2761
10;2761
10;2760
10;2760
10;2759
10;2759
10;2758
10;2758
10;2757
10;2757
10;2756
10;2756
10;2755
10;2755
10;2754
10;2754
10;2753
10;2753
10;2752
10;2752
10;2751
10;2751
10;2750
10;2750
10;2749
10;2749
10;2748
10;2748
10;2747
10;2747
10;2746
10;2746
10;2745
10;2745
10;2744
10;2744
10;2743
10;2743
10;2742
10;2742
10;2741
10;2741
10;2740
10;2740
10;2739
10;2739
10;2738
10;2738
10;2737
10;2737
10;2736
10;2736
10;2735
10;2735
10;2734
10;2734
10;2733
10;2733
10;2732
10;2732
10;2731
10;2731
10;2730
10;2730
10;2729
10;2729
10;2728
10;2728
10;2727
10;2727
10;2726
10;2726
10;2725
10;2725
10;2724
10;2724
10;2723
10;2723
10;2722
10;2722
10;2721
10;2721
10;2720
10;2720
10;2719
10;2719
10;2718
10;2718
10;2717
10;2717
10;2716
10;2716
10;2715
10;2715
10;2714
10;2714
10;2713
10;2713
10;2712
10;2712
10;2711
10;2711
10;2710
10;2710
10;2709
10;2709
10;2708
10;2708
10;2707
10;2707
10;2706
10;2706
10;2705
10;2705
10;2704
10;2704
10;2703
10;2703
10;2702
10;2702
10;2701
10;2701
10;2700
10;2700
10;2699
10;2699
10;2698
10;2698
10;2697
10;2697
10;2696
10;2696
10;2695
10;2695
10;2694
10;2694
10;2693
10;2693
10;2692
10;2692
10;2691
10;2691
10;2690
10;2690
10;2689
10;2689
10;2688
10;2688
10;2687
10;2687
10;2686
10;2686
10;2685
10;2685
10;2684
10;2684
10;2683
10;2683
10;2682
10;2682
10;2681
10;2681
10;2680
10;2680
10;2679
10;2679
10;2678
10;2678
10;2677
10;2677
10;2676
10;2676
10;2675
10;2675
10;2674
10;2674
10;2673
10;2673
10;2672
10;2672
10;2671
10;2671
10;2670
10;2670
10;2669
10;2669
10;2668
10;2668
10;2667
10;2667
10;2666
10;2666
10;2665
10;2665
10;2664
10;2664
10;2663
10;2663
10;2662
10;2662
10;2661
10;2661
10;2660
10;2660
10;2659
10;2659
10;2658
10;2658
10;2657
10;2657
10;2656
10;2656
10;2655
10;2655
10;2654
10;2654
10;2653
10;2653
10;2652
10;2652
10;2651
10;2651
10;2650
10;2650
10;2649
10;2649
10;2648
10;2648
10;2647
10;2647
10;2646
10;2646
10;2645
10;2645
10;2644
10;2644
10;2643
10;2643
10;2642
10;2642
10;2641
10;2641
10;2640
10;2640
10;2639
10;2639
10;2638
10;2638
10;2637
10;2637
10;2636
10;2636
10;2635
10;2635
10;2634
10;2634
10;2633
10;2633
10;2632
10;2632
10;2631
10;2631
10;2630
10;2630
10;2629
10;2629
10;2628
10;2628
10;2627
10;2627
10;2626
10;2626
10;2625
10;2625
10;2624
10;2624
10;2623
10;2623
10;2622
10;2622
10;2621
10;2621
10;2620
10;2620
10;2619
10;2619
10;2618
10;2618
10;2617
10;2617
10;2616
10;2616
10;2615
10;2615
10;2614
10;2614
10;2613
10;2613
10;2612
10;2612
10;2611
10;2611
10;2610
10;2610
10;2609
10;2609
10;2608
10;2608
10;2607
10;2607
10;2606
10;2606
10;2605
10;2605
10;2604
10;2604
10;2603
10;2603
10;2602
10;2602
10;2601
10;2601
10;2600
10;2600
10;2599
10;2599
10;2598
10;2598
10;2597
10;2597
10;2596
10;2596
10;2595
10;2595
10;2594
10;2594
10;2593
10;2593
10;2592
10;2592
10;2591
10;2591
10;2590
10;2590
10;2589
10;2589
10;2588
10;2588
10;2587
10;2587
10;2586
10;2586
10;2585
10;2585
10;2584
10;2584
10;2583
10;2583
10;2582
10;2582
10;2581
10;2581
10;2580
10;2580
10;2579
10;2579
10;2578
10;2578
10;2577
10;2577
10;2576
10;2576
10;2575
10;2575
10;2574
10;2574
10;2573
10;2573
10;2572
10;2572
10;2571
10;2571
10;2570
10;2570
10;2569
10;2569
10;2568
10;2568
10;2567
10;2567
10;2566
10;2566
10;2565
10;2565
10;2564
10;2564
10;2563
10;2563
10;2562
10;2562
10;2561
10;2561
10;2560
10;2560
10;2559
10;2559
10;2558
10;2558
10;2557
10;2557
10;2556
10;2556
10;2555
10;2555
10;2554
10;2554
10;2553
10;2553
10;2552
10;2552
10;2551
10;2551
10;2550
10;2550
10;2549
10;2549
10;2548
10;2548
10;2547
10;2547
10;2546
10;2546
10;2545
10;2545
10;2544
10;2544
10;2543
10;2543
10;2542
10;2542
10;2541
10;2541
10;2540
10;2540
10;2539
10;2539
10;2538
10;2538
10;2537
10;2537
10;2536
10;2536
10;2535
10;2535
10;2534
10;2534
10;2533
10;2533
10;2532
10;2532
10;2531
10;2531
10;2530
10;2530
10;2529
10;2529
10;2528
10;2528
10;2527
10;2527
10;2526
10;2526
10;2525
10;2525
10;2524
10;2524
10;2523
10;2523
10;2522
10;2522
10;2521
10;2521
10;2520
10;2520
10;2519
10;2519
10;2518
10;2518
10;2517
10;2517
10;2516
10;2516
10;2515
10;2515
10;2514
10;2514
10;2513
10;2513
10;2512
10;2512
10;2511
10;2511
10;2510
10;2510
10;2509
10;2509
10;2508
10;2508
10;2507
10;2507
10;2506
10;2506
10;2505
10;2505
10;2504
10;2504
10;2503
10;2503
10;2502
10;2502
10;2501
10;2501
10;2500
10;2500
10;2499
10;2499
10;2498
10;2498
10;2497
10;2497
10;2496
10;2496
10;2495
10;2495
10;2494
10;2494
10;2493
10;2493
10;2492
10;2492
10;2491
10;2491
10;2490
10;2490
10;2489
10;2489
10;2488
10;2488
10;2487
10;2487
10;2486
10;2486
10;2485
10;2485
10;2484
10;2484
10;2483
10;2483
10;2482
10;2482
10;2481
10;2481
10;2480
10;2480
10;2479
10;2479
10;2478
10;2478
10;2477
10;2477
10;2476
10;2476
10;2475
10;2475
10;2474
10;2474
10;2473
10;2473
10;2472
10;2472
10;2471
10;2471
10;2470
10;2470
10;2469
10;2469
10;2468
10;2468
10;2467
10;2467
10;2466
10;2466
10;2465
10;2465
10;2464
10;2464
10;2463
10;2463
10;2462
10;2462
10;2461
10;2461
10;2460
10;2460
10;2459
10;2459
10;2458
10;2458
10;2457
10;2457
10;2456
10;2456
10;2455
10;2455
10;2454
10;2454
10;2453
10;2453
10;2452
10;2452
10;2451
10;2451
10;2450
10;2450
10;2449
10;2449
10;2448
10;2448
10;2447
10;2447
10;2446
10;2446
10;2445
10;2445
10;2444
10;2444
10;2443
10;2443
10;2442
10;2442
10;2441
10;2441
10;2440
10;2440
10;2439
10;2439
10;2438
10;2438
10;2437
10;2437
10;2436
10;2436
10;2435
10;2435
10;2434
10;2434
10;2433
10;2433
10;2432
10;2432
10;2431
10;2431
10;2430
10;2430
10;2429
10;2429
10;2428
10;2428
10;2427
10;2427
10;2426
10;2426
10;2425
10;2425
10;2424
10;2424
10;2423
10;2423
10;2422
10;2422
10;2421
10;2421
10;2420
10;2420
10;2419
10;2419
10;2418
10;2418
10;2417
10;2417
10;2416
10;2416
10;2415
10;2415
10;2414
10;2414
10;2413
10;2413
10;2412
10;2412
10;2411
10;2411
10;2410
10;2410
10;2409
10;2409
10;2408
10;2408
10;2407
10;2407
10;2406
10;2406
10;2405
10;2405
10;2404
10;2404
10;2403
10;2403
10;2402
10;2402
10;2401
10;2401
10;2400
10;2400
10;2399
10;2399
10;2398
10;2398
10;2397
10;2397
10;2396
10;2396
10;2395
10;2395
10;2394
10;2394
10;2393
10;2393
10;2392
10;2392
10;2391
10;2391
10;2390
10;2390
10;2389
10;2389
10;2388
10;2388
10;2387
10;2387
10;2386
10;2386
10;2385
10;2385
10;2384
10;2384
10;2383
10;2383
10;2382
10;2382
10;2381
10;2381
10;2380
10;2380
10;2379
10;2379
10;2378
10;2378
10;2377
10;2377
10;2376
10;2376
10;2375
10;2375
10;2374
10;2374
10;2373
10;2373
10;2372
10;2372
10;2371
10;2371
10;2370
10;2370
10;2369
10;2369
10;2368
10;2368
10;2367
10;2367
10;2366
10;2366
10;2365
10;2365
10;2364
10;2364
10;2363
10;2363
10;2362
10;2362
10;2361
10;2361
10;2360
10;2360
10;2359
10;2359
10;2358
10;2358
10;2357
10;2357
10;2356
10;2356
10;2355
10;2355
10;2354
10;2354
10;2353
10;2353
10;2352
10;2352
10;2351
10;2351
10;2350
10;2350
10;2349
10;2349
10;2348
10;2348
10;2347
10;2347
10;2346
10;2346
10;2345
10;2345
10;2344
10;2344
10;2343
10;2343
10;2342
10;2342
10;2341
10;2341
10;2340
10;2340
10;2339
10;2339
10;2338
10;2338
10;2337
10;2337
10;2336
10;2336
10;2335
10;2335
10;2334
10;2334
10;2333
10;2333
10;2332
10;2332
10;2331
10;2331
10;2330
10;2330
10;2329
10;2329
10;2328
10;2328
10;2327
10;2327
10;2326
10;2326
10;2325
10;2325
10;2324
10;2324
10;2323
10;2323
10;2322
10;2322
10;2321
10;2321
10;2320
10;2320
10;2319
10;2319
10;2318
10;2318
10;2317
10;2317
10;2316
10;2316
10;2315
10;2315
10;2314
10;2314
10;2313
10;2313
10;2312
10;2312
10;2311
10;2311
10;2310
10;2310
10;2309
10;2309
10;2308
10;2308
10;2307
10;2307
10;2306
10;2306
10;2305
10;2305
10;2304
10;2304
10;2303
10;2303
10;2302
10;2302
10;2301
10;2301
10;2300
10;2300
10;2299
10;2299
10;2298
10;2298
10;2297
10;2297
10;2296
10;2296
10;2295
10;2295
10;2294
10;2294
10;2293
10;2293
10;2292
10;2292
10;2291
10;2291
10;2290
10;2290
10;2289
10;2289
10;2288
10;2288
10;2287
10;2287
10;2286
10;2286
10;2285
10;2285
10;2284
10;2284
10;2283
10;2283
10;2282
10;2282
10;2281
10;2281
10;2280
10;2280
10;2279
10;2279
10;2278
10;2278
10;2277
10;2277
10;2276
10;2276
10;2275
10;2275
10;2274
10;2274
10;2273
10;2273
10;2272
10;2272
10;2271
10;2271
10;2270
10;2270
10;2269
10;2269
10;2268
10;2268
10;2267
10;2267
10;2266
10;2266
10;2265
10;2265
10;2264
10;2264
10;2263
10;2263
10;2262
10;2262
10;2261
10;2261
10;2260
10;2260
10;2259
10;2259
10;2258
10;2258
10;2257
10;2257
10;2256
10;2256
10;2255
10;2255
10;2254
10;2254
10;2253
10;2253
10;2252
10;2252
10;2251
10;2251
10;2250
10;2250
10;2249
10;2249
10;2248
10;2248
10;2247
10;2247
10;2246
10;2246
10;2245
10;2245
10;2244
10;2244
10;2243
10;2243
10;2242
10;2242
10;2241
10;2241
10;2240
10;2240
10;2239
10;2239
10;2238
10;2238
10;2237
10;2237
10;2236
10;2236
10;2235
10;2235
10;2234
10;2234
10;2233
10;2233
10;2232
10;2232
10;2231
10;2231
10;2230
10;2230
10;2229
10;2229
10;2228
10;2228
10;2227
10;2227
10;2226
10;2226
10;2225
10;2225
10;2224
10;2224
10;2223
10;2223
10;2222
10;2222
10;2221
10;2221
10;2220
10;2220
10;2219
10;2219
10;2218
10;2218
10;2217
10;2217
10;2216
10;2216
10;2215
10;2215
10;2214
10;2214
10;2213
10;2213
10;2212
10;2212
10;2211
10;2211
10;2210
10;2210
10;2209
10;2209
10;2208
10;2208
10;2207
10;2207
10;2206
10;2206
10;2205
10;2205
10;2204
10;2204
10;2203
10;2203
10;2202
10;2202
10;2201
10;2201
10;2200
10;2200
10;2199
10;2199
10;2198
10;2198
10;2197
10;2197
10;2196
10;2196
10;2195
10;2195
10;2194
10;2194
10;2193
10;2193
10;2192
10;2192
10;2191
10;2191
10;2190
10;2190
10;2189
10;2189
10;2188
10;2188
10;2187
10;2187
10;2186
10;2186
10;2185
10;2185
10;2184
10;2184
10;2183
10;2183
10;2182
10;2182
10;2181
10;2181
10;2180
10;2180
10;2179
10;2179
10;2178
10;2178
10;2177
10;2177
10;2176
10;2176
10;2175
10;2175
10;2174
10;2174
10;2173
10;2173
10;2172
10;2172
10;2171
10;2171
10;2170
10;2170
10;2169
10;2169
10;2168
10;2168
10;2167
10;2167
10;2166
10;2166
10;2165
10;2165
10;2164
10;2164
10;2163
10;2163
10;2162
10;2162
10;2161
10;2161
10;2160
10;2160
10;2159
10;2159
10;2158
10;2158
10;2157
10;2157
10;2156
10;2156
10;2155
10;2155
10;2154
10;2154
10;2153
10;2153
10;2152
10;2152
10;2151
10;2151
10;2150
10;2150
10;2149
10;2149
10;2148
10;2148
10;2147
10;2147
10;2146
10;2146
10;2145
10;2145
10;2144
10;2144
10;2143
10;2143
10;2142
10;2142
10;2141
10;2141
10;2140
10;2140
10;2139
10;2139
10;2138
10;2138
10;2137
10;2137
10;2136
10;2136
10;2135
10;2135
10;2134
10;2134
10;2133
10;2133
10;2132
10;2132
10;2131
10;2131
10;2130
10;2130
10;2129
10;2129
10;2128
10;2128
10;2127
10;2127
10;2126
10;2126
10;2125
10;2125
10;2124
10;2124
10;2123
10;2123
10;2122
10;2122
10;2121
10;2121
10;2120
10;2120
10;2119
10;2119
10;2118
10;2118
10;2117
10;2117
10;2116
10;2116
10;2115
10;2115
10;2114
10;2114
10;2113
10;2113
10;2112
10;2112
10;2111
10;2111
10;2110
10;2110
10;2109
10;2109
10;2108
10;2108
10;2107
10;2107
10;2106
10;2106
10;2105
10;2105
10;2104
10;2104
10;2103
10;2103
10;2102
10;2102
10;2101
10;2101
10;2100
10;2100
10;2099
10;2099
10;2098
10;2098
10;2097
10;2097
10;2096
10;2096
10;2095
10;2095
10;2094
10;2094
10;2093
10;2093
10;2092
10;2092
10;2091
10;2091
10;2090
10;2090
10;2089
10;2089
10;2088
10;2088
10;2087
10;2087
10;2086
10;2086
10;2085
10;2085
10;2084
10;2084
10;2083
10;2083
10;2082
10;2082
10;2081
10;2081
10;2080
10;2080
10;2079
10;2079
10;2078
10;2078
10;2077
10;2077
10;2076
10;2076
10;2075
10;2075
10;2074
10;2074
10;2073
10;2073
10;2072
10;2072
10;2071
10;2071
10;2070
10;2070
10;2069
10;2069
10;2068
10;2068
10;2067
10;2067
10;2066
10;2066
10;2065
10;2065
10;2064
10;2064
10;2063
10;2063
10;2062
10;2062
10;2061
10;2061
10;2060
10;2060
10;2059
10;2059
10;2058
10;2058
10;2057
10;2057
10;2056
10;2056
10;2055
10;2055
10;2054
10;2054
10;2053
10;2053
10;2052
10;2052
10;2051
10;2051
10;2050
10;2050
10;2049
10;2049
10;2048
10;2048
10;2047
10;2047
10;2046
10;2046
10;2045
10;2045
10;2044
10;2044
10;2043
10;2043
10;2042
10;2042
10;2041
10;2041
10;2040
10;2040
10;2039
10;2039
10;2038
10;2038
10;2037
10;2037
10;2036
10;2036
10;2035
10;2035
10;2034
10;2034
10;2033
10;2033
10;2032
10;2032
10;2031
10;2031
10;2030
10;2030
10;2029
10;2029
10;2028
10;2028
10;2027
10;2027
10;2026
10;2026
10;2025
10;2025
10;2024
10;2024
10;2023
10;2023
10;2022
10;2022
10;2021
10;2021
10;2020
10;2020
10;2019
10;2019
10;2018
10;2018
10;2017
10;2017
10;2016
10;2016
10;2015
10;2015
10;2014
10;2014
10;2013
10;2013
10;2012
10;2012
10;2011
10;2011
10;2010
10;2010
10;2009
10;2009
10;2008
10;2008
10;2007
10;2007
10;2006
10;2006
10;2005
10;2005
10;2004
10;2004
10;2003
10;2003
10;2002
10;2002
10;2001
10;2001
10;2000
10;2000
10;1999
10;1999
10;1998
10;1998
10;1997
10;1997
10;1996
10;1996
10;1995
10;1995
10;1994
10;1994
10;1993
10;1993
10;1992
10;1992
10;1991
10;1991
10;1990
10;1990
10;1989
10;1989
10;1988
10;1988
10;1987
10;1987
10;1986
10;1986
10;1985
10;1985
10;1984
10;1984
10;1983
10;1983
10;1982
10;1982
10;1981
10;1981
10;1980
10;1980
10;1979
10;1979
10;1978
10;1978
10;1977
10;1977
10;1976
10;1976
10;1975
10;1975
10;1974
10;1974
10;1973
10;1973
10;1972
10;1972
10;1971
10;1971
10;1970
10;1970
10;1969
10;1969
10;1968
10;1968
10;1967
10;1967
10;1966
10;1966
10;1965
10;1965
10;1964
10;1964
10;1963
10;1963
10;1962
10;1962
10;1961
10;1961
10;1960
10;1960
10;1959
10;1959
10;1958
10;1958
10;1957
10;1957
10;1956
10;1956
10;1955
10;1955
10;1954
10;1954
10;1953
10;1953
10;1952
10;1952
10;1951
10;1951
10;1950
10;1950
10;1949
10;1949
10;1948
10;1948
10;1947
10;1947
10;1946
10;1946
10;1945
10;1945
10;1944
10;1944
10;1943
10;1943
10;1942
10;1942
10;1941
10;1941
10;1940
10;1940
10;1939
10;1939
10;1938
10;1938
10;1937
10;1937
10;1936
10;1936
10;1935
10;1935
10;1934
10;1934
10;1933
10;1933
10;1932
10;1932
10;1931
10;1931
10;1930
10;1930
10;1929
10;1929
10;1928
10;1928
10;1927
10;1927
10;1926
10;1926
10;1925
10;1925
10;1924
10;1924
10;1923
10;1923
10;1922
10;1922
10;1921
10;1921
10;1920
10;1920
10;1919
10;1919
10;1918
10;1918
10;1917
10;1917
10;1916
10;1916
10;1915
10;1915
10;1914
10;1914
10;1913
10;1913
10;1912
10;1912
10;1911
10;1911
10;1910
10;1910
10;1909
10;1909
10;1908
10;1908
10;1907
10;1907
10;1906
10;1906
10;1905
10;1905
10;1904
10;1904
10;1903
10;1903
10;1902
10;1902
10;1901
10;1901
10;1900
10;1900
10;1899
10;1899
10;1898
10;1898
10;1897
10;1897
10;1896
10;1896
10;1895
10;1895
10;1894
10;1894
10;1893
10;1893
10;1892
10;1892
10;1891
10;1891
10;1890
10;1890
10;1889
10;1889
10;1888
10;1888
10;1887
10;1887
10;1886
10;1886
10;1885
10;1885
10;1884
10;1884
10;1883
10;1883
10;1882
10;1882
10;1881
10;1881
10;1880
10;1880
10;1879
10;1879
10;1878
10;1878
10;1877
10;1877
10;1876
10;1876
10;1875
10;1875
10;1874
10;1874
10;1873
10;1873
10;1872
10;1872
10;1871
10;1871
10;1870
10;1870
10;1869
10;1869
10;1868
10;1868
10;1867
10;1867
10;1866
10;1866
10;1865
10;1865
10;1864
10;1864
10;1863
10;1863
10;1862
10;1862
10;1861
10;1861
10;1860
10;1860
10;1859
10;1859
10;1858
10;1858
10;1857
10;1857
10;1856
10;1856
10;1855
10;1855
10;1854
10;1854
10;1853
10;1853
10;1852
10;1852
10;1851
10;1851
10;1850
10;1850
10;1849
10;1849
10;1848
10;1848
10;1847
10;1847
10;1846
10;1846
10;1845
10;1845
10;1844
10;1844
10;1843
10;1843
10;1842
10;1842
10;1841
10;1841
10;1840
10;1840
10;1839
10;1839
10;1838
10;1838
10;1837
10;1837
10;1836
10;1836
10;1835
10;1835
10;1834
10;1834
10;1833
10;1833
10;1832
10;1832
10;1831
10;1831
10;1830
10;1830
10;1829
10;1829
10;1828
10;1828
10;1827
10;1827
10;1826
10;1826
10;1825
10;1825
10;1824
10;1824
10;1823
10;1823
10;1822
10;1822
10;1821
10;1821
10;1820
10;1820
10;1819
10;1819
10;1818
10;1818
10;1817
10;1817
10;1816
10;1816
10;1815
10;1815
10;1814
10;1814
10;1813
10;1813
10;1812
10;1812
10;1811
10;1811
10;1810
10;1810
10;1809
10;1809
10;1808
10;1808
10;1807
10;1807
10;1806
10;1806
10;1805
10;1805
10;1804
10;1804
10;1803
10;1803
10;1802
10;1802
10;1801
10;1801
10;1800
10;1800
10;1799
10;1799
10;1798
10;1798
10;1797
10;1797
10;1796
10;1796
10;1795
10;1795
10;1794
10;1794
10;1793
10;1793
10;1792
10;1792
10;1791
10;1791
10;1790
10;1790
10;1789
10;1789
10;1788
10;1788
10;1787
10;1787
10;1786
10;1786
10;1785
10;1785
10;1784
10;1784
10;1783
10;1783
10;1782
10;1782
10;1781
10;1781
10;1780
10;1780
10;1779
10;1779
10;1778
10;1778
10;1777
10;1777
10;1776
10;1776
10;1775
10;1775
10;1774
10;1774
10;1773
10;1773
10;1772
10;1772
10;1771
10;1771
10;1770
10;1770
10;1769
10;1769
10;1768
10;1768
10;1767
10;1767
10;1766
10;1766
10;1765
10;1765
10;1764
10;1764
10;1763
10;1763
10;1762
10;1762
10;1761
10;1761
10;1760
10;1760
10;1759
10;1759
10;1758
10;1758
10;1757
10;1757
10;1756
10;1756
10;1755
10;1755
10;1754
10;1754
10;1753
10;1753
10;1752
10;1752
10;1751
10;1751
10;1750
10;1750
10;1749
10;1749
10;1748
10;1748
10;1747
10;1747
10;1746
10;1746
10;1745
10;1745
10;1744
10;1744
10;1743
10;1743
10;1742
10;1742
10;1741
10;1741
10;1740
10;1740
10;1739
10;1739
10;1738
10;1738
10;1737
10;1737
10;1736
10;1736
10;1735
10;1735
10;1734
10;1734
10;1733
10;1733
10;1732
10;1732
10;1731
10;1731
10;1730
10;1730
10;1729
10;1729
10;1728
10;1728
10;1727
10;1727
10;1726
10;1726
10;1725
10;1725
10;1724
10;1724
10;1723
10;1723
10;1722
10;1722
10;1721
10;1721
10;1720
10;1720
10;1719
10;1719
10;1718
10;1718
10;1717
10;1717
10;1716
10;1716
10;1715
10;1715
10;1714
10;1714
10;1713
10;1713
10;1712
10;1712
10;1711
10;1711
10;1710
10;1710
10;1709
10;1709
10;1708
10;1708
10;1707
10;1707
10;1706
10;1706
10;1705
10;1705
10;1704
10;1704
10;1703
10;1703
10;1702
10;1702
10;1701
10;1701
10;1700
10;1700
10;1699
10;1699
10;1698
10;1698
10;1697
10;1697
10;1696
10;1696
10;1695
10;1695
10;1694
10;1694
10;1693
10;1693
10;1692
10;1692
10;1691
10;1691
10;1690
10;1690
10;1689
10;1689
10;1688
10;1688
10;1687
10;1687
10;1686
10;1686
10;1685
10;1685
10;1684
10;1684
10;1683
10;1683
10;1682
10;1682
10;1681
10;1681
10;1680
10;1680
10;1679
10;1679
10;1678
10;1678
10;1677
10;1677
10;1676
10;1676
10;1675
10;1675
10;1674
10;1674
10;1673
10;1673
10;1672
10;1672
10;1671
10;1671
10;1670
10;1670
10;1669
10;1669
10;1668
10;1668
10;1667
10;1667
10;1666
10;1666
10;1665
10;1665
10;1664
10;1664
10;1663
10;1663
10;1662
10;1662
10;1661
10;1661
10;1660
10;1660
10;1659
10;1659
10;1658
10;1658
10;1657
10;1657
10;1656
10;1656
10;1655
10;1655
10;1654
10;1654
10;1653
10;1653
10;1652
10;1652
10;1651
10;1651
10;1650
10;1650
10;1649
10;1649
10;1648
10;1648
10;1647
10;1647
10;1646
10;1646
10;1645
10;1645
10;1644
10;1644
10;1643
10;1643
10;1642
10;1642
10;1641
10;1641
10;1640
10;1640
10;1639
10;1639
10;1638
10;1638
10;1637
10;1637
10;1636
10;1636
10;1635
10;1635
10;1634
10;1634
10;1633
10;1633
10;1632
10;1632
10;1631
10;1631
10;1630
10;1630
10;1629
10;1629
10;1628
10;1628
10;1627
10;1627
10;1626
10;1626
10;1625
10;1625
10;1624
10;1624
10;1623
10;1623
10;1622
10;1622
10;1621
10;1621
10;1620
10;1620
10;1619
10;1619
10;1618
10;1618
10;1617
10;1617
10;1616
10;1616
10;1615
10;1615
10;1614
10;1614
10;1613
10;1613
10;1612
10;1612
10;1611
10;1611
10;1610
10;1610
10;1609
10;1609
10;1608
10;1608
10;1607
10;1607
10;1606
10;1606
10;1605
10;1605
10;1604
10;1604
10;1603
10;1603
10;1602
10;1602
10;1601
10;1601
10;1600
10;1600
10;1599
10;1599
10;1598
10;1598
10;1597
10;1597
10;1596
10;1596
10;1595
10;1595
10;1594
10;1594
10;1593
10;1593
10;1592
10;1592
10;1591
10;1591
10;1590
10;1590
10;1589
10;1589
10;1588
10;1588
10;1587
10;1587
10;1586
10;1586
10;1585
10;1585
10;1584
10;1584
10;1583
10;1583
10;1582
10;1582
10;1581
10;1581
10;1580
10;1580
10;1579
10;1579
10;1578
10;1578
10;1577
10;1577
10;1576
10;1576
10;1575
10;1575
10;1574
10;1574
10;1573
10;1573
10;1572
10;1572
10;1571
10;1571
10;1570
10;1570
10;1569
10;1569
10;1568
10;1568
10;1567
10;1567
10;1566
10;1566
10;1565
10;1565
10;1564
10;1564
10;1563
10;1563
10;1562
10;1562
10;1561
10;1561
10;1560
10;1560
10;1559
10;1559
10;1558
10;1558
10;1557
10;1557
10;1556
10;1556
10;1555
10;1555
10;1554
10;1554
10;1553
10;1553
10;1552
10;1552
10;1551
10;1551
10;1550
10;1550
10;1549
10;1549
10;1548
10;1548
10;1547
10;1547
10;1546
10;1546
10;1545
10;1545
10;1544
10;1544
10;1543
10;1543
10;1542
10;1542
10;1541
10;1541
10;1540
10;1540
10;1539
10;1539
10;1538
10;1538
10;1537
10;1537
10;1536
10;1536
10;1535
10;1535
10;1534
10;1534
10;1533
10;1533
10;1532
10;1532
10;1531
10;1531
10;1530
10;1530
10;1529
10;1529
10;1528
10;1528
10;1527
10;1527
10;1526
10;1526
10;1525
10;1525
10;1524
10;1524
10;1523
10;1523
10;1522
10;1522
10;1521
10;1521
10;1520
10;1520
10;1519
10;1519
10;1518
10;1518
10;1517
10;1517
10;1516
10;1516
10;1515
10;1515
10;1514
10;1514
10;1513
10;1513
10;1512
10;1512
10;1511
10;1511
10;1510
10;1510
10;1509
10;1509
10;1508
10;1508
10;1507
10;1507
10;1506
10;1506
10;1505
10;1505
10;1504
10;1504
10;1503
10;1503
10;1502
10;1502
10;1501
10;1501
10;1500
10;1500
10;1499
10;1499
10;1498
10;1498
10;1497
10;1497
10;1496
10;1496
10;1495
10;1495
10;1494
10;1494
10;1493
10;1493
10;1492
10;1492
10;1491
10;1491
10;1490
10;1490
10;1489
10;1489
10;1488
10;1488
10;1487
10;1487
10;1486
10;1486
10;1485
10;1485
10;1484
10;1484
10;1483
10;1483
10;1482
10;1482
10;1481
10;1481
10;1480
10;1480
10;1479
10;1479
10;1478
10;1478
10;1477
10;1477
10;1476
10;1476
10;1475
10;1475
10;1474
10;1474
10;1473
10;1473
10;1472
10;1472
10;1471
10;1471
10;1470
10;1470
10;1469
10;1469
10;1468
10;1468
10;1467
10;1467
10;1466
10;1466
10;1465
10;1465
10;1464
10;1464
10;1463
10;1463
10;1462
10;1462
10;1461
10;1461
10;1460
10;1460
10;1459
10;1459
10;1458
10;1458
10;1457
10;1457
10;1456
10;1456
10;1455
10;1455
10;1454
10;1454
10;1453
10;1453
10;1452
10;1452
10;1451
10;1451
10;1450
10;1450
10;1449
10;1449
10;1448
10;1448
10;1447
10;1447
10;1446
10;1446
10;1445
10;1445
10;1444
10;1444
10;1443
10;1443
10;1442
10;1442
10;1441
10;1441
10;1440
10;1440
10;1439
10;1439
10;1438
10;1438
10;1437
10;1437
10;1436
10;1436
10;1435
10;1435
10;1434
10;1434
10;1433
10;1433
10;1432
10;1432
10;1431
10;1431
10;1430
10;1430
10;1429
10;1429
10;1428
10;1428
10;1427
10;1427
10;1426
10;1426
10;1425
10;1425
10;1424
10;1424
10;1423
10;1423
10;1422
10;1422
10;1421
10;1421
10;1420
10;1420
10;1419
10;1419
10;1418
10;1418
10;1417
10;1417
10;1416
10;1416
10;1415
10;1415
10;1414
10;1414
10;1413
10;1413
10;1412
10;1412
10;1411
10;1411
10;1410
10;1410
10;1409
10;1409
10;1408
10;1408
10;1407
10;1407
10;1406
10;1406
10;1405
10;1405
10;1404
10;1404
10;1403
10;1403
10;1402
10;1402
10;1401
10;1401
10;1400
10;1400
10;1399
10;1399
10;1398
10;1398
10;1397
10;1397
10;1396
10;1396
10;1395
10;1395
10;1394
10;1394
10;1393
10;1393
10;1392
10;1392
10;1391
10;1391
10;1390
10;1390
10;1389
10;1389
10;1388
10;1388
10;1387
10;1387
10;1386
10;1386
10;1385
10;1385
10;1384
10;1384
10;1383
10;1383
10;1382
10;1382
10;1381
10;1381
10;1380
10;1380
10;1379
10;1379
10;1378
10;1378
10;1377
10;1377
10;1376
10;1376
10;1375
10;1375
10;1374
10;1374
10;1373
10;1373
10;1372
10;1372
10;1371
10;1371
10;1370
10;1370
10;1369
10;1369
10;1368
10;1368
10;1367
10;1367
10;1366
10;1366
10;1365
10;1365
10;1364
10;1364
10;1363
10;1363
10;1362
10;1362
10;1361
10;1361
10;1360
10;1360
10;1359
10;1359
10;1358
10;1358
10;1357
10;1357
10;1356
10;1356
10;1355
10;1355
10;1354
10;1354
10;1353
10;1353
10;1352
10;1352
10;1351
10;1351
10;1350
10;1350
10;1349
10;1349
10;1348
10;1348
10;1347
10;1347
10;1346
10;1346
10;1345
10;1345
10;1344
10;1344
10;1343
10;1343
10;1342
10;1342
10;1341
10;1341
10;1340
10;1340
10;1339
10;1339
10;1338
10;1338
10;1337
10;1337
10;1336
10;1336
10;1335
10;1335
10;1334
10;1334
10;1333
10;1333
10;1332
10;1332
10;1331
10;1331
10;1330
10;1330
10;1329
10;1329
10;1328
10;1328
10;1327
10;1327
10;1326
10;1326
10;1325
10;1325
10;1324
10;1324
10;1323
10;1323
10;1322
10;1322
10;1321
10;1321
10;1320
10;1320
10;1319
10;1319
10;1318
10;1318
10;1317
10;1317
10;1316
10;1316
10;1315
10;1315
10;1314
10;1314
10;1313
10;1313
10;1312
10;1312
10;1311
10;1311
10;1310
10;1310
10;1309
10;1309
10;1308
10;1308
10;1307
10;1307
10;1306
10;1306
10;1305
10;1305
10;1304
10;1304
10;1303
10;1303
10;1302
10;1302
10;1301
10;1301
10;1300
10;1300
10;1299
10;1299
10;1298
10;1298
10;1297
10;1297
10;1296
10;1296
10;1295
10;1295
10;1294
10;1294
10;1293
10;1293
10;1292
10;1292
10;1291
10;1291
10;1290
10;1290
10;1289
10;1289
10;1288
10;1288
10;1287
10;1287
10;1286
10;1286
10;1285
10;1285
10;1284
10;1284
10;1283
10;1283
10;1282
10;1282
10;1281
10;1281
10;1280
10;1280
10;1279
10;1279
10;1278
10;1278
10;1277
10;1277
10;1276
10;1276
10;1275
10;1275
10;1274
10;1274
10;1273
10;1273
10;1272
10;1272
10;1271
10;1271
10;1270
10;1270
10;1269
10;1269
10;1268
10;1268
10;1267
10;1267
10;1266
10;1266
10;1265
10;1265
10;1264
10;1264
10;1263
10;1263
10;1262
10;1262
10;1261
10;1261
10;1260
10;1260
10;1259
10;1259
10;1258
10;1258
10;1257
10;1257
10;1256
10;1256
10;1255
10;1255
10;1254
10;1254
10;1253
10;1253
10;1252
10;1252
10;1251
10;1251
10;1250
10;1250
10;1249
10;1249
10;1248
10;1248
10;1247
10;1247
10;1246
10;1246
10;1245
10;1245
10;1244
10;1244
10;1243
10;1243
10;1242
10;1242
10;1241
10;1241
10;1240
10;1240
10;1239
10;1239
10;1238
10;1238
10;1237
10;1237
10;1236
10;1236
10;1235
10;1235
10;1234
10;1234
10;1233
10;1233
10;1232
10;1232
10;1231
10;1231
10;1230
10;1230
10;1229
10;1229
10;1228
10;1228
10;1227
10;1227
10;1226
10;1226
10;1225
10;1225
10;1224
10;1224
10;1223
10;1223
10;1222
10;1222
10;1221
10;1221
10;1220
10;1220
10;1219
10;1219
10;1218
10;1218
10;1217
10;1217
10;1216
10;1216
10;1215
10;1215
10;1214
10;1214
10;1213
10;1213
10;1212
10;1212
10;1211
10;1211
10;1210
10;1210
10;1209
10;1209
10;1208
10;1208
10;1207
10;1207
10;1206
10;1206
10;1205
10;1205
10;1204
10;1204
10;1203
10;1203
10;1202
10;1202
10;1201
10;1201
10;1200
10;1200
10;1199
10;1199
10;1198
10;1198
10;1197
10;1197
10;1196
10;1196
10;1195
10;1195
10;1194
10;1194
10;1193
10;1193
10;1192
10;1192
10;1191
10;1191
10;1190
10;1190
10;1189
10;1189
10;1188
10;1188
10;1187
10;1187
10;1186
10;1186
10;1185
10;1185
10;1184
10;1184
10;1183
10;1183
10;1182
10;1182
10;1181
10;1181
10;1180
10;1180
10;1179
10;1179
10;1178
10;1178
10;1177
10;1177
10;1176
10;1176
10;1175
10;1175
10;1174
10;1174
10;1173
10;1173
10;1172
10;1172
10;1171
10;1171
10;1170
10;1170
10;1169
10;1169
10;1168
10;1168
10;1167
10;1167
10;1166
10;1166
10;1165
10;1165
10;1164
10;1164
10;1163
10;1163
10;1162
10;1162
10;1161
10;1161
10;1160
10;1160
10;1159
10;1159
10;1158
10;1158
10;1157
10;1157
10;1156
10;1156
10;1155
10;1155
10;1154
10;1154
10;1153
10;1153
10;1152
10;1152
10;1151
10;1151
10;1150
10;1150
10;1149
10;1149
10;1148
10;1148
10;1147
10;1147
10;1146
10;1146
10;1145
10;1145
10;1144
10;1144
10;1143
10;1143
10;1142
10;1142
10;1141
10;1141
10;1140
10;1140
10;1139
10;1139
10;1138
10;1138
10;1137
10;1137
10;1136
10;1136
10;1135
10;1135
10;1134
10;1134
10;1133
10;1133
10;1132
10;1132
10;1131
10;1131
10;1130
10;1130
10;1129
10;1129
10;1128
10;1128
10;1127
10;1127
10;1126
10;1126
10;1125
10;1125
10;1124
10;1124
10;1123
10;1123
10;1122
10;1122
10;1121
10;1121
10;1120
10;1120
10;1119
10;1119
10;1118
10;1118
10;1117
10;1117
10;1116
10;1116
10;1115
10;1115
10;1114
10;1114
10;1113
10;1113
10;1112
10;1112
10;1111
10;1111
10;1110
10;1110
10;1109
10;1109
10;1108
10;1108
10;1107
10;1107
10;1106
10;1106
10;1105
10;1105
10;1104
10;1104
10;1103
10;1103
10;1102
10;1102
10;1101
10;1101
10;1100
10;1100
10;1099
10;1099
10;1098
10;1098
10;1097
10;1097
10;1096
10;1096
10;1095
10;1095
10;1094
10;1094
10;1093
10;1093
10;1092
10;1092
10;1091
10;1091
10;1090
10;1090
10;1089
10;1089
10;1088
10;1088
10;1087
10;1087
10;1086
10;1086
10;1085
10;1085
10;1084
10;1084
10;1083
10;1083
10;1082
10;1082
10;1081
10;1081
10;1080
10;1080
10;1079
10;1079
10;1078
10;1078
10;1077
10;1077
10;1076
10;1076
10;1075
10;1075
10;1074
10;1074
10;1073
10;1073
10;1072
10;1072
10;1071
10;1071
10;1070
10;1070
10;1069
10;1069
10;1068
10;1068
10;1067
10;1067
10;1066
10;1066
10;1065
10;1065
10;1064
10;1064
10;1063
10;1063
10;1062
10;1062
10;1061
10;1061
10;1060
10;1060
10;1059
10;1059
10;1058
10;1058
10;1057
10;1057
10;1056
10;1056
10;1055
10;1055
10;1054
10;1054
10;1053
10;1053
10;1052
10;1052
10;1051
10;1051
10;1050
10;1050
10;1049
10;1049
10;1048
10;1048
10;1047
10;1047
10;1046
10;1046
10;1045
10;1045
10;1044
10;1044
10;1043
10;1043
10;1042
10;1042
10;1041
10;1041
10;1040
10;1040
10;1039
10;1039
10;1038
10;1038
10;1037
10;1037
10;1036
10;1036
10;1035
10;1035
10;1034
10;1034
10;1033
10;1033
10;1032
10;1032
10;1031
10;1031
10;1030
10;1030
10;1029
10;1029
10;1028
10;1028
10;1027
10;1027
10;1026
10;1026
10;1025
10;1025
10;1024
10;1024
10;1023
10;1023
10;1022
10;1022
10;1021
10;1021
10;1020
10;1020
10;1019
10;1019
10;1018
10;1018
10;1017
10;1017
10;1016
10;1016
10;1015
10;1015
10;1014
10;1014
10;1013
10;1013
10;1012
10;1012
10;1011
10;1011
10;1010
10;1010
10;1009
10;1009
10;1008
10;1008
10;1007
10;1007
10;1006
10;1006
10;1005
10;1005
10;1004
10;1004
10;1003
10;1003
10;1002
10;1002
10;1001
10;1001
10;1000
10;1000
10;999
10;999
10;998
10;998
10;997
10;997
10;996
10;996
10;995
10;995
10;994
10;994
10;993
10;993
10;992
10;992
10;991
10;991
10;990
10;990
10;989
10;989
10;988
10;988
10;987
10;987
10;986
10;986
10;985
10;985
10;984
10;984
10;983
10;983
10;982
10;982
10;981
10;981
10;980
10;980
10;979
10;979
10;978
10;978
10;977
10;977
10;976
10;976
10;975
10;975
10;974
10;974
10;973
10;973
10;972
10;972
10;971
10;971
10;970
10;970
10;969
10;969
10;968
10;968
10;967
10;967
10;966
10;966
10;965
10;965
10;964
10;964
10;963
10;963
10;962
10;962
10;961
10;961
10;960
10;960
10;959
10;959
10;958
10;958
10;957
10;957
10;956
10;956
10;955
10;955
10;954
10;954
10;953
10;953
10;952
10;952
10;951
10;951
10;950
10;950
10;949
10;949
10;948
10;948
10;947
10;947
10;946
10;946
10;945
10;945
10;944
10;944
10;943
10;943
10;942
10;942
10;941
10;941
10;940
10;940
10;939
10;939
10;938
10;938
10;937
10;937
10;936
10;936
10;935
10;935
10;934
10;934
10;933
10;933
10;932
10;932
10;931
10;931
10;930
10;930
10;929
10;929
10;928
10;928
10;927
10;927
10;926
10;926
10;925
10;925
10;924
10;924
10;923
10;923
10;922
10;922
10;921
10;921
10;920
10;920
10;919
10;919
10;918
10;918
10;917
10;917
10;916
10;916
10;915
10;915
10;914
10;914
10;913
10;913
10;912
10;912
10;911
10;911
10;910
10;910
10;909
10;909
10;908
10;908
10;907
10;907
10;906
10;906
10;905
10;905
10;904
10;904
10;903
10;903
10;902
10;902
10;901
10;901
10;900
10;900
10;899
10;899
10;898
10;898
10;897
10;897
10;896
10;896
10;895
10;895
10;894
10;894
10;893
10;893
10;892
10;892
10;891
10;891
10;890
10;890
10;889
10;889
10;888
10;888
10;887
10;887
10;886
10;886
10;885
10;885
10;884
10;884
10;883
10;883
10;882
10;882
10;881
10;881
10;880
10;880
10;879
10;879
10;878
10;878
10;877
10;877
10;876
10;876
10;875
10;875
10;874
10;874
10;873
10;873
10;872
10;872
10;871
10;871
10;870
10;870
10;869
10;869
10;868
10;868
10;867
10;867
10;866
10;866
10;865
10;865
10;864
10;864
10;863
10;863
10;862
10;862
10;861
10;861
10;860
10;860
10;859
10;859
10;858
10;858
10;857
10;857
10;856
10;856
10;855
10;855
10;854
10;854
10;853
10;853
10;852
10;852
10;851
10;851
10;850
10;850
10;849
10;849
10;848
10;848
10;847
10;847
10;846
10;846
10;845
10;845
10;844
10;844
10;843
10;843
10;842
10;842
10;841
10;841
10;840
10;840
10;839
10;839
10;838
10;838
10;837
10;837
10;836
10;836
10;835
10;835
10;834
10;834
10;833
10;833
10;832
10;832
10;831
10;831
10;830
10;830
10;829
10;829
10;828
10;828
10;827
10;827
10;826
10;826
10;825
10;825
10;824
10;824
10;823
10;823
10;822
10;822
10;821
10;821
10;820
10;820
10;819
10;819
10;818
10;818
10;817
10;817
10;816
10;816
10;815
10;815
10;814
10;814
10;813
10;813
10;812
10;812
10;811
10;811
10;810
10;810
10;809
10;809
10;808
10;808
10;807
10;807
10;806
10;806
10;805
10;805
10;804
10;804
10;803
10;803
10;802
10;802
10;801
10;801
10;800
10;800
10;799
10;799
10;798
10;798
10;797
10;797
10;796
10;796
10;795
10;795
10;794
10;794
10;793
10;793
10;792
10;792
10;791
10;791
10;790
10;790
10;789
10;789
10;788
10;788
10;787
10;787
10;786
10;786
10;785
10;785
10;784
10;784
10;783
10;783
10;782
10;782
10;781
10;781
10;780
10;780
10;779
10;779
10;778
10;778
10;777
10;777
10;776
10;776
10;775
10;775
10;774
10;774
10;773
10;773
10;772
10;772
10;771
10;771
10;770
10;770
10;769
10;769
10;768
10;768
10;767
10;767
10;766
10;766
10;765
10;765
10;764
10;764
10;763
10;763
10;762
10;762
10;761
10;761
10;760
10;760
10;759
10;759
10;758
10;758
10;757
10;757
10;756
10;756
10;755
10;755
10;754
10;754
10;753
10;753
10;752
10;752
10;751
10;751
10;750
10;750
10;749
10;749
10;748
10;748
10;747
10;747
10;746
10;746
10;745
10;745
10;744
10;744
10;743
10;743
10;742
10;742
10;741
10;741
10;740
10;740
10;739
10;739
10;738
10;738
10;737
10;737
10;736
10;736
10;735
10;735
10;734
10;734
10;733
10;733
10;732
10;732
10;731
10;731
10;730
10;730
10;729
10;729
10;728
10;728
10;727
10;727
10;726
10;726
10;725
10;725
10;724
10;724
10;723
10;723
10;722
10;722
10;721
10;721
10;720
10;720
10;719
10;719
10;718
10;718
10;717
10;717
10;716
10;716
10;715
10;715
10;714
10;714
10;713
10;713
10;712
10;712
10;711
10;711
10;710
10;710
10;709
10;709
10;708
10;708
10;707
10;707
10;706
10;706
10;705
10;705
10;704
10;704
10;703
10;703
10;702
10;702
10;701
10;701
10;700
10;700
10;699
10;699
10;698
10;698
10;697
10;697
10;696
10;696
10;695
10;695
10;694
10;694
10;693
10;693
10;692
10;692
10;691
10;691
10;690
10;690
10;689
10;689
10;688
10;688
10;687
10;687
10;686
10;686
10;685
10;685
10;684
10;684
10;683
10;683
10;682
10;682
10;681
10;681
10;680
10;680
10;679
10;679
10;678
10;678
10;677
10;677
10;676
10;676
10;675
10;675
10;674
10;674
10;673
10;673
10;672
10;672
10;671
10;671
10;670
10;670
10;669
10;669
10;668
10;668
10;667
10;667
10;666
10;666
10;665
10;665
10;664
10;664
10;663
10;663
10;662
10;662
10;661
10;661
10;660
10;660
10;659
10;659
10;658
10;658
10;657
10;657
10;656
10;656
10;655
10;655
10;654
10;654
10;653
10;653
10;652
10;652
10;651
10;651
10;650
10;650
10;649
10;649
10;648
10;648
10;647
10;647
10;646
10;646
10;645
10;645
10;644
10;644
10;643
10;643
10;642
10;642
10;641
10;641
10;640
10;640
10;639
10;639
10;638
10;638
10;637
10;637
10;636
10;636
10;635
10;635
10;634
10;634
10;633
10;633
10;632
10;632
10;631
10;631
10;630
10;630
10;629
10;629
10;628
10;628
10;627
10;627
10;626
10;626
10;625
10;625
10;624
10;624
10;623
10;623
10;622
10;622
10;621
10;621
10;620
10;620
10;619
10;619
10;618
10;618
10;617
10;617
10;616
10;616
10;615
10;615
10;614
10;614
10;613
10;613
10;612
10;612
10;611
10;611
10;610
10;610
10;609
10;609
10;608
10;608
10;607
10;607
10;606
10;606
10;605
10;605
10;604
10;604
10;603
10;603
10;602
10;602
10;601
10;601
10;600
10;600
10;599
10;599
10;598
10;598
10;597
10;597
10;596
10;596
10;595
10;595
10;594
10;594
10;593
10;593
10;592
10;592
10;591
10;591
10;590
10;590
10;589
10;589
10;588
10;588
10;587
10;587
10;586
10;586
10;585
10;585
10;584
10;584
10;583
10;583
10;582
10;582
10;581
10;581
10;580
10;580
10;579
10;579
10;578
10;578
10;577
10;577
10;576
10;576
10;575
10;575
10;574
10;574
10;573
10;573
10;572
10;572
10;571
10;571
10;570
10;570
10;569
10;569
10;568
10;568
10;567
10;567
10;566
10;566
10;565
10;565
10;564
10;564
10;563
10;563
10;562
10;562
10;561
10;561
10;560
10;560
10;559
10;559
10;558
10;558
10;557
10;557
10;556
10;556
10;555
10;555
10;554
10;554
10;553
10;553
10;552
10;552
10;551
10;551
10;550
10;550
10;549
10;549
10;548
10;548
10;547
10;547
10;546
10;546
10;545
10;545
10;544
10;544
10;543
10;543
10;542
10;542
10;541
10;541
10;540
10;540
10;539
10;539
10;538
10;538
10;537
10;537
10;536
10;536
10;535
10;535
10;534
10;534
10;533
10;533
10;532
10;532
10;531
10;531
10;530
10;530
10;529
10;529
10;528
10;528
10;527
10;527
10;526
10;526
10;525
10;525
10;524
10;524
10;523
10;523
10;522
10;522
10;521
10;521
10;520
10;520
10;519
10;519
10;518
10;518
10;517
10;517
10;516
10;516
10;515
10;515
10;514
10;514
10;513
10;513
10;512
10;512
10;511
10;511
10;510
10;510
10;509
10;509
10;508
10;508
10;507
10;507
10;506
10;506
10;505
10;505
10;504
10;504
10;503
10;503
10;502
10;502
10;501
10;501
10;500
10;500
10;499
10;499
10;498
10;498
10;497
10;497
10;496
10;496
10;495
10;495
10;494
10;494
10;493
10;493
10;492
10;492
10;491
10;491
10;490
10;490
10;489
10;489
10;488
10;488
10;487
10;487
10;486
10;486
10;485
10;485
10;484
10;484
10;483
10;483
10;482
10;482
10;481
10;481
10;480
10;480
10;479
10;479
10;478
10;478
10;477
10;477
10;476
10;476
10;475
10;475
10;474
10;474
10;473
10;473
10;472
10;472
10;471
10;471
10;470
10;470
10;469
10;469
10;468
10;468
10;467
10;467
10;466
10;466
10;465
10;465
10;464
10;464
10;463
10;463
10;462
10;462
10;461
10;461
10;460
10;460
10;459
10;459
10;458
10;458
10;457
10;457
10;456
10;456
10;455
10;455
10;454
10;454
10;453
10;453
10;452
10;452
10;451
10;451
10;450
10;450
10;449
10;449
10;448
10;448
10;447
10;447
10;446
10;446
10;445
10;445
10;444
10;444
10;443
10;443
10;442
10;442
10;441
10;441
10;440
10;440
10;439
10;439
10;438
10;438
10;437
10;437
10;436
10;436
10;435
10;435
10;434
10;434
10;433
10;433
10;432
10;432
10;431
10;431
10;430
10;430
10;429
10;429
10;428
10;428
10;427
10;427
10;426
10;426
10;425
10;425
10;424
10;424
10;423
10;423
10;422
10;422
10;421
10;421
10;420
10;420
10;419
10;419
10;418
10;418
10;417
10;417
10;416
10;416
10;415
10;415
10;414
10;414
10;413
10;413
10;412
10;412
10;411
10;411
10;410
10;410
10;409
10;409
10;408
10;408
10;407
10;407
10;406
10;406
10;405
10;405
10;404
10;404
10;403
10;403
10;402
10;402
10;401
10;401
10;400
10;400
10;399
10;399
10;398
10;398
10;397
10;397
10;396
10;396
10;395
10;395
10;394
10;394
10;393
10;393
10;392
10;392
10;391
10;391
10;390
10;390
10;389
10;389
10;388
10;388
10;387
10;387
10;386
10;386
10;385
10;385
10;384
10;384
10;383
10;383
10;382
10;382
10;381
10;381
10;380
10;380
10;379
10;379
10;378
10;378
10;377
10;377
10;376
10;376
10;375
10;375
10;374
10;374
10;373
10;373
10;372
10;372
10;371
10;371
10;370
10;370
10;369
10;369
10;368
10;368
10;367
10;367
10;366
10;366
10;365
10;365
10;364
10;364
10;363
10;363
10;362
10;362
10;361
10;361
10;360
10;360
10;359
10;359
10;358
10;358
10;357
10;357
10;356
10;356
10;355
10;355
10;354
10;354
10;353
10;353
10;352
10;352
10;351
10;351
10;350
10;350
10;349
10;349
10;348
10;348
10;347
10;347
10;346
10;346
10;345
10;345
10;344
10;344
10;343
10;343
10;342
10;342
10;341
10;341
10;340
10;340
10;339
10;339
10;338
10;338
10;337
10;337
10;336
10;336
10;335
10;335
10;334
10;334
10;333
10;333
10;332
10;332
10;331
10;331
10;330
10;330
10;329
10;329
10;328
10;328
10;327
10;327
10;326
10;326
10;325
10;325
10;324
10;324
10;323
10;323
10;322
10;322
10;321
10;321
10;320
10;320
10;319
10;319
10;318
10;318
10;317
10;317
10;316
10;316
10;315
10;315
10;314
10;314
10;313
10;313
10;312
10;312
10;311
10;311
10;310
10;310
10;309
10;309
10;308
10;308
10;307
10;307
10;306
10;306
10;305
10;305
10;304
10;304
10;303
10;303
10;302
10;302
10;301
10;301
10;300
10;300
10;299
10;299
10;298
10;298
10;297
10;297
10;296
10;296
10;295
10;295
10;294
10;294
10;293
10;293
10;292
10;292
10;291
10;291
10;290
10;290
10;289
10;289
10;288
10;288
10;287
10;287
10;286
10;286
10;285
10;285
10;284
10;284
10;283
10;283
10;282
10;282
10;281
10;281
10;280
10;280
10;279
10;279
10;278
10;278
10;277
10;277
10;276
10;276
10;275
10;275
10;274
10;274
10;273
10;273
10;272
10;272
10;271
10;271
10;270
10;270
10;269
10;269
10;268
10;268
10;267
10;267
10;266
10;266
10;265
10;265
10;264
10;264
10;263
10;263
10;262
10;262
10;261
10;261
10;260
10;260
10;259
10;259
10;258
10;258
10;257
10;257
10;256
10;256
10;255
10;255
10;254
10;254
10;253
10;253
10;252
10;252
10;251
10;251
10;250
10;250
10;249
10;249
10;248
10;248
10;247
10;247
10;246
10;246
10;245
10;245
10;244
10;244
10;243
10;243
10;242
10;242
10;241
10;241
10;240
10;240
10;239
10;239
10;238
10;238
10;237
10;237
10;236
10;236
10;235
10;235
10;234
10;234
10;233
10;233
10;232
10;232
10;231
10;231
10;230
10;230
10;229
10;229
10;228
10;228
10;227
10;227
10;226
10;226
10;225
10;225
10;224
10;224
10;223
10;223
10;222
10;222
10;221
10;221
10;220
10;220
10;219
10;219
10;218
10;218
10;217
10;217
10;216
10;216
10;215
10;215
10;214
10;214
10;213
10;213
10;212
10;212
10;211
10;211
10;210
10;210
10;209
10;209
10;208
10;208
10;207
10;207
10;206
10;206
10;205
10;205
10;204
10;204
10;203
10;203
10;202
10;202
10;201
10;201
10;200
10;200
10;199
10;199
10;198
10;198
10;197
10;197
10;196
10;196
10;195
10;195
10;194
10;194
10;193
10;193
10;192
10;192
10;191
10;191
10;190
10;190
10;189
10;189
10;188
10;188
10;187
10;187
10;186
10;186
10;185
10;185
10;184
10;184
10;183
10;183
10;182
10;182
10;181
10;181
10;180
10;180
10;179
10;179
10;178
10;178
10;177
10;177
10;176
10;176
10;175
10;175
10;174
10;174
10;173
10;173
10;172
10;172
10;171
10;171
10;170
10;170
10;169
10;169
10;168
10;168
10;167
10;167
10;166
10;166
10;165
10;165
10;164
10;164
10;163
10;163
10;162
10;162
10;161
10;161
10;160
10;160
10;159
10;159
10;158
10;158
10;157
10;157
10;156
10;156
10;155
10;155
10;154
10;154
10;153
10;153
10;152
10;152
10;151
10;151
10;150
10;150
10;149
10;149
10;148
10;148
10;147
10;147
10;146
10;146
10;145
10;145
10;144
10;144
10;143
10;143
10;142
10;142
10;141
10;141
10;140
10;140
10;139
10;139
10;138
10;138
10;137
10;137
10;136
10;136
10;135
10;135
10;134
10;134
10;133
10;133
10;132
10;132
10;131
10;131
10;130
10;130
10;129
10;129
10;128
10;128
10;127
10;127
10;126
10;126
10;125
10;125
10;124
10;124
10;123
10;123
10;122
10;122
10;121
10;121
10;120
10;120
10;119
10;119
10;118
10;118
10;117
10;117
10;116
10;116
10;115
10;115
10;114
10;114
10;113
10;113
10;112
10;112
10;111
10;111
10;110
10;110
10;109
10;109
10;108
10;108
10;107
10;107
10;106
10;106
10;105
10;105
10;104
10;104
10;103
10;103
10;102
10;102
10;101
10;101
10;100
10;100
10;99
10;99
10;98
10;98
10;97
10;97
10;96
10;96
10;95
10;95
10;94
10;94
10;93
10;93
10;92
10;92
10;91
10;91
10;90
10;90
10;89
10;89
10;88
10;88
10;87
10;87
10;86
10;86
10;85
10;85
10;84
10;84
10;83
10;83
10;82
10;82
10;81
10;81
10;80
10;80
10;79
10;79
10;78
10;78
10;77
10;77
10;76
10;76
10;75
10;75
10;74
10;74
10;73
10;73
10;72
10;72
10;71
10;71
10;70
10;70
10;69
10;69
10;68
10;68
10;67
10;67
10;66
10;66
10;65
10;65
10;64
10;64
10;63
10;63
10;62
10;62
10;61
10;61
10;60
10;60
10;59
10;59
10;58
10;58
10;57
10;57
10;56
10;56
10;55
10;55
10;54
10;54
10;53
10;53
10;52
10;52
10;51
10;51
10;50
10;50
10;49
10;49
10;48
10;48
10;47
10;47
10;46
10;46
10;45
10;45
10;44
10;44
10;43
10;43
10;42
10;42
10;41
10;41
10;40
10;40
10;39
10;39
10;38
10;38
10;37
10;37
10;36
10;36
10;35
10;35
10;34
10;34
10;33
10;33
10;32
10;32
10;31
10;31
10;30
10;30
10;29
10;29
10;28
10;28
10;27
10;27
10;26
10;26
10;25
10;25
10;24
10;24
10;23
10;23
10;22
10;22
10;21
10;21
10;20
10;20
10;19
10;19
10;18
10;18
10;17
10;17
10;16
10;16
10;15
10;15
10;14
10;14
10;13
10;13
10;12
10;12
10;11
10;11
10;10
10;10
10;9
10;9
10;8
10;8
10;7
10;7
10;6
10;6
10;5
10;5
10;4
10;4
10;3
10;3
10;2
10;2
10;1
10;1
11;3531
11;3531
11;3530
11;3530
11;3529
11;3529
11;3528
11;3528
11;3527
11;3527
11;3526
11;3526
11;3525
11;3525
11;3524
11;3524
11;3523
11;3523
11;3522
11;3522
11;3521
11;3521
11;3520
11;3520
11;3519
11;3519
11;3518
11;3518
11;3517
11;3517
11;3516
11;3516
11;3515
11;3515
11;3514
11;3514
11;3513
11;3513
11;3512
11;3512
11;3511
11;3511
11;3510
11;3510
11;3509
11;3509
11;3508
11;3508
11;3507
11;3507
11;3506
11;3506
11;3505
11;3505
11;3504
11;3504
11;3503
11;3503
11;3502
11;3502
11;3501
11;3501
11;3500
11;3500
11;3499
11;3499
11;3498
11;3498
11;3497
11;3497
11;3496
11;3496
11;3495
11;3495
11;3494
11;3494
11;3493
11;3493
11;3492
11;3492
11;3491
11;3491
11;3490
11;3490
11;3489
11;3489
11;3488
11;3488
11;3487
11;3487
11;3486
11;3486
11;3485
11;3485
11;3484
11;3484
11;3483
11;3483
11;3482
11;3482
11;3481
11;3481
11;3480
11;3480
11;3479
11;3479
11;3478
11;3478
11;3477
11;3477
11;3476
11;3476
11;3475
11;3475
11;3474
11;3474
11;3473
11;3473
11;3472
11;3472
11;3471
11;3471
11;3470
11;3470
11;3469
11;3469
11;3468
11;3468
11;3467
11;3467
11;3466
11;3466
11;3465
11;3465
11;3464
11;3464
11;3463
11;3463
11;3462
11;3462
11;3461
11;3461
11;3460
11;3460
11;3459
11;3459
11;3458
11;3458
11;3457
11;3457
11;3456
11;3456
11;3455
11;3455
11;3454
11;3454
11;3453
11;3453
11;3452
11;3452
11;3451
11;3451
11;3450
11;3450
11;3449
11;3449
11;3448
11;3448
11;3447
11;3447
11;3446
11;3446
11;3445
11;3445
11;3444
11;3444
11;3443
11;3443
11;3442
11;3442
11;3441
11;3441
11;3440
11;3440
11;3439
11;3439
11;3438
11;3438
11;3437
11;3437
11;3436
11;3436
11;3435
11;3435
11;3434
11;3434
11;3433
11;3433
11;3432
11;3432
11;3431
11;3431
11;3430
11;3430
11;3429
11;3429
11;3428
11;3428
11;3427
11;3427
11;3426
11;3426
11;3425
11;3425
11;3424
11;3424
11;3423
11;3423
11;3422
11;3422
11;3421
11;3421
11;3420
11;3420
11;3419
11;3419
11;3418
11;3418
11;3417
11;3417
11;3416
11;3416
11;3415
11;3415
11;3414
11;3414
11;3413
11;3413
11;3412
11;3412
11;3411
11;3411
11;3410
11;3410
11;3409
11;3409
11;3408
11;3408
11;3407
11;3407
11;3406
11;3406
11;3405
11;3405
11;3404
11;3404
11;3403
11;3403
11;3402
11;3402
11;3401
11;3401
11;3400
11;3400
11;3399
11;3399
11;3398
11;3398
11;3397
11;3397
11;3396
11;3396
11;3395
11;3395
11;3394
11;3394
11;3393
11;3393
11;3392
11;3392
11;3391
11;3391
11;3390
11;3390
11;3389
11;3389
11;3388
11;3388
11;3387
11;3387
11;3386
11;3386
11;3385
11;3385
11;3384
11;3384
11;3383
11;3383
11;3382
11;3382
11;3381
11;3381
11;3380
11;3380
11;3379
11;3379
11;3378
11;3378
11;3377
11;3377
11;3376
11;3376
11;3375
11;3375
11;3374
11;3374
11;3373
11;3373
11;3372
11;3372
11;3371
11;3371
11;3370
11;3370
11;3369
11;3369
11;3368
11;3368
11;3367
11;3367
11;3366
11;3366
11;3365
11;3365
11;3364
11;3364
11;3363
11;3363
11;3362
11;3362
11;3361
11;3361
11;3360
11;3360
11;3359
11;3359
11;3358
11;3358
11;3357
11;3357
11;3356
11;3356
11;3355
11;3355
11;3354
11;3354
11;3353
11;3353
11;3352
11;3352
11;3351
11;3351
11;3350
11;3350
11;3349
11;3349
11;3348
11;3348
11;3347
11;3347
11;3346
11;3346
11;3345
11;3345
11;3344
11;3344
11;3343
11;3343
11;3342
11;3342
11;3341
11;3341
11;3340
11;3340
11;3339
11;3339
11;3338
11;3338
11;3337
11;3337
11;3336
11;3336
11;3335
11;3335
11;3334
11;3334
11;3333
11;3333
11;3332
11;3332
11;3331
11;3331
11;3330
11;3330
11;3329
11;3329
11;3328
11;3328
11;3327
11;3327
11;3326
11;3326
11;3325
11;3325
11;3324
11;3324
11;3323
11;3323
11;3322
11;3322
11;3321
11;3321
11;3320
11;3320
11;3319
11;3319
11;3318
11;3318
11;3317
11;3317
11;3316
11;3316
11;3315
11;3315
11;3314
11;3314
11;3313
11;3313
11;3312
11;3312
11;3311
11;3311
11;3310
11;3310
11;3309
11;3309
11;3308
11;3308
11;3307
11;3307
11;3306
11;3306
11;3305
11;3305
11;3304
11;3304
11;3303
11;3303
11;3302
11;3302
11;3301
11;3301
11;3300
11;3300
11;3299
11;3299
11;3298
11;3298
11;3297
11;3297
11;3296
11;3296
11;3295
11;3295
11;3294
11;3294
11;3293
11;3293
11;3292
11;3292
11;3291
11;3291
11;3290
11;3290
11;3289
11;3289
11;3288
11;3288
11;3287
11;3287
11;3286
11;3286
11;3285
11;3285
11;3284
11;3284
11;3283
11;3283
11;3282
11;3282
11;3281
11;3281
11;3280
11;3280
11;3279
11;3279
11;3278
11;3278
11;3277
11;3277
11;3276
11;3276
11;3275
11;3275
11;3274
11;3274
11;3273
11;3273
11;3272
11;3272
11;3271
11;3271
11;3270
11;3270
11;3269
11;3269
11;3268
11;3268
11;3267
11;3267
11;3266
11;3266
11;3265
11;3265
11;3264
11;3264
11;3263
11;3263
11;3262
11;3262
11;3261
11;3261
11;3260
11;3260
11;3259
11;3259
11;3258
11;3258
11;3257
11;3257
11;3256
11;3256
11;3255
11;3255
11;3254
11;3254
11;3253
11;3253
11;3252
11;3252
11;3251
11;3251
11;3250
11;3250
11;3249
11;3249
11;3248
11;3248
11;3247
11;3247
11;3246
11;3246
11;3245
11;3245
11;3244
11;3244
11;3243
11;3243
11;3242
11;3242
11;3241
11;3241
11;3240
11;3240
11;3239
11;3239
11;3238
11;3238
11;3237
11;3237
11;3236
11;3236
11;3235
11;3235
11;3234
11;3234
11;3233
11;3233
11;3232
11;3232
11;3231
11;3231
11;3230
11;3230
11;3229
11;3229
11;3228
11;3228
11;3227
11;3227
11;3226
11;3226
11;3225
11;3225
11;3224
11;3224
11;3223
11;3223
11;3222
11;3222
11;3221
11;3221
11;3220
11;3220
11;3219
11;3219
11;3218
11;3218
11;3217
11;3217
11;3216
11;3216
11;3215
11;3215
11;3214
11;3214
11;3213
11;3213
11;3212
11;3212
11;3211
11;3211
11;3210
11;3210
11;3209
11;3209
11;3208
11;3208
11;3207
11;3207
11;3206
11;3206
11;3205
11;3205
11;3204
11;3204
11;3203
11;3203
11;3202
11;3202
11;3201
11;3201
11;3200
11;3200
11;3199
11;3199
11;3198
11;3198
11;3197
11;3197
11;3196
11;3196
11;3195
11;3195
11;3194
11;3194
11;3193
11;3193
11;3192
11;3192
11;3191
11;3191
11;3190
11;3190
11;3189
11;3189
11;3188
11;3188
11;3187
11;3187
11;3186
11;3186
11;3185
11;3185
11;3184
11;3184
11;3183
11;3183
11;3182
11;3182
11;3181
11;3181
11;3180
11;3180
11;3179
11;3179
11;3178
11;3178
11;3177
11;3177
11;3176
11;3176
11;3175
11;3175
11;3174
11;3174
11;3173
11;3173
11;3172
11;3172
11;3171
11;3171
11;3170
11;3170
11;3169
11;3169
11;3168
11;3168
11;3167
11;3167
11;3166
11;3166
11;3165
11;3165
11;3164
11;3164
11;3163
11;3163
11;3162
11;3162
11;3161
11;3161
11;3160
11;3160
11;3159
11;3159
11;3158
11;3158
11;3157
11;3157
11;3156
11;3156
11;3155
11;3155
11;3154
11;3154
11;3153
11;3153
11;3152
11;3152
11;3151
11;3151
11;3150
11;3150
11;3149
11;3149
11;3148
11;3148
11;3147
11;3147
11;3146
11;3146
11;3145
11;3145
11;3144
11;3144
11;3143
11;3143
11;3142
11;3142
11;3141
11;3141
11;3140
11;3140
11;3139
11;3139
11;3138
11;3138
11;3137
11;3137
11;3136
11;3136
11;3135
11;3135
11;3134
11;3134
11;3133
11;3133
11;3132
11;3132
11;3131
11;3131
11;3130
11;3130
11;3129
11;3129
11;3128
11;3128
11;3127
11;3127
11;3126
11;3126
11;3125
11;3125
11;3124
11;3124
11;3123
11;3123
11;3122
11;3122
11;3121
11;3121
11;3120
11;3120
11;3119
11;3119
11;3118
11;3118
11;3117
11;3117
11;3116
11;3116
11;3115
11;3115
11;3114
11;3114
11;3113
11;3113
11;3112
11;3112
11;3111
11;3111
11;3110
11;3110
11;3109
11;3109
11;3108
11;3108
11;3107
11;3107
11;3106
11;3106
11;3105
11;3105
11;3104
11;3104
11;3103
11;3103
11;3102
11;3102
11;3101
11;3101
11;3100
11;3100
11;3099
11;3099
11;3098
11;3098
11;3097
11;3097
11;3096
11;3096
11;3095
11;3095
11;3094
11;3094
11;3093
11;3093
11;3092
11;3092
11;3091
11;3091
11;3090
11;3090
11;3089
11;3089
11;3088
11;3088
11;3087
11;3087
11;3086
11;3086
11;3085
11;3085
11;3084
11;3084
11;3083
11;3083
11;3082
11;3082
11;3081
11;3081
11;3080
11;3080
11;3079
11;3079
11;3078
11;3078
11;3077
11;3077
11;3076
11;3076
11;3075
11;3075
11;3074
11;3074
11;3073
11;3073
11;3072
11;3072
11;3071
11;3071
11;3070
11;3070
11;3069
11;3069
11;3068
11;3068
11;3067
11;3067
11;3066
11;3066
11;3065
11;3065
11;3064
11;3064
11;3063
11;3063
11;3062
11;3062
11;3061
11;3061
11;3060
11;3060
11;3059
11;3059
11;3058
11;3058
11;3057
11;3057
11;3056
11;3056
11;3055
11;3055
11;3054
11;3054
11;3053
11;3053
11;3052
11;3052
11;3051
11;3051
11;3050
11;3050
11;3049
11;3049
11;3048
11;3048
11;3047
11;3047
11;3046
11;3046
11;3045
11;3045
11;3044
11;3044
11;3043
11;3043
11;3042
11;3042
11;3041
11;3041
11;3040
11;3040
11;3039
11;3039
11;3038
11;3038
11;3037
11;3037
11;3036
11;3036
11;3035
11;3035
11;3034
11;3034
11;3033
11;3033
11;3032
11;3032
11;3031
11;3031
11;3030
11;3030
11;3029
11;3029
11;3028
11;3028
11;3027
11;3027
11;3026
11;3026
11;3025
11;3025
11;3024
11;3024
11;3023
11;3023
11;3022
11;3022
11;3021
11;3021
11;3020
11;3020
11;3019
11;3019
11;3018
11;3018
11;3017
11;3017
11;3016
11;3016
11;3015
11;3015
11;3014
11;3014
11;3013
11;3013
11;3012
11;3012
11;3011
11;3011
11;3010
11;3010
11;3009
11;3009
11;3008
11;3008
11;3007
11;3007
11;3006
11;3006
11;3005
11;3005
11;3004
11;3004
11;3003
11;3003
11;3002
11;3002
11;3001
11;3001
11;3000
11;3000
11;2999
11;2999
11;2998
11;2998
11;2997
11;2997
11;2996
11;2996
11;2995
11;2995
11;2994
11;2994
11;2993
11;2993
11;2992
11;2992
11;2991
11;2991
11;2990
11;2990
11;2989
11;2989
11;2988
11;2988
11;2987
11;2987
11;2986
11;2986
11;2985
11;2985
11;2984
11;2984
11;2983
11;2983
11;2982
11;2982
11;2981
11;2981
11;2980
11;2980
11;2979
11;2979
11;2978
11;2978
11;2977
11;2977
11;2976
11;2976
11;2975
11;2975
11;2974
11;2974
11;2973
11;2973
11;2972
11;2972
11;2971
11;2971
11;2970
11;2970
11;2969
11;2969
11;2968
11;2968
11;2967
11;2967
11;2966
11;2966
11;2965
11;2965
11;2964
11;2964
11;2963
11;2963
11;2962
11;2962
11;2961
11;2961
11;2960
11;2960
11;2959
11;2959
11;2958
11;2958
11;2957
11;2957
11;2956
11;2956
11;2955
11;2955
11;2954
11;2954
11;2953
11;2953
11;2952
11;2952
11;2951
11;2951
11;2950
11;2950
11;2949
11;2949
11;2948
11;2948
11;2947
11;2947
11;2946
11;2946
11;2945
11;2945
11;2944
11;2944
11;2943
11;2943
11;2942
11;2942
11;2941
11;2941
11;2940
11;2940
11;2939
11;2939
11;2938
11;2938
11;2937
11;2937
11;2936
11;2936
11;2935
11;2935
11;2934
11;2934
11;2933
11;2933
11;2932
11;2932
11;2931
11;2931
11;2930
11;2930
11;2929
11;2929
11;2928
11;2928
11;2927
11;2927
11;2926
11;2926
11;2925
11;2925
11;2924
11;2924
11;2923
11;2923
11;2922
11;2922
11;2921
11;2921
11;2920
11;2920
11;2919
11;2919
11;2918
11;2918
11;2917
11;2917
11;2916
11;2916
11;2915
11;2915
11;2914
11;2914
11;2913
11;2913
11;2912
11;2912
11;2911
11;2911
11;2910
11;2910
11;2909
11;2909
11;2908
11;2908
11;2907
11;2907
11;2906
11;2906
11;2905
11;2905
11;2904
11;2904
11;2903
11;2903
11;2902
11;2902
11;2901
11;2901
11;2900
11;2900
11;2899
11;2899
11;2898
11;2898
11;2897
11;2897
11;2896
11;2896
11;2895
11;2895
11;2894
11;2894
11;2893
11;2893
11;2892
11;2892
11;2891
11;2891
11;2890
11;2890
11;2889
11;2889
11;2888
11;2888
11;2887
11;2887
11;2886
11;2886
11;2885
11;2885
11;2884
11;2884
11;2883
11;2883
11;2882
11;2882
11;2881
11;2881
11;2880
11;2880
11;2879
11;2879
11;2878
11;2878
11;2877
11;2877
11;2876
11;2876
11;2875
11;2875
11;2874
11;2874
11;2873
11;2873
11;2872
11;2872
11;2871
11;2871
11;2870
11;2870
11;2869
11;2869
11;2868
11;2868
11;2867
11;2867
11;2866
11;2866
11;2865
11;2865
11;2864
11;2864
11;2863
11;2863
11;2862
11;2862
11;2861
11;2861
11;2860
11;2860
11;2859
11;2859
11;2858
11;2858
11;2857
11;2857
11;2856
11;2856
11;2855
11;2855
11;2854
11;2854
11;2853
11;2853
11;2852
11;2852
11;2851
11;2851
11;2850
11;2850
11;2849
11;2849
11;2848
11;2848
11;2847
11;2847
11;2846
11;2846
11;2845
11;2845
11;2844
11;2844
11;2843
11;2843
11;2842
11;2842
11;2841
11;2841
11;2840
11;2840
11;2839
11;2839
11;2838
11;2838
11;2837
11;2837
11;2836
11;2836
11;2835
11;2835
11;2834
11;2834
11;2833
11;2833
11;2832
11;2832
11;2831
11;2831
11;2830
11;2830
11;2829
11;2829
11;2828
11;2828
11;2827
11;2827
11;2826
11;2826
11;2825
11;2825
11;2824
11;2824
11;2823
11;2823
11;2822
11;2822
11;2821
11;2821
11;2820
11;2820
11;2819
11;2819
11;2818
11;2818
11;2817
11;2817
11;2816
11;2816
11;2815
11;2815
11;2814
11;2814
11;2813
11;2813
11;2812
11;2812
11;2811
11;2811
11;2810
11;2810
11;2809
11;2809
11;2808
11;2808
11;2807
11;2807
11;2806
11;2806
11;2805
11;2805
11;2804
11;2804
11;2803
11;2803
11;2802
11;2802
11;2801
11;2801
11;2800
11;2800
11;2799
11;2799
11;2798
11;2798
11;2797
11;2797
11;2796
11;2796
11;2795
11;2795
11;2794
11;2794
11;2793
11;2793
11;2792
11;2792
11;2791
11;2791
11;2790
11;2790
11;2789
11;2789
11;2788
11;2788
11;2787
11;2787
11;2786
11;2786
11;2785
11;2785
11;2784
11;2784
11;2783
11;2783
11;2782
11;2782
11;2781
11;2781
11;2780
11;2780
11;2779
11;2779
11;2778
11;2778
11;2777
11;2777
11;2776
11;2776
11;2775
11;2775
11;2774
11;2774
11;2773
11;2773
11;2772
11;2772
11;2771
11;2771
11;2770
11;2770
11;2769
11;2769
11;2768
11;2768
11;2767
11;2767
11;2766
11;2766
11;2765
11;2765
11;2764
11;2764
11;2763
11;2763
11;2762
11;2762
11;2761
11;2761
11;2760
11;2760
11;2759
11;2759
11;2758
11;2758
11;2757
11;2757
11;2756
11;2756
11;2755
11;2755
11;2754
11;2754
11;2753
11;2753
11;2752
11;2752
11;2751
11;2751
11;2750
11;2750
11;2749
11;2749
11;2748
11;2748
11;2747
11;2747
11;2746
11;2746
11;2745
11;2745
11;2744
11;2744
11;2743
11;2743
11;2742
11;2742
11;2741
11;2741
11;2740
11;2740
11;2739
11;2739
11;2738
11;2738
11;2737
11;2737
11;2736
11;2736
11;2735
11;2735
11;2734
11;2734
11;2733
11;2733
11;2732
11;2732
11;2731
11;2731
11;2730
11;2730
11;2729
11;2729
11;2728
11;2728
11;2727
11;2727
11;2726
11;2726
11;2725
11;2725
11;2724
11;2724
11;2723
11;2723
11;2722
11;2722
11;2721
11;2721
11;2720
11;2720
11;2719
11;2719
11;2718
11;2718
11;2717
11;2717
11;2716
11;2716
11;2715
11;2715
11;2714
11;2714
11;2713
11;2713
11;2712
11;2712
11;2711
11;2711
11;2710
11;2710
11;2709
11;2709
11;2708
11;2708
11;2707
11;2707
11;2706
11;2706
11;2705
11;2705
11;2704
11;2704
11;2703
11;2703
11;2702
11;2702
11;2701
11;2701
11;2700
11;2700
11;2699
11;2699
11;2698
11;2698
11;2697
11;2697
11;2696
11;2696
11;2695
11;2695
11;2694
11;2694
11;2693
11;2693
11;2692
11;2692
11;2691
11;2691
11;2690
11;2690
11;2689
11;2689
11;2688
11;2688
11;2687
11;2687
11;2686
11;2686
11;2685
11;2685
11;2684
11;2684
11;2683
11;2683
11;2682
11;2682
11;2681
11;2681
11;2680
11;2680
11;2679
11;2679
11;2678
11;2678
11;2677
11;2677
11;2676
11;2676
11;2675
11;2675
11;2674
11;2674
11;2673
11;2673
11;2672
11;2672
11;2671
11;2671
11;2670
11;2670
11;2669
11;2669
11;2668
11;2668
11;2667
11;2667
11;2666
11;2666
11;2665
11;2665
11;2664
11;2664
11;2663
11;2663
11;2662
11;2662
11;2661
11;2661
11;2660
11;2660
11;2659
11;2659
11;2658
11;2658
11;2657
11;2657
11;2656
11;2656
11;2655
11;2655
11;2654
11;2654
11;2653
11;2653
11;2652
11;2652
11;2651
11;2651
11;2650
11;2650
11;2649
11;2649
11;2648
11;2648
11;2647
11;2647
11;2646
11;2646
11;2645
11;2645
11;2644
11;2644
11;2643
11;2643
11;2642
11;2642
11;2641
11;2641
11;2640
11;2640
11;2639
11;2639
11;2638
11;2638
11;2637
11;2637
11;2636
11;2636
11;2635
11;2635
11;2634
11;2634
11;2633
11;2633
11;2632
11;2632
11;2631
11;2631
11;2630
11;2630
11;2629
11;2629
11;2628
11;2628
11;2627
11;2627
11;2626
11;2626
11;2625
11;2625
11;2624
11;2624
11;2623
11;2623
11;2622
11;2622
11;2621
11;2621
11;2620
11;2620
11;2619
11;2619
11;2618
11;2618
11;2617
11;2617
11;2616
11;2616
11;2615
11;2615
11;2614
11;2614
11;2613
11;2613
11;2612
11;2612
11;2611
11;2611
11;2610
11;2610
11;2609
11;2609
11;2608
11;2608
11;2607
11;2607
11;2606
11;2606
11;2605
11;2605
11;2604
11;2604
11;2603
11;2603
11;2602
11;2602
11;2601
11;2601
11;2600
11;2600
11;2599
11;2599
11;2598
11;2598
11;2597
11;2597
11;2596
11;2596
11;2595
11;2595
11;2594
11;2594
11;2593
11;2593
11;2592
11;2592
11;2591
11;2591
11;2590
11;2590
11;2589
11;2589
11;2588
11;2588
11;2587
11;2587
11;2586
11;2586
11;2585
11;2585
11;2584
11;2584
11;2583
11;2583
11;2582
11;2582
11;2581
11;2581
11;2580
11;2580
11;2579
11;2579
11;2578
11;2578
11;2577
11;2577
11;2576
11;2576
11;2575
11;2575
11;2574
11;2574
11;2573
11;2573
11;2572
11;2572
11;2571
11;2571
11;2570
11;2570
11;2569
11;2569
11;2568
11;2568
11;2567
11;2567
11;2566
11;2566
11;2565
11;2565
11;2564
11;2564
11;2563
11;2563
11;2562
11;2562
11;2561
11;2561
11;2560
11;2560
11;2559
11;2559
11;2558
11;2558
11;2557
11;2557
11;2556
11;2556
11;2555
11;2555
11;2554
11;2554
11;2553
11;2553
11;2552
11;2552
11;2551
11;2551
11;2550
11;2550
11;2549
11;2549
11;2548
11;2548
11;2547
11;2547
11;2546
11;2546
11;2545
11;2545
11;2544
11;2544
11;2543
11;2543
11;2542
11;2542
11;2541
11;2541
11;2540
11;2540
11;2539
11;2539
11;2538
11;2538
11;2537
11;2537
11;2536
11;2536
11;2535
11;2535
11;2534
11;2534
11;2533
11;2533
11;2532
11;2532
11;2531
11;2531
11;2530
11;2530
11;2529
11;2529
11;2528
11;2528
11;2527
11;2527
11;2526
11;2526
11;2525
11;2525
11;2524
11;2524
11;2523
11;2523
11;2522
11;2522
11;2521
11;2521
11;2520
11;2520
11;2519
11;2519
11;2518
11;2518
11;2517
11;2517
11;2516
11;2516
11;2515
11;2515
11;2514
11;2514
11;2513
11;2513
11;2512
11;2512
11;2511
11;2511
11;2510
11;2510
11;2509
11;2509
11;2508
11;2508
11;2507
11;2507
11;2506
11;2506
11;2505
11;2505
11;2504
11;2504
11;2503
11;2503
11;2502
11;2502
11;2501
11;2501
11;2500
11;2500
11;2499
11;2499
11;2498
11;2498
11;2497
11;2497
11;2496
11;2496
11;2495
11;2495
11;2494
11;2494
11;2493
11;2493
11;2492
11;2492
11;2491
11;2491
11;2490
11;2490
11;2489
11;2489
11;2488
11;2488
11;2487
11;2487
11;2486
11;2486
11;2485
11;2485
11;2484
11;2484
11;2483
11;2483
11;2482
11;2482
11;2481
11;2481
11;2480
11;2480
11;2479
11;2479
11;2478
11;2478
11;2477
11;2477
11;2476
11;2476
11;2475
11;2475
11;2474
11;2474
11;2473
11;2473
11;2472
11;2472
11;2471
11;2471
11;2470
11;2470
11;2469
11;2469
11;2468
11;2468
11;2467
11;2467
11;2466
11;2466
11;2465
11;2465
11;2464
11;2464
11;2463
11;2463
11;2462
11;2462
11;2461
11;2461
11;2460
11;2460
11;2459
11;2459
11;2458
11;2458
11;2457
11;2457
11;2456
11;2456
11;2455
11;2455
11;2454
11;2454
11;2453
11;2453
11;2452
11;2452
11;2451
11;2451
11;2450
11;2450
11;2449
11;2449
11;2448
11;2448
11;2447
11;2447
11;2446
11;2446
11;2445
11;2445
11;2444
11;2444
11;2443
11;2443
11;2442
11;2442
11;2441
11;2441
11;2440
11;2440
11;2439
11;2439
11;2438
11;2438
11;2437
11;2437
11;2436
11;2436
11;2435
11;2435
11;2434
11;2434
11;2433
11;2433
11;2432
11;2432
11;2431
11;2431
11;2430
11;2430
11;2429
11;2429
11;2428
11;2428
11;2427
11;2427
11;2426
11;2426
11;2425
11;2425
11;2424
11;2424
11;2423
11;2423
11;2422
11;2422
11;2421
11;2421
11;2420
11;2420
11;2419
11;2419
11;2418
11;2418
11;2417
11;2417
11;2416
11;2416
11;2415
11;2415
11;2414
11;2414
11;2413
11;2413
11;2412
11;2412
11;2411
11;2411
11;2410
11;2410
11;2409
11;2409
11;2408
11;2408
11;2407
11;2407
11;2406
11;2406
11;2405
11;2405
11;2404
11;2404
11;2403
11;2403
11;2402
11;2402
11;2401
11;2401
11;2400
11;2400
11;2399
11;2399
11;2398
11;2398
11;2397
11;2397
11;2396
11;2396
11;2395
11;2395
11;2394
11;2394
11;2393
11;2393
11;2392
11;2392
11;2391
11;2391
11;2390
11;2390
11;2389
11;2389
11;2388
11;2388
11;2387
11;2387
11;2386
11;2386
11;2385
11;2385
11;2384
11;2384
11;2383
11;2383
11;2382
11;2382
11;2381
11;2381
11;2380
11;2380
11;2379
11;2379
11;2378
11;2378
11;2377
11;2377
11;2376
11;2376
11;2375
11;2375
11;2374
11;2374
11;2373
11;2373
11;2372
11;2372
11;2371
11;2371
11;2370
11;2370
11;2369
11;2369
11;2368
11;2368
11;2367
11;2367
11;2366
11;2366
11;2365
11;2365
11;2364
11;2364
11;2363
11;2363
11;2362
11;2362
11;2361
11;2361
11;2360
11;2360
11;2359
11;2359
11;2358
11;2358
11;2357
11;2357
11;2356
11;2356
11;2355
11;2355
11;2354
11;2354
11;2353
11;2353
11;2352
11;2352
11;2351
11;2351
11;2350
11;2350
11;2349
11;2349
11;2348
11;2348
11;2347
11;2347
11;2346
11;2346
11;2345
11;2345
11;2344
11;2344
11;2343
11;2343
11;2342
11;2342
11;2341
11;2341
11;2340
11;2340
11;2339
11;2339
11;2338
11;2338
11;2337
11;2337
11;2336
11;2336
11;2335
11;2335
11;2334
11;2334
11;2333
11;2333
11;2332
11;2332
11;2331
11;2331
11;2330
11;2330
11;2329
11;2329
11;2328
11;2328
11;2327
11;2327
11;2326
11;2326
11;2325
11;2325
11;2324
11;2324
11;2323
11;2323
11;2322
11;2322
11;2321
11;2321
11;2320
11;2320
11;2319
11;2319
11;2318
11;2318
11;2317
11;2317
11;2316
11;2316
11;2315
11;2315
11;2314
11;2314
11;2313
11;2313
11;2312
11;2312
11;2311
11;2311
11;2310
11;2310
11;2309
11;2309
11;2308
11;2308
11;2307
11;2307
11;2306
11;2306
11;2305
11;2305
11;2304
11;2304
11;2303
11;2303
11;2302
11;2302
11;2301
11;2301
11;2300
11;2300
11;2299
11;2299
11;2298
11;2298
11;2297
11;2297
11;2296
11;2296
11;2295
11;2295
11;2294
11;2294
11;2293
11;2293
11;2292
11;2292
11;2291
11;2291
11;2290
11;2290
11;2289
11;2289
11;2288
11;2288
11;2287
11;2287
11;2286
11;2286
11;2285
11;2285
11;2284
11;2284
11;2283
11;2283
11;2282
11;2282
11;2281
11;2281
11;2280
11;2280
11;2279
11;2279
11;2278
11;2278
11;2277
11;2277
11;2276
11;2276
11;2275
11;2275
11;2274
11;2274
11;2273
11;2273
11;2272
11;2272
11;2271
11;2271
11;2270
11;2270
11;2269
11;2269
11;2268
11;2268
11;2267
11;2267
11;2266
11;2266
11;2265
11;2265
11;2264
11;2264
11;2263
11;2263
11;2262
11;2262
11;2261
11;2261
11;2260
11;2260
11;2259
11;2259
11;2258
11;2258
11;2257
11;2257
11;2256
11;2256
11;2255
11;2255
11;2254
11;2254
11;2253
11;2253
11;2252
11;2252
11;2251
11;2251
11;2250
11;2250
11;2249
11;2249
11;2248
11;2248
11;2247
11;2247
11;2246
11;2246
11;2245
11;2245
11;2244
11;2244
11;2243
11;2243
11;2242
11;2242
11;2241
11;2241
11;2240
11;2240
11;2239
11;2239
11;2238
11;2238
11;2237
11;2237
11;2236
11;2236
11;2235
11;2235
11;2234
11;2234
11;2233
11;2233
11;2232
11;2232
11;2231
11;2231
11;2230
11;2230
11;2229
11;2229
11;2228
11;2228
11;2227
11;2227
11;2226
11;2226
11;2225
11;2225
11;2224
11;2224
11;2223
11;2223
11;2222
11;2222
11;2221
11;2221
11;2220
11;2220
11;2219
11;2219
11;2218
11;2218
11;2217
11;2217
11;2216
11;2216
11;2215
11;2215
11;2214
11;2214
11;2213
11;2213
11;2212
11;2212
11;2211
11;2211
11;2210
11;2210
11;2209
11;2209
11;2208
11;2208
11;2207
11;2207
11;2206
11;2206
11;2205
11;2205
11;2204
11;2204
11;2203
11;2203
11;2202
11;2202
11;2201
11;2201
11;2200
11;2200
11;2199
11;2199
11;2198
11;2198
11;2197
11;2197
11;2196
11;2196
11;2195
11;2195
11;2194
11;2194
11;2193
11;2193
11;2192
11;2192
11;2191
11;2191
11;2190
11;2190
11;2189
11;2189
11;2188
11;2188
11;2187
11;2187
11;2186
11;2186
11;2185
11;2185
11;2184
11;2184
11;2183
11;2183
11;2182
11;2182
11;2181
11;2181
11;2180
11;2180
11;2179
11;2179
11;2178
11;2178
11;2177
11;2177
11;2176
11;2176
11;2175
11;2175
11;2174
11;2174
11;2173
11;2173
11;2172
11;2172
11;2171
11;2171
11;2170
11;2170
11;2169
11;2169
11;2168
11;2168
11;2167
11;2167
11;2166
11;2166
11;2165
11;2165
11;2164
11;2164
11;2163
11;2163
11;2162
11;2162
11;2161
11;2161
11;2160
11;2160
11;2159
11;2159
11;2158
11;2158
11;2157
11;2157
11;2156
11;2156
11;2155
11;2155
11;2154
11;2154
11;2153
11;2153
11;2152
11;2152
11;2151
11;2151
11;2150
11;2150
11;2149
11;2149
11;2148
11;2148
11;2147
11;2147
11;2146
11;2146
11;2145
11;2145
11;2144
11;2144
11;2143
11;2143
11;2142
11;2142
11;2141
11;2141
11;2140
11;2140
11;2139
11;2139
11;2138
11;2138
11;2137
11;2137
11;2136
11;2136
11;2135
11;2135
11;2134
11;2134
11;2133
11;2133
11;2132
11;2132
11;2131
11;2131
11;2130
11;2130
11;2129
11;2129
11;2128
11;2128
11;2127
11;2127
11;2126
11;2126
11;2125
11;2125
11;2124
11;2124
11;2123
11;2123
11;2122
11;2122
11;2121
11;2121
11;2120
11;2120
11;2119
11;2119
11;2118
11;2118
11;2117
11;2117
11;2116
11;2116
11;2115
11;2115
11;2114
11;2114
11;2113
11;2113
11;2112
11;2112
11;2111
11;2111
11;2110
11;2110
11;2109
11;2109
11;2108
11;2108
11;2107
11;2107
11;2106
11;2106
11;2105
11;2105
11;2104
11;2104
11;2103
11;2103
11;2102
11;2102
11;2101
11;2101
11;2100
11;2100
11;2099
11;2099
11;2098
11;2098
11;2097
11;2097
11;2096
11;2096
11;2095
11;2095
11;2094
11;2094
11;2093
11;2093
11;2092
11;2092
11;2091
11;2091
11;2090
11;2090
11;2089
11;2089
11;2088
11;2088
11;2087
11;2087
11;2086
11;2086
11;2085
11;2085
11;2084
11;2084
11;2083
11;2083
11;2082
11;2082
11;2081
11;2081
11;2080
11;2080
11;2079
11;2079
11;2078
11;2078
11;2077
11;2077
11;2076
11;2076
11;2075
11;2075
11;2074
11;2074
11;2073
11;2073
11;2072
11;2072
11;2071
11;2071
11;2070
11;2070
11;2069
11;2069
11;2068
11;2068
11;2067
11;2067
11;2066
11;2066
11;2065
11;2065
11;2064
11;2064
11;2063
11;2063
11;2062
11;2062
11;2061
11;2061
11;2060
11;2060
11;2059
11;2059
11;2058
11;2058
11;2057
11;2057
11;2056
11;2056
11;2055
11;2055
11;2054
11;2054
11;2053
11;2053
11;2052
11;2052
11;2051
11;2051
11;2050
11;2050
11;2049
11;2049
11;2048
11;2048
11;2047
11;2047
11;2046
11;2046
11;2045
11;2045
11;2044
11;2044
11;2043
11;2043
11;2042
11;2042
11;2041
11;2041
11;2040
11;2040
11;2039
11;2039
11;2038
11;2038
11;2037
11;2037
11;2036
11;2036
11;2035
11;2035
11;2034
11;2034
11;2033
11;2033
11;2032
11;2032
11;2031
11;2031
11;2030
11;2030
11;2029
11;2029
11;2028
11;2028
11;2027
11;2027
11;2026
11;2026
11;2025
11;2025
11;2024
11;2024
11;2023
11;2023
11;2022
11;2022
11;2021
11;2021
11;2020
11;2020
11;2019
11;2019
11;2018
11;2018
11;2017
11;2017
11;2016
11;2016
11;2015
11;2015
11;2014
11;2014
11;2013
11;2013
11;2012
11;2012
11;2011
11;2011
11;2010
11;2010
11;2009
11;2009
11;2008
11;2008
11;2007
11;2007
11;2006
11;2006
11;2005
11;2005
11;2004
11;2004
11;2003
11;2003
11;2002
11;2002
11;2001
11;2001
11;2000
11;2000
11;1999
11;1999
11;1998
11;1998
11;1997
11;1997
11;1996
11;1996
11;1995
11;1995
11;1994
11;1994
11;1993
11;1993
11;1992
11;1992
11;1991
11;1991
11;1990
11;1990
11;1989
11;1989
11;1988
11;1988
11;1987
11;1987
11;1986
11;1986
11;1985
11;1985
11;1984
11;1984
11;1983
11;1983
11;1982
11;1982
11;1981
11;1981
11;1980
11;1980
11;1979
11;1979
11;1978
11;1978
11;1977
11;1977
11;1976
11;1976
11;1975
11;1975
11;1974
11;1974
11;1973
11;1973
11;1972
11;1972
11;1971
11;1971
11;1970
11;1970
11;1969
11;1969
11;1968
11;1968
11;1967
11;1967
11;1966
11;1966
11;1965
11;1965
11;1964
11;1964
11;1963
11;1963
11;1962
11;1962
11;1961
11;1961
11;1960
11;1960
11;1959
11;1959
11;1958
11;1958
11;1957
11;1957
11;1956
11;1956
11;1955
11;1955
11;1954
11;1954
11;1953
11;1953
11;1952
11;1952
11;1951
11;1951
11;1950
11;1950
11;1949
11;1949
11;1948
11;1948
11;1947
11;1947
11;1946
11;1946
11;1945
11;1945
11;1944
11;1944
11;1943
11;1943
11;1942
11;1942
11;1941
11;1941
11;1940
11;1940
11;1939
11;1939
11;1938
11;1938
11;1937
11;1937
11;1936
11;1936
11;1935
11;1935
11;1934
11;1934
11;1933
11;1933
11;1932
11;1932
11;1931
11;1931
11;1930
11;1930
11;1929
11;1929
11;1928
11;1928
11;1927
11;1927
11;1926
11;1926
11;1925
11;1925
11;1924
11;1924
11;1923
11;1923
11;1922
11;1922
11;1921
11;1921
11;1920
11;1920
11;1919
11;1919
11;1918
11;1918
11;1917
11;1917
11;1916
11;1916
11;1915
11;1915
11;1914
11;1914
11;1913
11;1913
11;1912
11;1912
11;1911
11;1911
11;1910
11;1910
11;1909
11;1909
11;1908
11;1908
11;1907
11;1907
11;1906
11;1906
11;1905
11;1905
11;1904
11;1904
11;1903
11;1903
11;1902
11;1902
11;1901
11;1901
11;1900
11;1900
11;1899
11;1899
11;1898
11;1898
11;1897
11;1897
11;1896
11;1896
11;1895
11;1895
11;1894
11;1894
11;1893
11;1893
11;1892
11;1892
11;1891
11;1891
11;1890
11;1890
11;1889
11;1889
11;1888
11;1888
11;1887
11;1887
11;1886
11;1886
11;1885
11;1885
11;1884
11;1884
11;1883
11;1883
11;1882
11;1882
11;1881
11;1881
11;1880
11;1880
11;1879
11;1879
11;1878
11;1878
11;1877
11;1877
11;1876
11;1876
11;1875
11;1875
11;1874
11;1874
11;1873
11;1873
11;1872
11;1872
11;1871
11;1871
11;1870
11;1870
11;1869
11;1869
11;1868
11;1868
11;1867
11;1867
11;1866
11;1866
11;1865
11;1865
11;1864
11;1864
11;1863
11;1863
11;1862
11;1862
11;1861
11;1861
11;1860
11;1860
11;1859
11;1859
11;1858
11;1858
11;1857
11;1857
11;1856
11;1856
11;1855
11;1855
11;1854
11;1854
11;1853
11;1853
11;1852
11;1852
11;1851
11;1851
11;1850
11;1850
11;1849
11;1849
11;1848
11;1848
11;1847
11;1847
11;1846
11;1846
11;1845
11;1845
11;1844
11;1844
11;1843
11;1843
11;1842
11;1842
11;1841
11;1841
11;1840
11;1840
11;1839
11;1839
11;1838
11;1838
11;1837
11;1837
11;1836
11;1836
11;1835
11;1835
11;1834
11;1834
11;1833
11;1833
11;1832
11;1832
11;1831
11;1831
11;1830
11;1830
11;1829
11;1829
11;1828
11;1828
11;1827
11;1827
11;1826
11;1826
11;1825
11;1825
11;1824
11;1824
11;1823
11;1823
11;1822
11;1822
11;1821
11;1821
11;1820
11;1820
11;1819
11;1819
11;1818
11;1818
11;1817
11;1817
11;1816
11;1816
11;1815
11;1815
11;1814
11;1814
11;1813
11;1813
11;1812
11;1812
11;1811
11;1811
11;1810
11;1810
11;1809
11;1809
11;1808
11;1808
11;1807
11;1807
11;1806
11;1806
11;1805
11;1805
11;1804
11;1804
11;1803
11;1803
11;1802
11;1802
11;1801
11;1801
11;1800
11;1800
11;1799
11;1799
11;1798
11;1798
11;1797
11;1797
11;1796
11;1796
11;1795
11;1795
11;1794
11;1794
11;1793
11;1793
11;1792
11;1792
11;1791
11;1791
11;1790
11;1790
11;1789
11;1789
11;1788
11;1788
11;1787
11;1787
11;1786
11;1786
11;1785
11;1785
11;1784
11;1784
11;1783
11;1783
11;1782
11;1782
11;1781
11;1781
11;1780
11;1780
11;1779
11;1779
11;1778
11;1778
11;1777
11;1777
11;1776
11;1776
11;1775
11;1775
11;1774
11;1774
11;1773
11;1773
11;1772
11;1772
11;1771
11;1771
11;1770
11;1770
11;1769
11;1769
11;1768
11;1768
11;1767
11;1767
11;1766
11;1766
11;1765
11;1765
11;1764
11;1764
11;1763
11;1763
11;1762
11;1762
11;1761
11;1761
11;1760
11;1760
11;1759
11;1759
11;1758
11;1758
11;1757
11;1757
11;1756
11;1756
11;1755
11;1755
11;1754
11;1754
11;1753
11;1753
11;1752
11;1752
11;1751
11;1751
11;1750
11;1750
11;1749
11;1749
11;1748
11;1748
11;1747
11;1747
11;1746
11;1746
11;1745
11;1745
11;1744
11;1744
11;1743
11;1743
11;1742
11;1742
11;1741
11;1741
11;1740
11;1740
11;1739
11;1739
11;1738
11;1738
11;1737
11;1737
11;1736
11;1736
11;1735
11;1735
11;1734
11;1734
11;1733
11;1733
11;1732
11;1732
11;1731
11;1731
11;1730
11;1730
11;1729
11;1729
11;1728
11;1728
11;1727
11;1727
11;1726
11;1726
11;1725
11;1725
11;1724
11;1724
11;1723
11;1723
11;1722
11;1722
11;1721
11;1721
11;1720
11;1720
11;1719
11;1719
11;1718
11;1718
11;1717
11;1717
11;1716
11;1716
11;1715
11;1715
11;1714
11;1714
11;1713
11;1713
11;1712
11;1712
11;1711
11;1711
11;1710
11;1710
11;1709
11;1709
11;1708
11;1708
11;1707
11;1707
11;1706
11;1706
11;1705
11;1705
11;1704
11;1704
11;1703
11;1703
11;1702
11;1702
11;1701
11;1701
11;1700
11;1700
11;1699
11;1699
11;1698
11;1698
11;1697
11;1697
11;1696
11;1696
11;1695
11;1695
11;1694
11;1694
11;1693
11;1693
11;1692
11;1692
11;1691
11;1691
11;1690
11;1690
11;1689
11;1689
11;1688
11;1688
11;1687
11;1687
11;1686
11;1686
11;1685
11;1685
11;1684
11;1684
11;1683
11;1683
11;1682
11;1682
11;1681
11;1681
11;1680
11;1680
11;1679
11;1679
11;1678
11;1678
11;1677
11;1677
11;1676
11;1676
11;1675
11;1675
11;1674
11;1674
11;1673
11;1673
11;1672
11;1672
11;1671
11;1671
11;1670
11;1670
11;1669
11;1669
11;1668
11;1668
11;1667
11;1667
11;1666
11;1666
11;1665
11;1665
11;1664
11;1664
11;1663
11;1663
11;1662
11;1662
11;1661
11;1661
11;1660
11;1660
11;1659
11;1659
11;1658
11;1658
11;1657
11;1657
11;1656
11;1656
11;1655
11;1655
11;1654
11;1654
11;1653
11;1653
11;1652
11;1652
11;1651
11;1651
11;1650
11;1650
11;1649
11;1649
11;1648
11;1648
11;1647
11;1647
11;1646
11;1646
11;1645
11;1645
11;1644
11;1644
11;1643
11;1643
11;1642
11;1642
11;1641
11;1641
11;1640
11;1640
11;1639
11;1639
11;1638
11;1638
11;1637
11;1637
11;1636
11;1636
11;1635
11;1635
11;1634
11;1634
11;1633
11;1633
11;1632
11;1632
11;1631
11;1631
11;1630
11;1630
11;1629
11;1629
11;1628
11;1628
11;1627
11;1627
11;1626
11;1626
11;1625
11;1625
11;1624
11;1624
11;1623
11;1623
11;1622
11;1622
11;1621
11;1621
11;1620
11;1620
11;1619
11;1619
11;1618
11;1618
11;1617
11;1617
11;1616
11;1616
11;1615
11;1615
11;1614
11;1614
11;1613
11;1613
11;1612
11;1612
11;1611
11;1611
11;1610
11;1610
11;1609
11;1609
11;1608
11;1608
11;1607
11;1607
11;1606
11;1606
11;1605
11;1605
11;1604
11;1604
11;1603
11;1603
11;1602
11;1602
11;1601
11;1601
11;1600
11;1600
11;1599
11;1599
11;1598
11;1598
11;1597
11;1597
11;1596
11;1596
11;1595
11;1595
11;1594
11;1594
11;1593
11;1593
11;1592
11;1592
11;1591
11;1591
11;1590
11;1590
11;1589
11;1589
11;1588
11;1588
11;1587
11;1587
11;1586
11;1586
11;1585
11;1585
11;1584
11;1584
11;1583
11;1583
11;1582
11;1582
11;1581
11;1581
11;1580
11;1580
11;1579
11;1579
11;1578
11;1578
11;1577
11;1577
11;1576
11;1576
11;1575
11;1575
11;1574
11;1574
11;1573
11;1573
11;1572
11;1572
11;1571
11;1571
11;1570
11;1570
11;1569
11;1569
11;1568
11;1568
11;1567
11;1567
11;1566
11;1566
11;1565
11;1565
11;1564
11;1564
11;1563
11;1563
11;1562
11;1562
11;1561
11;1561
11;1560
11;1560
11;1559
11;1559
11;1558
11;1558
11;1557
11;1557
11;1556
11;1556
11;1555
11;1555
11;1554
11;1554
11;1553
11;1553
11;1552
11;1552
11;1551
11;1551
11;1550
11;1550
11;1549
11;1549
11;1548
11;1548
11;1547
11;1547
11;1546
11;1546
11;1545
11;1545
11;1544
11;1544
11;1543
11;1543
11;1542
11;1542
11;1541
11;1541
11;1540
11;1540
11;1539
11;1539
11;1538
11;1538
11;1537
11;1537
11;1536
11;1536
11;1535
11;1535
11;1534
11;1534
11;1533
11;1533
11;1532
11;1532
11;1531
11;1531
11;1530
11;1530
11;1529
11;1529
11;1528
11;1528
11;1527
11;1527
11;1526
11;1526
11;1525
11;1525
11;1524
11;1524
11;1523
11;1523
11;1522
11;1522
11;1521
11;1521
11;1520
11;1520
11;1519
11;1519
11;1518
11;1518
11;1517
11;1517
11;1516
11;1516
11;1515
11;1515
11;1514
11;1514
11;1513
11;1513
11;1512
11;1512
11;1511
11;1511
11;1510
11;1510
11;1509
11;1509
11;1508
11;1508
11;1507
11;1507
11;1506
11;1506
11;1505
11;1505
11;1504
11;1504
11;1503
11;1503
11;1502
11;1502
11;1501
11;1501
11;1500
11;1500
11;1499
11;1499
11;1498
11;1498
11;1497
11;1497
11;1496
11;1496
11;1495
11;1495
11;1494
11;1494
11;1493
11;1493
11;1492
11;1492
11;1491
11;1491
11;1490
11;1490
11;1489
11;1489
11;1488
11;1488
11;1487
11;1487
11;1486
11;1486
11;1485
11;1485
11;1484
11;1484
11;1483
11;1483
11;1482
11;1482
11;1481
11;1481
11;1480
11;1480
11;1479
11;1479
11;1478
11;1478
11;1477
11;1477
11;1476
11;1476
11;1475
11;1475
11;1474
11;1474
11;1473
11;1473
11;1472
11;1472
11;1471
11;1471
11;1470
11;1470
11;1469
11;1469
11;1468
11;1468
11;1467
11;1467
11;1466
11;1466
11;1465
11;1465
11;1464
11;1464
11;1463
11;1463
11;1462
11;1462
11;1461
11;1461
11;1460
11;1460
11;1459
11;1459
11;1458
11;1458
11;1457
11;1457
11;1456
11;1456
11;1455
11;1455
11;1454
11;1454
11;1453
11;1453
11;1452
11;1452
11;1451
11;1451
11;1450
11;1450
11;1449
11;1449
11;1448
11;1448
11;1447
11;1447
11;1446
11;1446
11;1445
11;1445
11;1444
11;1444
11;1443
11;1443
11;1442
11;1442
11;1441
11;1441
11;1440
11;1440
11;1439
11;1439
11;1438
11;1438
11;1437
11;1437
11;1436
11;1436
11;1435
11;1435
11;1434
11;1434
11;1433
11;1433
11;1432
11;1432
11;1431
11;1431
11;1430
11;1430
11;1429
11;1429
11;1428
11;1428
11;1427
11;1427
11;1426
11;1426
11;1425
11;1425
11;1424
11;1424
11;1423
11;1423
11;1422
11;1422
11;1421
11;1421
11;1420
11;1420
11;1419
11;1419
11;1418
11;1418
11;1417
11;1417
11;1416
11;1416
11;1415
11;1415
11;1414
11;1414
11;1413
11;1413
11;1412
11;1412
11;1411
11;1411
11;1410
11;1410
11;1409
11;1409
11;1408
11;1408
11;1407
11;1407
11;1406
11;1406
11;1405
11;1405
11;1404
11;1404
11;1403
11;1403
11;1402
11;1402
11;1401
11;1401
11;1400
11;1400
11;1399
11;1399
11;1398
11;1398
11;1397
11;1397
11;1396
11;1396
11;1395
11;1395
11;1394
11;1394
11;1393
11;1393
11;1392
11;1392
11;1391
11;1391
11;1390
11;1390
11;1389
11;1389
11;1388
11;1388
11;1387
11;1387
11;1386
11;1386
11;1385
11;1385
11;1384
11;1384
11;1383
11;1383
11;1382
11;1382
11;1381
11;1381
11;1380
11;1380
11;1379
11;1379
11;1378
11;1378
11;1377
11;1377
11;1376
11;1376
11;1375
11;1375
11;1374
11;1374
11;1373
11;1373
11;1372
11;1372
11;1371
11;1371
11;1370
11;1370
11;1369
11;1369
11;1368
11;1368
11;1367
11;1367
11;1366
11;1366
11;1365
11;1365
11;1364
11;1364
11;1363
11;1363
11;1362
11;1362
11;1361
11;1361
11;1360
11;1360
11;1359
11;1359
11;1358
11;1358
11;1357
11;1357
11;1356
11;1356
11;1355
11;1355
11;1354
11;1354
11;1353
11;1353
11;1352
11;1352
11;1351
11;1351
11;1350
11;1350
11;1349
11;1349
11;1348
11;1348
11;1347
11;1347
11;1346
11;1346
11;1345
11;1345
11;1344
11;1344
11;1343
11;1343
11;1342
11;1342
11;1341
11;1341
11;1340
11;1340
11;1339
11;1339
11;1338
11;1338
11;1337
11;1337
11;1336
11;1336
11;1335
11;1335
11;1334
11;1334
11;1333
11;1333
11;1332
11;1332
11;1331
11;1331
11;1330
11;1330
11;1329
11;1329
11;1328
11;1328
11;1327
11;1327
11;1326
11;1326
11;1325
11;1325
11;1324
11;1324
11;1323
11;1323
11;1322
11;1322
11;1321
11;1321
11;1320
11;1320
11;1319
11;1319
11;1318
11;1318
11;1317
11;1317
11;1316
11;1316
11;1315
11;1315
11;1314
11;1314
11;1313
11;1313
11;1312
11;1312
11;1311
11;1311
11;1310
11;1310
11;1309
11;1309
11;1308
11;1308
11;1307
11;1307
11;1306
11;1306
11;1305
11;1305
11;1304
11;1304
11;1303
11;1303
11;1302
11;1302
11;1301
11;1301
11;1300
11;1300
11;1299
11;1299
11;1298
11;1298
11;1297
11;1297
11;1296
11;1296
11;1295
11;1295
11;1294
11;1294
11;1293
11;1293
11;1292
11;1292
11;1291
11;1291
11;1290
11;1290
11;1289
11;1289
11;1288
11;1288
11;1287
11;1287
11;1286
11;1286
11;1285
11;1285
11;1284
11;1284
11;1283
11;1283
11;1282
11;1282
11;1281
11;1281
11;1280
11;1280
11;1279
11;1279
11;1278
11;1278
11;1277
11;1277
11;1276
11;1276
11;1275
11;1275
11;1274
11;1274
11;1273
11;1273
11;1272
11;1272
11;1271
11;1271
11;1270
11;1270
11;1269
11;1269
11;1268
11;1268
11;1267
11;1267
11;1266
11;1266
11;1265
11;1265
11;1264
11;1264
11;1263
11;1263
11;1262
11;1262
11;1261
11;1261
11;1260
11;1260
11;1259
11;1259
11;1258
11;1258
11;1257
11;1257
11;1256
11;1256
11;1255
11;1255
11;1254
11;1254
11;1253
11;1253
11;1252
11;1252
11;1251
11;1251
11;1250
11;1250
11;1249
11;1249
11;1248
11;1248
11;1247
11;1247
11;1246
11;1246
11;1245
11;1245
11;1244
11;1244
11;1243
11;1243
11;1242
11;1242
11;1241
11;1241
11;1240
11;1240
11;1239
11;1239
11;1238
11;1238
11;1237
11;1237
11;1236
11;1236
11;1235
11;1235
11;1234
11;1234
11;1233
11;1233
11;1232
11;1232
11;1231
11;1231
11;1230
11;1230
11;1229
11;1229
11;1228
11;1228
11;1227
11;1227
11;1226
11;1226
11;1225
11;1225
11;1224
11;1224
11;1223
11;1223
11;1222
11;1222
11;1221
11;1221
11;1220
11;1220
11;1219
11;1219
11;1218
11;1218
11;1217
11;1217
11;1216
11;1216
11;1215
11;1215
11;1214
11;1214
11;1213
11;1213
11;1212
11;1212
11;1211
11;1211
11;1210
11;1210
11;1209
11;1209
11;1208
11;1208
11;1207
11;1207
11;1206
11;1206
11;1205
11;1205
11;1204
11;1204
11;1203
11;1203
11;1202
11;1202
11;1201
11;1201
11;1200
11;1200
11;1199
11;1199
11;1198
11;1198
11;1197
11;1197
11;1196
11;1196
11;1195
11;1195
11;1194
11;1194
11;1193
11;1193
11;1192
11;1192
11;1191
11;1191
11;1190
11;1190
11;1189
11;1189
11;1188
11;1188
11;1187
11;1187
11;1186
11;1186
11;1185
11;1185
11;1184
11;1184
11;1183
11;1183
11;1182
11;1182
11;1181
11;1181
11;1180
11;1180
11;1179
11;1179
11;1178
11;1178
11;1177
11;1177
11;1176
11;1176
11;1175
11;1175
11;1174
11;1174
11;1173
11;1173
11;1172
11;1172
11;1171
11;1171
11;1170
11;1170
11;1169
11;1169
11;1168
11;1168
11;1167
11;1167
11;1166
11;1166
11;1165
11;1165
11;1164
11;1164
11;1163
11;1163
11;1162
11;1162
11;1161
11;1161
11;1160
11;1160
11;1159
11;1159
11;1158
11;1158
11;1157
11;1157
11;1156
11;1156
11;1155
11;1155
11;1154
11;1154
11;1153
11;1153
11;1152
11;1152
11;1151
11;1151
11;1150
11;1150
11;1149
11;1149
11;1148
11;1148
11;1147
11;1147
11;1146
11;1146
11;1145
11;1145
11;1144
11;1144
11;1143
11;1143
11;1142
11;1142
11;1141
11;1141
11;1140
11;1140
11;1139
11;1139
11;1138
11;1138
11;1137
11;1137
11;1136
11;1136
11;1135
11;1135
11;1134
11;1134
11;1133
11;1133
11;1132
11;1132
11;1131
11;1131
11;1130
11;1130
11;1129
11;1129
11;1128
11;1128
11;1127
11;1127
11;1126
11;1126
11;1125
11;1125
11;1124
11;1124
11;1123
11;1123
11;1122
11;1122
11;1121
11;1121
11;1120
11;1120
11;1119
11;1119
11;1118
11;1118
11;1117
11;1117
11;1116
11;1116
11;1115
11;1115
11;1114
11;1114
11;1113
11;1113
11;1112
11;1112
11;1111
11;1111
11;1110
11;1110
11;1109
11;1109
11;1108
11;1108
11;1107
11;1107
11;1106
11;1106
11;1105
11;1105
11;1104
11;1104
11;1103
11;1103
11;1102
11;1102
11;1101
11;1101
11;1100
11;1100
11;1099
11;1099
11;1098
11;1098
11;1097
11;1097
11;1096
11;1096
11;1095
11;1095
11;1094
11;1094
11;1093
11;1093
11;1092
11;1092
11;1091
11;1091
11;1090
11;1090
11;1089
11;1089
11;1088
11;1088
11;1087
11;1087
11;1086
11;1086
11;1085
11;1085
11;1084
11;1084
11;1083
11;1083
11;1082
11;1082
11;1081
11;1081
11;1080
11;1080
11;1079
11;1079
11;1078
11;1078
11;1077
11;1077
11;1076
11;1076
11;1075
11;1075
11;1074
11;1074
11;1073
11;1073
11;1072
11;1072
11;1071
11;1071
11;1070
11;1070
11;1069
11;1069
11;1068
11;1068
11;1067
11;1067
11;1066
11;1066
11;1065
11;1065
11;1064
11;1064
11;1063
11;1063
11;1062
11;1062
11;1061
11;1061
11;1060
11;1060
11;1059
11;1059
11;1058
11;1058
11;1057
11;1057
11;1056
11;1056
11;1055
11;1055
11;1054
11;1054
11;1053
11;1053
11;1052
11;1052
11;1051
11;1051
11;1050
11;1050
11;1049
11;1049
11;1048
11;1048
11;1047
11;1047
11;1046
11;1046
11;1045
11;1045
11;1044
11;1044
11;1043
11;1043
11;1042
11;1042
11;1041
11;1041
11;1040
11;1040
11;1039
11;1039
11;1038
11;1038
11;1037
11;1037
11;1036
11;1036
11;1035
11;1035
11;1034
11;1034
11;1033
11;1033
11;1032
11;1032
11;1031
11;1031
11;1030
11;1030
11;1029
11;1029
11;1028
11;1028
11;1027
11;1027
11;1026
11;1026
11;1025
11;1025
11;1024
11;1024
11;1023
11;1023
11;1022
11;1022
11;1021
11;1021
11;1020
11;1020
11;1019
11;1019
11;1018
11;1018
11;1017
11;1017
11;1016
11;1016
11;1015
11;1015
11;1014
11;1014
11;1013
11;1013
11;1012
11;1012
11;1011
11;1011
11;1010
11;1010
11;1009
11;1009
11;1008
11;1008
11;1007
11;1007
11;1006
11;1006
11;1005
11;1005
11;1004
11;1004
11;1003
11;1003
11;1002
11;1002
11;1001
11;1001
11;1000
11;1000
11;999
11;999
11;998
11;998
11;997
11;997
11;996
11;996
11;995
11;995
11;994
11;994
11;993
11;993
11;992
11;992
11;991
11;991
11;990
11;990
11;989
11;989
11;988
11;988
11;987
11;987
11;986
11;986
11;985
11;985
11;984
11;984
11;983
11;983
11;982
11;982
11;981
11;981
11;980
11;980
11;979
11;979
11;978
11;978
11;977
11;977
11;976
11;976
11;975
11;975
11;974
11;974
11;973
11;973
11;972
11;972
11;971
11;971
11;970
11;970
11;969
11;969
11;968
11;968
11;967
11;967
11;966
11;966
11;965
11;965
11;964
11;964
11;963
11;963
11;962
11;962
11;961
11;961
11;960
11;960
11;959
11;959
11;958
11;958
11;957
11;957
11;956
11;956
11;955
11;955
11;954
11;954
11;953
11;953
11;952
11;952
11;951
11;951
11;950
11;950
11;949
11;949
11;948
11;948
11;947
11;947
11;946
11;946
11;945
11;945
11;944
11;944
11;943
11;943
11;942
11;942
11;941
11;941
11;940
11;940
11;939
11;939
11;938
11;938
11;937
11;937
11;936
11;936
11;935
11;935
11;934
11;934
11;933
11;933
11;932
11;932
11;931
11;931
11;930
11;930
11;929
11;929
11;928
11;928
11;927
11;927
11;926
11;926
11;925
11;925
11;924
11;924
11;923
11;923
11;922
11;922
11;921
11;921
11;920
11;920
11;919
11;919
11;918
11;918
11;917
11;917
11;916
11;916
11;915
11;915
11;914
11;914
11;913
11;913
11;912
11;912
11;911
11;911
11;910
11;910
11;909
11;909
11;908
11;908
11;907
11;907
11;906
11;906
11;905
11;905
11;904
11;904
11;903
11;903
11;902
11;902
11;901
11;901
11;900
11;900
11;899
11;899
11;898
11;898
11;897
11;897
11;896
11;896
11;895
11;895
11;894
11;894
11;893
11;893
11;892
11;892
11;891
11;891
11;890
11;890
11;889
11;889
11;888
11;888
11;887
11;887
11;886
11;886
11;885
11;885
11;884
11;884
11;883
11;883
11;882
11;882
11;881
11;881
11;880
11;880
11;879
11;879
11;878
11;878
11;877
11;877
11;876
11;876
11;875
11;875
11;874
11;874
11;873
11;873
11;872
11;872
11;871
11;871
11;870
11;870
11;869
11;869
11;868
11;868
11;867
11;867
11;866
11;866
11;865
11;865
11;864
11;864
11;863
11;863
11;862
11;862
11;861
11;861
11;860
11;860
11;859
11;859
11;858
11;858
11;857
11;857
11;856
11;856
11;855
11;855
11;854
11;854
11;853
11;853
11;852
11;852
11;851
11;851
11;850
11;850
11;849
11;849
11;848
11;848
11;847
11;847
11;846
11;846
11;845
11;845
11;844
11;844
11;843
11;843
11;842
11;842
11;841
11;841
11;840
11;840
11;839
11;839
11;838
11;838
11;837
11;837
11;836
11;836
11;835
11;835
11;834
11;834
11;833
11;833
11;832
11;832
11;831
11;831
11;830
11;830
11;829
11;829
11;828
11;828
11;827
11;827
11;826
11;826
11;825
11;825
11;824
11;824
11;823
11;823
11;822
11;822
11;821
11;821
11;820
11;820
11;819
11;819
11;818
11;818
11;817
11;817
11;816
11;816
11;815
11;815
11;814
11;814
11;813
11;813
11;812
11;812
11;811
11;811
11;810
11;810
11;809
11;809
11;808
11;808
11;807
11;807
11;806
11;806
11;805
11;805
11;804
11;804
11;803
11;803
11;802
11;802
11;801
11;801
11;800
11;800
11;799
11;799
11;798
11;798
11;797
11;797
11;796
11;796
11;795
11;795
11;794
11;794
11;793
11;793
11;792
11;792
11;791
11;791
11;790
11;790
11;789
11;789
11;788
11;788
11;787
11;787
11;786
11;786
11;785
11;785
11;784
11;784
11;783
11;783
11;782
11;782
11;781
11;781
11;780
11;780
11;779
11;779
11;778
11;778
11;777
11;777
11;776
11;776
11;775
11;775
11;774
11;774
11;773
11;773
11;772
11;772
11;771
11;771
11;770
11;770
11;769
11;769
11;768
11;768
11;767
11;767
11;766
11;766
11;765
11;765
11;764
11;764
11;763
11;763
11;762
11;762
11;761
11;761
11;760
11;760
11;759
11;759
11;758
11;758
11;757
11;757
11;756
11;756
11;755
11;755
11;754
11;754
11;753
11;753
11;752
11;752
11;751
11;751
11;750
11;750
11;749
11;749
11;748
11;748
11;747
11;747
11;746
11;746
11;745
11;745
11;744
11;744
11;743
11;743
11;742
11;742
11;741
11;741
11;740
11;740
11;739
11;739
11;738
11;738
11;737
11;737
11;736
11;736
11;735
11;735
11;734
11;734
11;733
11;733
11;732
11;732
11;731
11;731
11;730
11;730
11;729
11;729
11;728
11;728
11;727
11;727
11;726
11;726
11;725
11;725
11;724
11;724
11;723
11;723
11;722
11;722
11;721
11;721
11;720
11;720
11;719
11;719
11;718
11;718
11;717
11;717
11;716
11;716
11;715
11;715
11;714
11;714
11;713
11;713
11;712
11;712
11;711
11;711
11;710
11;710
11;709
11;709
11;708
11;708
11;707
11;707
11;706
11;706
11;705
11;705
11;704
11;704
11;703
11;703
11;702
11;702
11;701
11;701
11;700
11;700
11;699
11;699
11;698
11;698
11;697
11;697
11;696
11;696
11;695
11;695
11;694
11;694
11;693
11;693
11;692
11;692
11;691
11;691
11;690
11;690
11;689
11;689
11;688
11;688
11;687
11;687
11;686
11;686
11;685
11;685
11;684
11;684
11;683
11;683
11;682
11;682
11;681
11;681
11;680
11;680
11;679
11;679
11;678
11;678
11;677
11;677
11;676
11;676
11;675
11;675
11;674
11;674
11;673
11;673
11;672
11;672
11;671
11;671
11;670
11;670
11;669
11;669
11;668
11;668
11;667
11;667
11;666
11;666
11;665
11;665
11;664
11;664
11;663
11;663
11;662
11;662
11;661
11;661
11;660
11;660
11;659
11;659
11;658
11;658
11;657
11;657
11;656
11;656
11;655
11;655
11;654
11;654
11;653
11;653
11;652
11;652
11;651
11;651
11;650
11;650
11;649
11;649
11;648
11;648
11;647
11;647
11;646
11;646
11;645
11;645
11;644
11;644
11;643
11;643
11;642
11;642
11;641
11;641
11;640
11;640
11;639
11;639
11;638
11;638
11;637
11;637
11;636
11;636
11;635
11;635
11;634
11;634
11;633
11;633
11;632
11;632
11;631
11;631
11;630
11;630
11;629
11;629
11;628
11;628
11;627
11;627
11;626
11;626
11;625
11;625
11;624
11;624
11;623
11;623
11;622
11;622
11;621
11;621
11;620
11;620
11;619
11;619
11;618
11;618
11;617
11;617
11;616
11;616
11;615
11;615
11;614
11;614
11;613
11;613
11;612
11;612
11;611
11;611
11;610
11;610
11;609
11;609
11;608
11;608
11;607
11;607
11;606
11;606
11;605
11;605
11;604
11;604
11;603
11;603
11;602
11;602
11;601
11;601
11;600
11;600
11;599
11;599
11;598
11;598
11;597
11;597
11;596
11;596
11;595
11;595
11;594
11;594
11;593
11;593
11;592
11;592
11;591
11;591
11;590
11;590
11;589
11;589
11;588
11;588
11;587
11;587
11;586
11;586
11;585
11;585
11;584
11;584
11;583
11;583
11;582
11;582
11;581
11;581
11;580
11;580
11;579
11;579
11;578
11;578
11;577
11;577
11;576
11;576
11;575
11;575
11;574
11;574
11;573
11;573
11;572
11;572
11;571
11;571
11;570
11;570
11;569
11;569
11;568
11;568
11;567
11;567
11;566
11;566
11;565
11;565
11;564
11;564
11;563
11;563
11;562
11;562
11;561
11;561
11;560
11;560
11;559
11;559
11;558
11;558
11;557
11;557
11;556
11;556
11;555
11;555
11;554
11;554
11;553
11;553
11;552
11;552
11;551
11;551
11;550
11;550
11;549
11;549
11;548
11;548
11;547
11;547
11;546
11;546
11;545
11;545
11;544
11;544
11;543
11;543
11;542
11;542
11;541
11;541
11;540
11;540
11;539
11;539
11;538
11;538
11;537
11;537
11;536
11;536
11;535
11;535
11;534
11;534
11;533
11;533
11;532
11;532
11;531
11;531
11;530
11;530
11;529
11;529
11;528
11;528
11;527
11;527
11;526
11;526
11;525
11;525
11;524
11;524
11;523
11;523
11;522
11;522
11;521
11;521
11;520
11;520
11;519
11;519
11;518
11;518
11;517
11;517
11;516
11;516
11;515
11;515
11;514
11;514
11;513
11;513
11;512
11;512
11;511
11;511
11;510
11;510
11;509
11;509
11;508
11;508
11;507
11;507
11;506
11;506
11;505
11;505
11;504
11;504
11;503
11;503
11;502
11;502
11;501
11;501
11;500
11;500
11;499
11;499
11;498
11;498
11;497
11;497
11;496
11;496
11;495
11;495
11;494
11;494
11;493
11;493
11;492
11;492
11;491
11;491
11;490
11;490
11;489
11;489
11;488
11;488
11;487
11;487
11;486
11;486
11;485
11;485
11;484
11;484
11;483
11;483
11;482
11;482
11;481
11;481
11;480
11;480
11;479
11;479
11;478
11;478
11;477
11;477
11;476
11;476
11;475
11;475
11;474
11;474
11;473
11;473
11;472
11;472
11;471
11;471
11;470
11;470
11;469
11;469
11;468
11;468
11;467
11;467
11;466
11;466
11;465
11;465
11;464
11;464
11;463
11;463
11;462
11;462
11;461
11;461
11;460
11;460
11;459
11;459
11;458
11;458
11;457
11;457
11;456
11;456
11;455
11;455
11;454
11;454
11;453
11;453
11;452
11;452
11;451
11;451
11;450
11;450
11;449
11;449
11;448
11;448
11;447
11;447
11;446
11;446
11;445
11;445
11;444
11;444
11;443
11;443
11;442
11;442
11;441
11;441
11;440
11;440
11;439
11;439
11;438
11;438
11;437
11;437
11;436
11;436
11;435
11;435
11;434
11;434
11;433
11;433
11;432
11;432
11;431
11;431
11;430
11;430
11;429
11;429
11;428
11;428
11;427
11;427
11;426
11;426
11;425
11;425
11;424
11;424
11;423
11;423
11;422
11;422
11;421
11;421
11;420
11;420
11;419
11;419
11;418
11;418
11;417
11;417
11;416
11;416
11;415
11;415
11;414
11;414
11;413
11;413
11;412
11;412
11;411
11;411
11;410
11;410
11;409
11;409
11;408
11;408
11;407
11;407
11;406
11;406
11;405
11;405
11;404
11;404
11;403
11;403
11;402
11;402
11;401
11;401
11;400
11;400
11;399
11;399
11;398
11;398
11;397
11;397
11;396
11;396
11;395
11;395
11;394
11;394
11;393
11;393
11;392
11;392
11;391
11;391
11;390
11;390
11;389
11;389
11;388
11;388
11;387
11;387
11;386
11;386
11;385
11;385
11;384
11;384
11;383
11;383
11;382
11;382
11;381
11;381
11;380
11;380
11;379
11;379
11;378
11;378
11;377
11;377
11;376
11;376
11;375
11;375
11;374
11;374
11;373
11;373
11;372
11;372
11;371
11;371
11;370
11;370
11;369
11;369
11;368
11;368
11;367
11;367
11;366
11;366
11;365
11;365
11;364
11;364
11;363
11;363
11;362
11;362
11;361
11;361
11;360
11;360
11;359
11;359
11;358
11;358
11;357
11;357
11;356
11;356
11;355
11;355
11;354
11;354
11;353
11;353
11;352
11;352
11;351
11;351
11;350
11;350
11;349
11;349
11;348
11;348
11;347
11;347
11;346
11;346
11;345
11;345
11;344
11;344
11;343
11;343
11;342
11;342
11;341
11;341
11;340
11;340
11;339
11;339
11;338
11;338
11;337
11;337
11;336
11;336
11;335
11;335
11;334
11;334
11;333
11;333
11;332
11;332
11;331
11;331
11;330
11;330
11;329
11;329
11;328
11;328
11;327
11;327
11;326
11;326
11;325
11;325
11;324
11;324
11;323
11;323
11;322
11;322
11;321
11;321
11;320
11;320
11;319
11;319
11;318
11;318
11;317
11;317
11;316
11;316
11;315
11;315
11;314
11;314
11;313
11;313
11;312
11;312
11;311
11;311
11;310
11;310
11;309
11;309
11;308
11;308
11;307
11;307
11;306
11;306
11;305
11;305
11;304
11;304
11;303
11;303
11;302
11;302
11;301
11;301
11;300
11;300
11;299
11;299
11;298
11;298
11;297
11;297
11;296
11;296
11;295
11;295
11;294
11;294
11;293
11;293
11;292
11;292
11;291
11;291
11;290
11;290
11;289
11;289
11;288
11;288
11;287
11;287
11;286
11;286
11;285
11;285
11;284
11;284
11;283
11;283
11;282
11;282
11;281
11;281
11;280
11;280
11;279
11;279
11;278
11;278
11;277
11;277
11;276
11;276
11;275
11;275
11;274
11;274
11;273
11;273
11;272
11;272
11;271
11;271
11;270
11;270
11;269
11;269
11;268
11;268
11;267
11;267
11;266
11;266
11;265
11;265
11;264
11;264
11;263
11;263
11;262
11;262
11;261
11;261
11;260
11;260
11;259
11;259
11;258
11;258
11;257
11;257
11;256
11;256
11;255
11;255
11;254
11;254
11;253
11;253
11;252
11;252
11;251
11;251
11;250
11;250
11;249
11;249
11;248
11;248
11;247
11;247
11;246
11;246
11;245
11;245
11;244
11;244
11;243
11;243
11;242
11;242
11;241
11;241
11;240
11;240
11;239
11;239
11;238
11;238
11;237
11;237
11;236
11;236
11;235
11;235
11;234
11;234
11;233
11;233
11;232
11;232
11;231
11;231
11;230
11;230
11;229
11;229
11;228
11;228
11;227
11;227
11;226
11;226
11;225
11;225
11;224
11;224
11;223
11;223
11;222
11;222
11;221
11;221
11;220
11;220
11;219
11;219
11;218
11;218
11;217
11;217
11;216
11;216
11;215
11;215
11;214
11;214
11;213
11;213
11;212
11;212
11;211
11;211
11;210
11;210
11;209
11;209
11;208
11;208
11;207
11;207
11;206
11;206
11;205
11;205
11;204
11;204
11;203
11;203
11;202
11;202
11;201
11;201
11;200
11;200
11;199
11;199
11;198
11;198
11;197
11;197
11;196
11;196
11;195
11;195
11;194
11;194
11;193
11;193
11;192
11;192
11;191
11;191
11;190
11;190
11;189
11;189
11;188
11;188
11;187
11;187
11;186
11;186
11;185
11;185
11;184
11;184
11;183
11;183
11;182
11;182
11;181
11;181
11;180
11;180
11;179
11;179
11;178
11;178
11;177
11;177
11;176
11;176
11;175
11;175
11;174
11;174
11;173
11;173
11;172
11;172
11;171
11;171
11;170
11;170
11;169
11;169
11;168
11;168
11;167
11;167
11;166
11;166
11;165
11;165
11;164
11;164
11;163
11;163
11;162
11;162
11;161
11;161
11;160
11;160
11;159
11;159
11;158
11;158
11;157
11;157
11;156
11;156
11;155
11;155
11;154
11;154
11;153
11;153
11;152
11;152
11;151
11;151
11;150
11;150
11;149
11;149
11;148
11;148
11;147
11;147
11;146
11;146
11;145
11;145
11;144
11;144
11;143
11;143
11;142
11;142
11;141
11;141
11;140
11;140
11;139
11;139
11;138
11;138
11;137
11;137
11;136
11;136
11;135
11;135
11;134
11;134
11;133
11;133
11;132
11;132
11;131
11;131
11;130
11;130
11;129
11;129
11;128
11;128
11;127
11;127
11;126
11;126
11;125
11;125
11;124
11;124
11;123
11;123
11;122
11;122
11;121
11;121
11;120
11;120
11;119
11;119
11;118
11;118
11;117
11;117
11;116
11;116
11;115
11;115
11;114
11;114
11;113
11;113
11;112
11;112
11;111
11;111
11;110
11;110
11;109
11;109
11;108
11;108
11;107
11;107
11;106
11;106
11;105
11;105
11;104
11;104
11;103
11;103
11;102
11;102
11;101
11;101
11;100
11;100
11;99
11;99
11;98
11;98
11;97
11;97
11;96
11;96
11;95
11;95
11;94
11;94
11;93
11;93
11;92
11;92
11;91
11;91
11;90
11;90
11;89
11;89
11;88
11;88
11;87
11;87
11;86
11;86
11;85
11;85
11;84
11;84
11;83
11;83
11;82
11;82
11;81
11;81
11;80
11;80
11;79
11;79
11;78
11;78
11;77
11;77
11;76
11;76
11;75
11;75
11;74
11;74
11;73
11;73
11;72
11;72
11;71
11;71
11;70
11;70
11;69
11;69
11;68
11;68
11;67
11;67
11;66
11;66
11;65
11;65
11;64
11;64
11;63
11;63
11;62
11;62
11;61
11;61
11;60
11;60
11;59
11;59
11;58
11;58
11;57
11;57
11;56
11;56
11;55
11;55
11;54
11;54
11;53
11;53
11;52
11;52
11;51
11;51
11;50
11;50
11;49
11;49
11;48
11;48
11;47
11;47
11;46
11;46
11;45
11;45
11;44
11;44
11;43
11;43
11;42
11;42
11;41
11;41
11;40
11;40
11;39
11;39
11;38
11;38
11;37
11;37
11;36
11;36
11;35
11;35
11;34
11;34
11;33
11;33
11;32
11;32
11;31
11;31
11;30
11;30
11;29
11;29
11;28
11;28
11;27
11;27
11;26
11;26
11;25
11;25
11;24
11;24
11;23
11;23
11;22
11;22
11;21
11;21
11;20
11;20
11;19
11;19
11;18
11;18
11;17
11;17
11;16
11;16
11;15
11;15
11;14
11;14
11;13
11;13
11;12
11;12
11;11
11;11
11;10
11;10
11;9
11;9
11;8
11;8
11;7
11;7
11;6
11;6
11;5
11;5
11;4
11;4
11;3
11;3
11;2
11;2
11;1
11;1
12;2468
12;2468
12;2467
12;2467
12;2466
12;2466
12;2465
12;2465
12;2464
12;2464
12;2463
12;2463
12;2462
12;2462
12;2461
12;2461
12;2460
12;2460
12;2459
12;2459
12;2458
12;2458
12;2457
12;2457
12;2456
12;2456
12;2455
12;2455
12;2454
12;2454
12;2453
12;2453
12;2452
12;2452
12;2451
12;2451
12;2450
12;2450
12;2449
12;2449
12;2448
12;2448
12;2447
12;2447
12;2446
12;2446
12;2445
12;2445
12;2444
12;2444
12;2443
12;2443
12;2442
12;2442
12;2441
12;2441
12;2440
12;2440
12;2439
12;2439
12;2438
12;2438
12;2437
12;2437
12;2436
12;2436
12;2435
12;2435
12;2434
12;2434
12;2433
12;2433
12;2432
12;2432
12;2431
12;2431
12;2430
12;2430
12;2429
12;2429
12;2428
12;2428
12;2427
12;2427
12;2426
12;2426
12;2425
12;2425
12;2424
12;2424
12;2423
12;2423
12;2422
12;2422
12;2421
12;2421
12;2420
12;2420
12;2419
12;2419
12;2418
12;2418
12;2417
12;2417
12;2416
12;2416
12;2415
12;2415
12;2414
12;2414
12;2413
12;2413
12;2412
12;2412
12;2411
12;2411
12;2410
12;2410
12;2409
12;2409
12;2408
12;2408
12;2407
12;2407
12;2406
12;2406
12;2405
12;2405
12;2404
12;2404
12;2403
12;2403
12;2402
12;2402
12;2401
12;2401
12;2400
12;2400
12;2399
12;2399
12;2398
12;2398
12;2397
12;2397
12;2396
12;2396
12;2395
12;2395
12;2394
12;2394
12;2393
12;2393
12;2392
12;2392
12;2391
12;2391
12;2390
12;2390
12;2389
12;2389
12;2388
12;2388
12;2387
12;2387
12;2386
12;2386
12;2385
12;2385
12;2384
12;2384
12;2383
12;2383
12;2382
12;2382
12;2381
12;2381
12;2380
12;2380
12;2379
12;2379
12;2378
12;2378
12;2377
12;2377
12;2376
12;2376
12;2375
12;2375
12;2374
12;2374
12;2373
12;2373
12;2372
12;2372
12;2371
12;2371
12;2370
12;2370
12;2369
12;2369
12;2368
12;2368
12;2367
12;2367
12;2366
12;2366
12;2365
12;2365
12;2364
12;2364
12;2363
12;2363
12;2362
12;2362
12;2361
12;2361
12;2360
12;2360
12;2359
12;2359
12;2358
12;2358
12;2357
12;2357
12;2356
12;2356
12;2355
12;2355
12;2354
12;2354
12;2353
12;2353
12;2352
12;2352
12;2351
12;2351
12;2350
12;2350
12;2349
12;2349
12;2348
12;2348
12;2347
12;2347
12;2346
12;2346
12;2345
12;2345
12;2344
12;2344
12;2343
12;2343
12;2342
12;2342
12;2341
12;2341
12;2340
12;2340
12;2339
12;2339
12;2338
12;2338
12;2337
12;2337
12;2336
12;2336
12;2335
12;2335
12;2334
12;2334
12;2333
12;2333
12;2332
12;2332
12;2331
12;2331
12;2330
12;2330
12;2329
12;2329
12;2328
12;2328
12;2327
12;2327
12;2326
12;2326
12;2325
12;2325
12;2324
12;2324
12;2323
12;2323
12;2322
12;2322
12;2321
12;2321
12;2320
12;2320
12;2319
12;2319
12;2318
12;2318
12;2317
12;2317
12;2316
12;2316
12;2315
12;2315
12;2314
12;2314
12;2313
12;2313
12;2312
12;2312
12;2311
12;2311
12;2310
12;2310
12;2309
12;2309
12;2308
12;2308
12;2307
12;2307
12;2306
12;2306
12;2305
12;2305
12;2304
12;2304
12;2303
12;2303
12;2302
12;2302
12;2301
12;2301
12;2300
12;2300
12;2299
12;2299
12;2298
12;2298
12;2297
12;2297
12;2296
12;2296
12;2295
12;2295
12;2294
12;2294
12;2293
12;2293
12;2292
12;2292
12;2291
12;2291
12;2290
12;2290
12;2289
12;2289
12;2288
12;2288
12;2287
12;2287
12;2286
12;2286
12;2285
12;2285
12;2284
12;2284
12;2283
12;2283
12;2282
12;2282
12;2281
12;2281
12;2280
12;2280
12;2279
12;2279
12;2278
12;2278
12;2277
12;2277
12;2276
12;2276
12;2275
12;2275
12;2274
12;2274
12;2273
12;2273
12;2272
12;2272
12;2271
12;2271
12;2270
12;2270
12;2269
12;2269
12;2268
12;2268
12;2267
12;2267
12;2266
12;2266
12;2265
12;2265
12;2264
12;2264
12;2263
12;2263
12;2262
12;2262
12;2261
12;2261
12;2260
12;2260
12;2259
12;2259
12;2258
12;2258
12;2257
12;2257
12;2256
12;2256
12;2255
12;2255
12;2254
12;2254
12;2253
12;2253
12;2252
12;2252
12;2251
12;2251
12;2250
12;2250
12;2249
12;2249
12;2248
12;2248
12;2247
12;2247
12;2246
12;2246
12;2245
12;2245
12;2244
12;2244
12;2243
12;2243
12;2242
12;2242
12;2241
12;2241
12;2240
12;2240
12;2239
12;2239
12;2238
12;2238
12;2237
12;2237
12;2236
12;2236
12;2235
12;2235
12;2234
12;2234
12;2233
12;2233
12;2232
12;2232
12;2231
12;2231
12;2230
12;2230
12;2229
12;2229
12;2228
12;2228
12;2227
12;2227
12;2226
12;2226
12;2225
12;2225
12;2224
12;2224
12;2223
12;2223
12;2222
12;2222
12;2221
12;2221
12;2220
12;2220
12;2219
12;2219
12;2218
12;2218
12;2217
12;2217
12;2216
12;2216
12;2215
12;2215
12;2214
12;2214
12;2213
12;2213
12;2212
12;2212
12;2211
12;2211
12;2210
12;2210
12;2209
12;2209
12;2208
12;2208
12;2207
12;2207
12;2206
12;2206
12;2205
12;2205
12;2204
12;2204
12;2203
12;2203
12;2202
12;2202
12;2201
12;2201
12;2200
12;2200
12;2199
12;2199
12;2198
12;2198
12;2197
12;2197
12;2196
12;2196
12;2195
12;2195
12;2194
12;2194
12;2193
12;2193
12;2192
12;2192
12;2191
12;2191
12;2190
12;2190
12;2189
12;2189
12;2188
12;2188
12;2187
12;2187
12;2186
12;2186
12;2185
12;2185
12;2184
12;2184
12;2183
12;2183
12;2182
12;2182
12;2181
12;2181
12;2180
12;2180
12;2179
12;2179
12;2178
12;2178
12;2177
12;2177
12;2176
12;2176
12;2175
12;2175
12;2174
12;2174
12;2173
12;2173
12;2172
12;2172
12;2171
12;2171
12;2170
12;2170
12;2169
12;2169
12;2168
12;2168
12;2167
12;2167
12;2166
12;2166
12;2165
12;2165
12;2164
12;2164
12;2163
12;2163
12;2162
12;2162
12;2161
12;2161
12;2160
12;2160
12;2159
12;2159
12;2158
12;2158
12;2157
12;2157
12;2156
12;2156
12;2155
12;2155
12;2154
12;2154
12;2153
12;2153
12;2152
12;2152
12;2151
12;2151
12;2150
12;2150
12;2149
12;2149
12;2148
12;2148
12;2147
12;2147
12;2146
12;2146
12;2145
12;2145
12;2144
12;2144
12;2143
12;2143
12;2142
12;2142
12;2141
12;2141
12;2140
12;2140
12;2139
12;2139
12;2138
12;2138
12;2137
12;2137
12;2136
12;2136
12;2135
12;2135
12;2134
12;2134
12;2133
12;2133
12;2132
12;2132
12;2131
12;2131
12;2130
12;2130
12;2129
12;2129
12;2128
12;2128
12;2127
12;2127
12;2126
12;2126
12;2125
12;2125
12;2124
12;2124
12;2123
12;2123
12;2122
12;2122
12;2121
12;2121
12;2120
12;2120
12;2119
12;2119
12;2118
12;2118
12;2117
12;2117
12;2116
12;2116
12;2115
12;2115
12;2114
12;2114
12;2113
12;2113
12;2112
12;2112
12;2111
12;2111
12;2110
12;2110
12;2109
12;2109
12;2108
12;2108
12;2107
12;2107
12;2106
12;2106
12;2105
12;2105
12;2104
12;2104
12;2103
12;2103
12;2102
12;2102
12;2101
12;2101
12;2100
12;2100
12;2099
12;2099
12;2098
12;2098
12;2097
12;2097
12;2096
12;2096
12;2095
12;2095
12;2094
12;2094
12;2093
12;2093
12;2092
12;2092
12;2091
12;2091
12;2090
12;2090
12;2089
12;2089
12;2088
12;2088
12;2087
12;2087
12;2086
12;2086
12;2085
12;2085
12;2084
12;2084
12;2083
12;2083
12;2082
12;2082
12;2081
12;2081
12;2080
12;2080
12;2079
12;2079
12;2078
12;2078
12;2077
12;2077
12;2076
12;2076
12;2075
12;2075
12;2074
12;2074
12;2073
12;2073
12;2072
12;2072
12;2071
12;2071
12;2070
12;2070
12;2069
12;2069
12;2068
12;2068
12;2067
12;2067
12;2066
12;2066
12;2065
12;2065
12;2064
12;2064
12;2063
12;2063
12;2062
12;2062
12;2061
12;2061
12;2060
12;2060
12;2059
12;2059
12;2058
12;2058
12;2057
12;2057
12;2056
12;2056
12;2055
12;2055
12;2054
12;2054
12;2053
12;2053
12;2052
12;2052
12;2051
12;2051
12;2050
12;2050
12;2049
12;2049
12;2048
12;2048
12;2047
12;2047
12;2046
12;2046
12;2045
12;2045
12;2044
12;2044
12;2043
12;2043
12;2042
12;2042
12;2041
12;2041
12;2040
12;2040
12;2039
12;2039
12;2038
12;2038
12;2037
12;2037
12;2036
12;2036
12;2035
12;2035
12;2034
12;2034
12;2033
12;2033
12;2032
12;2032
12;2031
12;2031
12;2030
12;2030
12;2029
12;2029
12;2028
12;2028
12;2027
12;2027
12;2026
12;2026
12;2025
12;2025
12;2024
12;2024
12;2023
12;2023
12;2022
12;2022
12;2021
12;2021
12;2020
12;2020
12;2019
12;2019
12;2018
12;2018
12;2017
12;2017
12;2016
12;2016
12;2015
12;2015
12;2014
12;2014
12;2013
12;2013
12;2012
12;2012
12;2011
12;2011
12;2010
12;2010
12;2009
12;2009
12;2008
12;2008
12;2007
12;2007
12;2006
12;2006
12;2005
12;2005
12;2004
12;2004
12;2003
12;2003
12;2002
12;2002
12;2001
12;2001
12;2000
12;2000
12;1999
12;1999
12;1998
12;1998
12;1997
12;1997
12;1996
12;1996
12;1995
12;1995
12;1994
12;1994
12;1993
12;1993
12;1992
12;1992
12;1991
12;1991
12;1990
12;1990
12;1989
12;1989
12;1988
12;1988
12;1987
12;1987
12;1986
12;1986
12;1985
12;1985
12;1984
12;1984
12;1983
12;1983
12;1982
12;1982
12;1981
12;1981
12;1980
12;1980
12;1979
12;1979
12;1978
12;1978
12;1977
12;1977
12;1976
12;1976
12;1975
12;1975
12;1974
12;1974
12;1973
12;1973
12;1972
12;1972
12;1971
12;1971
12;1970
12;1970
12;1969
12;1969
12;1968
12;1968
12;1967
12;1967
12;1966
12;1966
12;1965
12;1965
12;1964
12;1964
12;1963
12;1963
12;1962
12;1962
12;1961
12;1961
12;1960
12;1960
12;1959
12;1959
12;1958
12;1958
12;1957
12;1957
12;1956
12;1956
12;1955
12;1955
12;1954
12;1954
12;1953
12;1953
12;1952
12;1952
12;1951
12;1951
12;1950
12;1950
12;1949
12;1949
12;1948
12;1948
12;1947
12;1947
12;1946
12;1946
12;1945
12;1945
12;1944
12;1944
12;1943
12;1943
12;1942
12;1942
12;1941
12;1941
12;1940
12;1940
12;1939
12;1939
12;1938
12;1938
12;1937
12;1937
12;1936
12;1936
12;1935
12;1935
12;1934
12;1934
12;1933
12;1933
12;1932
12;1932
12;1931
12;1931
12;1930
12;1930
12;1929
12;1929
12;1928
12;1928
12;1927
12;1927
12;1926
12;1926
12;1925
12;1925
12;1924
12;1924
12;1923
12;1923
12;1922
12;1922
12;1921
12;1921
12;1920
12;1920
12;1919
12;1919
12;1918
12;1918
12;1917
12;1917
12;1916
12;1916
12;1915
12;1915
12;1914
12;1914
12;1913
12;1913
12;1912
12;1912
12;1911
12;1911
12;1910
12;1910
12;1909
12;1909
12;1908
12;1908
12;1907
12;1907
12;1906
12;1906
12;1905
12;1905
12;1904
12;1904
12;1903
12;1903
12;1902
12;1902
12;1901
12;1901
12;1900
12;1900
12;1899
12;1899
12;1898
12;1898
12;1897
12;1897
12;1896
12;1896
12;1895
12;1895
12;1894
12;1894
12;1893
12;1893
12;1892
12;1892
12;1891
12;1891
12;1890
12;1890
12;1889
12;1889
12;1888
12;1888
12;1887
12;1887
12;1886
12;1886
12;1885
12;1885
12;1884
12;1884
12;1883
12;1883
12;1882
12;1882
12;1881
12;1881
12;1880
12;1880
12;1879
12;1879
12;1878
12;1878
12;1877
12;1877
12;1876
12;1876
12;1875
12;1875
12;1874
12;1874
12;1873
12;1873
12;1872
12;1872
12;1871
12;1871
12;1870
12;1870
12;1869
12;1869
12;1868
12;1868
12;1867
12;1867
12;1866
12;1866
12;1865
12;1865
12;1864
12;1864
12;1863
12;1863
12;1862
12;1862
12;1861
12;1861
12;1860
12;1860
12;1859
12;1859
12;1858
12;1858
12;1857
12;1857
12;1856
12;1856
12;1855
12;1855
12;1854
12;1854
12;1853
12;1853
12;1852
12;1852
12;1851
12;1851
12;1850
12;1850
12;1849
12;1849
12;1848
12;1848
12;1847
12;1847
12;1846
12;1846
12;1845
12;1845
12;1844
12;1844
12;1843
12;1843
12;1842
12;1842
12;1841
12;1841
12;1840
12;1840
12;1839
12;1839
12;1838
12;1838
12;1837
12;1837
12;1836
12;1836
12;1835
12;1835
12;1834
12;1834
12;1833
12;1833
12;1832
12;1832
12;1831
12;1831
12;1830
12;1830
12;1829
12;1829
12;1828
12;1828
12;1827
12;1827
12;1826
12;1826
12;1825
12;1825
12;1824
12;1824
12;1823
12;1823
12;1822
12;1822
12;1821
12;1821
12;1820
12;1820
12;1819
12;1819
12;1818
12;1818
12;1817
12;1817
12;1816
12;1816
12;1815
12;1815
12;1814
12;1814
12;1813
12;1813
12;1812
12;1812
12;1811
12;1811
12;1810
12;1810
12;1809
12;1809
12;1808
12;1808
12;1807
12;1807
12;1806
12;1806
12;1805
12;1805
12;1804
12;1804
12;1803
12;1803
12;1802
12;1802
12;1801
12;1801
12;1800
12;1800
12;1799
12;1799
12;1798
12;1798
12;1797
12;1797
12;1796
12;1796
12;1795
12;1795
12;1794
12;1794
12;1793
12;1793
12;1792
12;1792
12;1791
12;1791
12;1790
12;1790
12;1789
12;1789
12;1788
12;1788
12;1787
12;1787
12;1786
12;1786
12;1785
12;1785
12;1784
12;1784
12;1783
12;1783
12;1782
12;1782
12;1781
12;1781
12;1780
12;1780
12;1779
12;1779
12;1778
12;1778
12;1777
12;1777
12;1776
12;1776
12;1775
12;1775
12;1774
12;1774
12;1773
12;1773
12;1772
12;1772
12;1771
12;1771
12;1770
12;1770
12;1769
12;1769
12;1768
12;1768
12;1767
12;1767
12;1766
12;1766
12;1765
12;1765
12;1764
12;1764
12;1763
12;1763
12;1762
12;1762
12;1761
12;1761
12;1760
12;1760
12;1759
12;1759
12;1758
12;1758
12;1757
12;1757
12;1756
12;1756
12;1755
12;1755
12;1754
12;1754
12;1753
12;1753
12;1752
12;1752
12;1751
12;1751
12;1750
12;1750
12;1749
12;1749
12;1748
12;1748
12;1747
12;1747
12;1746
12;1746
12;1745
12;1745
12;1744
12;1744
12;1743
12;1743
12;1742
12;1742
12;1741
12;1741
12;1740
12;1740
12;1739
12;1739
12;1738
12;1738
12;1737
12;1737
12;1736
12;1736
12;1735
12;1735
12;1734
12;1734
12;1733
12;1733
12;1732
12;1732
12;1731
12;1731
12;1730
12;1730
12;1729
12;1729
12;1728
12;1728
12;1727
12;1727
12;1726
12;1726
12;1725
12;1725
12;1724
12;1724
12;1723
12;1723
12;1722
12;1722
12;1721
12;1721
12;1720
12;1720
12;1719
12;1719
12;1718
12;1718
12;1717
12;1717
12;1716
12;1716
12;1715
12;1715
12;1714
12;1714
12;1713
12;1713
12;1712
12;1712
12;1711
12;1711
12;1710
12;1710
12;1709
12;1709
12;1708
12;1708
12;1707
12;1707
12;1706
12;1706
12;1705
12;1705
12;1704
12;1704
12;1703
12;1703
12;1702
12;1702
12;1701
12;1701
12;1700
12;1700
12;1699
12;1699
12;1698
12;1698
12;1697
12;1697
12;1696
12;1696
12;1695
12;1695
12;1694
12;1694
12;1693
12;1693
12;1692
12;1692
12;1691
12;1691
12;1690
12;1690
12;1689
12;1689
12;1688
12;1688
12;1687
12;1687
12;1686
12;1686
12;1685
12;1685
12;1684
12;1684
12;1683
12;1683
12;1682
12;1682
12;1681
12;1681
12;1680
12;1680
12;1679
12;1679
12;1678
12;1678
12;1677
12;1677
12;1676
12;1676
12;1675
12;1675
12;1674
12;1674
12;1673
12;1673
12;1672
12;1672
12;1671
12;1671
12;1670
12;1670
12;1669
12;1669
12;1668
12;1668
12;1667
12;1667
12;1666
12;1666
12;1665
12;1665
12;1664
12;1664
12;1663
12;1663
12;1662
12;1662
12;1661
12;1661
12;1660
12;1660
12;1659
12;1659
12;1658
12;1658
12;1657
12;1657
12;1656
12;1656
12;1655
12;1655
12;1654
12;1654
12;1653
12;1653
12;1652
12;1652
12;1651
12;1651
12;1650
12;1650
12;1649
12;1649
12;1648
12;1648
12;1647
12;1647
12;1646
12;1646
12;1645
12;1645
12;1644
12;1644
12;1643
12;1643
12;1642
12;1642
12;1641
12;1641
12;1640
12;1640
12;1639
12;1639
12;1638
12;1638
12;1637
12;1637
12;1636
12;1636
12;1635
12;1635
12;1634
12;1634
12;1633
12;1633
12;1632
12;1632
12;1631
12;1631
12;1630
12;1630
12;1629
12;1629
12;1628
12;1628
12;1627
12;1627
12;1626
12;1626
12;1625
12;1625
12;1624
12;1624
12;1623
12;1623
12;1622
12;1622
12;1621
12;1621
12;1620
12;1620
12;1619
12;1619
12;1618
12;1618
12;1617
12;1617
12;1616
12;1616
12;1615
12;1615
12;1614
12;1614
12;1613
12;1613
12;1612
12;1612
12;1611
12;1611
12;1610
12;1610
12;1609
12;1609
12;1608
12;1608
12;1607
12;1607
12;1606
12;1606
12;1605
12;1605
12;1604
12;1604
12;1603
12;1603
12;1602
12;1602
12;1601
12;1601
12;1600
12;1600
12;1599
12;1599
12;1598
12;1598
12;1597
12;1597
12;1596
12;1596
12;1595
12;1595
12;1594
12;1594
12;1593
12;1593
12;1592
12;1592
12;1591
12;1591
12;1590
12;1590
12;1589
12;1589
12;1588
12;1588
12;1587
12;1587
12;1586
12;1586
12;1585
12;1585
12;1584
12;1584
12;1583
12;1583
12;1582
12;1582
12;1581
12;1581
12;1580
12;1580
12;1579
12;1579
12;1578
12;1578
12;1577
12;1577
12;1576
12;1576
12;1575
12;1575
12;1574
12;1574
12;1573
12;1573
12;1572
12;1572
12;1571
12;1571
12;1570
12;1570
12;1569
12;1569
12;1568
12;1568
12;1567
12;1567
12;1566
12;1566
12;1565
12;1565
12;1564
12;1564
12;1563
12;1563
12;1562
12;1562
12;1561
12;1561
12;1560
12;1560
12;1559
12;1559
12;1558
12;1558
12;1557
12;1557
12;1556
12;1556
12;1555
12;1555
12;1554
12;1554
12;1553
12;1553
12;1552
12;1552
12;1551
12;1551
12;1550
12;1550
12;1549
12;1549
12;1548
12;1548
12;1547
12;1547
12;1546
12;1546
12;1545
12;1545
12;1544
12;1544
12;1543
12;1543
12;1542
12;1542
12;1541
12;1541
12;1540
12;1540
12;1539
12;1539
12;1538
12;1538
12;1537
12;1537
12;1536
12;1536
12;1535
12;1535
12;1534
12;1534
12;1533
12;1533
12;1532
12;1532
12;1531
12;1531
12;1530
12;1530
12;1529
12;1529
12;1528
12;1528
12;1527
12;1527
12;1526
12;1526
12;1525
12;1525
12;1524
12;1524
12;1523
12;1523
12;1522
12;1522
12;1521
12;1521
12;1520
12;1520
12;1519
12;1519
12;1518
12;1518
12;1517
12;1517
12;1516
12;1516
12;1515
12;1515
12;1514
12;1514
12;1513
12;1513
12;1512
12;1512
12;1511
12;1511
12;1510
12;1510
12;1509
12;1509
12;1508
12;1508
12;1507
12;1507
12;1506
12;1506
12;1505
12;1505
12;1504
12;1504
12;1503
12;1503
12;1502
12;1502
12;1501
12;1501
12;1500
12;1500
12;1499
12;1499
12;1498
12;1498
12;1497
12;1497
12;1496
12;1496
12;1495
12;1495
12;1494
12;1494
12;1493
12;1493
12;1492
12;1492
12;1491
12;1491
12;1490
12;1490
12;1489
12;1489
12;1488
12;1488
12;1487
12;1487
12;1486
12;1486
12;1485
12;1485
12;1484
12;1484
12;1483
12;1483
12;1482
12;1482
12;1481
12;1481
12;1480
12;1480
12;1479
12;1479
12;1478
12;1478
12;1477
12;1477
12;1476
12;1476
12;1475
12;1475
12;1474
12;1474
12;1473
12;1473
12;1472
12;1472
12;1471
12;1471
12;1470
12;1470
12;1469
12;1469
12;1468
12;1468
12;1467
12;1467
12;1466
12;1466
12;1465
12;1465
12;1464
12;1464
12;1463
12;1463
12;1462
12;1462
12;1461
12;1461
12;1460
12;1460
12;1459
12;1459
12;1458
12;1458
12;1457
12;1457
12;1456
12;1456
12;1455
12;1455
12;1454
12;1454
12;1453
12;1453
12;1452
12;1452
12;1451
12;1451
12;1450
12;1450
12;1449
12;1449
12;1448
12;1448
12;1447
12;1447
12;1446
12;1446
12;1445
12;1445
12;1444
12;1444
12;1443
12;1443
12;1442
12;1442
12;1441
12;1441
12;1440
12;1440
12;1439
12;1439
12;1438
12;1438
12;1437
12;1437
12;1436
12;1436
12;1435
12;1435
12;1434
12;1434
12;1433
12;1433
12;1432
12;1432
12;1431
12;1431
12;1430
12;1430
12;1429
12;1429
12;1428
12;1428
12;1427
12;1427
12;1426
12;1426
12;1425
12;1425
12;1424
12;1424
12;1423
12;1423
12;1422
12;1422
12;1421
12;1421
12;1420
12;1420
12;1419
12;1419
12;1418
12;1418
12;1417
12;1417
12;1416
12;1416
12;1415
12;1415
12;1414
12;1414
12;1413
12;1413
12;1412
12;1412
12;1411
12;1411
12;1410
12;1410
12;1409
12;1409
12;1408
12;1408
12;1407
12;1407
12;1406
12;1406
12;1405
12;1405
12;1404
12;1404
12;1403
12;1403
12;1402
12;1402
12;1401
12;1401
12;1400
12;1400
12;1399
12;1399
12;1398
12;1398
12;1397
12;1397
12;1396
12;1396
12;1395
12;1395
12;1394
12;1394
12;1393
12;1393
12;1392
12;1392
12;1391
12;1391
12;1390
12;1390
12;1389
12;1389
12;1388
12;1388
12;1387
12;1387
12;1386
12;1386
12;1385
12;1385
12;1384
12;1384
12;1383
12;1383
12;1382
12;1382
12;1381
12;1381
12;1380
12;1380
12;1379
12;1379
12;1378
12;1378
12;1377
12;1377
12;1376
12;1376
12;1375
12;1375
12;1374
12;1374
12;1373
12;1373
12;1372
12;1372
12;1371
12;1371
12;1370
12;1370
12;1369
12;1369
12;1368
12;1368
12;1367
12;1367
12;1366
12;1366
12;1365
12;1365
12;1364
12;1364
12;1363
12;1363
12;1362
12;1362
12;1361
12;1361
12;1360
12;1360
12;1359
12;1359
12;1358
12;1358
12;1357
12;1357
12;1356
12;1356
12;1355
12;1355
12;1354
12;1354
12;1353
12;1353
12;1352
12;1352
12;1351
12;1351
12;1350
12;1350
12;1349
12;1349
12;1348
12;1348
12;1347
12;1347
12;1346
12;1346
12;1345
12;1345
12;1344
12;1344
12;1343
12;1343
12;1342
12;1342
12;1341
12;1341
12;1340
12;1340
12;1339
12;1339
12;1338
12;1338
12;1337
12;1337
12;1336
12;1336
12;1335
12;1335
12;1334
12;1334
12;1333
12;1333
12;1332
12;1332
12;1331
12;1331
12;1330
12;1330
12;1329
12;1329
12;1328
12;1328
12;1327
12;1327
12;1326
12;1326
12;1325
12;1325
12;1324
12;1324
12;1323
12;1323
12;1322
12;1322
12;1321
12;1321
12;1320
12;1320
12;1319
12;1319
12;1318
12;1318
12;1317
12;1317
12;1316
12;1316
12;1315
12;1315
12;1314
12;1314
12;1313
12;1313
12;1312
12;1312
12;1311
12;1311
12;1310
12;1310
12;1309
12;1309
12;1308
12;1308
12;1307
12;1307
12;1306
12;1306
12;1305
12;1305
12;1304
12;1304
12;1303
12;1303
12;1302
12;1302
12;1301
12;1301
12;1300
12;1300
12;1299
12;1299
12;1298
12;1298
12;1297
12;1297
12;1296
12;1296
12;1295
12;1295
12;1294
12;1294
12;1293
12;1293
12;1292
12;1292
12;1291
12;1291
12;1290
12;1290
12;1289
12;1289
12;1288
12;1288
12;1287
12;1287
12;1286
12;1286
12;1285
12;1285
12;1284
12;1284
12;1283
12;1283
12;1282
12;1282
12;1281
12;1281
12;1280
12;1280
12;1279
12;1279
12;1278
12;1278
12;1277
12;1277
12;1276
12;1276
12;1275
12;1275
12;1274
12;1274
12;1273
12;1273
12;1272
12;1272
12;1271
12;1271
12;1270
12;1270
12;1269
12;1269
12;1268
12;1268
12;1267
12;1267
12;1266
12;1266
12;1265
12;1265
12;1264
12;1264
12;1263
12;1263
12;1262
12;1262
12;1261
12;1261
12;1260
12;1260
12;1259
12;1259
12;1258
12;1258
12;1257
12;1257
12;1256
12;1256
12;1255
12;1255
12;1254
12;1254
12;1253
12;1253
12;1252
12;1252
12;1251
12;1251
12;1250
12;1250
12;1249
12;1249
12;1248
12;1248
12;1247
12;1247
12;1246
12;1246
12;1245
12;1245
12;1244
12;1244
12;1243
12;1243
12;1242
12;1242
12;1241
12;1241
12;1240
12;1240
12;1239
12;1239
12;1238
12;1238
12;1237
12;1237
12;1236
12;1236
12;1235
12;1235
12;1234
12;1234
12;1233
12;1233
12;1232
12;1232
12;1231
12;1231
12;1230
12;1230
12;1229
12;1229
12;1228
12;1228
12;1227
12;1227
12;1226
12;1226
12;1225
12;1225
12;1224
12;1224
12;1223
12;1223
12;1222
12;1222
12;1221
12;1221
12;1220
12;1220
12;1219
12;1219
12;1218
12;1218
12;1217
12;1217
12;1216
12;1216
12;1215
12;1215
12;1214
12;1214
12;1213
12;1213
12;1212
12;1212
12;1211
12;1211
12;1210
12;1210
12;1209
12;1209
12;1208
12;1208
12;1207
12;1207
12;1206
12;1206
12;1205
12;1205
12;1204
12;1204
12;1203
12;1203
12;1202
12;1202
12;1201
12;1201
12;1200
12;1200
12;1199
12;1199
12;1198
12;1198
12;1197
12;1197
12;1196
12;1196
12;1195
12;1195
12;1194
12;1194
12;1193
12;1193
12;1192
12;1192
12;1191
12;1191
12;1190
12;1190
12;1189
12;1189
12;1188
12;1188
12;1187
12;1187
12;1186
12;1186
12;1185
12;1185
12;1184
12;1184
12;1183
12;1183
12;1182
12;1182
12;1181
12;1181
12;1180
12;1180
12;1179
12;1179
12;1178
12;1178
12;1177
12;1177
12;1176
12;1176
12;1175
12;1175
12;1174
12;1174
12;1173
12;1173
12;1172
12;1172
12;1171
12;1171
12;1170
12;1170
12;1169
12;1169
12;1168
12;1168
12;1167
12;1167
12;1166
12;1166
12;1165
12;1165
12;1164
12;1164
12;1163
12;1163
12;1162
12;1162
12;1161
12;1161
12;1160
12;1160
12;1159
12;1159
12;1158
12;1158
12;1157
12;1157
12;1156
12;1156
12;1155
12;1155
12;1154
12;1154
12;1153
12;1153
12;1152
12;1152
12;1151
12;1151
12;1150
12;1150
12;1149
12;1149
12;1148
12;1148
12;1147
12;1147
12;1146
12;1146
12;1145
12;1145
12;1144
12;1144
12;1143
12;1143
12;1142
12;1142
12;1141
12;1141
12;1140
12;1140
12;1139
12;1139
12;1138
12;1138
12;1137
12;1137
12;1136
12;1136
12;1135
12;1135
12;1134
12;1134
12;1133
12;1133
12;1132
12;1132
12;1131
12;1131
12;1130
12;1130
12;1129
12;1129
12;1128
12;1128
12;1127
12;1127
12;1126
12;1126
12;1125
12;1125
12;1124
12;1124
12;1123
12;1123
12;1122
12;1122
12;1121
12;1121
12;1120
12;1120
12;1119
12;1119
12;1118
12;1118
12;1117
12;1117
12;1116
12;1116
12;1115
12;1115
12;1114
12;1114
12;1113
12;1113
12;1112
12;1112
12;1111
12;1111
12;1110
12;1110
12;1109
12;1109
12;1108
12;1108
12;1107
12;1107
12;1106
12;1106
12;1105
12;1105
12;1104
12;1104
12;1103
12;1103
12;1102
12;1102
12;1101
12;1101
12;1100
12;1100
12;1099
12;1099
12;1098
12;1098
12;1097
12;1097
12;1096
12;1096
12;1095
12;1095
12;1094
12;1094
12;1093
12;1093
12;1092
12;1092
12;1091
12;1091
12;1090
12;1090
12;1089
12;1089
12;1088
12;1088
12;1087
12;1087
12;1086
12;1086
12;1085
12;1085
12;1084
12;1084
12;1083
12;1083
12;1082
12;1082
12;1081
12;1081
12;1080
12;1080
12;1079
12;1079
12;1078
12;1078
12;1077
12;1077
12;1076
12;1076
12;1075
12;1075
12;1074
12;1074
12;1073
12;1073
12;1072
12;1072
12;1071
12;1071
12;1070
12;1070
12;1069
12;1069
12;1068
12;1068
12;1067
12;1067
12;1066
12;1066
12;1065
12;1065
12;1064
12;1064
12;1063
12;1063
12;1062
12;1062
12;1061
12;1061
12;1060
12;1060
12;1059
12;1059
12;1058
12;1058
12;1057
12;1057
12;1056
12;1056
12;1055
12;1055
12;1054
12;1054
12;1053
12;1053
12;1052
12;1052
12;1051
12;1051
12;1050
12;1050
12;1049
12;1049
12;1048
12;1048
12;1047
12;1047
12;1046
12;1046
12;1045
12;1045
12;1044
12;1044
12;1043
12;1043
12;1042
12;1042
12;1041
12;1041
12;1040
12;1040
12;1039
12;1039
12;1038
12;1038
12;1037
12;1037
12;1036
12;1036
12;1035
12;1035
12;1034
12;1034
12;1033
12;1033
12;1032
12;1032
12;1031
12;1031
12;1030
12;1030
12;1029
12;1029
12;1028
12;1028
12;1027
12;1027
12;1026
12;1026
12;1025
12;1025
12;1024
12;1024
12;1023
12;1023
12;1022
12;1022
12;1021
12;1021
12;1020
12;1020
12;1019
12;1019
12;1018
12;1018
12;1017
12;1017
12;1016
12;1016
12;1015
12;1015
12;1014
12;1014
12;1013
12;1013
12;1012
12;1012
12;1011
12;1011
12;1010
12;1010
12;1009
12;1009
12;1008
12;1008
12;1007
12;1007
12;1006
12;1006
12;1005
12;1005
12;1004
12;1004
12;1003
12;1003
12;1002
12;1002
12;1001
12;1001
12;1000
12;1000
12;999
12;999
12;998
12;998
12;997
12;997
12;996
12;996
12;995
12;995
12;994
12;994
12;993
12;993
12;992
12;992
12;991
12;991
12;990
12;990
12;989
12;989
12;988
12;988
12;987
12;987
12;986
12;986
12;985
12;985
12;984
12;984
12;983
12;983
12;982
12;982
12;981
12;981
12;980
12;980
12;979
12;979
12;978
12;978
12;977
12;977
12;976
12;976
12;975
12;975
12;974
12;974
12;973
12;973
12;972
12;972
12;971
12;971
12;970
12;970
12;969
12;969
12;968
12;968
12;967
12;967
12;966
12;966
12;965
12;965
12;964
12;964
12;963
12;963
12;962
12;962
12;961
12;961
12;960
12;960
12;959
12;959
12;958
12;958
12;957
12;957
12;956
12;956
12;955
12;955
12;954
12;954
12;953
12;953
12;952
12;952
12;951
12;951
12;950
12;950
12;949
12;949
12;948
12;948
12;947
12;947
12;946
12;946
12;945
12;945
12;944
12;944
12;943
12;943
12;942
12;942
12;941
12;941
12;940
12;940
12;939
12;939
12;938
12;938
12;937
12;937
12;936
12;936
12;935
12;935
12;934
12;934
12;933
12;933
12;932
12;932
12;931
12;931
12;930
12;930
12;929
12;929
12;928
12;928
12;927
12;927
12;926
12;926
12;925
12;925
12;924
12;924
12;923
12;923
12;922
12;922
12;921
12;921
12;920
12;920
12;919
12;919
12;918
12;918
12;917
12;917
12;916
12;916
12;915
12;915
12;914
12;914
12;913
12;913
12;912
12;912
12;911
12;911
12;910
12;910
12;909
12;909
12;908
12;908
12;907
12;907
12;906
12;906
12;905
12;905
12;904
12;904
12;903
12;903
12;902
12;902
12;901
12;901
12;900
12;900
12;899
12;899
12;898
12;898
12;897
12;897
12;896
12;896
12;895
12;895
12;894
12;894
12;893
12;893
12;892
12;892
12;891
12;891
12;890
12;890
12;889
12;889
12;888
12;888
12;887
12;887
12;886
12;886
12;885
12;885
12;884
12;884
12;883
12;883
12;882
12;882
12;881
12;881
12;880
12;880
12;879
12;879
12;878
12;878
12;877
12;877
12;876
12;876
12;875
12;875
12;874
12;874
12;873
12;873
12;872
12;872
12;871
12;871
12;870
12;870
12;869
12;869
12;868
12;868
12;867
12;867
12;866
12;866
12;865
12;865
12;864
12;864
12;863
12;863
12;862
12;862
12;861
12;861
12;860
12;860
12;859
12;859
12;858
12;858
12;857
12;857
12;856
12;856
12;855
12;855
12;854
12;854
12;853
12;853
12;852
12;852
12;851
12;851
12;850
12;850
12;849
12;849
12;848
12;848
12;847
12;847
12;846
12;846
12;845
12;845
12;844
12;844
12;843
12;843
12;842
12;842
12;841
12;841
12;840
12;840
12;839
12;839
12;838
12;838
12;837
12;837
12;836
12;836
12;835
12;835
12;834
12;834
12;833
12;833
12;832
12;832
12;831
12;831
12;830
12;830
12;829
12;829
12;828
12;828
12;827
12;827
12;826
12;826
12;825
12;825
12;824
12;824
12;823
12;823
12;822
12;822
12;821
12;821
12;820
12;820
12;819
12;819
12;818
12;818
12;817
12;817
12;816
12;816
12;815
12;815
12;814
12;814
12;813
12;813
12;812
12;812
12;811
12;811
12;810
12;810
12;809
12;809
12;808
12;808
12;807
12;807
12;806
12;806
12;805
12;805
12;804
12;804
12;803
12;803
12;802
12;802
12;801
12;801
12;800
12;800
12;799
12;799
12;798
12;798
12;797
12;797
12;796
12;796
12;795
12;795
12;794
12;794
12;793
12;793
12;792
12;792
12;791
12;791
12;790
12;790
12;789
12;789
12;788
12;788
12;787
12;787
12;786
12;786
12;785
12;785
12;784
12;784
12;783
12;783
12;782
12;782
12;781
12;781
12;780
12;780
12;779
12;779
12;778
12;778
12;777
12;777
12;776
12;776
12;775
12;775
12;774
12;774
12;773
12;773
12;772
12;772
12;771
12;771
12;770
12;770
12;769
12;769
12;768
12;768
12;767
12;767
12;766
12;766
12;765
12;765
12;764
12;764
12;763
12;763
12;762
12;762
12;761
12;761
12;760
12;760
12;759
12;759
12;758
12;758
12;757
12;757
12;756
12;756
12;755
12;755
12;754
12;754
12;753
12;753
12;752
12;752
12;751
12;751
12;750
12;750
12;749
12;749
12;748
12;748
12;747
12;747
12;746
12;746
12;745
12;745
12;744
12;744
12;743
12;743
12;742
12;742
12;741
12;741
12;740
12;740
12;739
12;739
12;738
12;738
12;737
12;737
12;736
12;736
12;735
12;735
12;734
12;734
12;733
12;733
12;732
12;732
12;731
12;731
12;730
12;730
12;729
12;729
12;728
12;728
12;727
12;727
12;726
12;726
12;725
12;725
12;724
12;724
12;723
12;723
12;722
12;722
12;721
12;721
12;720
12;720
12;719
12;719
12;718
12;718
12;717
12;717
12;716
12;716
12;715
12;715
12;714
12;714
12;713
12;713
12;712
12;712
12;711
12;711
12;710
12;710
12;709
12;709
12;708
12;708
12;707
12;707
12;706
12;706
12;705
12;705
12;704
12;704
12;703
12;703
12;702
12;702
12;701
12;701
12;700
12;700
12;699
12;699
12;698
12;698
12;697
12;697
12;696
12;696
12;695
12;695
12;694
12;694
12;693
12;693
12;692
12;692
12;691
12;691
12;690
12;690
12;689
12;689
12;688
12;688
12;687
12;687
12;686
12;686
12;685
12;685
12;684
12;684
12;683
12;683
12;682
12;682
12;681
12;681
12;680
12;680
12;679
12;679
12;678
12;678
12;677
12;677
12;676
12;676
12;675
12;675
12;674
12;674
12;673
12;673
12;672
12;672
12;671
12;671
12;670
12;670
12;669
12;669
12;668
12;668
12;667
12;667
12;666
12;666
12;665
12;665
12;664
12;664
12;663
12;663
12;662
12;662
12;661
12;661
12;660
12;660
12;659
12;659
12;658
12;658
12;657
12;657
12;656
12;656
12;655
12;655
12;654
12;654
12;653
12;653
12;652
12;652
12;651
12;651
12;650
12;650
12;649
12;649
12;648
12;648
12;647
12;647
12;646
12;646
12;645
12;645
12;644
12;644
12;643
12;643
12;642
12;642
12;641
12;641
12;640
12;640
12;639
12;639
12;638
12;638
12;637
12;637
12;636
12;636
12;635
12;635
12;634
12;634
12;633
12;633
12;632
12;632
12;631
12;631
12;630
12;630
12;629
12;629
12;628
12;628
12;627
12;627
12;626
12;626
12;625
12;625
12;624
12;624
12;623
12;623
12;622
12;622
12;621
12;621
12;620
12;620
12;619
12;619
12;618
12;618
12;617
12;617
12;616
12;616
12;615
12;615
12;614
12;614
12;613
12;613
12;612
12;612
12;611
12;611
12;610
12;610
12;609
12;609
12;608
12;608
12;607
12;607
12;606
12;606
12;605
12;605
12;604
12;604
12;603
12;603
12;602
12;602
12;601
12;601
12;600
12;600
12;599
12;599
12;598
12;598
12;597
12;597
12;596
12;596
12;595
12;595
12;594
12;594
12;593
12;593
12;592
12;592
12;591
12;591
12;590
12;590
12;589
12;589
12;588
12;588
12;587
12;587
12;586
12;586
12;585
12;585
12;584
12;584
12;583
12;583
12;582
12;582
12;581
12;581
12;580
12;580
12;579
12;579
12;578
12;578
12;577
12;577
12;576
12;576
12;575
12;575
12;574
12;574
12;573
12;573
12;572
12;572
12;571
12;571
12;570
12;570
12;569
12;569
12;568
12;568
12;567
12;567
12;566
12;566
12;565
12;565
12;564
12;564
12;563
12;563
12;562
12;562
12;561
12;561
12;560
12;560
12;559
12;559
12;558
12;558
12;557
12;557
12;556
12;556
12;555
12;555
12;554
12;554
12;553
12;553
12;552
12;552
12;551
12;551
12;550
12;550
12;549
12;549
12;548
12;548
12;547
12;547
12;546
12;546
12;545
12;545
12;544
12;544
12;543
12;543
12;542
12;542
12;541
12;541
12;540
12;540
12;539
12;539
12;538
12;538
12;537
12;537
12;536
12;536
12;535
12;535
12;534
12;534
12;533
12;533
12;532
12;532
12;531
12;531
12;530
12;530
12;529
12;529
12;528
12;528
12;527
12;527
12;526
12;526
12;525
12;525
12;524
12;524
12;523
12;523
12;522
12;522
12;521
12;521
12;520
12;520
12;519
12;519
12;518
12;518
12;517
12;517
12;516
12;516
12;515
12;515
12;514
12;514
12;513
12;513
12;512
12;512
12;511
12;511
12;510
12;510
12;509
12;509
12;508
12;508
12;507
12;507
12;506
12;506
12;505
12;505
12;504
12;504
12;503
12;503
12;502
12;502
12;501
12;501
12;500
12;500
12;499
12;499
12;498
12;498
12;497
12;497
12;496
12;496
12;495
12;495
12;494
12;494
12;493
12;493
12;492
12;492
12;491
12;491
12;490
12;490
12;489
12;489
12;488
12;488
12;487
12;487
12;486
12;486
12;485
12;485
12;484
12;484
12;483
12;483
12;482
12;482
12;481
12;481
12;480
12;480
12;479
12;479
12;478
12;478
12;477
12;477
12;476
12;476
12;475
12;475
12;474
12;474
12;473
12;473
12;472
12;472
12;471
12;471
12;470
12;470
12;469
12;469
12;468
12;468
12;467
12;467
12;466
12;466
12;465
12;465
12;464
12;464
12;463
12;463
12;462
12;462
12;461
12;461
12;460
12;460
12;459
12;459
12;458
12;458
12;457
12;457
12;456
12;456
12;455
12;455
12;454
12;454
12;453
12;453
12;452
12;452
12;451
12;451
12;450
12;450
12;449
12;449
12;448
12;448
12;447
12;447
12;446
12;446
12;445
12;445
12;444
12;444
12;443
12;443
12;442
12;442
12;441
12;441
12;440
12;440
12;439
12;439
12;438
12;438
12;437
12;437
12;436
12;436
12;435
12;435
12;434
12;434
12;433
12;433
12;432
12;432
12;431
12;431
12;430
12;430
12;429
12;429
12;428
12;428
12;427
12;427
12;426
12;426
12;425
12;425
12;424
12;424
12;423
12;423
12;422
12;422
12;421
12;421
12;420
12;420
12;419
12;419
12;418
12;418
12;417
12;417
12;416
12;416
12;415
12;415
12;414
12;414
12;413
12;413
12;412
12;412
12;411
12;411
12;410
12;410
12;409
12;409
12;408
12;408
12;407
12;407
12;406
12;406
12;405
12;405
12;404
12;404
12;403
12;403
12;402
12;402
12;401
12;401
12;400
12;400
12;399
12;399
12;398
12;398
12;397
12;397
12;396
12;396
12;395
12;395
12;394
12;394
12;393
12;393
12;392
12;392
12;391
12;391
12;390
12;390
12;389
12;389
12;388
12;388
12;387
12;387
12;386
12;386
12;385
12;385
12;384
12;384
12;383
12;383
12;382
12;382
12;381
12;381
12;380
12;380
12;379
12;379
12;378
12;378
12;377
12;377
12;376
12;376
12;375
12;375
12;374
12;374
12;373
12;373
12;372
12;372
12;371
12;371
12;370
12;370
12;369
12;369
12;368
12;368
12;367
12;367
12;366
12;366
12;365
12;365
12;364
12;364
12;363
12;363
12;362
12;362
12;361
12;361
12;360
12;360
12;359
12;359
12;358
12;358
12;357
12;357
12;356
12;356
12;355
12;355
12;354
12;354
12;353
12;353
12;352
12;352
12;351
12;351
12;350
12;350
12;349
12;349
12;348
12;348
12;347
12;347
12;346
12;346
12;345
12;345
12;344
12;344
12;343
12;343
12;342
12;342
12;341
12;341
12;340
12;340
12;339
12;339
12;338
12;338
12;337
12;337
12;336
12;336
12;335
12;335
12;334
12;334
12;333
12;333
12;332
12;332
12;331
12;331
12;330
12;330
12;329
12;329
12;328
12;328
12;327
12;327
12;326
12;326
12;325
12;325
12;324
12;324
12;323
12;323
12;322
12;322
12;321
12;321
12;320
12;320
12;319
12;319
12;318
12;318
12;317
12;317
12;316
12;316
12;315
12;315
12;314
12;314
12;313
12;313
12;312
12;312
12;311
12;311
12;310
12;310
12;309
12;309
12;308
12;308
12;307
12;307
12;306
12;306
12;305
12;305
12;304
12;304
12;303
12;303
12;302
12;302
12;301
12;301
12;300
12;300
12;299
12;299
12;298
12;298
12;297
12;297
12;296
12;296
12;295
12;295
12;294
12;294
12;293
12;293
12;292
12;292
12;291
12;291
12;290
12;290
12;289
12;289
12;288
12;288
12;287
12;287
12;286
12;286
12;285
12;285
12;284
12;284
12;283
12;283
12;282
12;282
12;281
12;281
12;280
12;280
12;279
12;279
12;278
12;278
12;277
12;277
12;276
12;276
12;275
12;275
12;274
12;274
12;273
12;273
12;272
12;272
12;271
12;271
12;270
12;270
12;269
12;269
12;268
12;268
12;267
12;267
12;266
12;266
12;265
12;265
12;264
12;264
12;263
12;263
12;262
12;262
12;261
12;261
12;260
12;260
12;259
12;259
12;258
12;258
12;257
12;257
12;256
12;256
12;255
12;255
12;254
12;254
12;253
12;253
12;252
12;252
12;251
12;251
12;250
12;250
12;249
12;249
12;248
12;248
12;247
12;247
12;246
12;246
12;245
12;245
12;244
12;244
12;243
12;243
12;242
12;242
12;241
12;241
12;240
12;240
12;239
12;239
12;238
12;238
12;237
12;237
12;236
12;236
12;235
12;235
12;234
12;234
12;233
12;233
12;232
12;232
12;231
12;231
12;230
12;230
12;229
12;229
12;228
12;228
12;227
12;227
12;226
12;226
12;225
12;225
12;224
12;224
12;223
12;223
12;222
12;222
12;221
12;221
12;220
12;220
12;219
12;219
12;218
12;218
12;217
12;217
12;216
12;216
12;215
12;215
12;214
12;214
12;213
12;213
12;212
12;212
12;211
12;211
12;210
12;210
12;209
12;209
12;208
12;208
12;207
12;207
12;206
12;206
12;205
12;205
12;204
12;204
12;203
12;203
12;202
12;202
12;201
12;201
12;200
12;200
12;199
12;199
12;198
12;198
12;197
12;197
12;196
12;196
12;195
12;195
12;194
12;194
12;193
12;193
12;192
12;192
12;191
12;191
12;190
12;190
12;189
12;189
12;188
12;188
12;187
12;187
12;186
12;186
12;185
12;185
12;184
12;184
12;183
12;183
12;182
12;182
12;181
12;181
12;180
12;180
12;179
12;179
12;178
12;178
12;177
12;177
12;176
12;176
12;175
12;175
12;174
12;174
12;173
12;173
12;172
12;172
12;171
12;171
12;170
12;170
12;169
12;169
12;168
12;168
12;167
12;167
12;166
12;166
12;165
12;165
12;164
12;164
12;163
12;163
12;162
12;162
12;161
12;161
12;160
12;160
12;159
12;159
12;158
12;158
12;157
12;157
12;156
12;156
12;155
12;155
12;154
12;154
12;153
12;153
12;152
12;152
12;151
12;151
12;150
12;150
12;149
12;149
12;148
12;148
12;147
12;147
12;146
12;146
12;145
12;145
12;144
12;144
12;143
12;143
12;142
12;142
12;141
12;141
12;140
12;140
12;139
12;139
12;138
12;138
12;137
12;137
12;136
12;136
12;135
12;135
12;134
12;134
12;133
12;133
12;132
12;132
12;131
12;131
12;130
12;130
12;129
12;129
12;128
12;128
12;127
12;127
12;126
12;126
12;125
12;125
12;124
12;124
12;123
12;123
12;122
12;122
12;121
12;121
12;120
12;120
12;119
12;119
12;118
12;118
12;117
12;117
12;116
12;116
12;115
12;115
12;114
12;114
12;113
12;113
12;112
12;112
12;111
12;111
12;110
12;110
12;109
12;109
12;108
12;108
12;107
12;107
12;106
12;106
12;105
12;105
12;104
12;104
12;103
12;103
12;102
12;102
12;101
12;101
12;100
12;100
12;99
12;99
12;98
12;98
12;97
12;97
12;96
12;96
12;95
12;95
12;94
12;94
12;93
12;93
12;92
12;92
12;91
12;91
12;90
12;90
12;89
12;89
12;88
12;88
12;87
12;87
12;86
12;86
12;85
12;85
12;84
12;84
12;83
12;83
12;82
12;82
12;81
12;81
12;80
12;80
12;79
12;79
12;78
12;78
12;77
12;77
12;76
12;76
12;75
12;75
12;74
12;74
12;73
12;73
12;72
12;72
12;71
12;71
12;70
12;70
12;69
12;69
12;68
12;68
12;67
12;67
12;66
12;66
12;65
12;65
12;64
12;64
12;63
12;63
12;62
12;62
12;61
12;61
12;60
12;60
12;59
12;59
12;58
12;58
12;57
12;57
12;56
12;56
12;55
12;55
12;54
12;54
12;53
12;53
12;52
12;52
12;51
12;51
12;50
12;50
12;49
12;49
12;48
12;48
12;47
12;47
12;46
12;46
12;45
12;45
12;44
12;44
12;43
12;43
12;42
12;42
12;41
12;41
12;40
12;40
12;39
12;39
12;38
12;38
12;37
12;37
12;36
12;36
12;35
12;35
12;34
12;34
12;33
12;33
12;32
12;32
12;31
12;31
12;30
12;30
12;29
12;29
12;28
12;28
12;27
12;27
12;26
12;26
12;25
12;25
12;24
12;24
12;23
12;23
12;22
12;22
12;21
12;21
12;20
12;20
12;19
12;19
12;18
12;18
12;17
12;17
12;16
12;16
12;15
12;15
12;14
12;14
12;13
12;13
12;12
12;12
12;11
12;11
12;10
12;10
12;9
12;9
12;8
12;8
12;7
12;7
12;6
12;6
12;5
12;5
12;4
12;4
12;3
12;3
12;2
12;2
12;1
12;1
13;2176
13;2176
13;2175
13;2175
13;2174
13;2174
13;2173
13;2173
13;2172
13;2172
13;2171
13;2171
13;2170
13;2170
13;2169
13;2169
13;2168
13;2168
13;2167
13;2167
13;2166
13;2166
13;2165
13;2165
13;2164
13;2164
13;2163
13;2163
13;2162
13;2162
13;2161
13;2161
13;2160
13;2160
13;2159
13;2159
13;2158
13;2158
13;2157
13;2157
13;2156
13;2156
13;2155
13;2155
13;2154
13;2154
13;2153
13;2153
13;2152
13;2152
13;2151
13;2151
13;2150
13;2150
13;2149
13;2149
13;2148
13;2148
13;2147
13;2147
13;2146
13;2146
13;2145
13;2145
13;2144
13;2144
13;2143
13;2143
13;2142
13;2142
13;2141
13;2141
13;2140
13;2140
13;2139
13;2139
13;2138
13;2138
13;2137
13;2137
13;2136
13;2136
13;2135
13;2135
13;2134
13;2134
13;2133
13;2133
13;2132
13;2132
13;2131
13;2131
13;2130
13;2130
13;2129
13;2129
13;2128
13;2128
13;2127
13;2127
13;2126
13;2126
13;2125
13;2125
13;2124
13;2124
13;2123
13;2123
13;2122
13;2122
13;2121
13;2121
13;2120
13;2120
13;2119
13;2119
13;2118
13;2118
13;2117
13;2117
13;2116
13;2116
13;2115
13;2115
13;2114
13;2114
13;2113
13;2113
13;2112
13;2112
13;2111
13;2111
13;2110
13;2110
13;2109
13;2109
13;2108
13;2108
13;2107
13;2107
13;2106
13;2106
13;2105
13;2105
13;2104
13;2104
13;2103
13;2103
13;2102
13;2102
13;2101
13;2101
13;2100
13;2100
13;2099
13;2099
13;2098
13;2098
13;2097
13;2097
13;2096
13;2096
13;2095
13;2095
13;2094
13;2094
13;2093
13;2093
13;2092
13;2092
13;2091
13;2091
13;2090
13;2090
13;2089
13;2089
13;2088
13;2088
13;2087
13;2087
13;2086
13;2086
13;2085
13;2085
13;2084
13;2084
13;2083
13;2083
13;2082
13;2082
13;2081
13;2081
13;2080
13;2080
13;2079
13;2079
13;2078
13;2078
13;2077
13;2077
13;2076
13;2076
13;2075
13;2075
13;2074
13;2074
13;2073
13;2073
13;2072
13;2072
13;2071
13;2071
13;2070
13;2070
13;2069
13;2069
13;2068
13;2068
13;2067
13;2067
13;2066
13;2066
13;2065
13;2065
13;2064
13;2064
13;2063
13;2063
13;2062
13;2062
13;2061
13;2061
13;2060
13;2060
13;2059
13;2059
13;2058
13;2058
13;2057
13;2057
13;2056
13;2056
13;2055
13;2055
13;2054
13;2054
13;2053
13;2053
13;2052
13;2052
13;2051
13;2051
13;2050
13;2050
13;2049
13;2049
13;2048
13;2048
13;2047
13;2047
13;2046
13;2046
13;2045
13;2045
13;2044
13;2044
13;2043
13;2043
13;2042
13;2042
13;2041
13;2041
13;2040
13;2040
13;2039
13;2039
13;2038
13;2038
13;2037
13;2037
13;2036
13;2036
13;2035
13;2035
13;2034
13;2034
13;2033
13;2033
13;2032
13;2032
13;2031
13;2031
13;2030
13;2030
13;2029
13;2029
13;2028
13;2028
13;2027
13;2027
13;2026
13;2026
13;2025
13;2025
13;2024
13;2024
13;2023
13;2023
13;2022
13;2022
13;2021
13;2021
13;2020
13;2020
13;2019
13;2019
13;2018
13;2018
13;2017
13;2017
13;2016
13;2016
13;2015
13;2015
13;2014
13;2014
13;2013
13;2013
13;2012
13;2012
13;2011
13;2011
13;2010
13;2010
13;2009
13;2009
13;2008
13;2008
13;2007
13;2007
13;2006
13;2006
13;2005
13;2005
13;2004
13;2004
13;2003
13;2003
13;2002
13;2002
13;2001
13;2001
13;2000
13;2000
13;1999
13;1999
13;1998
13;1998
13;1997
13;1997
13;1996
13;1996
13;1995
13;1995
13;1994
13;1994
13;1993
13;1993
13;1992
13;1992
13;1991
13;1991
13;1990
13;1990
13;1989
13;1989
13;1988
13;1988
13;1987
13;1987
13;1986
13;1986
13;1985
13;1985
13;1984
13;1984
13;1983
13;1983
13;1982
13;1982
13;1981
13;1981
13;1980
13;1980
13;1979
13;1979
13;1978
13;1978
13;1977
13;1977
13;1976
13;1976
13;1975
13;1975
13;1974
13;1974
13;1973
13;1973
13;1972
13;1972
13;1971
13;1971
13;1970
13;1970
13;1969
13;1969
13;1968
13;1968
13;1967
13;1967
13;1966
13;1966
13;1965
13;1965
13;1964
13;1964
13;1963
13;1963
13;1962
13;1962
13;1961
13;1961
13;1960
13;1960
13;1959
13;1959
13;1958
13;1958
13;1957
13;1957
13;1956
13;1956
13;1955
13;1955
13;1954
13;1954
13;1953
13;1953
13;1952
13;1952
13;1951
13;1951
13;1950
13;1950
13;1949
13;1949
13;1948
13;1948
13;1947
13;1947
13;1946
13;1946
13;1945
13;1945
13;1944
13;1944
13;1943
13;1943
13;1942
13;1942
13;1941
13;1941
13;1940
13;1940
13;1939
13;1939
13;1938
13;1938
13;1937
13;1937
13;1936
13;1936
13;1935
13;1935
13;1934
13;1934
13;1933
13;1933
13;1932
13;1932
13;1931
13;1931
13;1930
13;1930
13;1929
13;1929
13;1928
13;1928
13;1927
13;1927
13;1926
13;1926
13;1925
13;1925
13;1924
13;1924
13;1923
13;1923
13;1922
13;1922
13;1921
13;1921
13;1920
13;1920
13;1919
13;1919
13;1918
13;1918
13;1917
13;1917
13;1916
13;1916
13;1915
13;1915
13;1914
13;1914
13;1913
13;1913
13;1912
13;1912
13;1911
13;1911
13;1910
13;1910
13;1909
13;1909
13;1908
13;1908
13;1907
13;1907
13;1906
13;1906
13;1905
13;1905
13;1904
13;1904
13;1903
13;1903
13;1902
13;1902
13;1901
13;1901
13;1900
13;1900
13;1899
13;1899
13;1898
13;1898
13;1897
13;1897
13;1896
13;1896
13;1895
13;1895
13;1894
13;1894
13;1893
13;1893
13;1892
13;1892
13;1891
13;1891
13;1890
13;1890
13;1889
13;1889
13;1888
13;1888
13;1887
13;1887
13;1886
13;1886
13;1885
13;1885
13;1884
13;1884
13;1883
13;1883
13;1882
13;1882
13;1881
13;1881
13;1880
13;1880
13;1879
13;1879
13;1878
13;1878
13;1877
13;1877
13;1876
13;1876
13;1875
13;1875
13;1874
13;1874
13;1873
13;1873
13;1872
13;1872
13;1871
13;1871
13;1870
13;1870
13;1869
13;1869
13;1868
13;1868
13;1867
13;1867
13;1866
13;1866
13;1865
13;1865
13;1864
13;1864
13;1863
13;1863
13;1862
13;1862
13;1861
13;1861
13;1860
13;1860
13;1859
13;1859
13;1858
13;1858
13;1857
13;1857
13;1856
13;1856
13;1855
13;1855
13;1854
13;1854
13;1853
13;1853
13;1852
13;1852
13;1851
13;1851
13;1850
13;1850
13;1849
13;1849
13;1848
13;1848
13;1847
13;1847
13;1846
13;1846
13;1845
13;1845
13;1844
13;1844
13;1843
13;1843
13;1842
13;1842
13;1841
13;1841
13;1840
13;1840
13;1839
13;1839
13;1838
13;1838
13;1837
13;1837
13;1836
13;1836
13;1835
13;1835
13;1834
13;1834
13;1833
13;1833
13;1832
13;1832
13;1831
13;1831
13;1830
13;1830
13;1829
13;1829
13;1828
13;1828
13;1827
13;1827
13;1826
13;1826
13;1825
13;1825
13;1824
13;1824
13;1823
13;1823
13;1822
13;1822
13;1821
13;1821
13;1820
13;1820
13;1819
13;1819
13;1818
13;1818
13;1817
13;1817
13;1816
13;1816
13;1815
13;1815
13;1814
13;1814
13;1813
13;1813
13;1812
13;1812
13;1811
13;1811
13;1810
13;1810
13;1809
13;1809
13;1808
13;1808
13;1807
13;1807
13;1806
13;1806
13;1805
13;1805
13;1804
13;1804
13;1803
13;1803
13;1802
13;1802
13;1801
13;1801
13;1800
13;1800
13;1799
13;1799
13;1798
13;1798
13;1797
13;1797
13;1796
13;1796
13;1795
13;1795
13;1794
13;1794
13;1793
13;1793
13;1792
13;1792
13;1791
13;1791
13;1790
13;1790
13;1789
13;1789
13;1788
13;1788
13;1787
13;1787
13;1786
13;1786
13;1785
13;1785
13;1784
13;1784
13;1783
13;1783
13;1782
13;1782
13;1781
13;1781
13;1780
13;1780
13;1779
13;1779
13;1778
13;1778
13;1777
13;1777
13;1776
13;1776
13;1775
13;1775
13;1774
13;1774
13;1773
13;1773
13;1772
13;1772
13;1771
13;1771
13;1770
13;1770
13;1769
13;1769
13;1768
13;1768
13;1767
13;1767
13;1766
13;1766
13;1765
13;1765
13;1764
13;1764
13;1763
13;1763
13;1762
13;1762
13;1761
13;1761
13;1760
13;1760
13;1759
13;1759
13;1758
13;1758
13;1757
13;1757
13;1756
13;1756
13;1755
13;1755
13;1754
13;1754
13;1753
13;1753
13;1752
13;1752
13;1751
13;1751
13;1750
13;1750
13;1749
13;1749
13;1748
13;1748
13;1747
13;1747
13;1746
13;1746
13;1745
13;1745
13;1744
13;1744
13;1743
13;1743
13;1742
13;1742
13;1741
13;1741
13;1740
13;1740
13;1739
13;1739
13;1738
13;1738
13;1737
13;1737
13;1736
13;1736
13;1735
13;1735
13;1734
13;1734
13;1733
13;1733
13;1732
13;1732
13;1731
13;1731
13;1730
13;1730
13;1729
13;1729
13;1728
13;1728
13;1727
13;1727
13;1726
13;1726
13;1725
13;1725
13;1724
13;1724
13;1723
13;1723
13;1722
13;1722
13;1721
13;1721
13;1720
13;1720
13;1719
13;1719
13;1718
13;1718
13;1717
13;1717
13;1716
13;1716
13;1715
13;1715
13;1714
13;1714
13;1713
13;1713
13;1712
13;1712
13;1711
13;1711
13;1710
13;1710
13;1709
13;1709
13;1708
13;1708
13;1707
13;1707
13;1706
13;1706
13;1705
13;1705
13;1704
13;1704
13;1703
13;1703
13;1702
13;1702
13;1701
13;1701
13;1700
13;1700
13;1699
13;1699
13;1698
13;1698
13;1697
13;1697
13;1696
13;1696
13;1695
13;1695
13;1694
13;1694
13;1693
13;1693
13;1692
13;1692
13;1691
13;1691
13;1690
13;1690
13;1689
13;1689
13;1688
13;1688
13;1687
13;1687
13;1686
13;1686
13;1685
13;1685
13;1684
13;1684
13;1683
13;1683
13;1682
13;1682
13;1681
13;1681
13;1680
13;1680
13;1679
13;1679
13;1678
13;1678
13;1677
13;1677
13;1676
13;1676
13;1675
13;1675
13;1674
13;1674
13;1673
13;1673
13;1672
13;1672
13;1671
13;1671
13;1670
13;1670
13;1669
13;1669
13;1668
13;1668
13;1667
13;1667
13;1666
13;1666
13;1665
13;1665
13;1664
13;1664
13;1663
13;1663
13;1662
13;1662
13;1661
13;1661
13;1660
13;1660
13;1659
13;1659
13;1658
13;1658
13;1657
13;1657
13;1656
13;1656
13;1655
13;1655
13;1654
13;1654
13;1653
13;1653
13;1652
13;1652
13;1651
13;1651
13;1650
13;1650
13;1649
13;1649
13;1648
13;1648
13;1647
13;1647
13;1646
13;1646
13;1645
13;1645
13;1644
13;1644
13;1643
13;1643
13;1642
13;1642
13;1641
13;1641
13;1640
13;1640
13;1639
13;1639
13;1638
13;1638
13;1637
13;1637
13;1636
13;1636
13;1635
13;1635
13;1634
13;1634
13;1633
13;1633
13;1632
13;1632
13;1631
13;1631
13;1630
13;1630
13;1629
13;1629
13;1628
13;1628
13;1627
13;1627
13;1626
13;1626
13;1625
13;1625
13;1624
13;1624
13;1623
13;1623
13;1622
13;1622
13;1621
13;1621
13;1620
13;1620
13;1619
13;1619
13;1618
13;1618
13;1617
13;1617
13;1616
13;1616
13;1615
13;1615
13;1614
13;1614
13;1613
13;1613
13;1612
13;1612
13;1611
13;1611
13;1610
13;1610
13;1609
13;1609
13;1608
13;1608
13;1607
13;1607
13;1606
13;1606
13;1605
13;1605
13;1604
13;1604
13;1603
13;1603
13;1602
13;1602
13;1601
13;1601
13;1600
13;1600
13;1599
13;1599
13;1598
13;1598
13;1597
13;1597
13;1596
13;1596
13;1595
13;1595
13;1594
13;1594
13;1593
13;1593
13;1592
13;1592
13;1591
13;1591
13;1590
13;1590
13;1589
13;1589
13;1588
13;1588
13;1587
13;1587
13;1586
13;1586
13;1585
13;1585
13;1584
13;1584
13;1583
13;1583
13;1582
13;1582
13;1581
13;1581
13;1580
13;1580
13;1579
13;1579
13;1578
13;1578
13;1577
13;1577
13;1576
13;1576
13;1575
13;1575
13;1574
13;1574
13;1573
13;1573
13;1572
13;1572
13;1571
13;1571
13;1570
13;1570
13;1569
13;1569
13;1568
13;1568
13;1567
13;1567
13;1566
13;1566
13;1565
13;1565
13;1564
13;1564
13;1563
13;1563
13;1562
13;1562
13;1561
13;1561
13;1560
13;1560
13;1559
13;1559
13;1558
13;1558
13;1557
13;1557
13;1556
13;1556
13;1555
13;1555
13;1554
13;1554
13;1553
13;1553
13;1552
13;1552
13;1551
13;1551
13;1550
13;1550
13;1549
13;1549
13;1548
13;1548
13;1547
13;1547
13;1546
13;1546
13;1545
13;1545
13;1544
13;1544
13;1543
13;1543
13;1542
13;1542
13;1541
13;1541
13;1540
13;1540
13;1539
13;1539
13;1538
13;1538
13;1537
13;1537
13;1536
13;1536
13;1535
13;1535
13;1534
13;1534
13;1533
13;1533
13;1532
13;1532
13;1531
13;1531
13;1530
13;1530
13;1529
13;1529
13;1528
13;1528
13;1527
13;1527
13;1526
13;1526
13;1525
13;1525
13;1524
13;1524
13;1523
13;1523
13;1522
13;1522
13;1521
13;1521
13;1520
13;1520
13;1519
13;1519
13;1518
13;1518
13;1517
13;1517
13;1516
13;1516
13;1515
13;1515
13;1514
13;1514
13;1513
13;1513
13;1512
13;1512
13;1511
13;1511
13;1510
13;1510
13;1509
13;1509
13;1508
13;1508
13;1507
13;1507
13;1506
13;1506
13;1505
13;1505
13;1504
13;1504
13;1503
13;1503
13;1502
13;1502
13;1501
13;1501
13;1500
13;1500
13;1499
13;1499
13;1498
13;1498
13;1497
13;1497
13;1496
13;1496
13;1495
13;1495
13;1494
13;1494
13;1493
13;1493
13;1492
13;1492
13;1491
13;1491
13;1490
13;1490
13;1489
13;1489
13;1488
13;1488
13;1487
13;1487
13;1486
13;1486
13;1485
13;1485
13;1484
13;1484
13;1483
13;1483
13;1482
13;1482
13;1481
13;1481
13;1480
13;1480
13;1479
13;1479
13;1478
13;1478
13;1477
13;1477
13;1476
13;1476
13;1475
13;1475
13;1474
13;1474
13;1473
13;1473
13;1472
13;1472
13;1471
13;1471
13;1470
13;1470
13;1469
13;1469
13;1468
13;1468
13;1467
13;1467
13;1466
13;1466
13;1465
13;1465
13;1464
13;1464
13;1463
13;1463
13;1462
13;1462
13;1461
13;1461
13;1460
13;1460
13;1459
13;1459
13;1458
13;1458
13;1457
13;1457
13;1456
13;1456
13;1455
13;1455
13;1454
13;1454
13;1453
13;1453
13;1452
13;1452
13;1451
13;1451
13;1450
13;1450
13;1449
13;1449
13;1448
13;1448
13;1447
13;1447
13;1446
13;1446
13;1445
13;1445
13;1444
13;1444
13;1443
13;1443
13;1442
13;1442
13;1441
13;1441
13;1440
13;1440
13;1439
13;1439
13;1438
13;1438
13;1437
13;1437
13;1436
13;1436
13;1435
13;1435
13;1434
13;1434
13;1433
13;1433
13;1432
13;1432
13;1431
13;1431
13;1430
13;1430
13;1429
13;1429
13;1428
13;1428
13;1427
13;1427
13;1426
13;1426
13;1425
13;1425
13;1424
13;1424
13;1423
13;1423
13;1422
13;1422
13;1421
13;1421
13;1420
13;1420
13;1419
13;1419
13;1418
13;1418
13;1417
13;1417
13;1416
13;1416
13;1415
13;1415
13;1414
13;1414
13;1413
13;1413
13;1412
13;1412
13;1411
13;1411
13;1410
13;1410
13;1409
13;1409
13;1408
13;1408
13;1407
13;1407
13;1406
13;1406
13;1405
13;1405
13;1404
13;1404
13;1403
13;1403
13;1402
13;1402
13;1401
13;1401
13;1400
13;1400
13;1399
13;1399
13;1398
13;1398
13;1397
13;1397
13;1396
13;1396
13;1395
13;1395
13;1394
13;1394
13;1393
13;1393
13;1392
13;1392
13;1391
13;1391
13;1390
13;1390
13;1389
13;1389
13;1388
13;1388
13;1387
13;1387
13;1386
13;1386
13;1385
13;1385
13;1384
13;1384
13;1383
13;1383
13;1382
13;1382
13;1381
13;1381
13;1380
13;1380
13;1379
13;1379
13;1378
13;1378
13;1377
13;1377
13;1376
13;1376
13;1375
13;1375
13;1374
13;1374
13;1373
13;1373
13;1372
13;1372
13;1371
13;1371
13;1370
13;1370
13;1369
13;1369
13;1368
13;1368
13;1367
13;1367
13;1366
13;1366
13;1365
13;1365
13;1364
13;1364
13;1363
13;1363
13;1362
13;1362
13;1361
13;1361
13;1360
13;1360
13;1359
13;1359
13;1358
13;1358
13;1357
13;1357
13;1356
13;1356
13;1355
13;1355
13;1354
13;1354
13;1353
13;1353
13;1352
13;1352
13;1351
13;1351
13;1350
13;1350
13;1349
13;1349
13;1348
13;1348
13;1347
13;1347
13;1346
13;1346
13;1345
13;1345
13;1344
13;1344
13;1343
13;1343
13;1342
13;1342
13;1341
13;1341
13;1340
13;1340
13;1339
13;1339
13;1338
13;1338
13;1337
13;1337
13;1336
13;1336
13;1335
13;1335
13;1334
13;1334
13;1333
13;1333
13;1332
13;1332
13;1331
13;1331
13;1330
13;1330
13;1329
13;1329
13;1328
13;1328
13;1327
13;1327
13;1326
13;1326
13;1325
13;1325
13;1324
13;1324
13;1323
13;1323
13;1322
13;1322
13;1321
13;1321
13;1320
13;1320
13;1319
13;1319
13;1318
13;1318
13;1317
13;1317
13;1316
13;1316
13;1315
13;1315
13;1314
13;1314
13;1313
13;1313
13;1312
13;1312
13;1311
13;1311
13;1310
13;1310
13;1309
13;1309
13;1308
13;1308
13;1307
13;1307
13;1306
13;1306
13;1305
13;1305
13;1304
13;1304
13;1303
13;1303
13;1302
13;1302
13;1301
13;1301
13;1300
13;1300
13;1299
13;1299
13;1298
13;1298
13;1297
13;1297
13;1296
13;1296
13;1295
13;1295
13;1294
13;1294
13;1293
13;1293
13;1292
13;1292
13;1291
13;1291
13;1290
13;1290
13;1289
13;1289
13;1288
13;1288
13;1287
13;1287
13;1286
13;1286
13;1285
13;1285
13;1284
13;1284
13;1283
13;1283
13;1282
13;1282
13;1281
13;1281
13;1280
13;1280
13;1279
13;1279
13;1278
13;1278
13;1277
13;1277
13;1276
13;1276
13;1275
13;1275
13;1274
13;1274
13;1273
13;1273
13;1272
13;1272
13;1271
13;1271
13;1270
13;1270
13;1269
13;1269
13;1268
13;1268
13;1267
13;1267
13;1266
13;1266
13;1265
13;1265
13;1264
13;1264
13;1263
13;1263
13;1262
13;1262
13;1261
13;1261
13;1260
13;1260
13;1259
13;1259
13;1258
13;1258
13;1257
13;1257
13;1256
13;1256
13;1255
13;1255
13;1254
13;1254
13;1253
13;1253
13;1252
13;1252
13;1251
13;1251
13;1250
13;1250
13;1249
13;1249
13;1248
13;1248
13;1247
13;1247
13;1246
13;1246
13;1245
13;1245
13;1244
13;1244
13;1243
13;1243
13;1242
13;1242
13;1241
13;1241
13;1240
13;1240
13;1239
13;1239
13;1238
13;1238
13;1237
13;1237
13;1236
13;1236
13;1235
13;1235
13;1234
13;1234
13;1233
13;1233
13;1232
13;1232
13;1231
13;1231
13;1230
13;1230
13;1229
13;1229
13;1228
13;1228
13;1227
13;1227
13;1226
13;1226
13;1225
13;1225
13;1224
13;1224
13;1223
13;1223
13;1222
13;1222
13;1221
13;1221
13;1220
13;1220
13;1219
13;1219
13;1218
13;1218
13;1217
13;1217
13;1216
13;1216
13;1215
13;1215
13;1214
13;1214
13;1213
13;1213
13;1212
13;1212
13;1211
13;1211
13;1210
13;1210
13;1209
13;1209
13;1208
13;1208
13;1207
13;1207
13;1206
13;1206
13;1205
13;1205
13;1204
13;1204
13;1203
13;1203
13;1202
13;1202
13;1201
13;1201
13;1200
13;1200
13;1199
13;1199
13;1198
13;1198
13;1197
13;1197
13;1196
13;1196
13;1195
13;1195
13;1194
13;1194
13;1193
13;1193
13;1192
13;1192
13;1191
13;1191
13;1190
13;1190
13;1189
13;1189
13;1188
13;1188
13;1187
13;1187
13;1186
13;1186
13;1185
13;1185
13;1184
13;1184
13;1183
13;1183
13;1182
13;1182
13;1181
13;1181
13;1180
13;1180
13;1179
13;1179
13;1178
13;1178
13;1177
13;1177
13;1176
13;1176
13;1175
13;1175
13;1174
13;1174
13;1173
13;1173
13;1172
13;1172
13;1171
13;1171
13;1170
13;1170
13;1169
13;1169
13;1168
13;1168
13;1167
13;1167
13;1166
13;1166
13;1165
13;1165
13;1164
13;1164
13;1163
13;1163
13;1162
13;1162
13;1161
13;1161
13;1160
13;1160
13;1159
13;1159
13;1158
13;1158
13;1157
13;1157
13;1156
13;1156
13;1155
13;1155
13;1154
13;1154
13;1153
13;1153
13;1152
13;1152
13;1151
13;1151
13;1150
13;1150
13;1149
13;1149
13;1148
13;1148
13;1147
13;1147
13;1146
13;1146
13;1145
13;1145
13;1144
13;1144
13;1143
13;1143
13;1142
13;1142
13;1141
13;1141
13;1140
13;1140
13;1139
13;1139
13;1138
13;1138
13;1137
13;1137
13;1136
13;1136
13;1135
13;1135
13;1134
13;1134
13;1133
13;1133
13;1132
13;1132
13;1131
13;1131
13;1130
13;1130
13;1129
13;1129
13;1128
13;1128
13;1127
13;1127
13;1126
13;1126
13;1125
13;1125
13;1124
13;1124
13;1123
13;1123
13;1122
13;1122
13;1121
13;1121
13;1120
13;1120
13;1119
13;1119
13;1118
13;1118
13;1117
13;1117
13;1116
13;1116
13;1115
13;1115
13;1114
13;1114
13;1113
13;1113
13;1112
13;1112
13;1111
13;1111
13;1110
13;1110
13;1109
13;1109
13;1108
13;1108
13;1107
13;1107
13;1106
13;1106
13;1105
13;1105
13;1104
13;1104
13;1103
13;1103
13;1102
13;1102
13;1101
13;1101
13;1100
13;1100
13;1099
13;1099
13;1098
13;1098
13;1097
13;1097
13;1096
13;1096
13;1095
13;1095
13;1094
13;1094
13;1093
13;1093
13;1092
13;1092
13;1091
13;1091
13;1090
13;1090
13;1089
13;1089
13;1088
13;1088
13;1087
13;1087
13;1086
13;1086
13;1085
13;1085
13;1084
13;1084
13;1083
13;1083
13;1082
13;1082
13;1081
13;1081
13;1080
13;1080
13;1079
13;1079
13;1078
13;1078
13;1077
13;1077
13;1076
13;1076
13;1075
13;1075
13;1074
13;1074
13;1073
13;1073
13;1072
13;1072
13;1071
13;1071
13;1070
13;1070
13;1069
13;1069
13;1068
13;1068
13;1067
13;1067
13;1066
13;1066
13;1065
13;1065
13;1064
13;1064
13;1063
13;1063
13;1062
13;1062
13;1061
13;1061
13;1060
13;1060
13;1059
13;1059
13;1058
13;1058
13;1057
13;1057
13;1056
13;1056
13;1055
13;1055
13;1054
13;1054
13;1053
13;1053
13;1052
13;1052
13;1051
13;1051
13;1050
13;1050
13;1049
13;1049
13;1048
13;1048
13;1047
13;1047
13;1046
13;1046
13;1045
13;1045
13;1044
13;1044
13;1043
13;1043
13;1042
13;1042
13;1041
13;1041
13;1040
13;1040
13;1039
13;1039
13;1038
13;1038
13;1037
13;1037
13;1036
13;1036
13;1035
13;1035
13;1034
13;1034
13;1033
13;1033
13;1032
13;1032
13;1031
13;1031
13;1030
13;1030
13;1029
13;1029
13;1028
13;1028
13;1027
13;1027
13;1026
13;1026
13;1025
13;1025
13;1024
13;1024
13;1023
13;1023
13;1022
13;1022
13;1021
13;1021
13;1020
13;1020
13;1019
13;1019
13;1018
13;1018
13;1017
13;1017
13;1016
13;1016
13;1015
13;1015
13;1014
13;1014
13;1013
13;1013
13;1012
13;1012
13;1011
13;1011
13;1010
13;1010
13;1009
13;1009
13;1008
13;1008
13;1007
13;1007
13;1006
13;1006
13;1005
13;1005
13;1004
13;1004
13;1003
13;1003
13;1002
13;1002
13;1001
13;1001
13;1000
13;1000
13;999
13;999
13;998
13;998
13;997
13;997
13;996
13;996
13;995
13;995
13;994
13;994
13;993
13;993
13;992
13;992
13;991
13;991
13;990
13;990
13;989
13;989
13;988
13;988
13;987
13;987
13;986
13;986
13;985
13;985
13;984
13;984
13;983
13;983
13;982
13;982
13;981
13;981
13;980
13;980
13;979
13;979
13;978
13;978
13;977
13;977
13;976
13;976
13;975
13;975
13;974
13;974
13;973
13;973
13;972
13;972
13;971
13;971
13;970
13;970
13;969
13;969
13;968
13;968
13;967
13;967
13;966
13;966
13;965
13;965
13;964
13;964
13;963
13;963
13;962
13;962
13;961
13;961
13;960
13;960
13;959
13;959
13;958
13;958
13;957
13;957
13;956
13;956
13;955
13;955
13;954
13;954
13;953
13;953
13;952
13;952
13;951
13;951
13;950
13;950
13;949
13;949
13;948
13;948
13;947
13;947
13;946
13;946
13;945
13;945
13;944
13;944
13;943
13;943
13;942
13;942
13;941
13;941
13;940
13;940
13;939
13;939
13;938
13;938
13;937
13;937
13;936
13;936
13;935
13;935
13;934
13;934
13;933
13;933
13;932
13;932
13;931
13;931
13;930
13;930
13;929
13;929
13;928
13;928
13;927
13;927
13;926
13;926
13;925
13;925
13;924
13;924
13;923
13;923
13;922
13;922
13;921
13;921
13;920
13;920
13;919
13;919
13;918
13;918
13;917
13;917
13;916
13;916
13;915
13;915
13;914
13;914
13;913
13;913
13;912
13;912
13;911
13;911
13;910
13;910
13;909
13;909
13;908
13;908
13;907
13;907
13;906
13;906
13;905
13;905
13;904
13;904
13;903
13;903
13;902
13;902
13;901
13;901
13;900
13;900
13;899
13;899
13;898
13;898
13;897
13;897
13;896
13;896
13;895
13;895
13;894
13;894
13;893
13;893
13;892
13;892
13;891
13;891
13;890
13;890
13;889
13;889
13;888
13;888
13;887
13;887
13;886
13;886
13;885
13;885
13;884
13;884
13;883
13;883
13;882
13;882
13;881
13;881
13;880
13;880
13;879
13;879
13;878
13;878
13;877
13;877
13;876
13;876
13;875
13;875
13;874
13;874
13;873
13;873
13;872
13;872
13;871
13;871
13;870
13;870
13;869
13;869
13;868
13;868
13;867
13;867
13;866
13;866
13;865
13;865
13;864
13;864
13;863
13;863
13;862
13;862
13;861
13;861
13;860
13;860
13;859
13;859
13;858
13;858
13;857
13;857
13;856
13;856
13;855
13;855
13;854
13;854
13;853
13;853
13;852
13;852
13;851
13;851
13;850
13;850
13;849
13;849
13;848
13;848
13;847
13;847
13;846
13;846
13;845
13;845
13;844
13;844
13;843
13;843
13;842
13;842
13;841
13;841
13;840
13;840
13;839
13;839
13;838
13;838
13;837
13;837
13;836
13;836
13;835
13;835
13;834
13;834
13;833
13;833
13;832
13;832
13;831
13;831
13;830
13;830
13;829
13;829
13;828
13;828
13;827
13;827
13;826
13;826
13;825
13;825
13;824
13;824
13;823
13;823
13;822
13;822
13;821
13;821
13;820
13;820
13;819
13;819
13;818
13;818
13;817
13;817
13;816
13;816
13;815
13;815
13;814
13;814
13;813
13;813
13;812
13;812
13;811
13;811
13;810
13;810
13;809
13;809
13;808
13;808
13;807
13;807
13;806
13;806
13;805
13;805
13;804
13;804
13;803
13;803
13;802
13;802
13;801
13;801
13;800
13;800
13;799
13;799
13;798
13;798
13;797
13;797
13;796
13;796
13;795
13;795
13;794
13;794
13;793
13;793
13;792
13;792
13;791
13;791
13;790
13;790
13;789
13;789
13;788
13;788
13;787
13;787
13;786
13;786
13;785
13;785
13;784
13;784
13;783
13;783
13;782
13;782
13;781
13;781
13;780
13;780
13;779
13;779
13;778
13;778
13;777
13;777
13;776
13;776
13;775
13;775
13;774
13;774
13;773
13;773
13;772
13;772
13;771
13;771
13;770
13;770
13;769
13;769
13;768
13;768
13;767
13;767
13;766
13;766
13;765
13;765
13;764
13;764
13;763
13;763
13;762
13;762
13;761
13;761
13;760
13;760
13;759
13;759
13;758
13;758
13;757
13;757
13;756
13;756
13;755
13;755
13;754
13;754
13;753
13;753
13;752
13;752
13;751
13;751
13;750
13;750
13;749
13;749
13;748
13;748
13;747
13;747
13;746
13;746
13;745
13;745
13;744
13;744
13;743
13;743
13;742
13;742
13;741
13;741
13;740
13;740
13;739
13;739
13;738
13;738
13;737
13;737
13;736
13;736
13;735
13;735
13;734
13;734
13;733
13;733
13;732
13;732
13;731
13;731
13;730
13;730
13;729
13;729
13;728
13;728
13;727
13;727
13;726
13;726
13;725
13;725
13;724
13;724
13;723
13;723
13;722
13;722
13;721
13;721
13;720
13;720
13;719
13;719
13;718
13;718
13;717
13;717
13;716
13;716
13;715
13;715
13;714
13;714
13;713
13;713
13;712
13;712
13;711
13;711
13;710
13;710
13;709
13;709
13;708
13;708
13;707
13;707
13;706
13;706
13;705
13;705
13;704
13;704
13;703
13;703
13;702
13;702
13;701
13;701
13;700
13;700
13;699
13;699
13;698
13;698
13;697
13;697
13;696
13;696
13;695
13;695
13;694
13;694
13;693
13;693
13;692
13;692
13;691
13;691
13;690
13;690
13;689
13;689
13;688
13;688
13;687
13;687
13;686
13;686
13;685
13;685
13;684
13;684
13;683
13;683
13;682
13;682
13;681
13;681
13;680
13;680
13;679
13;679
13;678
13;678
13;677
13;677
13;676
13;676
13;675
13;675
13;674
13;674
13;673
13;673
13;672
13;672
13;671
13;671
13;670
13;670
13;669
13;669
13;668
13;668
13;667
13;667
13;666
13;666
13;665
13;665
13;664
13;664
13;663
13;663
13;662
13;662
13;661
13;661
13;660
13;660
13;659
13;659
13;658
13;658
13;657
13;657
13;656
13;656
13;655
13;655
13;654
13;654
13;653
13;653
13;652
13;652
13;651
13;651
13;650
13;650
13;649
13;649
13;648
13;648
13;647
13;647
13;646
13;646
13;645
13;645
13;644
13;644
13;643
13;643
13;642
13;642
13;641
13;641
13;640
13;640
13;639
13;639
13;638
13;638
13;637
13;637
13;636
13;636
13;635
13;635
13;634
13;634
13;633
13;633
13;632
13;632
13;631
13;631
13;630
13;630
13;629
13;629
13;628
13;628
13;627
13;627
13;626
13;626
13;625
13;625
13;624
13;624
13;623
13;623
13;622
13;622
13;621
13;621
13;620
13;620
13;619
13;619
13;618
13;618
13;617
13;617
13;616
13;616
13;615
13;615
13;614
13;614
13;613
13;613
13;612
13;612
13;611
13;611
13;610
13;610
13;609
13;609
13;608
13;608
13;607
13;607
13;606
13;606
13;605
13;605
13;604
13;604
13;603
13;603
13;602
13;602
13;601
13;601
13;600
13;600
13;599
13;599
13;598
13;598
13;597
13;597
13;596
13;596
13;595
13;595
13;594
13;594
13;593
13;593
13;592
13;592
13;591
13;591
13;590
13;590
13;589
13;589
13;588
13;588
13;587
13;587
13;586
13;586
13;585
13;585
13;584
13;584
13;583
13;583
13;582
13;582
13;581
13;581
13;580
13;580
13;579
13;579
13;578
13;578
13;577
13;577
13;576
13;576
13;575
13;575
13;574
13;574
13;573
13;573
13;572
13;572
13;571
13;571
13;570
13;570
13;569
13;569
13;568
13;568
13;567
13;567
13;566
13;566
13;565
13;565
13;564
13;564
13;563
13;563
13;562
13;562
13;561
13;561
13;560
13;560
13;559
13;559
13;558
13;558
13;557
13;557
13;556
13;556
13;555
13;555
13;554
13;554
13;553
13;553
13;552
13;552
13;551
13;551
13;550
13;550
13;549
13;549
13;548
13;548
13;547
13;547
13;546
13;546
13;545
13;545
13;544
13;544
13;543
13;543
13;542
13;542
13;541
13;541
13;540
13;540
13;539
13;539
13;538
13;538
13;537
13;537
13;536
13;536
13;535
13;535
13;534
13;534
13;533
13;533
13;532
13;532
13;531
13;531
13;530
13;530
13;529
13;529
13;528
13;528
13;527
13;527
13;526
13;526
13;525
13;525
13;524
13;524
13;523
13;523
13;522
13;522
13;521
13;521
13;520
13;520
13;519
13;519
13;518
13;518
13;517
13;517
13;516
13;516
13;515
13;515
13;514
13;514
13;513
13;513
13;512
13;512
13;511
13;511
13;510
13;510
13;509
13;509
13;508
13;508
13;507
13;507
13;506
13;506
13;505
13;505
13;504
13;504
13;503
13;503
13;502
13;502
13;501
13;501
13;500
13;500
13;499
13;499
13;498
13;498
13;497
13;497
13;496
13;496
13;495
13;495
13;494
13;494
13;493
13;493
13;492
13;492
13;491
13;491
13;490
13;490
13;489
13;489
13;488
13;488
13;487
13;487
13;486
13;486
13;485
13;485
13;484
13;484
13;483
13;483
13;482
13;482
13;481
13;481
13;480
13;480
13;479
13;479
13;478
13;478
13;477
13;477
13;476
13;476
13;475
13;475
13;474
13;474
13;473
13;473
13;472
13;472
13;471
13;471
13;470
13;470
13;469
13;469
13;468
13;468
13;467
13;467
13;466
13;466
13;465
13;465
13;464
13;464
13;463
13;463
13;462
13;462
13;461
13;461
13;460
13;460
13;459
13;459
13;458
13;458
13;457
13;457
13;456
13;456
13;455
13;455
13;454
13;454
13;453
13;453
13;452
13;452
13;451
13;451
13;450
13;450
13;449
13;449
13;448
13;448
13;447
13;447
13;446
13;446
13;445
13;445
13;444
13;444
13;443
13;443
13;442
13;442
13;441
13;441
13;440
13;440
13;439
13;439
13;438
13;438
13;437
13;437
13;436
13;436
13;435
13;435
13;434
13;434
13;433
13;433
13;432
13;432
13;431
13;431
13;430
13;430
13;429
13;429
13;428
13;428
13;427
13;427
13;426
13;426
13;425
13;425
13;424
13;424
13;423
13;423
13;422
13;422
13;421
13;421
13;420
13;420
13;419
13;419
13;418
13;418
13;417
13;417
13;416
13;416
13;415
13;415
13;414
13;414
13;413
13;413
13;412
13;412
13;411
13;411
13;410
13;410
13;409
13;409
13;408
13;408
13;407
13;407
13;406
13;406
13;405
13;405
13;404
13;404
13;403
13;403
13;402
13;402
13;401
13;401
13;400
13;400
13;399
13;399
13;398
13;398
13;397
13;397
13;396
13;396
13;395
13;395
13;394
13;394
13;393
13;393
13;392
13;392
13;391
13;391
13;390
13;390
13;389
13;389
13;388
13;388
13;387
13;387
13;386
13;386
13;385
13;385
13;384
13;384
13;383
13;383
13;382
13;382
13;381
13;381
13;380
13;380
13;379
13;379
13;378
13;378
13;377
13;377
13;376
13;376
13;375
13;375
13;374
13;374
13;373
13;373
13;372
13;372
13;371
13;371
13;370
13;370
13;369
13;369
13;368
13;368
13;367
13;367
13;366
13;366
13;365
13;365
13;364
13;364
13;363
13;363
13;362
13;362
13;361
13;361
13;360
13;360
13;359
13;359
13;358
13;358
13;357
13;357
13;356
13;356
13;355
13;355
13;354
13;354
13;353
13;353
13;352
13;352
13;351
13;351
13;350
13;350
13;349
13;349
13;348
13;348
13;347
13;347
13;346
13;346
13;345
13;345
13;344
13;344
13;343
13;343
13;342
13;342
13;341
13;341
13;340
13;340
13;339
13;339
13;338
13;338
13;337
13;337
13;336
13;336
13;335
13;335
13;334
13;334
13;333
13;333
13;332
13;332
13;331
13;331
13;330
13;330
13;329
13;329
13;328
13;328
13;327
13;327
13;326
13;326
13;325
13;325
13;324
13;324
13;323
13;323
13;322
13;322
13;321
13;321
13;320
13;320
13;319
13;319
13;318
13;318
13;317
13;317
13;316
13;316
13;315
13;315
13;314
13;314
13;313
13;313
13;312
13;312
13;311
13;311
13;310
13;310
13;309
13;309
13;308
13;308
13;307
13;307
13;306
13;306
13;305
13;305
13;304
13;304
13;303
13;303
13;302
13;302
13;301
13;301
13;300
13;300
13;299
13;299
13;298
13;298
13;297
13;297
13;296
13;296
13;295
13;295
13;294
13;294
13;293
13;293
13;292
13;292
13;291
13;291
13;290
13;290
13;289
13;289
13;288
13;288
13;287
13;287
13;286
13;286
13;285
13;285
13;284
13;284
13;283
13;283
13;282
13;282
13;281
13;281
13;280
13;280
13;279
13;279
13;278
13;278
13;277
13;277
13;276
13;276
13;275
13;275
13;274
13;274
13;273
13;273
13;272
13;272
13;271
13;271
13;270
13;270
13;269
13;269
13;268
13;268
13;267
13;267
13;266
13;266
13;265
13;265
13;264
13;264
13;263
13;263
13;262
13;262
13;261
13;261
13;260
13;260
13;259
13;259
13;258
13;258
13;257
13;257
13;256
13;256
13;255
13;255
13;254
13;254
13;253
13;253
13;252
13;252
13;251
13;251
13;250
13;250
13;249
13;249
13;248
13;248
13;247
13;247
13;246
13;246
13;245
13;245
13;244
13;244
13;243
13;243
13;242
13;242
13;241
13;241
13;240
13;240
13;239
13;239
13;238
13;238
13;237
13;237
13;236
13;236
13;235
13;235
13;234
13;234
13;233
13;233
13;232
13;232
13;231
13;231
13;230
13;230
13;229
13;229
13;228
13;228
13;227
13;227
13;226
13;226
13;225
13;225
13;224
13;224
13;223
13;223
13;222
13;222
13;221
13;221
13;220
13;220
13;219
13;219
13;218
13;218
13;217
13;217
13;216
13;216
13;215
13;215
13;214
13;214
13;213
13;213
13;212
13;212
13;211
13;211
13;210
13;210
13;209
13;209
13;208
13;208
13;207
13;207
13;206
13;206
13;205
13;205
13;204
13;204
13;203
13;203
13;202
13;202
13;201
13;201
13;200
13;200
13;199
13;199
13;198
13;198
13;197
13;197
13;196
13;196
13;195
13;195
13;194
13;194
13;193
13;193
13;192
13;192
13;191
13;191
13;190
13;190
13;189
13;189
13;188
13;188
13;187
13;187
13;186
13;186
13;185
13;185
13;184
13;184
13;183
13;183
13;182
13;182
13;181
13;181
13;180
13;180
13;179
13;179
13;178
13;178
13;177
13;177
13;176
13;176
13;175
13;175
13;174
13;174
13;173
13;173
13;172
13;172
13;171
13;171
13;170
13;170
13;169
13;169
13;168
13;168
13;167
13;167
13;166
13;166
13;165
13;165
13;164
13;164
13;163
13;163
13;162
13;162
13;161
13;161
13;160
13;160
13;159
13;159
13;158
13;158
13;157
13;157
13;156
13;156
13;155
13;155
13;154
13;154
13;153
13;153
13;152
13;152
13;151
13;151
13;150
13;150
13;149
13;149
13;148
13;148
13;147
13;147
13;146
13;146
13;145
13;145
13;144
13;144
13;143
13;143
13;142
13;142
13;141
13;141
13;140
13;140
13;139
13;139
13;138
13;138
13;137
13;137
13;136
13;136
13;135
13;135
13;134
13;134
13;133
13;133
13;132
13;132
13;131
13;131
13;130
13;130
13;129
13;129
13;128
13;128
13;127
13;127
13;126
13;126
13;125
13;125
13;124
13;124
13;123
13;123
13;122
13;122
13;121
13;121
13;120
13;120
13;119
13;119
13;118
13;118
13;117
13;117
13;116
13;116
13;115
13;115
13;114
13;114
13;113
13;113
13;112
13;112
13;111
13;111
13;110
13;110
13;109
13;109
13;108
13;108
13;107
13;107
13;106
13;106
13;105
13;105
13;104
13;104
13;103
13;103
13;102
13;102
13;101
13;101
13;100
13;100
13;99
13;99
13;98
13;98
13;97
13;97
13;96
13;96
13;95
13;95
13;94
13;94
13;93
13;93
13;92
13;92
13;91
13;91
13;90
13;90
13;89
13;89
13;88
13;88
13;87
13;87
13;86
13;86
13;85
13;85
13;84
13;84
13;83
13;83
13;82
13;82
13;81
13;81
13;80
13;80
13;79
13;79
13;78
13;78
13;77
13;77
13;76
13;76
13;75
13;75
13;74
13;74
13;73
13;73
13;72
13;72
13;71
13;71
13;70
13;70
13;69
13;69
13;68
13;68
13;67
13;67
13;66
13;66
13;65
13;65
13;64
13;64
13;63
13;63
13;62
13;62
13;61
13;61
13;60
13;60
13;59
13;59
13;58
13;58
13;57
13;57
13;56
13;56
13;55
13;55
13;54
13;54
13;53
13;53
13;52
13;52
13;51
13;51
13;50
13;50
13;49
13;49
13;48
13;48
13;47
13;47
13;46
13;46
13;45
13;45
13;44
13;44
13;43
13;43
13;42
13;42
13;41
13;41
13;40
13;40
13;39
13;39
13;38
13;38
13;37
13;37
13;36
13;36
13;35
13;35
13;34
13;34
13;33
13;33
13;32
13;32
13;31
13;31
13;30
13;30
13;29
13;29
13;28
13;28
13;27
13;27
13;26
13;26
13;25
13;25
13;24
13;24
13;23
13;23
13;22
13;22
13;21
13;21
13;20
13;20
13;19
13;19
13;18
13;18
13;17
13;17
13;16
13;16
13;15
13;15
13;14
13;14
13;13
13;13
13;12
13;12
13;11
13;11
13;10
13;10
13;9
13;9
13;8
13;8
13;7
13;7
13;6
13;6
13;5
13;5
13;4
13;4
13;3
13;3
13;2
13;2
13;1
13;1
14;2118
14;2118
14;2117
14;2117
14;2116
14;2116
14;2115
14;2115
14;2114
14;2114
14;2113
14;2113
14;2112
14;2112
14;2111
14;2111
14;2110
14;2110
14;2109
14;2109
14;2108
14;2108
14;2107
14;2107
14;2106
14;2106
14;2105
14;2105
14;2104
14;2104
14;2103
14;2103
14;2102
14;2102
14;2101
14;2101
14;2100
14;2100
14;2099
14;2099
14;2098
14;2098
14;2097
14;2097
14;2096
14;2096
14;2095
14;2095
14;2094
14;2094
14;2093
14;2093
14;2092
14;2092
14;2091
14;2091
14;2090
14;2090
14;2089
14;2089
14;2088
14;2088
14;2087
14;2087
14;2086
14;2086
14;2085
14;2085
14;2084
14;2084
14;2083
14;2083
14;2082
14;2082
14;2081
14;2081
14;2080
14;2080
14;2079
14;2079
14;2078
14;2078
14;2077
14;2077
14;2076
14;2076
14;2075
14;2075
14;2074
14;2074
14;2073
14;2073
14;2072
14;2072
14;2071
14;2071
14;2070
14;2070
14;2069
14;2069
14;2068
14;2068
14;2067
14;2067
14;2066
14;2066
14;2065
14;2065
14;2064
14;2064
14;2063
14;2063
14;2062
14;2062
14;2061
14;2061
14;2060
14;2060
14;2059
14;2059
14;2058
14;2058
14;2057
14;2057
14;2056
14;2056
14;2055
14;2055
14;2054
14;2054
14;2053
14;2053
14;2052
14;2052
14;2051
14;2051
14;2050
14;2050
14;2049
14;2049
14;2048
14;2048
14;2047
14;2047
14;2046
14;2046
14;2045
14;2045
14;2044
14;2044
14;2043
14;2043
14;2042
14;2042
14;2041
14;2041
14;2040
14;2040
14;2039
14;2039
14;2038
14;2038
14;2037
14;2037
14;2036
14;2036
14;2035
14;2035
14;2034
14;2034
14;2033
14;2033
14;2032
14;2032
14;2031
14;2031
14;2030
14;2030
14;2029
14;2029
14;2028
14;2028
14;2027
14;2027
14;2026
14;2026
14;2025
14;2025
14;2024
14;2024
14;2023
14;2023
14;2022
14;2022
14;2021
14;2021
14;2020
14;2020
14;2019
14;2019
14;2018
14;2018
14;2017
14;2017
14;2016
14;2016
14;2015
14;2015
14;2014
14;2014
14;2013
14;2013
14;2012
14;2012
14;2011
14;2011
14;2010
14;2010
14;2009
14;2009
14;2008
14;2008
14;2007
14;2007
14;2006
14;2006
14;2005
14;2005
14;2004
14;2004
14;2003
14;2003
14;2002
14;2002
14;2001
14;2001
14;2000
14;2000
14;1999
14;1999
14;1998
14;1998
14;1997
14;1997
14;1996
14;1996
14;1995
14;1995
14;1994
14;1994
14;1993
14;1993
14;1992
14;1992
14;1991
14;1991
14;1990
14;1990
14;1989
14;1989
14;1988
14;1988
14;1987
14;1987
14;1986
14;1986
14;1985
14;1985
14;1984
14;1984
14;1983
14;1983
14;1982
14;1982
14;1981
14;1981
14;1980
14;1980
14;1979
14;1979
14;1978
14;1978
14;1977
14;1977
14;1976
14;1976
14;1975
14;1975
14;1974
14;1974
14;1973
14;1973
14;1972
14;1972
14;1971
14;1971
14;1970
14;1970
14;1969
14;1969
14;1968
14;1968
14;1967
14;1967
14;1966
14;1966
14;1965
14;1965
14;1964
14;1964
14;1963
14;1963
14;1962
14;1962
14;1961
14;1961
14;1960
14;1960
14;1959
14;1959
14;1958
14;1958
14;1957
14;1957
14;1956
14;1956
14;1955
14;1955
14;1954
14;1954
14;1953
14;1953
14;1952
14;1952
14;1951
14;1951
14;1950
14;1950
14;1949
14;1949
14;1948
14;1948
14;1947
14;1947
14;1946
14;1946
14;1945
14;1945
14;1944
14;1944
14;1943
14;1943
14;1942
14;1942
14;1941
14;1941
14;1940
14;1940
14;1939
14;1939
14;1938
14;1938
14;1937
14;1937
14;1936
14;1936
14;1935
14;1935
14;1934
14;1934
14;1933
14;1933
14;1932
14;1932
14;1931
14;1931
14;1930
14;1930
14;1929
14;1929
14;1928
14;1928
14;1927
14;1927
14;1926
14;1926
14;1925
14;1925
14;1924
14;1924
14;1923
14;1923
14;1922
14;1922
14;1921
14;1921
14;1920
14;1920
14;1919
14;1919
14;1918
14;1918
14;1917
14;1917
14;1916
14;1916
14;1915
14;1915
14;1914
14;1914
14;1913
14;1913
14;1912
14;1912
14;1911
14;1911
14;1910
14;1910
14;1909
14;1909
14;1908
14;1908
14;1907
14;1907
14;1906
14;1906
14;1905
14;1905
14;1904
14;1904
14;1903
14;1903
14;1902
14;1902
14;1901
14;1901
14;1900
14;1900
14;1899
14;1899
14;1898
14;1898
14;1897
14;1897
14;1896
14;1896
14;1895
14;1895
14;1894
14;1894
14;1893
14;1893
14;1892
14;1892
14;1891
14;1891
14;1890
14;1890
14;1889
14;1889
14;1888
14;1888
14;1887
14;1887
14;1886
14;1886
14;1885
14;1885
14;1884
14;1884
14;1883
14;1883
14;1882
14;1882
14;1881
14;1881
14;1880
14;1880
14;1879
14;1879
14;1878
14;1878
14;1877
14;1877
14;1876
14;1876
14;1875
14;1875
14;1874
14;1874
14;1873
14;1873
14;1872
14;1872
14;1871
14;1871
14;1870
14;1870
14;1869
14;1869
14;1868
14;1868
14;1867
14;1867
14;1866
14;1866
14;1865
14;1865
14;1864
14;1864
14;1863
14;1863
14;1862
14;1862
14;1861
14;1861
14;1860
14;1860
14;1859
14;1859
14;1858
14;1858
14;1857
14;1857
14;1856
14;1856
14;1855
14;1855
14;1854
14;1854
14;1853
14;1853
14;1852
14;1852
14;1851
14;1851
14;1850
14;1850
14;1849
14;1849
14;1848
14;1848
14;1847
14;1847
14;1846
14;1846
14;1845
14;1845
14;1844
14;1844
14;1843
14;1843
14;1842
14;1842
14;1841
14;1841
14;1840
14;1840
14;1839
14;1839
14;1838
14;1838
14;1837
14;1837
14;1836
14;1836
14;1835
14;1835
14;1834
14;1834
14;1833
14;1833
14;1832
14;1832
14;1831
14;1831
14;1830
14;1830
14;1829
14;1829
14;1828
14;1828
14;1827
14;1827
14;1826
14;1826
14;1825
14;1825
14;1824
14;1824
14;1823
14;1823
14;1822
14;1822
14;1821
14;1821
14;1820
14;1820
14;1819
14;1819
14;1818
14;1818
14;1817
14;1817
14;1816
14;1816
14;1815
14;1815
14;1814
14;1814
14;1813
14;1813
14;1812
14;1812
14;1811
14;1811
14;1810
14;1810
14;1809
14;1809
14;1808
14;1808
14;1807
14;1807
14;1806
14;1806
14;1805
14;1805
14;1804
14;1804
14;1803
14;1803
14;1802
14;1802
14;1801
14;1801
14;1800
14;1800
14;1799
14;1799
14;1798
14;1798
14;1797
14;1797
14;1796
14;1796
14;1795
14;1795
14;1794
14;1794
14;1793
14;1793
14;1792
14;1792
14;1791
14;1791
14;1790
14;1790
14;1789
14;1789
14;1788
14;1788
14;1787
14;1787
14;1786
14;1786
14;1785
14;1785
14;1784
14;1784
14;1783
14;1783
14;1782
14;1782
14;1781
14;1781
14;1780
14;1780
14;1779
14;1779
14;1778
14;1778
14;1777
14;1777
14;1776
14;1776
14;1775
14;1775
14;1774
14;1774
14;1773
14;1773
14;1772
14;1772
14;1771
14;1771
14;1770
14;1770
14;1769
14;1769
14;1768
14;1768
14;1767
14;1767
14;1766
14;1766
14;1765
14;1765
14;1764
14;1764
14;1763
14;1763
14;1762
14;1762
14;1761
14;1761
14;1760
14;1760
14;1759
14;1759
14;1758
14;1758
14;1757
14;1757
14;1756
14;1756
14;1755
14;1755
14;1754
14;1754
14;1753
14;1753
14;1752
14;1752
14;1751
14;1751
14;1750
14;1750
14;1749
14;1749
14;1748
14;1748
14;1747
14;1747
14;1746
14;1746
14;1745
14;1745
14;1744
14;1744
14;1743
14;1743
14;1742
14;1742
14;1741
14;1741
14;1740
14;1740
14;1739
14;1739
14;1738
14;1738
14;1737
14;1737
14;1736
14;1736
14;1735
14;1735
14;1734
14;1734
14;1733
14;1733
14;1732
14;1732
14;1731
14;1731
14;1730
14;1730
14;1729
14;1729
14;1728
14;1728
14;1727
14;1727
14;1726
14;1726
14;1725
14;1725
14;1724
14;1724
14;1723
14;1723
14;1722
14;1722
14;1721
14;1721
14;1720
14;1720
14;1719
14;1719
14;1718
14;1718
14;1717
14;1717
14;1716
14;1716
14;1715
14;1715
14;1714
14;1714
14;1713
14;1713
14;1712
14;1712
14;1711
14;1711
14;1710
14;1710
14;1709
14;1709
14;1708
14;1708
14;1707
14;1707
14;1706
14;1706
14;1705
14;1705
14;1704
14;1704
14;1703
14;1703
14;1702
14;1702
14;1701
14;1701
14;1700
14;1700
14;1699
14;1699
14;1698
14;1698
14;1697
14;1697
14;1696
14;1696
14;1695
14;1695
14;1694
14;1694
14;1693
14;1693
14;1692
14;1692
14;1691
14;1691
14;1690
14;1690
14;1689
14;1689
14;1688
14;1688
14;1687
14;1687
14;1686
14;1686
14;1685
14;1685
14;1684
14;1684
14;1683
14;1683
14;1682
14;1682
14;1681
14;1681
14;1680
14;1680
14;1679
14;1679
14;1678
14;1678
14;1677
14;1677
14;1676
14;1676
14;1675
14;1675
14;1674
14;1674
14;1673
14;1673
14;1672
14;1672
14;1671
14;1671
14;1670
14;1670
14;1669
14;1669
14;1668
14;1668
14;1667
14;1667
14;1666
14;1666
14;1665
14;1665
14;1664
14;1664
14;1663
14;1663
14;1662
14;1662
14;1661
14;1661
14;1660
14;1660
14;1659
14;1659
14;1658
14;1658
14;1657
14;1657
14;1656
14;1656
14;1655
14;1655
14;1654
14;1654
14;1653
14;1653
14;1652
14;1652
14;1651
14;1651
14;1650
14;1650
14;1649
14;1649
14;1648
14;1648
14;1647
14;1647
14;1646
14;1646
14;1645
14;1645
14;1644
14;1644
14;1643
14;1643
14;1642
14;1642
14;1641
14;1641
14;1640
14;1640
14;1639
14;1639
14;1638
14;1638
14;1637
14;1637
14;1636
14;1636
14;1635
14;1635
14;1634
14;1634
14;1633
14;1633
14;1632
14;1632
14;1631
14;1631
14;1630
14;1630
14;1629
14;1629
14;1628
14;1628
14;1627
14;1627
14;1626
14;1626
14;1625
14;1625
14;1624
14;1624
14;1623
14;1623
14;1622
14;1622
14;1621
14;1621
14;1620
14;1620
14;1619
14;1619
14;1618
14;1618
14;1617
14;1617
14;1616
14;1616
14;1615
14;1615
14;1614
14;1614
14;1613
14;1613
14;1612
14;1612
14;1611
14;1611
14;1610
14;1610
14;1609
14;1609
14;1608
14;1608
14;1607
14;1607
14;1606
14;1606
14;1605
14;1605
14;1604
14;1604
14;1603
14;1603
14;1602
14;1602
14;1601
14;1601
14;1600
14;1600
14;1599
14;1599
14;1598
14;1598
14;1597
14;1597
14;1596
14;1596
14;1595
14;1595
14;1594
14;1594
14;1593
14;1593
14;1592
14;1592
14;1591
14;1591
14;1590
14;1590
14;1589
14;1589
14;1588
14;1588
14;1587
14;1587
14;1586
14;1586
14;1585
14;1585
14;1584
14;1584
14;1583
14;1583
14;1582
14;1582
14;1581
14;1581
14;1580
14;1580
14;1579
14;1579
14;1578
14;1578
14;1577
14;1577
14;1576
14;1576
14;1575
14;1575
14;1574
14;1574
14;1573
14;1573
14;1572
14;1572
14;1571
14;1571
14;1570
14;1570
14;1569
14;1569
14;1568
14;1568
14;1567
14;1567
14;1566
14;1566
14;1565
14;1565
14;1564
14;1564
14;1563
14;1563
14;1562
14;1562
14;1561
14;1561
14;1560
14;1560
14;1559
14;1559
14;1558
14;1558
14;1557
14;1557
14;1556
14;1556
14;1555
14;1555
14;1554
14;1554
14;1553
14;1553
14;1552
14;1552
14;1551
14;1551
14;1550
14;1550
14;1549
14;1549
14;1548
14;1548
14;1547
14;1547
14;1546
14;1546
14;1545
14;1545
14;1544
14;1544
14;1543
14;1543
14;1542
14;1542
14;1541
14;1541
14;1540
14;1540
14;1539
14;1539
14;1538
14;1538
14;1537
14;1537
14;1536
14;1536
14;1535
14;1535
14;1534
14;1534
14;1533
14;1533
14;1532
14;1532
14;1531
14;1531
14;1530
14;1530
14;1529
14;1529
14;1528
14;1528
14;1527
14;1527
14;1526
14;1526
14;1525
14;1525
14;1524
14;1524
14;1523
14;1523
14;1522
14;1522
14;1521
14;1521
14;1520
14;1520
14;1519
14;1519
14;1518
14;1518
14;1517
14;1517
14;1516
14;1516
14;1515
14;1515
14;1514
14;1514
14;1513
14;1513
14;1512
14;1512
14;1511
14;1511
14;1510
14;1510
14;1509
14;1509
14;1508
14;1508
14;1507
14;1507
14;1506
14;1506
14;1505
14;1505
14;1504
14;1504
14;1503
14;1503
14;1502
14;1502
14;1501
14;1501
14;1500
14;1500
14;1499
14;1499
14;1498
14;1498
14;1497
14;1497
14;1496
14;1496
14;1495
14;1495
14;1494
14;1494
14;1493
14;1493
14;1492
14;1492
14;1491
14;1491
14;1490
14;1490
14;1489
14;1489
14;1488
14;1488
14;1487
14;1487
14;1486
14;1486
14;1485
14;1485
14;1484
14;1484
14;1483
14;1483
14;1482
14;1482
14;1481
14;1481
14;1480
14;1480
14;1479
14;1479
14;1478
14;1478
14;1477
14;1477
14;1476
14;1476
14;1475
14;1475
14;1474
14;1474
14;1473
14;1473
14;1472
14;1472
14;1471
14;1471
14;1470
14;1470
14;1469
14;1469
14;1468
14;1468
14;1467
14;1467
14;1466
14;1466
14;1465
14;1465
14;1464
14;1464
14;1463
14;1463
14;1462
14;1462
14;1461
14;1461
14;1460
14;1460
14;1459
14;1459
14;1458
14;1458
14;1457
14;1457
14;1456
14;1456
14;1455
14;1455
14;1454
14;1454
14;1453
14;1453
14;1452
14;1452
14;1451
14;1451
14;1450
14;1450
14;1449
14;1449
14;1448
14;1448
14;1447
14;1447
14;1446
14;1446
14;1445
14;1445
14;1444
14;1444
14;1443
14;1443
14;1442
14;1442
14;1441
14;1441
14;1440
14;1440
14;1439
14;1439
14;1438
14;1438
14;1437
14;1437
14;1436
14;1436
14;1435
14;1435
14;1434
14;1434
14;1433
14;1433
14;1432
14;1432
14;1431
14;1431
14;1430
14;1430
14;1429
14;1429
14;1428
14;1428
14;1427
14;1427
14;1426
14;1426
14;1425
14;1425
14;1424
14;1424
14;1423
14;1423
14;1422
14;1422
14;1421
14;1421
14;1420
14;1420
14;1419
14;1419
14;1418
14;1418
14;1417
14;1417
14;1416
14;1416
14;1415
14;1415
14;1414
14;1414
14;1413
14;1413
14;1412
14;1412
14;1411
14;1411
14;1410
14;1410
14;1409
14;1409
14;1408
14;1408
14;1407
14;1407
14;1406
14;1406
14;1405
14;1405
14;1404
14;1404
14;1403
14;1403
14;1402
14;1402
14;1401
14;1401
14;1400
14;1400
14;1399
14;1399
14;1398
14;1398
14;1397
14;1397
14;1396
14;1396
14;1395
14;1395
14;1394
14;1394
14;1393
14;1393
14;1392
14;1392
14;1391
14;1391
14;1390
14;1390
14;1389
14;1389
14;1388
14;1388
14;1387
14;1387
14;1386
14;1386
14;1385
14;1385
14;1384
14;1384
14;1383
14;1383
14;1382
14;1382
14;1381
14;1381
14;1380
14;1380
14;1379
14;1379
14;1378
14;1378
14;1377
14;1377
14;1376
14;1376
14;1375
14;1375
14;1374
14;1374
14;1373
14;1373
14;1372
14;1372
14;1371
14;1371
14;1370
14;1370
14;1369
14;1369
14;1368
14;1368
14;1367
14;1367
14;1366
14;1366
14;1365
14;1365
14;1364
14;1364
14;1363
14;1363
14;1362
14;1362
14;1361
14;1361
14;1360
14;1360
14;1359
14;1359
14;1358
14;1358
14;1357
14;1357
14;1356
14;1356
14;1355
14;1355
14;1354
14;1354
14;1353
14;1353
14;1352
14;1352
14;1351
14;1351
14;1350
14;1350
14;1349
14;1349
14;1348
14;1348
14;1347
14;1347
14;1346
14;1346
14;1345
14;1345
14;1344
14;1344
14;1343
14;1343
14;1342
14;1342
14;1341
14;1341
14;1340
14;1340
14;1339
14;1339
14;1338
14;1338
14;1337
14;1337
14;1336
14;1336
14;1335
14;1335
14;1334
14;1334
14;1333
14;1333
14;1332
14;1332
14;1331
14;1331
14;1330
14;1330
14;1329
14;1329
14;1328
14;1328
14;1327
14;1327
14;1326
14;1326
14;1325
14;1325
14;1324
14;1324
14;1323
14;1323
14;1322
14;1322
14;1321
14;1321
14;1320
14;1320
14;1319
14;1319
14;1318
14;1318
14;1317
14;1317
14;1316
14;1316
14;1315
14;1315
14;1314
14;1314
14;1313
14;1313
14;1312
14;1312
14;1311
14;1311
14;1310
14;1310
14;1309
14;1309
14;1308
14;1308
14;1307
14;1307
14;1306
14;1306
14;1305
14;1305
14;1304
14;1304
14;1303
14;1303
14;1302
14;1302
14;1301
14;1301
14;1300
14;1300
14;1299
14;1299
14;1298
14;1298
14;1297
14;1297
14;1296
14;1296
14;1295
14;1295
14;1294
14;1294
14;1293
14;1293
14;1292
14;1292
14;1291
14;1291
14;1290
14;1290
14;1289
14;1289
14;1288
14;1288
14;1287
14;1287
14;1286
14;1286
14;1285
14;1285
14;1284
14;1284
14;1283
14;1283
14;1282
14;1282
14;1281
14;1281
14;1280
14;1280
14;1279
14;1279
14;1278
14;1278
14;1277
14;1277
14;1276
14;1276
14;1275
14;1275
14;1274
14;1274
14;1273
14;1273
14;1272
14;1272
14;1271
14;1271
14;1270
14;1270
14;1269
14;1269
14;1268
14;1268
14;1267
14;1267
14;1266
14;1266
14;1265
14;1265
14;1264
14;1264
14;1263
14;1263
14;1262
14;1262
14;1261
14;1261
14;1260
14;1260
14;1259
14;1259
14;1258
14;1258
14;1257
14;1257
14;1256
14;1256
14;1255
14;1255
14;1254
14;1254
14;1253
14;1253
14;1252
14;1252
14;1251
14;1251
14;1250
14;1250
14;1249
14;1249
14;1248
14;1248
14;1247
14;1247
14;1246
14;1246
14;1245
14;1245
14;1244
14;1244
14;1243
14;1243
14;1242
14;1242
14;1241
14;1241
14;1240
14;1240
14;1239
14;1239
14;1238
14;1238
14;1237
14;1237
14;1236
14;1236
14;1235
14;1235
14;1234
14;1234
14;1233
14;1233
14;1232
14;1232
14;1231
14;1231
14;1230
14;1230
14;1229
14;1229
14;1228
14;1228
14;1227
14;1227
14;1226
14;1226
14;1225
14;1225
14;1224
14;1224
14;1223
14;1223
14;1222
14;1222
14;1221
14;1221
14;1220
14;1220
14;1219
14;1219
14;1218
14;1218
14;1217
14;1217
14;1216
14;1216
14;1215
14;1215
14;1214
14;1214
14;1213
14;1213
14;1212
14;1212
14;1211
14;1211
14;1210
14;1210
14;1209
14;1209
14;1208
14;1208
14;1207
14;1207
14;1206
14;1206
14;1205
14;1205
14;1204
14;1204
14;1203
14;1203
14;1202
14;1202
14;1201
14;1201
14;1200
14;1200
14;1199
14;1199
14;1198
14;1198
14;1197
14;1197
14;1196
14;1196
14;1195
14;1195
14;1194
14;1194
14;1193
14;1193
14;1192
14;1192
14;1191
14;1191
14;1190
14;1190
14;1189
14;1189
14;1188
14;1188
14;1187
14;1187
14;1186
14;1186
14;1185
14;1185
14;1184
14;1184
14;1183
14;1183
14;1182
14;1182
14;1181
14;1181
14;1180
14;1180
14;1179
14;1179
14;1178
14;1178
14;1177
14;1177
14;1176
14;1176
14;1175
14;1175
14;1174
14;1174
14;1173
14;1173
14;1172
14;1172
14;1171
14;1171
14;1170
14;1170
14;1169
14;1169
14;1168
14;1168
14;1167
14;1167
14;1166
14;1166
14;1165
14;1165
14;1164
14;1164
14;1163
14;1163
14;1162
14;1162
14;1161
14;1161
14;1160
14;1160
14;1159
14;1159
14;1158
14;1158
14;1157
14;1157
14;1156
14;1156
14;1155
14;1155
14;1154
14;1154
14;1153
14;1153
14;1152
14;1152
14;1151
14;1151
14;1150
14;1150
14;1149
14;1149
14;1148
14;1148
14;1147
14;1147
14;1146
14;1146
14;1145
14;1145
14;1144
14;1144
14;1143
14;1143
14;1142
14;1142
14;1141
14;1141
14;1140
14;1140
14;1139
14;1139
14;1138
14;1138
14;1137
14;1137
14;1136
14;1136
14;1135
14;1135
14;1134
14;1134
14;1133
14;1133
14;1132
14;1132
14;1131
14;1131
14;1130
14;1130
14;1129
14;1129
14;1128
14;1128
14;1127
14;1127
14;1126
14;1126
14;1125
14;1125
14;1124
14;1124
14;1123
14;1123
14;1122
14;1122
14;1121
14;1121
14;1120
14;1120
14;1119
14;1119
14;1118
14;1118
14;1117
14;1117
14;1116
14;1116
14;1115
14;1115
14;1114
14;1114
14;1113
14;1113
14;1112
14;1112
14;1111
14;1111
14;1110
14;1110
14;1109
14;1109
14;1108
14;1108
14;1107
14;1107
14;1106
14;1106
14;1105
14;1105
14;1104
14;1104
14;1103
14;1103
14;1102
14;1102
14;1101
14;1101
14;1100
14;1100
14;1099
14;1099
14;1098
14;1098
14;1097
14;1097
14;1096
14;1096
14;1095
14;1095
14;1094
14;1094
14;1093
14;1093
14;1092
14;1092
14;1091
14;1091
14;1090
14;1090
14;1089
14;1089
14;1088
14;1088
14;1087
14;1087
14;1086
14;1086
14;1085
14;1085
14;1084
14;1084
14;1083
14;1083
14;1082
14;1082
14;1081
14;1081
14;1080
14;1080
14;1079
14;1079
14;1078
14;1078
14;1077
14;1077
14;1076
14;1076
14;1075
14;1075
14;1074
14;1074
14;1073
14;1073
14;1072
14;1072
14;1071
14;1071
14;1070
14;1070
14;1069
14;1069
14;1068
14;1068
14;1067
14;1067
14;1066
14;1066
14;1065
14;1065
14;1064
14;1064
14;1063
14;1063
14;1062
14;1062
14;1061
14;1061
14;1060
14;1060
14;1059
14;1059
14;1058
14;1058
14;1057
14;1057
14;1056
14;1056
14;1055
14;1055
14;1054
14;1054
14;1053
14;1053
14;1052
14;1052
14;1051
14;1051
14;1050
14;1050
14;1049
14;1049
14;1048
14;1048
14;1047
14;1047
14;1046
14;1046
14;1045
14;1045
14;1044
14;1044
14;1043
14;1043
14;1042
14;1042
14;1041
14;1041
14;1040
14;1040
14;1039
14;1039
14;1038
14;1038
14;1037
14;1037
14;1036
14;1036
14;1035
14;1035
14;1034
14;1034
14;1033
14;1033
14;1032
14;1032
14;1031
14;1031
14;1030
14;1030
14;1029
14;1029
14;1028
14;1028
14;1027
14;1027
14;1026
14;1026
14;1025
14;1025
14;1024
14;1024
14;1023
14;1023
14;1022
14;1022
14;1021
14;1021
14;1020
14;1020
14;1019
14;1019
14;1018
14;1018
14;1017
14;1017
14;1016
14;1016
14;1015
14;1015
14;1014
14;1014
14;1013
14;1013
14;1012
14;1012
14;1011
14;1011
14;1010
14;1010
14;1009
14;1009
14;1008
14;1008
14;1007
14;1007
14;1006
14;1006
14;1005
14;1005
14;1004
14;1004
14;1003
14;1003
14;1002
14;1002
14;1001
14;1001
14;1000
14;1000
14;999
14;999
14;998
14;998
14;997
14;997
14;996
14;996
14;995
14;995
14;994
14;994
14;993
14;993
14;992
14;992
14;991
14;991
14;990
14;990
14;989
14;989
14;988
14;988
14;987
14;987
14;986
14;986
14;985
14;985
14;984
14;984
14;983
14;983
14;982
14;982
14;981
14;981
14;980
14;980
14;979
14;979
14;978
14;978
14;977
14;977
14;976
14;976
14;975
14;975
14;974
14;974
14;973
14;973
14;972
14;972
14;971
14;971
14;970
14;970
14;969
14;969
14;968
14;968
14;967
14;967
14;966
14;966
14;965
14;965
14;964
14;964
14;963
14;963
14;962
14;962
14;961
14;961
14;960
14;960
14;959
14;959
14;958
14;958
14;957
14;957
14;956
14;956
14;955
14;955
14;954
14;954
14;953
14;953
14;952
14;952
14;951
14;951
14;950
14;950
14;949
14;949
14;948
14;948
14;947
14;947
14;946
14;946
14;945
14;945
14;944
14;944
14;943
14;943
14;942
14;942
14;941
14;941
14;940
14;940
14;939
14;939
14;938
14;938
14;937
14;937
14;936
14;936
14;935
14;935
14;934
14;934
14;933
14;933
14;932
14;932
14;931
14;931
14;930
14;930
14;929
14;929
14;928
14;928
14;927
14;927
14;926
14;926
14;925
14;925
14;924
14;924
14;923
14;923
14;922
14;922
14;921
14;921
14;920
14;920
14;919
14;919
14;918
14;918
14;917
14;917
14;916
14;916
14;915
14;915
14;914
14;914
14;913
14;913
14;912
14;912
14;911
14;911
14;910
14;910
14;909
14;909
14;908
14;908
14;907
14;907
14;906
14;906
14;905
14;905
14;904
14;904
14;903
14;903
14;902
14;902
14;901
14;901
14;900
14;900
14;899
14;899
14;898
14;898
14;897
14;897
14;896
14;896
14;895
14;895
14;894
14;894
14;893
14;893
14;892
14;892
14;891
14;891
14;890
14;890
14;889
14;889
14;888
14;888
14;887
14;887
14;886
14;886
14;885
14;885
14;884
14;884
14;883
14;883
14;882
14;882
14;881
14;881
14;880
14;880
14;879
14;879
14;878
14;878
14;877
14;877
14;876
14;876
14;875
14;875
14;874
14;874
14;873
14;873
14;872
14;872
14;871
14;871
14;870
14;870
14;869
14;869
14;868
14;868
14;867
14;867
14;866
14;866
14;865
14;865
14;864
14;864
14;863
14;863
14;862
14;862
14;861
14;861
14;860
14;860
14;859
14;859
14;858
14;858
14;857
14;857
14;856
14;856
14;855
14;855
14;854
14;854
14;853
14;853
14;852
14;852
14;851
14;851
14;850
14;850
14;849
14;849
14;848
14;848
14;847
14;847
14;846
14;846
14;845
14;845
14;844
14;844
14;843
14;843
14;842
14;842
14;841
14;841
14;840
14;840
14;839
14;839
14;838
14;838
14;837
14;837
14;836
14;836
14;835
14;835
14;834
14;834
14;833
14;833
14;832
14;832
14;831
14;831
14;830
14;830
14;829
14;829
14;828
14;828
14;827
14;827
14;826
14;826
14;825
14;825
14;824
14;824
14;823
14;823
14;822
14;822
14;821
14;821
14;820
14;820
14;819
14;819
14;818
14;818
14;817
14;817
14;816
14;816
14;815
14;815
14;814
14;814
14;813
14;813
14;812
14;812
14;811
14;811
14;810
14;810
14;809
14;809
14;808
14;808
14;807
14;807
14;806
14;806
14;805
14;805
14;804
14;804
14;803
14;803
14;802
14;802
14;801
14;801
14;800
14;800
14;799
14;799
14;798
14;798
14;797
14;797
14;796
14;796
14;795
14;795
14;794
14;794
14;793
14;793
14;792
14;792
14;791
14;791
14;790
14;790
14;789
14;789
14;788
14;788
14;787
14;787
14;786
14;786
14;785
14;785
14;784
14;784
14;783
14;783
14;782
14;782
14;781
14;781
14;780
14;780
14;779
14;779
14;778
14;778
14;777
14;777
14;776
14;776
14;775
14;775
14;774
14;774
14;773
14;773
14;772
14;772
14;771
14;771
14;770
14;770
14;769
14;769
14;768
14;768
14;767
14;767
14;766
14;766
14;765
14;765
14;764
14;764
14;763
14;763
14;762
14;762
14;761
14;761
14;760
14;760
14;759
14;759
14;758
14;758
14;757
14;757
14;756
14;756
14;755
14;755
14;754
14;754
14;753
14;753
14;752
14;752
14;751
14;751
14;750
14;750
14;749
14;749
14;748
14;748
14;747
14;747
14;746
14;746
14;745
14;745
14;744
14;744
14;743
14;743
14;742
14;742
14;741
14;741
14;740
14;740
14;739
14;739
14;738
14;738
14;737
14;737
14;736
14;736
14;735
14;735
14;734
14;734
14;733
14;733
14;732
14;732
14;731
14;731
14;730
14;730
14;729
14;729
14;728
14;728
14;727
14;727
14;726
14;726
14;725
14;725
14;724
14;724
14;723
14;723
14;722
14;722
14;721
14;721
14;720
14;720
14;719
14;719
14;718
14;718
14;717
14;717
14;716
14;716
14;715
14;715
14;714
14;714
14;713
14;713
14;712
14;712
14;711
14;711
14;710
14;710
14;709
14;709
14;708
14;708
14;707
14;707
14;706
14;706
14;705
14;705
14;704
14;704
14;703
14;703
14;702
14;702
14;701
14;701
14;700
14;700
14;699
14;699
14;698
14;698
14;697
14;697
14;696
14;696
14;695
14;695
14;694
14;694
14;693
14;693
14;692
14;692
14;691
14;691
14;690
14;690
14;689
14;689
14;688
14;688
14;687
14;687
14;686
14;686
14;685
14;685
14;684
14;684
14;683
14;683
14;682
14;682
14;681
14;681
14;680
14;680
14;679
14;679
14;678
14;678
14;677
14;677
14;676
14;676
14;675
14;675
14;674
14;674
14;673
14;673
14;672
14;672
14;671
14;671
14;670
14;670
14;669
14;669
14;668
14;668
14;667
14;667
14;666
14;666
14;665
14;665
14;664
14;664
14;663
14;663
14;662
14;662
14;661
14;661
14;660
14;660
14;659
14;659
14;658
14;658
14;657
14;657
14;656
14;656
14;655
14;655
14;654
14;654
14;653
14;653
14;652
14;652
14;651
14;651
14;650
14;650
14;649
14;649
14;648
14;648
14;647
14;647
14;646
14;646
14;645
14;645
14;644
14;644
14;643
14;643
14;642
14;642
14;641
14;641
14;640
14;640
14;639
14;639
14;638
14;638
14;637
14;637
14;636
14;636
14;635
14;635
14;634
14;634
14;633
14;633
14;632
14;632
14;631
14;631
14;630
14;630
14;629
14;629
14;628
14;628
14;627
14;627
14;626
14;626
14;625
14;625
14;624
14;624
14;623
14;623
14;622
14;622
14;621
14;621
14;620
14;620
14;619
14;619
14;618
14;618
14;617
14;617
14;616
14;616
14;615
14;615
14;614
14;614
14;613
14;613
14;612
14;612
14;611
14;611
14;610
14;610
14;609
14;609
14;608
14;608
14;607
14;607
14;606
14;606
14;605
14;605
14;604
14;604
14;603
14;603
14;602
14;602
14;601
14;601
14;600
14;600
14;599
14;599
14;598
14;598
14;597
14;597
14;596
14;596
14;595
14;595
14;594
14;594
14;593
14;593
14;592
14;592
14;591
14;591
14;590
14;590
14;589
14;589
14;588
14;588
14;587
14;587
14;586
14;586
14;585
14;585
14;584
14;584
14;583
14;583
14;582
14;582
14;581
14;581
14;580
14;580
14;579
14;579
14;578
14;578
14;577
14;577
14;576
14;576
14;575
14;575
14;574
14;574
14;573
14;573
14;572
14;572
14;571
14;571
14;570
14;570
14;569
14;569
14;568
14;568
14;567
14;567
14;566
14;566
14;565
14;565
14;564
14;564
14;563
14;563
14;562
14;562
14;561
14;561
14;560
14;560
14;559
14;559
14;558
14;558
14;557
14;557
14;556
14;556
14;555
14;555
14;554
14;554
14;553
14;553
14;552
14;552
14;551
14;551
14;550
14;550
14;549
14;549
14;548
14;548
14;547
14;547
14;546
14;546
14;545
14;545
14;544
14;544
14;543
14;543
14;542
14;542
14;541
14;541
14;540
14;540
14;539
14;539
14;538
14;538
14;537
14;537
14;536
14;536
14;535
14;535
14;534
14;534
14;533
14;533
14;532
14;532
14;531
14;531
14;530
14;530
14;529
14;529
14;528
14;528
14;527
14;527
14;526
14;526
14;525
14;525
14;524
14;524
14;523
14;523
14;522
14;522
14;521
14;521
14;520
14;520
14;519
14;519
14;518
14;518
14;517
14;517
14;516
14;516
14;515
14;515
14;514
14;514
14;513
14;513
14;512
14;512
14;511
14;511
14;510
14;510
14;509
14;509
14;508
14;508
14;507
14;507
14;506
14;506
14;505
14;505
14;504
14;504
14;503
14;503
14;502
14;502
14;501
14;501
14;500
14;500
14;499
14;499
14;498
14;498
14;497
14;497
14;496
14;496
14;495
14;495
14;494
14;494
14;493
14;493
14;492
14;492
14;491
14;491
14;490
14;490
14;489
14;489
14;488
14;488
14;487
14;487
14;486
14;486
14;485
14;485
14;484
14;484
14;483
14;483
14;482
14;482
14;481
14;481
14;480
14;480
14;479
14;479
14;478
14;478
14;477
14;477
14;476
14;476
14;475
14;475
14;474
14;474
14;473
14;473
14;472
14;472
14;471
14;471
14;470
14;470
14;469
14;469
14;468
14;468
14;467
14;467
14;466
14;466
14;465
14;465
14;464
14;464
14;463
14;463
14;462
14;462
14;461
14;461
14;460
14;460
14;459
14;459
14;458
14;458
14;457
14;457
14;456
14;456
14;455
14;455
14;454
14;454
14;453
14;453
14;452
14;452
14;451
14;451
14;450
14;450
14;449
14;449
14;448
14;448
14;447
14;447
14;446
14;446
14;445
14;445
14;444
14;444
14;443
14;443
14;442
14;442
14;441
14;441
14;440
14;440
14;439
14;439
14;438
14;438
14;437
14;437
14;436
14;436
14;435
14;435
14;434
14;434
14;433
14;433
14;432
14;432
14;431
14;431
14;430
14;430
14;429
14;429
14;428
14;428
14;427
14;427
14;426
14;426
14;425
14;425
14;424
14;424
14;423
14;423
14;422
14;422
14;421
14;421
14;420
14;420
14;419
14;419
14;418
14;418
14;417
14;417
14;416
14;416
14;415
14;415
14;414
14;414
14;413
14;413
14;412
14;412
14;411
14;411
14;410
14;410
14;409
14;409
14;408
14;408
14;407
14;407
14;406
14;406
14;405
14;405
14;404
14;404
14;403
14;403
14;402
14;402
14;401
14;401
14;400
14;400
14;399
14;399
14;398
14;398
14;397
14;397
14;396
14;396
14;395
14;395
14;394
14;394
14;393
14;393
14;392
14;392
14;391
14;391
14;390
14;390
14;389
14;389
14;388
14;388
14;387
14;387
14;386
14;386
14;385
14;385
14;384
14;384
14;383
14;383
14;382
14;382
14;381
14;381
14;380
14;380
14;379
14;379
14;378
14;378
14;377
14;377
14;376
14;376
14;375
14;375
14;374
14;374
14;373
14;373
14;372
14;372
14;371
14;371
14;370
14;370
14;369
14;369
14;368
14;368
14;367
14;367
14;366
14;366
14;365
14;365
14;364
14;364
14;363
14;363
14;362
14;362
14;361
14;361
14;360
14;360
14;359
14;359
14;358
14;358
14;357
14;357
14;356
14;356
14;355
14;355
14;354
14;354
14;353
14;353
14;352
14;352
14;351
14;351
14;350
14;350
14;349
14;349
14;348
14;348
14;347
14;347
14;346
14;346
14;345
14;345
14;344
14;344
14;343
14;343
14;342
14;342
14;341
14;341
14;340
14;340
14;339
14;339
14;338
14;338
14;337
14;337
14;336
14;336
14;335
14;335
14;334
14;334
14;333
14;333
14;332
14;332
14;331
14;331
14;330
14;330
14;329
14;329
14;328
14;328
14;327
14;327
14;326
14;326
14;325
14;325
14;324
14;324
14;323
14;323
14;322
14;322
14;321
14;321
14;320
14;320
14;319
14;319
14;318
14;318
14;317
14;317
14;316
14;316
14;315
14;315
14;314
14;314
14;313
14;313
14;312
14;312
14;311
14;311
14;310
14;310
14;309
14;309
14;308
14;308
14;307
14;307
14;306
14;306
14;305
14;305
14;304
14;304
14;303
14;303
14;302
14;302
14;301
14;301
14;300
14;300
14;299
14;299
14;298
14;298
14;297
14;297
14;296
14;296
14;295
14;295
14;294
14;294
14;293
14;293
14;292
14;292
14;291
14;291
14;290
14;290
14;289
14;289
14;288
14;288
14;287
14;287
14;286
14;286
14;285
14;285
14;284
14;284
14;283
14;283
14;282
14;282
14;281
14;281
14;280
14;280
14;279
14;279
14;278
14;278
14;277
14;277
14;276
14;276
14;275
14;275
14;274
14;274
14;273
14;273
14;272
14;272
14;271
14;271
14;270
14;270
14;269
14;269
14;268
14;268
14;267
14;267
14;266
14;266
14;265
14;265
14;264
14;264
14;263
14;263
14;262
14;262
14;261
14;261
14;260
14;260
14;259
14;259
14;258
14;258
14;257
14;257
14;256
14;256
14;255
14;255
14;254
14;254
14;253
14;253
14;252
14;252
14;251
14;251
14;250
14;250
14;249
14;249
14;248
14;248
14;247
14;247
14;246
14;246
14;245
14;245
14;244
14;244
14;243
14;243
14;242
14;242
14;241
14;241
14;240
14;240
14;239
14;239
14;238
14;238
14;237
14;237
14;236
14;236
14;235
14;235
14;234
14;234
14;233
14;233
14;232
14;232
14;231
14;231
14;230
14;230
14;229
14;229
14;228
14;228
14;227
14;227
14;226
14;226
14;225
14;225
14;224
14;224
14;223
14;223
14;222
14;222
14;221
14;221
14;220
14;220
14;219
14;219
14;218
14;218
14;217
14;217
14;216
14;216
14;215
14;215
14;214
14;214
14;213
14;213
14;212
14;212
14;211
14;211
14;210
14;210
14;209
14;209
14;208
14;208
14;207
14;207
14;206
14;206
14;205
14;205
14;204
14;204
14;203
14;203
14;202
14;202
14;201
14;201
14;200
14;200
14;199
14;199
14;198
14;198
14;197
14;197
14;196
14;196
14;195
14;195
14;194
14;194
14;193
14;193
14;192
14;192
14;191
14;191
14;190
14;190
14;189
14;189
14;188
14;188
14;187
14;187
14;186
14;186
14;185
14;185
14;184
14;184
14;183
14;183
14;182
14;182
14;181
14;181
14;180
14;180
14;179
14;179
14;178
14;178
14;177
14;177
14;176
14;176
14;175
14;175
14;174
14;174
14;173
14;173
14;172
14;172
14;171
14;171
14;170
14;170
14;169
14;169
14;168
14;168
14;167
14;167
14;166
14;166
14;165
14;165
14;164
14;164
14;163
14;163
14;162
14;162
14;161
14;161
14;160
14;160
14;159
14;159
14;158
14;158
14;157
14;157
14;156
14;156
14;155
14;155
14;154
14;154
14;153
14;153
14;152
14;152
14;151
14;151
14;150
14;150
14;149
14;149
14;148
14;148
14;147
14;147
14;146
14;146
14;145
14;145
14;144
14;144
14;143
14;143
14;142
14;142
14;141
14;141
14;140
14;140
14;139
14;139
14;138
14;138
14;137
14;137
14;136
14;136
14;135
14;135
14;134
14;134
14;133
14;133
14;132
14;132
14;131
14;131
14;130
14;130
14;129
14;129
14;128
14;128
14;127
14;127
14;126
14;126
14;125
14;125
14;124
14;124
14;123
14;123
14;122
14;122
14;121
14;121
14;120
14;120
14;119
14;119
14;118
14;118
14;117
14;117
14;116
14;116
14;115
14;115
14;114
14;114
14;113
14;113
14;112
14;112
14;111
14;111
14;110
14;110
14;109
14;109
14;108
14;108
14;107
14;107
14;106
14;106
14;105
14;105
14;104
14;104
14;103
14;103
14;102
14;102
14;101
14;101
14;100
14;100
14;99
14;99
14;98
14;98
14;97
14;97
14;96
14;96
14;95
14;95
14;94
14;94
14;93
14;93
14;92
14;92
14;91
14;91
14;90
14;90
14;89
14;89
14;88
14;88
14;87
14;87
14;86
14;86
14;85
14;85
14;84
14;84
14;83
14;83
14;82
14;82
14;81
14;81
14;80
14;80
14;79
14;79
14;78
14;78
14;77
14;77
14;76
14;76
14;75
14;75
14;74
14;74
14;73
14;73
14;72
14;72
14;71
14;71
14;70
14;70
14;69
14;69
14;68
14;68
14;67
14;67
14;66
14;66
14;65
14;65
14;64
14;64
14;63
14;63
14;62
14;62
14;61
14;61
14;60
14;60
14;59
14;59
14;58
14;58
14;57
14;57
14;56
14;56
14;55
14;55
14;54
14;54
14;53
14;53
14;52
14;52
14;51
14;51
14;50
14;50
14;49
14;49
14;48
14;48
14;47
14;47
14;46
14;46
14;45
14;45
14;44
14;44
14;43
14;43
14;42
14;42
14;41
14;41
14;40
14;40
14;39
14;39
14;38
14;38
14;37
14;37
14;36
14;36
14;35
14;35
14;34
14;34
14;33
14;33
14;32
14;32
14;31
14;31
14;30
14;30
14;29
14;29
14;28
14;28
14;27
14;27
14;26
14;26
14;25
14;25
14;24
14;24
14;23
14;23
14;22
14;22
14;21
14;21
14;20
14;20
14;19
14;19
14;18
14;18
14;17
14;17
14;16
14;16
14;15
14;15
14;14
14;14
14;13
14;13
14;12
14;12
14;11
14;11
14;10
14;10
14;9
14;9
14;8
14;8
14;7
14;7
14;6
14;6
14;5
14;5
14;4
14;4
14;3
14;3
14;2
14;2
14;1
14;1
15;2525
15;2525
15;2524
15;2524
15;2523
15;2523
15;2522
15;2522
15;2521
15;2521
15;2520
15;2520
15;2519
15;2519
15;2518
15;2518
15;2517
15;2517
15;2516
15;2516
15;2515
15;2515
15;2514
15;2514
15;2513
15;2513
15;2512
15;2512
15;2511
15;2511
15;2510
15;2510
15;2509
15;2509
15;2508
15;2508
15;2507
15;2507
15;2506
15;2506
15;2505
15;2505
15;2504
15;2504
15;2503
15;2503
15;2502
15;2502
15;2501
15;2501
15;2500
15;2500
15;2499
15;2499
15;2498
15;2498
15;2497
15;2497
15;2496
15;2496
15;2495
15;2495
15;2494
15;2494
15;2493
15;2493
15;2492
15;2492
15;2491
15;2491
15;2490
15;2490
15;2489
15;2489
15;2488
15;2488
15;2487
15;2487
15;2486
15;2486
15;2485
15;2485
15;2484
15;2484
15;2483
15;2483
15;2482
15;2482
15;2481
15;2481
15;2480
15;2480
15;2479
15;2479
15;2478
15;2478
15;2477
15;2477
15;2476
15;2476
15;2475
15;2475
15;2474
15;2474
15;2473
15;2473
15;2472
15;2472
15;2471
15;2471
15;2470
15;2470
15;2469
15;2469
15;2468
15;2468
15;2467
15;2467
15;2466
15;2466
15;2465
15;2465
15;2464
15;2464
15;2463
15;2463
15;2462
15;2462
15;2461
15;2461
15;2460
15;2460
15;2459
15;2459
15;2458
15;2458
15;2457
15;2457
15;2456
15;2456
15;2455
15;2455
15;2454
15;2454
15;2453
15;2453
15;2452
15;2452
15;2451
15;2451
15;2450
15;2450
15;2449
15;2449
15;2448
15;2448
15;2447
15;2447
15;2446
15;2446
15;2445
15;2445
15;2444
15;2444
15;2443
15;2443
15;2442
15;2442
15;2441
15;2441
15;2440
15;2440
15;2439
15;2439
15;2438
15;2438
15;2437
15;2437
15;2436
15;2436
15;2435
15;2435
15;2434
15;2434
15;2433
15;2433
15;2432
15;2432
15;2431
15;2431
15;2430
15;2430
15;2429
15;2429
15;2428
15;2428
15;2427
15;2427
15;2426
15;2426
15;2425
15;2425
15;2424
15;2424
15;2423
15;2423
15;2422
15;2422
15;2421
15;2421
15;2420
15;2420
15;2419
15;2419
15;2418
15;2418
15;2417
15;2417
15;2416
15;2416
15;2415
15;2415
15;2414
15;2414
15;2413
15;2413
15;2412
15;2412
15;2411
15;2411
15;2410
15;2410
15;2409
15;2409
15;2408
15;2408
15;2407
15;2407
15;2406
15;2406
15;2405
15;2405
15;2404
15;2404
15;2403
15;2403
15;2402
15;2402
15;2401
15;2401
15;2400
15;2400
15;2399
15;2399
15;2398
15;2398
15;2397
15;2397
15;2396
15;2396
15;2395
15;2395
15;2394
15;2394
15;2393
15;2393
15;2392
15;2392
15;2391
15;2391
15;2390
15;2390
15;2389
15;2389
15;2388
15;2388
15;2387
15;2387
15;2386
15;2386
15;2385
15;2385
15;2384
15;2384
15;2383
15;2383
15;2382
15;2382
15;2381
15;2381
15;2380
15;2380
15;2379
15;2379
15;2378
15;2378
15;2377
15;2377
15;2376
15;2376
15;2375
15;2375
15;2374
15;2374
15;2373
15;2373
15;2372
15;2372
15;2371
15;2371
15;2370
15;2370
15;2369
15;2369
15;2368
15;2368
15;2367
15;2367
15;2366
15;2366
15;2365
15;2365
15;2364
15;2364
15;2363
15;2363
15;2362
15;2362
15;2361
15;2361
15;2360
15;2360
15;2359
15;2359
15;2358
15;2358
15;2357
15;2357
15;2356
15;2356
15;2355
15;2355
15;2354
15;2354
15;2353
15;2353
15;2352
15;2352
15;2351
15;2351
15;2350
15;2350
15;2349
15;2349
15;2348
15;2348
15;2347
15;2347
15;2346
15;2346
15;2345
15;2345
15;2344
15;2344
15;2343
15;2343
15;2342
15;2342
15;2341
15;2341
15;2340
15;2340
15;2339
15;2339
15;2338
15;2338
15;2337
15;2337
15;2336
15;2336
15;2335
15;2335
15;2334
15;2334
15;2333
15;2333
15;2332
15;2332
15;2331
15;2331
15;2330
15;2330
15;2329
15;2329
15;2328
15;2328
15;2327
15;2327
15;2326
15;2326
15;2325
15;2325
15;2324
15;2324
15;2323
15;2323
15;2322
15;2322
15;2321
15;2321
15;2320
15;2320
15;2319
15;2319
15;2318
15;2318
15;2317
15;2317
15;2316
15;2316
15;2315
15;2315
15;2314
15;2314
15;2313
15;2313
15;2312
15;2312
15;2311
15;2311
15;2310
15;2310
15;2309
15;2309
15;2308
15;2308
15;2307
15;2307
15;2306
15;2306
15;2305
15;2305
15;2304
15;2304
15;2303
15;2303
15;2302
15;2302
15;2301
15;2301
15;2300
15;2300
15;2299
15;2299
15;2298
15;2298
15;2297
15;2297
15;2296
15;2296
15;2295
15;2295
15;2294
15;2294
15;2293
15;2293
15;2292
15;2292
15;2291
15;2291
15;2290
15;2290
15;2289
15;2289
15;2288
15;2288
15;2287
15;2287
15;2286
15;2286
15;2285
15;2285
15;2284
15;2284
15;2283
15;2283
15;2282
15;2282
15;2281
15;2281
15;2280
15;2280
15;2279
15;2279
15;2278
15;2278
15;2277
15;2277
15;2276
15;2276
15;2275
15;2275
15;2274
15;2274
15;2273
15;2273
15;2272
15;2272
15;2271
15;2271
15;2270
15;2270
15;2269
15;2269
15;2268
15;2268
15;2267
15;2267
15;2266
15;2266
15;2265
15;2265
15;2264
15;2264
15;2263
15;2263
15;2262
15;2262
15;2261
15;2261
15;2260
15;2260
15;2259
15;2259
15;2258
15;2258
15;2257
15;2257
15;2256
15;2256
15;2255
15;2255
15;2254
15;2254
15;2253
15;2253
15;2252
15;2252
15;2251
15;2251
15;2250
15;2250
15;2249
15;2249
15;2248
15;2248
15;2247
15;2247
15;2246
15;2246
15;2245
15;2245
15;2244
15;2244
15;2243
15;2243
15;2242
15;2242
15;2241
15;2241
15;2240
15;2240
15;2239
15;2239
15;2238
15;2238
15;2237
15;2237
15;2236
15;2236
15;2235
15;2235
15;2234
15;2234
15;2233
15;2233
15;2232
15;2232
15;2231
15;2231
15;2230
15;2230
15;2229
15;2229
15;2228
15;2228
15;2227
15;2227
15;2226
15;2226
15;2225
15;2225
15;2224
15;2224
15;2223
15;2223
15;2222
15;2222
15;2221
15;2221
15;2220
15;2220
15;2219
15;2219
15;2218
15;2218
15;2217
15;2217
15;2216
15;2216
15;2215
15;2215
15;2214
15;2214
15;2213
15;2213
15;2212
15;2212
15;2211
15;2211
15;2210
15;2210
15;2209
15;2209
15;2208
15;2208
15;2207
15;2207
15;2206
15;2206
15;2205
15;2205
15;2204
15;2204
15;2203
15;2203
15;2202
15;2202
15;2201
15;2201
15;2200
15;2200
15;2199
15;2199
15;2198
15;2198
15;2197
15;2197
15;2196
15;2196
15;2195
15;2195
15;2194
15;2194
15;2193
15;2193
15;2192
15;2192
15;2191
15;2191
15;2190
15;2190
15;2189
15;2189
15;2188
15;2188
15;2187
15;2187
15;2186
15;2186
15;2185
15;2185
15;2184
15;2184
15;2183
15;2183
15;2182
15;2182
15;2181
15;2181
15;2180
15;2180
15;2179
15;2179
15;2178
15;2178
15;2177
15;2177
15;2176
15;2176
15;2175
15;2175
15;2174
15;2174
15;2173
15;2173
15;2172
15;2172
15;2171
15;2171
15;2170
15;2170
15;2169
15;2169
15;2168
15;2168
15;2167
15;2167
15;2166
15;2166
15;2165
15;2165
15;2164
15;2164
15;2163
15;2163
15;2162
15;2162
15;2161
15;2161
15;2160
15;2160
15;2159
15;2159
15;2158
15;2158
15;2157
15;2157
15;2156
15;2156
15;2155
15;2155
15;2154
15;2154
15;2153
15;2153
15;2152
15;2152
15;2151
15;2151
15;2150
15;2150
15;2149
15;2149
15;2148
15;2148
15;2147
15;2147
15;2146
15;2146
15;2145
15;2145
15;2144
15;2144
15;2143
15;2143
15;2142
15;2142
15;2141
15;2141
15;2140
15;2140
15;2139
15;2139
15;2138
15;2138
15;2137
15;2137
15;2136
15;2136
15;2135
15;2135
15;2134
15;2134
15;2133
15;2133
15;2132
15;2132
15;2131
15;2131
15;2130
15;2130
15;2129
15;2129
15;2128
15;2128
15;2127
15;2127
15;2126
15;2126
15;2125
15;2125
15;2124
15;2124
15;2123
15;2123
15;2122
15;2122
15;2121
15;2121
15;2120
15;2120
15;2119
15;2119
15;2118
15;2118
15;2117
15;2117
15;2116
15;2116
15;2115
15;2115
15;2114
15;2114
15;2113
15;2113
15;2112
15;2112
15;2111
15;2111
15;2110
15;2110
15;2109
15;2109
15;2108
15;2108
15;2107
15;2107
15;2106
15;2106
15;2105
15;2105
15;2104
15;2104
15;2103
15;2103
15;2102
15;2102
15;2101
15;2101
15;2100
15;2100
15;2099
15;2099
15;2098
15;2098
15;2097
15;2097
15;2096
15;2096
15;2095
15;2095
15;2094
15;2094
15;2093
15;2093
15;2092
15;2092
15;2091
15;2091
15;2090
15;2090
15;2089
15;2089
15;2088
15;2088
15;2087
15;2087
15;2086
15;2086
15;2085
15;2085
15;2084
15;2084
15;2083
15;2083
15;2082
15;2082
15;2081
15;2081
15;2080
15;2080
15;2079
15;2079
15;2078
15;2078
15;2077
15;2077
15;2076
15;2076
15;2075
15;2075
15;2074
15;2074
15;2073
15;2073
15;2072
15;2072
15;2071
15;2071
15;2070
15;2070
15;2069
15;2069
15;2068
15;2068
15;2067
15;2067
15;2066
15;2066
15;2065
15;2065
15;2064
15;2064
15;2063
15;2063
15;2062
15;2062
15;2061
15;2061
15;2060
15;2060
15;2059
15;2059
15;2058
15;2058
15;2057
15;2057
15;2056
15;2056
15;2055
15;2055
15;2054
15;2054
15;2053
15;2053
15;2052
15;2052
15;2051
15;2051
15;2050
15;2050
15;2049
15;2049
15;2048
15;2048
15;2047
15;2047
15;2046
15;2046
15;2045
15;2045
15;2044
15;2044
15;2043
15;2043
15;2042
15;2042
15;2041
15;2041
15;2040
15;2040
15;2039
15;2039
15;2038
15;2038
15;2037
15;2037
15;2036
15;2036
15;2035
15;2035
15;2034
15;2034
15;2033
15;2033
15;2032
15;2032
15;2031
15;2031
15;2030
15;2030
15;2029
15;2029
15;2028
15;2028
15;2027
15;2027
15;2026
15;2026
15;2025
15;2025
15;2024
15;2024
15;2023
15;2023
15;2022
15;2022
15;2021
15;2021
15;2020
15;2020
15;2019
15;2019
15;2018
15;2018
15;2017
15;2017
15;2016
15;2016
15;2015
15;2015
15;2014
15;2014
15;2013
15;2013
15;2012
15;2012
15;2011
15;2011
15;2010
15;2010
15;2009
15;2009
15;2008
15;2008
15;2007
15;2007
15;2006
15;2006
15;2005
15;2005
15;2004
15;2004
15;2003
15;2003
15;2002
15;2002
15;2001
15;2001
15;2000
15;2000
15;1999
15;1999
15;1998
15;1998
15;1997
15;1997
15;1996
15;1996
15;1995
15;1995
15;1994
15;1994
15;1993
15;1993
15;1992
15;1992
15;1991
15;1991
15;1990
15;1990
15;1989
15;1989
15;1988
15;1988
15;1987
15;1987
15;1986
15;1986
15;1985
15;1985
15;1984
15;1984
15;1983
15;1983
15;1982
15;1982
15;1981
15;1981
15;1980
15;1980
15;1979
15;1979
15;1978
15;1978
15;1977
15;1977
15;1976
15;1976
15;1975
15;1975
15;1974
15;1974
15;1973
15;1973
15;1972
15;1972
15;1971
15;1971
15;1970
15;1970
15;1969
15;1969
15;1968
15;1968
15;1967
15;1967
15;1966
15;1966
15;1965
15;1965
15;1964
15;1964
15;1963
15;1963
15;1962
15;1962
15;1961
15;1961
15;1960
15;1960
15;1959
15;1959
15;1958
15;1958
15;1957
15;1957
15;1956
15;1956
15;1955
15;1955
15;1954
15;1954
15;1953
15;1953
15;1952
15;1952
15;1951
15;1951
15;1950
15;1950
15;1949
15;1949
15;1948
15;1948
15;1947
15;1947
15;1946
15;1946
15;1945
15;1945
15;1944
15;1944
15;1943
15;1943
15;1942
15;1942
15;1941
15;1941
15;1940
15;1940
15;1939
15;1939
15;1938
15;1938
15;1937
15;1937
15;1936
15;1936
15;1935
15;1935
15;1934
15;1934
15;1933
15;1933
15;1932
15;1932
15;1931
15;1931
15;1930
15;1930
15;1929
15;1929
15;1928
15;1928
15;1927
15;1927
15;1926
15;1926
15;1925
15;1925
15;1924
15;1924
15;1923
15;1923
15;1922
15;1922
15;1921
15;1921
15;1920
15;1920
15;1919
15;1919
15;1918
15;1918
15;1917
15;1917
15;1916
15;1916
15;1915
15;1915
15;1914
15;1914
15;1913
15;1913
15;1912
15;1912
15;1911
15;1911
15;1910
15;1910
15;1909
15;1909
15;1908
15;1908
15;1907
15;1907
15;1906
15;1906
15;1905
15;1905
15;1904
15;1904
15;1903
15;1903
15;1902
15;1902
15;1901
15;1901
15;1900
15;1900
15;1899
15;1899
15;1898
15;1898
15;1897
15;1897
15;1896
15;1896
15;1895
15;1895
15;1894
15;1894
15;1893
15;1893
15;1892
15;1892
15;1891
15;1891
15;1890
15;1890
15;1889
15;1889
15;1888
15;1888
15;1887
15;1887
15;1886
15;1886
15;1885
15;1885
15;1884
15;1884
15;1883
15;1883
15;1882
15;1882
15;1881
15;1881
15;1880
15;1880
15;1879
15;1879
15;1878
15;1878
15;1877
15;1877
15;1876
15;1876
15;1875
15;1875
15;1874
15;1874
15;1873
15;1873
15;1872
15;1872
15;1871
15;1871
15;1870
15;1870
15;1869
15;1869
15;1868
15;1868
15;1867
15;1867
15;1866
15;1866
15;1865
15;1865
15;1864
15;1864
15;1863
15;1863
15;1862
15;1862
15;1861
15;1861
15;1860
15;1860
15;1859
15;1859
15;1858
15;1858
15;1857
15;1857
15;1856
15;1856
15;1855
15;1855
15;1854
15;1854
15;1853
15;1853
15;1852
15;1852
15;1851
15;1851
15;1850
15;1850
15;1849
15;1849
15;1848
15;1848
15;1847
15;1847
15;1846
15;1846
15;1845
15;1845
15;1844
15;1844
15;1843
15;1843
15;1842
15;1842
15;1841
15;1841
15;1840
15;1840
15;1839
15;1839
15;1838
15;1838
15;1837
15;1837
15;1836
15;1836
15;1835
15;1835
15;1834
15;1834
15;1833
15;1833
15;1832
15;1832
15;1831
15;1831
15;1830
15;1830
15;1829
15;1829
15;1828
15;1828
15;1827
15;1827
15;1826
15;1826
15;1825
15;1825
15;1824
15;1824
15;1823
15;1823
15;1822
15;1822
15;1821
15;1821
15;1820
15;1820
15;1819
15;1819
15;1818
15;1818
15;1817
15;1817
15;1816
15;1816
15;1815
15;1815
15;1814
15;1814
15;1813
15;1813
15;1812
15;1812
15;1811
15;1811
15;1810
15;1810
15;1809
15;1809
15;1808
15;1808
15;1807
15;1807
15;1806
15;1806
15;1805
15;1805
15;1804
15;1804
15;1803
15;1803
15;1802
15;1802
15;1801
15;1801
15;1800
15;1800
15;1799
15;1799
15;1798
15;1798
15;1797
15;1797
15;1796
15;1796
15;1795
15;1795
15;1794
15;1794
15;1793
15;1793
15;1792
15;1792
15;1791
15;1791
15;1790
15;1790
15;1789
15;1789
15;1788
15;1788
15;1787
15;1787
15;1786
15;1786
15;1785
15;1785
15;1784
15;1784
15;1783
15;1783
15;1782
15;1782
15;1781
15;1781
15;1780
15;1780
15;1779
15;1779
15;1778
15;1778
15;1777
15;1777
15;1776
15;1776
15;1775
15;1775
15;1774
15;1774
15;1773
15;1773
15;1772
15;1772
15;1771
15;1771
15;1770
15;1770
15;1769
15;1769
15;1768
15;1768
15;1767
15;1767
15;1766
15;1766
15;1765
15;1765
15;1764
15;1764
15;1763
15;1763
15;1762
15;1762
15;1761
15;1761
15;1760
15;1760
15;1759
15;1759
15;1758
15;1758
15;1757
15;1757
15;1756
15;1756
15;1755
15;1755
15;1754
15;1754
15;1753
15;1753
15;1752
15;1752
15;1751
15;1751
15;1750
15;1750
15;1749
15;1749
15;1748
15;1748
15;1747
15;1747
15;1746
15;1746
15;1745
15;1745
15;1744
15;1744
15;1743
15;1743
15;1742
15;1742
15;1741
15;1741
15;1740
15;1740
15;1739
15;1739
15;1738
15;1738
15;1737
15;1737
15;1736
15;1736
15;1735
15;1735
15;1734
15;1734
15;1733
15;1733
15;1732
15;1732
15;1731
15;1731
15;1730
15;1730
15;1729
15;1729
15;1728
15;1728
15;1727
15;1727
15;1726
15;1726
15;1725
15;1725
15;1724
15;1724
15;1723
15;1723
15;1722
15;1722
15;1721
15;1721
15;1720
15;1720
15;1719
15;1719
15;1718
15;1718
15;1717
15;1717
15;1716
15;1716
15;1715
15;1715
15;1714
15;1714
15;1713
15;1713
15;1712
15;1712
15;1711
15;1711
15;1710
15;1710
15;1709
15;1709
15;1708
15;1708
15;1707
15;1707
15;1706
15;1706
15;1705
15;1705
15;1704
15;1704
15;1703
15;1703
15;1702
15;1702
15;1701
15;1701
15;1700
15;1700
15;1699
15;1699
15;1698
15;1698
15;1697
15;1697
15;1696
15;1696
15;1695
15;1695
15;1694
15;1694
15;1693
15;1693
15;1692
15;1692
15;1691
15;1691
15;1690
15;1690
15;1689
15;1689
15;1688
15;1688
15;1687
15;1687
15;1686
15;1686
15;1685
15;1685
15;1684
15;1684
15;1683
15;1683
15;1682
15;1682
15;1681
15;1681
15;1680
15;1680
15;1679
15;1679
15;1678
15;1678
15;1677
15;1677
15;1676
15;1676
15;1675
15;1675
15;1674
15;1674
15;1673
15;1673
15;1672
15;1672
15;1671
15;1671
15;1670
15;1670
15;1669
15;1669
15;1668
15;1668
15;1667
15;1667
15;1666
15;1666
15;1665
15;1665
15;1664
15;1664
15;1663
15;1663
15;1662
15;1662
15;1661
15;1661
15;1660
15;1660
15;1659
15;1659
15;1658
15;1658
15;1657
15;1657
15;1656
15;1656
15;1655
15;1655
15;1654
15;1654
15;1653
15;1653
15;1652
15;1652
15;1651
15;1651
15;1650
15;1650
15;1649
15;1649
15;1648
15;1648
15;1647
15;1647
15;1646
15;1646
15;1645
15;1645
15;1644
15;1644
15;1643
15;1643
15;1642
15;1642
15;1641
15;1641
15;1640
15;1640
15;1639
15;1639
15;1638
15;1638
15;1637
15;1637
15;1636
15;1636
15;1635
15;1635
15;1634
15;1634
15;1633
15;1633
15;1632
15;1632
15;1631
15;1631
15;1630
15;1630
15;1629
15;1629
15;1628
15;1628
15;1627
15;1627
15;1626
15;1626
15;1625
15;1625
15;1624
15;1624
15;1623
15;1623
15;1622
15;1622
15;1621
15;1621
15;1620
15;1620
15;1619
15;1619
15;1618
15;1618
15;1617
15;1617
15;1616
15;1616
15;1615
15;1615
15;1614
15;1614
15;1613
15;1613
15;1612
15;1612
15;1611
15;1611
15;1610
15;1610
15;1609
15;1609
15;1608
15;1608
15;1607
15;1607
15;1606
15;1606
15;1605
15;1605
15;1604
15;1604
15;1603
15;1603
15;1602
15;1602
15;1601
15;1601
15;1600
15;1600
15;1599
15;1599
15;1598
15;1598
15;1597
15;1597
15;1596
15;1596
15;1595
15;1595
15;1594
15;1594
15;1593
15;1593
15;1592
15;1592
15;1591
15;1591
15;1590
15;1590
15;1589
15;1589
15;1588
15;1588
15;1587
15;1587
15;1586
15;1586
15;1585
15;1585
15;1584
15;1584
15;1583
15;1583
15;1582
15;1582
15;1581
15;1581
15;1580
15;1580
15;1579
15;1579
15;1578
15;1578
15;1577
15;1577
15;1576
15;1576
15;1575
15;1575
15;1574
15;1574
15;1573
15;1573
15;1572
15;1572
15;1571
15;1571
15;1570
15;1570
15;1569
15;1569
15;1568
15;1568
15;1567
15;1567
15;1566
15;1566
15;1565
15;1565
15;1564
15;1564
15;1563
15;1563
15;1562
15;1562
15;1561
15;1561
15;1560
15;1560
15;1559
15;1559
15;1558
15;1558
15;1557
15;1557
15;1556
15;1556
15;1555
15;1555
15;1554
15;1554
15;1553
15;1553
15;1552
15;1552
15;1551
15;1551
15;1550
15;1550
15;1549
15;1549
15;1548
15;1548
15;1547
15;1547
15;1546
15;1546
15;1545
15;1545
15;1544
15;1544
15;1543
15;1543
15;1542
15;1542
15;1541
15;1541
15;1540
15;1540
15;1539
15;1539
15;1538
15;1538
15;1537
15;1537
15;1536
15;1536
15;1535
15;1535
15;1534
15;1534
15;1533
15;1533
15;1532
15;1532
15;1531
15;1531
15;1530
15;1530
15;1529
15;1529
15;1528
15;1528
15;1527
15;1527
15;1526
15;1526
15;1525
15;1525
15;1524
15;1524
15;1523
15;1523
15;1522
15;1522
15;1521
15;1521
15;1520
15;1520
15;1519
15;1519
15;1518
15;1518
15;1517
15;1517
15;1516
15;1516
15;1515
15;1515
15;1514
15;1514
15;1513
15;1513
15;1512
15;1512
15;1511
15;1511
15;1510
15;1510
15;1509
15;1509
15;1508
15;1508
15;1507
15;1507
15;1506
15;1506
15;1505
15;1505
15;1504
15;1504
15;1503
15;1503
15;1502
15;1502
15;1501
15;1501
15;1500
15;1500
15;1499
15;1499
15;1498
15;1498
15;1497
15;1497
15;1496
15;1496
15;1495
15;1495
15;1494
15;1494
15;1493
15;1493
15;1492
15;1492
15;1491
15;1491
15;1490
15;1490
15;1489
15;1489
15;1488
15;1488
15;1487
15;1487
15;1486
15;1486
15;1485
15;1485
15;1484
15;1484
15;1483
15;1483
15;1482
15;1482
15;1481
15;1481
15;1480
15;1480
15;1479
15;1479
15;1478
15;1478
15;1477
15;1477
15;1476
15;1476
15;1475
15;1475
15;1474
15;1474
15;1473
15;1473
15;1472
15;1472
15;1471
15;1471
15;1470
15;1470
15;1469
15;1469
15;1468
15;1468
15;1467
15;1467
15;1466
15;1466
15;1465
15;1465
15;1464
15;1464
15;1463
15;1463
15;1462
15;1462
15;1461
15;1461
15;1460
15;1460
15;1459
15;1459
15;1458
15;1458
15;1457
15;1457
15;1456
15;1456
15;1455
15;1455
15;1454
15;1454
15;1453
15;1453
15;1452
15;1452
15;1451
15;1451
15;1450
15;1450
15;1449
15;1449
15;1448
15;1448
15;1447
15;1447
15;1446
15;1446
15;1445
15;1445
15;1444
15;1444
15;1443
15;1443
15;1442
15;1442
15;1441
15;1441
15;1440
15;1440
15;1439
15;1439
15;1438
15;1438
15;1437
15;1437
15;1436
15;1436
15;1435
15;1435
15;1434
15;1434
15;1433
15;1433
15;1432
15;1432
15;1431
15;1431
15;1430
15;1430
15;1429
15;1429
15;1428
15;1428
15;1427
15;1427
15;1426
15;1426
15;1425
15;1425
15;1424
15;1424
15;1423
15;1423
15;1422
15;1422
15;1421
15;1421
15;1420
15;1420
15;1419
15;1419
15;1418
15;1418
15;1417
15;1417
15;1416
15;1416
15;1415
15;1415
15;1414
15;1414
15;1413
15;1413
15;1412
15;1412
15;1411
15;1411
15;1410
15;1410
15;1409
15;1409
15;1408
15;1408
15;1407
15;1407
15;1406
15;1406
15;1405
15;1405
15;1404
15;1404
15;1403
15;1403
15;1402
15;1402
15;1401
15;1401
15;1400
15;1400
15;1399
15;1399
15;1398
15;1398
15;1397
15;1397
15;1396
15;1396
15;1395
15;1395
15;1394
15;1394
15;1393
15;1393
15;1392
15;1392
15;1391
15;1391
15;1390
15;1390
15;1389
15;1389
15;1388
15;1388
15;1387
15;1387
15;1386
15;1386
15;1385
15;1385
15;1384
15;1384
15;1383
15;1383
15;1382
15;1382
15;1381
15;1381
15;1380
15;1380
15;1379
15;1379
15;1378
15;1378
15;1377
15;1377
15;1376
15;1376
15;1375
15;1375
15;1374
15;1374
15;1373
15;1373
15;1372
15;1372
15;1371
15;1371
15;1370
15;1370
15;1369
15;1369
15;1368
15;1368
15;1367
15;1367
15;1366
15;1366
15;1365
15;1365
15;1364
15;1364
15;1363
15;1363
15;1362
15;1362
15;1361
15;1361
15;1360
15;1360
15;1359
15;1359
15;1358
15;1358
15;1357
15;1357
15;1356
15;1356
15;1355
15;1355
15;1354
15;1354
15;1353
15;1353
15;1352
15;1352
15;1351
15;1351
15;1350
15;1350
15;1349
15;1349
15;1348
15;1348
15;1347
15;1347
15;1346
15;1346
15;1345
15;1345
15;1344
15;1344
15;1343
15;1343
15;1342
15;1342
15;1341
15;1341
15;1340
15;1340
15;1339
15;1339
15;1338
15;1338
15;1337
15;1337
15;1336
15;1336
15;1335
15;1335
15;1334
15;1334
15;1333
15;1333
15;1332
15;1332
15;1331
15;1331
15;1330
15;1330
15;1329
15;1329
15;1328
15;1328
15;1327
15;1327
15;1326
15;1326
15;1325
15;1325
15;1324
15;1324
15;1323
15;1323
15;1322
15;1322
15;1321
15;1321
15;1320
15;1320
15;1319
15;1319
15;1318
15;1318
15;1317
15;1317
15;1316
15;1316
15;1315
15;1315
15;1314
15;1314
15;1313
15;1313
15;1312
15;1312
15;1311
15;1311
15;1310
15;1310
15;1309
15;1309
15;1308
15;1308
15;1307
15;1307
15;1306
15;1306
15;1305
15;1305
15;1304
15;1304
15;1303
15;1303
15;1302
15;1302
15;1301
15;1301
15;1300
15;1300
15;1299
15;1299
15;1298
15;1298
15;1297
15;1297
15;1296
15;1296
15;1295
15;1295
15;1294
15;1294
15;1293
15;1293
15;1292
15;1292
15;1291
15;1291
15;1290
15;1290
15;1289
15;1289
15;1288
15;1288
15;1287
15;1287
15;1286
15;1286
15;1285
15;1285
15;1284
15;1284
15;1283
15;1283
15;1282
15;1282
15;1281
15;1281
15;1280
15;1280
15;1279
15;1279
15;1278
15;1278
15;1277
15;1277
15;1276
15;1276
15;1275
15;1275
15;1274
15;1274
15;1273
15;1273
15;1272
15;1272
15;1271
15;1271
15;1270
15;1270
15;1269
15;1269
15;1268
15;1268
15;1267
15;1267
15;1266
15;1266
15;1265
15;1265
15;1264
15;1264
15;1263
15;1263
15;1262
15;1262
15;1261
15;1261
15;1260
15;1260
15;1259
15;1259
15;1258
15;1258
15;1257
15;1257
15;1256
15;1256
15;1255
15;1255
15;1254
15;1254
15;1253
15;1253
15;1252
15;1252
15;1251
15;1251
15;1250
15;1250
15;1249
15;1249
15;1248
15;1248
15;1247
15;1247
15;1246
15;1246
15;1245
15;1245
15;1244
15;1244
15;1243
15;1243
15;1242
15;1242
15;1241
15;1241
15;1240
15;1240
15;1239
15;1239
15;1238
15;1238
15;1237
15;1237
15;1236
15;1236
15;1235
15;1235
15;1234
15;1234
15;1233
15;1233
15;1232
15;1232
15;1231
15;1231
15;1230
15;1230
15;1229
15;1229
15;1228
15;1228
15;1227
15;1227
15;1226
15;1226
15;1225
15;1225
15;1224
15;1224
15;1223
15;1223
15;1222
15;1222
15;1221
15;1221
15;1220
15;1220
15;1219
15;1219
15;1218
15;1218
15;1217
15;1217
15;1216
15;1216
15;1215
15;1215
15;1214
15;1214
15;1213
15;1213
15;1212
15;1212
15;1211
15;1211
15;1210
15;1210
15;1209
15;1209
15;1208
15;1208
15;1207
15;1207
15;1206
15;1206
15;1205
15;1205
15;1204
15;1204
15;1203
15;1203
15;1202
15;1202
15;1201
15;1201
15;1200
15;1200
15;1199
15;1199
15;1198
15;1198
15;1197
15;1197
15;1196
15;1196
15;1195
15;1195
15;1194
15;1194
15;1193
15;1193
15;1192
15;1192
15;1191
15;1191
15;1190
15;1190
15;1189
15;1189
15;1188
15;1188
15;1187
15;1187
15;1186
15;1186
15;1185
15;1185
15;1184
15;1184
15;1183
15;1183
15;1182
15;1182
15;1181
15;1181
15;1180
15;1180
15;1179
15;1179
15;1178
15;1178
15;1177
15;1177
15;1176
15;1176
15;1175
15;1175
15;1174
15;1174
15;1173
15;1173
15;1172
15;1172
15;1171
15;1171
15;1170
15;1170
15;1169
15;1169
15;1168
15;1168
15;1167
15;1167
15;1166
15;1166
15;1165
15;1165
15;1164
15;1164
15;1163
15;1163
15;1162
15;1162
15;1161
15;1161
15;1160
15;1160
15;1159
15;1159
15;1158
15;1158
15;1157
15;1157
15;1156
15;1156
15;1155
15;1155
15;1154
15;1154
15;1153
15;1153
15;1152
15;1152
15;1151
15;1151
15;1150
15;1150
15;1149
15;1149
15;1148
15;1148
15;1147
15;1147
15;1146
15;1146
15;1145
15;1145
15;1144
15;1144
15;1143
15;1143
15;1142
15;1142
15;1141
15;1141
15;1140
15;1140
15;1139
15;1139
15;1138
15;1138
15;1137
15;1137
15;1136
15;1136
15;1135
15;1135
15;1134
15;1134
15;1133
15;1133
15;1132
15;1132
15;1131
15;1131
15;1130
15;1130
15;1129
15;1129
15;1128
15;1128
15;1127
15;1127
15;1126
15;1126
15;1125
15;1125
15;1124
15;1124
15;1123
15;1123
15;1122
15;1122
15;1121
15;1121
15;1120
15;1120
15;1119
15;1119
15;1118
15;1118
15;1117
15;1117
15;1116
15;1116
15;1115
15;1115
15;1114
15;1114
15;1113
15;1113
15;1112
15;1112
15;1111
15;1111
15;1110
15;1110
15;1109
15;1109
15;1108
15;1108
15;1107
15;1107
15;1106
15;1106
15;1105
15;1105
15;1104
15;1104
15;1103
15;1103
15;1102
15;1102
15;1101
15;1101
15;1100
15;1100
15;1099
15;1099
15;1098
15;1098
15;1097
15;1097
15;1096
15;1096
15;1095
15;1095
15;1094
15;1094
15;1093
15;1093
15;1092
15;1092
15;1091
15;1091
15;1090
15;1090
15;1089
15;1089
15;1088
15;1088
15;1087
15;1087
15;1086
15;1086
15;1085
15;1085
15;1084
15;1084
15;1083
15;1083
15;1082
15;1082
15;1081
15;1081
15;1080
15;1080
15;1079
15;1079
15;1078
15;1078
15;1077
15;1077
15;1076
15;1076
15;1075
15;1075
15;1074
15;1074
15;1073
15;1073
15;1072
15;1072
15;1071
15;1071
15;1070
15;1070
15;1069
15;1069
15;1068
15;1068
15;1067
15;1067
15;1066
15;1066
15;1065
15;1065
15;1064
15;1064
15;1063
15;1063
15;1062
15;1062
15;1061
15;1061
15;1060
15;1060
15;1059
15;1059
15;1058
15;1058
15;1057
15;1057
15;1056
15;1056
15;1055
15;1055
15;1054
15;1054
15;1053
15;1053
15;1052
15;1052
15;1051
15;1051
15;1050
15;1050
15;1049
15;1049
15;1048
15;1048
15;1047
15;1047
15;1046
15;1046
15;1045
15;1045
15;1044
15;1044
15;1043
15;1043
15;1042
15;1042
15;1041
15;1041
15;1040
15;1040
15;1039
15;1039
15;1038
15;1038
15;1037
15;1037
15;1036
15;1036
15;1035
15;1035
15;1034
15;1034
15;1033
15;1033
15;1032
15;1032
15;1031
15;1031
15;1030
15;1030
15;1029
15;1029
15;1028
15;1028
15;1027
15;1027
15;1026
15;1026
15;1025
15;1025
15;1024
15;1024
15;1023
15;1023
15;1022
15;1022
15;1021
15;1021
15;1020
15;1020
15;1019
15;1019
15;1018
15;1018
15;1017
15;1017
15;1016
15;1016
15;1015
15;1015
15;1014
15;1014
15;1013
15;1013
15;1012
15;1012
15;1011
15;1011
15;1010
15;1010
15;1009
15;1009
15;1008
15;1008
15;1007
15;1007
15;1006
15;1006
15;1005
15;1005
15;1004
15;1004
15;1003
15;1003
15;1002
15;1002
15;1001
15;1001
15;1000
15;1000
15;999
15;999
15;998
15;998
15;997
15;997
15;996
15;996
15;995
15;995
15;994
15;994
15;993
15;993
15;992
15;992
15;991
15;991
15;990
15;990
15;989
15;989
15;988
15;988
15;987
15;987
15;986
15;986
15;985
15;985
15;984
15;984
15;983
15;983
15;982
15;982
15;981
15;981
15;980
15;980
15;979
15;979
15;978
15;978
15;977
15;977
15;976
15;976
15;975
15;975
15;974
15;974
15;973
15;973
15;972
15;972
15;971
15;971
15;970
15;970
15;969
15;969
15;968
15;968
15;967
15;967
15;966
15;966
15;965
15;965
15;964
15;964
15;963
15;963
15;962
15;962
15;961
15;961
15;960
15;960
15;959
15;959
15;958
15;958
15;957
15;957
15;956
15;956
15;955
15;955
15;954
15;954
15;953
15;953
15;952
15;952
15;951
15;951
15;950
15;950
15;949
15;949
15;948
15;948
15;947
15;947
15;946
15;946
15;945
15;945
15;944
15;944
15;943
15;943
15;942
15;942
15;941
15;941
15;940
15;940
15;939
15;939
15;938
15;938
15;937
15;937
15;936
15;936
15;935
15;935
15;934
15;934
15;933
15;933
15;932
15;932
15;931
15;931
15;930
15;930
15;929
15;929
15;928
15;928
15;927
15;927
15;926
15;926
15;925
15;925
15;924
15;924
15;923
15;923
15;922
15;922
15;921
15;921
15;920
15;920
15;919
15;919
15;918
15;918
15;917
15;917
15;916
15;916
15;915
15;915
15;914
15;914
15;913
15;913
15;912
15;912
15;911
15;911
15;910
15;910
15;909
15;909
15;908
15;908
15;907
15;907
15;906
15;906
15;905
15;905
15;904
15;904
15;903
15;903
15;902
15;902
15;901
15;901
15;900
15;900
15;899
15;899
15;898
15;898
15;897
15;897
15;896
15;896
15;895
15;895
15;894
15;894
15;893
15;893
15;892
15;892
15;891
15;891
15;890
15;890
15;889
15;889
15;888
15;888
15;887
15;887
15;886
15;886
15;885
15;885
15;884
15;884
15;883
15;883
15;882
15;882
15;881
15;881
15;880
15;880
15;879
15;879
15;878
15;878
15;877
15;877
15;876
15;876
15;875
15;875
15;874
15;874
15;873
15;873
15;872
15;872
15;871
15;871
15;870
15;870
15;869
15;869
15;868
15;868
15;867
15;867
15;866
15;866
15;865
15;865
15;864
15;864
15;863
15;863
15;862
15;862
15;861
15;861
15;860
15;860
15;859
15;859
15;858
15;858
15;857
15;857
15;856
15;856
15;855
15;855
15;854
15;854
15;853
15;853
15;852
15;852
15;851
15;851
15;850
15;850
15;849
15;849
15;848
15;848
15;847
15;847
15;846
15;846
15;845
15;845
15;844
15;844
15;843
15;843
15;842
15;842
15;841
15;841
15;840
15;840
15;839
15;839
15;838
15;838
15;837
15;837
15;836
15;836
15;835
15;835
15;834
15;834
15;833
15;833
15;832
15;832
15;831
15;831
15;830
15;830
15;829
15;829
15;828
15;828
15;827
15;827
15;826
15;826
15;825
15;825
15;824
15;824
15;823
15;823
15;822
15;822
15;821
15;821
15;820
15;820
15;819
15;819
15;818
15;818
15;817
15;817
15;816
15;816
15;815
15;815
15;814
15;814
15;813
15;813
15;812
15;812
15;811
15;811
15;810
15;810
15;809
15;809
15;808
15;808
15;807
15;807
15;806
15;806
15;805
15;805
15;804
15;804
15;803
15;803
15;802
15;802
15;801
15;801
15;800
15;800
15;799
15;799
15;798
15;798
15;797
15;797
15;796
15;796
15;795
15;795
15;794
15;794
15;793
15;793
15;792
15;792
15;791
15;791
15;790
15;790
15;789
15;789
15;788
15;788
15;787
15;787
15;786
15;786
15;785
15;785
15;784
15;784
15;783
15;783
15;782
15;782
15;781
15;781
15;780
15;780
15;779
15;779
15;778
15;778
15;777
15;777
15;776
15;776
15;775
15;775
15;774
15;774
15;773
15;773
15;772
15;772
15;771
15;771
15;770
15;770
15;769
15;769
15;768
15;768
15;767
15;767
15;766
15;766
15;765
15;765
15;764
15;764
15;763
15;763
15;762
15;762
15;761
15;761
15;760
15;760
15;759
15;759
15;758
15;758
15;757
15;757
15;756
15;756
15;755
15;755
15;754
15;754
15;753
15;753
15;752
15;752
15;751
15;751
15;750
15;750
15;749
15;749
15;748
15;748
15;747
15;747
15;746
15;746
15;745
15;745
15;744
15;744
15;743
15;743
15;742
15;742
15;741
15;741
15;740
15;740
15;739
15;739
15;738
15;738
15;737
15;737
15;736
15;736
15;735
15;735
15;734
15;734
15;733
15;733
15;732
15;732
15;731
15;731
15;730
15;730
15;729
15;729
15;728
15;728
15;727
15;727
15;726
15;726
15;725
15;725
15;724
15;724
15;723
15;723
15;722
15;722
15;721
15;721
15;720
15;720
15;719
15;719
15;718
15;718
15;717
15;717
15;716
15;716
15;715
15;715
15;714
15;714
15;713
15;713
15;712
15;712
15;711
15;711
15;710
15;710
15;709
15;709
15;708
15;708
15;707
15;707
15;706
15;706
15;705
15;705
15;704
15;704
15;703
15;703
15;702
15;702
15;701
15;701
15;700
15;700
15;699
15;699
15;698
15;698
15;697
15;697
15;696
15;696
15;695
15;695
15;694
15;694
15;693
15;693
15;692
15;692
15;691
15;691
15;690
15;690
15;689
15;689
15;688
15;688
15;687
15;687
15;686
15;686
15;685
15;685
15;684
15;684
15;683
15;683
15;682
15;682
15;681
15;681
15;680
15;680
15;679
15;679
15;678
15;678
15;677
15;677
15;676
15;676
15;675
15;675
15;674
15;674
15;673
15;673
15;672
15;672
15;671
15;671
15;670
15;670
15;669
15;669
15;668
15;668
15;667
15;667
15;666
15;666
15;665
15;665
15;664
15;664
15;663
15;663
15;662
15;662
15;661
15;661
15;660
15;660
15;659
15;659
15;658
15;658
15;657
15;657
15;656
15;656
15;655
15;655
15;654
15;654
15;653
15;653
15;652
15;652
15;651
15;651
15;650
15;650
15;649
15;649
15;648
15;648
15;647
15;647
15;646
15;646
15;645
15;645
15;644
15;644
15;643
15;643
15;642
15;642
15;641
15;641
15;640
15;640
15;639
15;639
15;638
15;638
15;637
15;637
15;636
15;636
15;635
15;635
15;634
15;634
15;633
15;633
15;632
15;632
15;631
15;631
15;630
15;630
15;629
15;629
15;628
15;628
15;627
15;627
15;626
15;626
15;625
15;625
15;624
15;624
15;623
15;623
15;622
15;622
15;621
15;621
15;620
15;620
15;619
15;619
15;618
15;618
15;617
15;617
15;616
15;616
15;615
15;615
15;614
15;614
15;613
15;613
15;612
15;612
15;611
15;611
15;610
15;610
15;609
15;609
15;608
15;608
15;607
15;607
15;606
15;606
15;605
15;605
15;604
15;604
15;603
15;603
15;602
15;602
15;601
15;601
15;600
15;600
15;599
15;599
15;598
15;598
15;597
15;597
15;596
15;596
15;595
15;595
15;594
15;594
15;593
15;593
15;592
15;592
15;591
15;591
15;590
15;590
15;589
15;589
15;588
15;588
15;587
15;587
15;586
15;586
15;585
15;585
15;584
15;584
15;583
15;583
15;582
15;582
15;581
15;581
15;580
15;580
15;579
15;579
15;578
15;578
15;577
15;577
15;576
15;576
15;575
15;575
15;574
15;574
15;573
15;573
15;572
15;572
15;571
15;571
15;570
15;570
15;569
15;569
15;568
15;568
15;567
15;567
15;566
15;566
15;565
15;565
15;564
15;564
15;563
15;563
15;562
15;562
15;561
15;561
15;560
15;560
15;559
15;559
15;558
15;558
15;557
15;557
15;556
15;556
15;555
15;555
15;554
15;554
15;553
15;553
15;552
15;552
15;551
15;551
15;550
15;550
15;549
15;549
15;548
15;548
15;547
15;547
15;546
15;546
15;545
15;545
15;544
15;544
15;543
15;543
15;542
15;542
15;541
15;541
15;540
15;540
15;539
15;539
15;538
15;538
15;537
15;537
15;536
15;536
15;535
15;535
15;534
15;534
15;533
15;533
15;532
15;532
15;531
15;531
15;530
15;530
15;529
15;529
15;528
15;528
15;527
15;527
15;526
15;526
15;525
15;525
15;524
15;524
15;523
15;523
15;522
15;522
15;521
15;521
15;520
15;520
15;519
15;519
15;518
15;518
15;517
15;517
15;516
15;516
15;515
15;515
15;514
15;514
15;513
15;513
15;512
15;512
15;511
15;511
15;510
15;510
15;509
15;509
15;508
15;508
15;507
15;507
15;506
15;506
15;505
15;505
15;504
15;504
15;503
15;503
15;502
15;502
15;501
15;501
15;500
15;500
15;499
15;499
15;498
15;498
15;497
15;497
15;496
15;496
15;495
15;495
15;494
15;494
15;493
15;493
15;492
15;492
15;491
15;491
15;490
15;490
15;489
15;489
15;488
15;488
15;487
15;487
15;486
15;486
15;485
15;485
15;484
15;484
15;483
15;483
15;482
15;482
15;481
15;481
15;480
15;480
15;479
15;479
15;478
15;478
15;477
15;477
15;476
15;476
15;475
15;475
15;474
15;474
15;473
15;473
15;472
15;472
15;471
15;471
15;470
15;470
15;469
15;469
15;468
15;468
15;467
15;467
15;466
15;466
15;465
15;465
15;464
15;464
15;463
15;463
15;462
15;462
15;461
15;461
15;460
15;460
15;459
15;459
15;458
15;458
15;457
15;457
15;456
15;456
15;455
15;455
15;454
15;454
15;453
15;453
15;452
15;452
15;451
15;451
15;450
15;450
15;449
15;449
15;448
15;448
15;447
15;447
15;446
15;446
15;445
15;445
15;444
15;444
15;443
15;443
15;442
15;442
15;441
15;441
15;440
15;440
15;439
15;439
15;438
15;438
15;437
15;437
15;436
15;436
15;435
15;435
15;434
15;434
15;433
15;433
15;432
15;432
15;431
15;431
15;430
15;430
15;429
15;429
15;428
15;428
15;427
15;427
15;426
15;426
15;425
15;425
15;424
15;424
15;423
15;423
15;422
15;422
15;421
15;421
15;420
15;420
15;419
15;419
15;418
15;418
15;417
15;417
15;416
15;416
15;415
15;415
15;414
15;414
15;413
15;413
15;412
15;412
15;411
15;411
15;410
15;410
15;409
15;409
15;408
15;408
15;407
15;407
15;406
15;406
15;405
15;405
15;404
15;404
15;403
15;403
15;402
15;402
15;401
15;401
15;400
15;400
15;399
15;399
15;398
15;398
15;397
15;397
15;396
15;396
15;395
15;395
15;394
15;394
15;393
15;393
15;392
15;392
15;391
15;391
15;390
15;390
15;389
15;389
15;388
15;388
15;387
15;387
15;386
15;386
15;385
15;385
15;384
15;384
15;383
15;383
15;382
15;382
15;381
15;381
15;380
15;380
15;379
15;379
15;378
15;378
15;377
15;377
15;376
15;376
15;375
15;375
15;374
15;374
15;373
15;373
15;372
15;372
15;371
15;371
15;370
15;370
15;369
15;369
15;368
15;368
15;367
15;367
15;366
15;366
15;365
15;365
15;364
15;364
15;363
15;363
15;362
15;362
15;361
15;361
15;360
15;360
15;359
15;359
15;358
15;358
15;357
15;357
15;356
15;356
15;355
15;355
15;354
15;354
15;353
15;353
15;352
15;352
15;351
15;351
15;350
15;350
15;349
15;349
15;348
15;348
15;347
15;347
15;346
15;346
15;345
15;345
15;344
15;344
15;343
15;343
15;342
15;342
15;341
15;341
15;340
15;340
15;339
15;339
15;338
15;338
15;337
15;337
15;336
15;336
15;335
15;335
15;334
15;334
15;333
15;333
15;332
15;332
15;331
15;331
15;330
15;330
15;329
15;329
15;328
15;328
15;327
15;327
15;326
15;326
15;325
15;325
15;324
15;324
15;323
15;323
15;322
15;322
15;321
15;321
15;320
15;320
15;319
15;319
15;318
15;318
15;317
15;317
15;316
15;316
15;315
15;315
15;314
15;314
15;313
15;313
15;312
15;312
15;311
15;311
15;310
15;310
15;309
15;309
15;308
15;308
15;307
15;307
15;306
15;306
15;305
15;305
15;304
15;304
15;303
15;303
15;302
15;302
15;301
15;301
15;300
15;300
15;299
15;299
15;298
15;298
15;297
15;297
15;296
15;296
15;295
15;295
15;294
15;294
15;293
15;293
15;292
15;292
15;291
15;291
15;290
15;290
15;289
15;289
15;288
15;288
15;287
15;287
15;286
15;286
15;285
15;285
15;284
15;284
15;283
15;283
15;282
15;282
15;281
15;281
15;280
15;280
15;279
15;279
15;278
15;278
15;277
15;277
15;276
15;276
15;275
15;275
15;274
15;274
15;273
15;273
15;272
15;272
15;271
15;271
15;270
15;270
15;269
15;269
15;268
15;268
15;267
15;267
15;266
15;266
15;265
15;265
15;264
15;264
15;263
15;263
15;262
15;262
15;261
15;261
15;260
15;260
15;259
15;259
15;258
15;258
15;257
15;257
15;256
15;256
15;255
15;255
15;254
15;254
15;253
15;253
15;252
15;252
15;251
15;251
15;250
15;250
15;249
15;249
15;248
15;248
15;247
15;247
15;246
15;246
15;245
15;245
15;244
15;244
15;243
15;243
15;242
15;242
15;241
15;241
15;240
15;240
15;239
15;239
15;238
15;238
15;237
15;237
15;236
15;236
15;235
15;235
15;234
15;234
15;233
15;233
15;232
15;232
15;231
15;231
15;230
15;230
15;229
15;229
15;228
15;228
15;227
15;227
15;226
15;226
15;225
15;225
15;224
15;224
15;223
15;223
15;222
15;222
15;221
15;221
15;220
15;220
15;219
15;219
15;218
15;218
15;217
15;217
15;216
15;216
15;215
15;215
15;214
15;214
15;213
15;213
15;212
15;212
15;211
15;211
15;210
15;210
15;209
15;209
15;208
15;208
15;207
15;207
15;206
15;206
15;205
15;205
15;204
15;204
15;203
15;203
15;202
15;202
15;201
15;201
15;200
15;200
15;199
15;199
15;198
15;198
15;197
15;197
15;196
15;196
15;195
15;195
15;194
15;194
15;193
15;193
15;192
15;192
15;191
15;191
15;190
15;190
15;189
15;189
15;188
15;188
15;187
15;187
15;186
15;186
15;185
15;185
15;184
15;184
15;183
15;183
15;182
15;182
15;181
15;181
15;180
15;180
15;179
15;179
15;178
15;178
15;177
15;177
15;176
15;176
15;175
15;175
15;174
15;174
15;173
15;173
15;172
15;172
15;171
15;171
15;170
15;170
15;169
15;169
15;168
15;168
15;167
15;167
15;166
15;166
15;165
15;165
15;164
15;164
15;163
15;163
15;162
15;162
15;161
15;161
15;160
15;160
15;159
15;159
15;158
15;158
15;157
15;157
15;156
15;156
15;155
15;155
15;154
15;154
15;153
15;153
15;152
15;152
15;151
15;151
15;150
15;150
15;149
15;149
15;148
15;148
15;147
15;147
15;146
15;146
15;145
15;145
15;144
15;144
15;143
15;143
15;142
15;142
15;141
15;141
15;140
15;140
15;139
15;139
15;138
15;138
15;137
15;137
15;136
15;136
15;135
15;135
15;134
15;134
15;133
15;133
15;132
15;132
15;131
15;131
15;130
15;130
15;129
15;129
15;128
15;128
15;127
15;127
15;126
15;126
15;125
15;125
15;124
15;124
15;123
15;123
15;122
15;122
15;121
15;121
15;120
15;120
15;119
15;119
15;118
15;118
15;117
15;117
15;116
15;116
15;115
15;115
15;114
15;114
15;113
15;113
15;112
15;112
15;111
15;111
15;110
15;110
15;109
15;109
15;108
15;108
15;107
15;107
15;106
15;106
15;105
15;105
15;104
15;104
15;103
15;103
15;102
15;102
15;101
15;101
15;100
15;100
15;99
15;99
15;98
15;98
15;97
15;97
15;96
15;96
15;95
15;95
15;94
15;94
15;93
15;93
15;92
15;92
15;91
15;91
15;90
15;90
15;89
15;89
15;88
15;88
15;87
15;87
15;86
15;86
15;85
15;85
15;84
15;84
15;83
15;83
15;82
15;82
15;81
15;81
15;80
15;80
15;79
15;79
15;78
15;78
15;77
15;77
15;76
15;76
15;75
15;75
15;74
15;74
15;73
15;73
15;72
15;72
15;71
15;71
15;70
15;70
15;69
15;69
15;68
15;68
15;67
15;67
15;66
15;66
15;65
15;65
15;64
15;64
15;63
15;63
15;62
15;62
15;61
15;61
15;60
15;60
15;59
15;59
15;58
15;58
15;57
15;57
15;56
15;56
15;55
15;55
15;54
15;54
15;53
15;53
15;52
15;52
15;51
15;51
15;50
15;50
15;49
15;49
15;48
15;48
15;47
15;47
15;46
15;46
15;45
15;45
15;44
15;44
15;43
15;43
15;42
15;42
15;41
15;41
15;40
15;40
15;39
15;39
15;38
15;38
15;37
15;37
15;36
15;36
15;35
15;35
15;34
15;34
15;33
15;33
15;32
15;32
15;31
15;31
15;30
15;30
15;29
15;29
15;28
15;28
15;27
15;27
15;26
15;26
15;25
15;25
15;24
15;24
15;23
15;23
15;22
15;22
15;21
15;21
15;20
15;20
15;19
15;19
15;18
15;18
15;17
15;17
15;16
15;16
15;15
15;15
15;14
15;14
15;13
15;13
15;12
15;12
15;11
15;11
15;10
15;10
15;9
15;9
15;8
15;8
15;7
15;7
15;6
15;6
15;5
15;5
15;4
15;4
15;3
15;3
15;2
15;2
15;1
15;1
16;1708
16;1708
16;1707
16;1707
16;1706
16;1706
16;1705
16;1705
16;1704
16;1704
16;1703
16;1703
16;1702
16;1702
16;1701
16;1701
16;1700
16;1700
16;1699
16;1699
16;1698
16;1698
16;1697
16;1697
16;1696
16;1696
16;1695
16;1695
16;1694
16;1694
16;1693
16;1693
16;1692
16;1692
16;1691
16;1691
16;1690
16;1690
16;1689
16;1689
16;1688
16;1688
16;1687
16;1687
16;1686
16;1686
16;1685
16;1685
16;1684
16;1684
16;1683
16;1683
16;1682
16;1682
16;1681
16;1681
16;1680
16;1680
16;1679
16;1679
16;1678
16;1678
16;1677
16;1677
16;1676
16;1676
16;1675
16;1675
16;1674
16;1674
16;1673
16;1673
16;1672
16;1672
16;1671
16;1671
16;1670
16;1670
16;1669
16;1669
16;1668
16;1668
16;1667
16;1667
16;1666
16;1666
16;1665
16;1665
16;1664
16;1664
16;1663
16;1663
16;1662
16;1662
16;1661
16;1661
16;1660
16;1660
16;1659
16;1659
16;1658
16;1658
16;1657
16;1657
16;1656
16;1656
16;1655
16;1655
16;1654
16;1654
16;1653
16;1653
16;1652
16;1652
16;1651
16;1651
16;1650
16;1650
16;1649
16;1649
16;1648
16;1648
16;1647
16;1647
16;1646
16;1646
16;1645
16;1645
16;1644
16;1644
16;1643
16;1643
16;1642
16;1642
16;1641
16;1641
16;1640
16;1640
16;1639
16;1639
16;1638
16;1638
16;1637
16;1637
16;1636
16;1636
16;1635
16;1635
16;1634
16;1634
16;1633
16;1633
16;1632
16;1632
16;1631
16;1631
16;1630
16;1630
16;1629
16;1629
16;1628
16;1628
16;1627
16;1627
16;1626
16;1626
16;1625
16;1625
16;1624
16;1624
16;1623
16;1623
16;1622
16;1622
16;1621
16;1621
16;1620
16;1620
16;1619
16;1619
16;1618
16;1618
16;1617
16;1617
16;1616
16;1616
16;1615
16;1615
16;1614
16;1614
16;1613
16;1613
16;1612
16;1612
16;1611
16;1611
16;1610
16;1610
16;1609
16;1609
16;1608
16;1608
16;1607
16;1607
16;1606
16;1606
16;1605
16;1605
16;1604
16;1604
16;1603
16;1603
16;1602
16;1602
16;1601
16;1601
16;1600
16;1600
16;1599
16;1599
16;1598
16;1598
16;1597
16;1597
16;1596
16;1596
16;1595
16;1595
16;1594
16;1594
16;1593
16;1593
16;1592
16;1592
16;1591
16;1591
16;1590
16;1590
16;1589
16;1589
16;1588
16;1588
16;1587
16;1587
16;1586
16;1586
16;1585
16;1585
16;1584
16;1584
16;1583
16;1583
16;1582
16;1582
16;1581
16;1581
16;1580
16;1580
16;1579
16;1579
16;1578
16;1578
16;1577
16;1577
16;1576
16;1576
16;1575
16;1575
16;1574
16;1574
16;1573
16;1573
16;1572
16;1572
16;1571
16;1571
16;1570
16;1570
16;1569
16;1569
16;1568
16;1568
16;1567
16;1567
16;1566
16;1566
16;1565
16;1565
16;1564
16;1564
16;1563
16;1563
16;1562
16;1562
16;1561
16;1561
16;1560
16;1560
16;1559
16;1559
16;1558
16;1558
16;1557
16;1557
16;1556
16;1556
16;1555
16;1555
16;1554
16;1554
16;1553
16;1553
16;1552
16;1552
16;1551
16;1551
16;1550
16;1550
16;1549
16;1549
16;1548
16;1548
16;1547
16;1547
16;1546
16;1546
16;1545
16;1545
16;1544
16;1544
16;1543
16;1543
16;1542
16;1542
16;1541
16;1541
16;1540
16;1540
16;1539
16;1539
16;1538
16;1538
16;1537
16;1537
16;1536
16;1536
16;1535
16;1535
16;1534
16;1534
16;1533
16;1533
16;1532
16;1532
16;1531
16;1531
16;1530
16;1530
16;1529
16;1529
16;1528
16;1528
16;1527
16;1527
16;1526
16;1526
16;1525
16;1525
16;1524
16;1524
16;1523
16;1523
16;1522
16;1522
16;1521
16;1521
16;1520
16;1520
16;1519
16;1519
16;1518
16;1518
16;1517
16;1517
16;1516
16;1516
16;1515
16;1515
16;1514
16;1514
16;1513
16;1513
16;1512
16;1512
16;1511
16;1511
16;1510
16;1510
16;1509
16;1509
16;1508
16;1508
16;1507
16;1507
16;1506
16;1506
16;1505
16;1505
16;1504
16;1504
16;1503
16;1503
16;1502
16;1502
16;1501
16;1501
16;1500
16;1500
16;1499
16;1499
16;1498
16;1498
16;1497
16;1497
16;1496
16;1496
16;1495
16;1495
16;1494
16;1494
16;1493
16;1493
16;1492
16;1492
16;1491
16;1491
16;1490
16;1490
16;1489
16;1489
16;1488
16;1488
16;1487
16;1487
16;1486
16;1486
16;1485
16;1485
16;1484
16;1484
16;1483
16;1483
16;1482
16;1482
16;1481
16;1481
16;1480
16;1480
16;1479
16;1479
16;1478
16;1478
16;1477
16;1477
16;1476
16;1476
16;1475
16;1475
16;1474
16;1474
16;1473
16;1473
16;1472
16;1472
16;1471
16;1471
16;1470
16;1470
16;1469
16;1469
16;1468
16;1468
16;1467
16;1467
16;1466
16;1466
16;1465
16;1465
16;1464
16;1464
16;1463
16;1463
16;1462
16;1462
16;1461
16;1461
16;1460
16;1460
16;1459
16;1459
16;1458
16;1458
16;1457
16;1457
16;1456
16;1456
16;1455
16;1455
16;1454
16;1454
16;1453
16;1453
16;1452
16;1452
16;1451
16;1451
16;1450
16;1450
16;1449
16;1449
16;1448
16;1448
16;1447
16;1447
16;1446
16;1446
16;1445
16;1445
16;1444
16;1444
16;1443
16;1443
16;1442
16;1442
16;1441
16;1441
16;1440
16;1440
16;1439
16;1439
16;1438
16;1438
16;1437
16;1437
16;1436
16;1436
16;1435
16;1435
16;1434
16;1434
16;1433
16;1433
16;1432
16;1432
16;1431
16;1431
16;1430
16;1430
16;1429
16;1429
16;1428
16;1428
16;1427
16;1427
16;1426
16;1426
16;1425
16;1425
16;1424
16;1424
16;1423
16;1423
16;1422
16;1422
16;1421
16;1421
16;1420
16;1420
16;1419
16;1419
16;1418
16;1418
16;1417
16;1417
16;1416
16;1416
16;1415
16;1415
16;1414
16;1414
16;1413
16;1413
16;1412
16;1412
16;1411
16;1411
16;1410
16;1410
16;1409
16;1409
16;1408
16;1408
16;1407
16;1407
16;1406
16;1406
16;1405
16;1405
16;1404
16;1404
16;1403
16;1403
16;1402
16;1402
16;1401
16;1401
16;1400
16;1400
16;1399
16;1399
16;1398
16;1398
16;1397
16;1397
16;1396
16;1396
16;1395
16;1395
16;1394
16;1394
16;1393
16;1393
16;1392
16;1392
16;1391
16;1391
16;1390
16;1390
16;1389
16;1389
16;1388
16;1388
16;1387
16;1387
16;1386
16;1386
16;1385
16;1385
16;1384
16;1384
16;1383
16;1383
16;1382
16;1382
16;1381
16;1381
16;1380
16;1380
16;1379
16;1379
16;1378
16;1378
16;1377
16;1377
16;1376
16;1376
16;1375
16;1375
16;1374
16;1374
16;1373
16;1373
16;1372
16;1372
16;1371
16;1371
16;1370
16;1370
16;1369
16;1369
16;1368
16;1368
16;1367
16;1367
16;1366
16;1366
16;1365
16;1365
16;1364
16;1364
16;1363
16;1363
16;1362
16;1362
16;1361
16;1361
16;1360
16;1360
16;1359
16;1359
16;1358
16;1358
16;1357
16;1357
16;1356
16;1356
16;1355
16;1355
16;1354
16;1354
16;1353
16;1353
16;1352
16;1352
16;1351
16;1351
16;1350
16;1350
16;1349
16;1349
16;1348
16;1348
16;1347
16;1347
16;1346
16;1346
16;1345
16;1345
16;1344
16;1344
16;1343
16;1343
16;1342
16;1342
16;1341
16;1341
16;1340
16;1340
16;1339
16;1339
16;1338
16;1338
16;1337
16;1337
16;1336
16;1336
16;1335
16;1335
16;1334
16;1334
16;1333
16;1333
16;1332
16;1332
16;1331
16;1331
16;1330
16;1330
16;1329
16;1329
16;1328
16;1328
16;1327
16;1327
16;1326
16;1326
16;1325
16;1325
16;1324
16;1324
16;1323
16;1323
16;1322
16;1322
16;1321
16;1321
16;1320
16;1320
16;1319
16;1319
16;1318
16;1318
16;1317
16;1317
16;1316
16;1316
16;1315
16;1315
16;1314
16;1314
16;1313
16;1313
16;1312
16;1312
16;1311
16;1311
16;1310
16;1310
16;1309
16;1309
16;1308
16;1308
16;1307
16;1307
16;1306
16;1306
16;1305
16;1305
16;1304
16;1304
16;1303
16;1303
16;1302
16;1302
16;1301
16;1301
16;1300
16;1300
16;1299
16;1299
16;1298
16;1298
16;1297
16;1297
16;1296
16;1296
16;1295
16;1295
16;1294
16;1294
16;1293
16;1293
16;1292
16;1292
16;1291
16;1291
16;1290
16;1290
16;1289
16;1289
16;1288
16;1288
16;1287
16;1287
16;1286
16;1286
16;1285
16;1285
16;1284
16;1284
16;1283
16;1283
16;1282
16;1282
16;1281
16;1281
16;1280
16;1280
16;1279
16;1279
16;1278
16;1278
16;1277
16;1277
16;1276
16;1276
16;1275
16;1275
16;1274
16;1274
16;1273
16;1273
16;1272
16;1272
16;1271
16;1271
16;1270
16;1270
16;1269
16;1269
16;1268
16;1268
16;1267
16;1267
16;1266
16;1266
16;1265
16;1265
16;1264
16;1264
16;1263
16;1263
16;1262
16;1262
16;1261
16;1261
16;1260
16;1260
16;1259
16;1259
16;1258
16;1258
16;1257
16;1257
16;1256
16;1256
16;1255
16;1255
16;1254
16;1254
16;1253
16;1253
16;1252
16;1252
16;1251
16;1251
16;1250
16;1250
16;1249
16;1249
16;1248
16;1248
16;1247
16;1247
16;1246
16;1246
16;1245
16;1245
16;1244
16;1244
16;1243
16;1243
16;1242
16;1242
16;1241
16;1241
16;1240
16;1240
16;1239
16;1239
16;1238
16;1238
16;1237
16;1237
16;1236
16;1236
16;1235
16;1235
16;1234
16;1234
16;1233
16;1233
16;1232
16;1232
16;1231
16;1231
16;1230
16;1230
16;1229
16;1229
16;1228
16;1228
16;1227
16;1227
16;1226
16;1226
16;1225
16;1225
16;1224
16;1224
16;1223
16;1223
16;1222
16;1222
16;1221
16;1221
16;1220
16;1220
16;1219
16;1219
16;1218
16;1218
16;1217
16;1217
16;1216
16;1216
16;1215
16;1215
16;1214
16;1214
16;1213
16;1213
16;1212
16;1212
16;1211
16;1211
16;1210
16;1210
16;1209
16;1209
16;1208
16;1208
16;1207
16;1207
16;1206
16;1206
16;1205
16;1205
16;1204
16;1204
16;1203
16;1203
16;1202
16;1202
16;1201
16;1201
16;1200
16;1200
16;1199
16;1199
16;1198
16;1198
16;1197
16;1197
16;1196
16;1196
16;1195
16;1195
16;1194
16;1194
16;1193
16;1193
16;1192
16;1192
16;1191
16;1191
16;1190
16;1190
16;1189
16;1189
16;1188
16;1188
16;1187
16;1187
16;1186
16;1186
16;1185
16;1185
16;1184
16;1184
16;1183
16;1183
16;1182
16;1182
16;1181
16;1181
16;1180
16;1180
16;1179
16;1179
16;1178
16;1178
16;1177
16;1177
16;1176
16;1176
16;1175
16;1175
16;1174
16;1174
16;1173
16;1173
16;1172
16;1172
16;1171
16;1171
16;1170
16;1170
16;1169
16;1169
16;1168
16;1168
16;1167
16;1167
16;1166
16;1166
16;1165
16;1165
16;1164
16;1164
16;1163
16;1163
16;1162
16;1162
16;1161
16;1161
16;1160
16;1160
16;1159
16;1159
16;1158
16;1158
16;1157
16;1157
16;1156
16;1156
16;1155
16;1155
16;1154
16;1154
16;1153
16;1153
16;1152
16;1152
16;1151
16;1151
16;1150
16;1150
16;1149
16;1149
16;1148
16;1148
16;1147
16;1147
16;1146
16;1146
16;1145
16;1145
16;1144
16;1144
16;1143
16;1143
16;1142
16;1142
16;1141
16;1141
16;1140
16;1140
16;1139
16;1139
16;1138
16;1138
16;1137
16;1137
16;1136
16;1136
16;1135
16;1135
16;1134
16;1134
16;1133
16;1133
16;1132
16;1132
16;1131
16;1131
16;1130
16;1130
16;1129
16;1129
16;1128
16;1128
16;1127
16;1127
16;1126
16;1126
16;1125
16;1125
16;1124
16;1124
16;1123
16;1123
16;1122
16;1122
16;1121
16;1121
16;1120
16;1120
16;1119
16;1119
16;1118
16;1118
16;1117
16;1117
16;1116
16;1116
16;1115
16;1115
16;1114
16;1114
16;1113
16;1113
16;1112
16;1112
16;1111
16;1111
16;1110
16;1110
16;1109
16;1109
16;1108
16;1108
16;1107
16;1107
16;1106
16;1106
16;1105
16;1105
16;1104
16;1104
16;1103
16;1103
16;1102
16;1102
16;1101
16;1101
16;1100
16;1100
16;1099
16;1099
16;1098
16;1098
16;1097
16;1097
16;1096
16;1096
16;1095
16;1095
16;1094
16;1094
16;1093
16;1093
16;1092
16;1092
16;1091
16;1091
16;1090
16;1090
16;1089
16;1089
16;1088
16;1088
16;1087
16;1087
16;1086
16;1086
16;1085
16;1085
16;1084
16;1084
16;1083
16;1083
16;1082
16;1082
16;1081
16;1081
16;1080
16;1080
16;1079
16;1079
16;1078
16;1078
16;1077
16;1077
16;1076
16;1076
16;1075
16;1075
16;1074
16;1074
16;1073
16;1073
16;1072
16;1072
16;1071
16;1071
16;1070
16;1070
16;1069
16;1069
16;1068
16;1068
16;1067
16;1067
16;1066
16;1066
16;1065
16;1065
16;1064
16;1064
16;1063
16;1063
16;1062
16;1062
16;1061
16;1061
16;1060
16;1060
16;1059
16;1059
16;1058
16;1058
16;1057
16;1057
16;1056
16;1056
16;1055
16;1055
16;1054
16;1054
16;1053
16;1053
16;1052
16;1052
16;1051
16;1051
16;1050
16;1050
16;1049
16;1049
16;1048
16;1048
16;1047
16;1047
16;1046
16;1046
16;1045
16;1045
16;1044
16;1044
16;1043
16;1043
16;1042
16;1042
16;1041
16;1041
16;1040
16;1040
16;1039
16;1039
16;1038
16;1038
16;1037
16;1037
16;1036
16;1036
16;1035
16;1035
16;1034
16;1034
16;1033
16;1033
16;1032
16;1032
16;1031
16;1031
16;1030
16;1030
16;1029
16;1029
16;1028
16;1028
16;1027
16;1027
16;1026
16;1026
16;1025
16;1025
16;1024
16;1024
16;1023
16;1023
16;1022
16;1022
16;1021
16;1021
16;1020
16;1020
16;1019
16;1019
16;1018
16;1018
16;1017
16;1017
16;1016
16;1016
16;1015
16;1015
16;1014
16;1014
16;1013
16;1013
16;1012
16;1012
16;1011
16;1011
16;1010
16;1010
16;1009
16;1009
16;1008
16;1008
16;1007
16;1007
16;1006
16;1006
16;1005
16;1005
16;1004
16;1004
16;1003
16;1003
16;1002
16;1002
16;1001
16;1001
16;1000
16;1000
16;999
16;999
16;998
16;998
16;997
16;997
16;996
16;996
16;995
16;995
16;994
16;994
16;993
16;993
16;992
16;992
16;991
16;991
16;990
16;990
16;989
16;989
16;988
16;988
16;987
16;987
16;986
16;986
16;985
16;985
16;984
16;984
16;983
16;983
16;982
16;982
16;981
16;981
16;980
16;980
16;979
16;979
16;978
16;978
16;977
16;977
16;976
16;976
16;975
16;975
16;974
16;974
16;973
16;973
16;972
16;972
16;971
16;971
16;970
16;970
16;969
16;969
16;968
16;968
16;967
16;967
16;966
16;966
16;965
16;965
16;964
16;964
16;963
16;963
16;962
16;962
16;961
16;961
16;960
16;960
16;959
16;959
16;958
16;958
16;957
16;957
16;956
16;956
16;955
16;955
16;954
16;954
16;953
16;953
16;952
16;952
16;951
16;951
16;950
16;950
16;949
16;949
16;948
16;948
16;947
16;947
16;946
16;946
16;945
16;945
16;944
16;944
16;943
16;943
16;942
16;942
16;941
16;941
16;940
16;940
16;939
16;939
16;938
16;938
16;937
16;937
16;936
16;936
16;935
16;935
16;934
16;934
16;933
16;933
16;932
16;932
16;931
16;931
16;930
16;930
16;929
16;929
16;928
16;928
16;927
16;927
16;926
16;926
16;925
16;925
16;924
16;924
16;923
16;923
16;922
16;922
16;921
16;921
16;920
16;920
16;919
16;919
16;918
16;918
16;917
16;917
16;916
16;916
16;915
16;915
16;914
16;914
16;913
16;913
16;912
16;912
16;911
16;911
16;910
16;910
16;909
16;909
16;908
16;908
16;907
16;907
16;906
16;906
16;905
16;905
16;904
16;904
16;903
16;903
16;902
16;902
16;901
16;901
16;900
16;900
16;899
16;899
16;898
16;898
16;897
16;897
16;896
16;896
16;895
16;895
16;894
16;894
16;893
16;893
16;892
16;892
16;891
16;891
16;890
16;890
16;889
16;889
16;888
16;888
16;887
16;887
16;886
16;886
16;885
16;885
16;884
16;884
16;883
16;883
16;882
16;882
16;881
16;881
16;880
16;880
16;879
16;879
16;878
16;878
16;877
16;877
16;876
16;876
16;875
16;875
16;874
16;874
16;873
16;873
16;872
16;872
16;871
16;871
16;870
16;870
16;869
16;869
16;868
16;868
16;867
16;867
16;866
16;866
16;865
16;865
16;864
16;864
16;863
16;863
16;862
16;862
16;861
16;861
16;860
16;860
16;859
16;859
16;858
16;858
16;857
16;857
16;856
16;856
16;855
16;855
16;854
16;854
16;853
16;853
16;852
16;852
16;851
16;851
16;850
16;850
16;849
16;849
16;848
16;848
16;847
16;847
16;846
16;846
16;845
16;845
16;844
16;844
16;843
16;843
16;842
16;842
16;841
16;841
16;840
16;840
16;839
16;839
16;838
16;838
16;837
16;837
16;836
16;836
16;835
16;835
16;834
16;834
16;833
16;833
16;832
16;832
16;831
16;831
16;830
16;830
16;829
16;829
16;828
16;828
16;827
16;827
16;826
16;826
16;825
16;825
16;824
16;824
16;823
16;823
16;822
16;822
16;821
16;821
16;820
16;820
16;819
16;819
16;818
16;818
16;817
16;817
16;816
16;816
16;815
16;815
16;814
16;814
16;813
16;813
16;812
16;812
16;811
16;811
16;810
16;810
16;809
16;809
16;808
16;808
16;807
16;807
16;806
16;806
16;805
16;805
16;804
16;804
16;803
16;803
16;802
16;802
16;801
16;801
16;800
16;800
16;799
16;799
16;798
16;798
16;797
16;797
16;796
16;796
16;795
16;795
16;794
16;794
16;793
16;793
16;792
16;792
16;791
16;791
16;790
16;790
16;789
16;789
16;788
16;788
16;787
16;787
16;786
16;786
16;785
16;785
16;784
16;784
16;783
16;783
16;782
16;782
16;781
16;781
16;780
16;780
16;779
16;779
16;778
16;778
16;777
16;777
16;776
16;776
16;775
16;775
16;774
16;774
16;773
16;773
16;772
16;772
16;771
16;771
16;770
16;770
16;769
16;769
16;768
16;768
16;767
16;767
16;766
16;766
16;765
16;765
16;764
16;764
16;763
16;763
16;762
16;762
16;761
16;761
16;760
16;760
16;759
16;759
16;758
16;758
16;757
16;757
16;756
16;756
16;755
16;755
16;754
16;754
16;753
16;753
16;752
16;752
16;751
16;751
16;750
16;750
16;749
16;749
16;748
16;748
16;747
16;747
16;746
16;746
16;745
16;745
16;744
16;744
16;743
16;743
16;742
16;742
16;741
16;741
16;740
16;740
16;739
16;739
16;738
16;738
16;737
16;737
16;736
16;736
16;735
16;735
16;734
16;734
16;733
16;733
16;732
16;732
16;731
16;731
16;730
16;730
16;729
16;729
16;728
16;728
16;727
16;727
16;726
16;726
16;725
16;725
16;724
16;724
16;723
16;723
16;722
16;722
16;721
16;721
16;720
16;720
16;719
16;719
16;718
16;718
16;717
16;717
16;716
16;716
16;715
16;715
16;714
16;714
16;713
16;713
16;712
16;712
16;711
16;711
16;710
16;710
16;709
16;709
16;708
16;708
16;707
16;707
16;706
16;706
16;705
16;705
16;704
16;704
16;703
16;703
16;702
16;702
16;701
16;701
16;700
16;700
16;699
16;699
16;698
16;698
16;697
16;697
16;696
16;696
16;695
16;695
16;694
16;694
16;693
16;693
16;692
16;692
16;691
16;691
16;690
16;690
16;689
16;689
16;688
16;688
16;687
16;687
16;686
16;686
16;685
16;685
16;684
16;684
16;683
16;683
16;682
16;682
16;681
16;681
16;680
16;680
16;679
16;679
16;678
16;678
16;677
16;677
16;676
16;676
16;675
16;675
16;674
16;674
16;673
16;673
16;672
16;672
16;671
16;671
16;670
16;670
16;669
16;669
16;668
16;668
16;667
16;667
16;666
16;666
16;665
16;665
16;664
16;664
16;663
16;663
16;662
16;662
16;661
16;661
16;660
16;660
16;659
16;659
16;658
16;658
16;657
16;657
16;656
16;656
16;655
16;655
16;654
16;654
16;653
16;653
16;652
16;652
16;651
16;651
16;650
16;650
16;649
16;649
16;648
16;648
16;647
16;647
16;646
16;646
16;645
16;645
16;644
16;644
16;643
16;643
16;642
16;642
16;641
16;641
16;640
16;640
16;639
16;639
16;638
16;638
16;637
16;637
16;636
16;636
16;635
16;635
16;634
16;634
16;633
16;633
16;632
16;632
16;631
16;631
16;630
16;630
16;629
16;629
16;628
16;628
16;627
16;627
16;626
16;626
16;625
16;625
16;624
16;624
16;623
16;623
16;622
16;622
16;621
16;621
16;620
16;620
16;619
16;619
16;618
16;618
16;617
16;617
16;616
16;616
16;615
16;615
16;614
16;614
16;613
16;613
16;612
16;612
16;611
16;611
16;610
16;610
16;609
16;609
16;608
16;608
16;607
16;607
16;606
16;606
16;605
16;605
16;604
16;604
16;603
16;603
16;602
16;602
16;601
16;601
16;600
16;600
16;599
16;599
16;598
16;598
16;597
16;597
16;596
16;596
16;595
16;595
16;594
16;594
16;593
16;593
16;592
16;592
16;591
16;591
16;590
16;590
16;589
16;589
16;588
16;588
16;587
16;587
16;586
16;586
16;585
16;585
16;584
16;584
16;583
16;583
16;582
16;582
16;581
16;581
16;580
16;580
16;579
16;579
16;578
16;578
16;577
16;577
16;576
16;576
16;575
16;575
16;574
16;574
16;573
16;573
16;572
16;572
16;571
16;571
16;570
16;570
16;569
16;569
16;568
16;568
16;567
16;567
16;566
16;566
16;565
16;565
16;564
16;564
16;563
16;563
16;562
16;562
16;561
16;561
16;560
16;560
16;559
16;559
16;558
16;558
16;557
16;557
16;556
16;556
16;555
16;555
16;554
16;554
16;553
16;553
16;552
16;552
16;551
16;551
16;550
16;550
16;549
16;549
16;548
16;548
16;547
16;547
16;546
16;546
16;545
16;545
16;544
16;544
16;543
16;543
16;542
16;542
16;541
16;541
16;540
16;540
16;539
16;539
16;538
16;538
16;537
16;537
16;536
16;536
16;535
16;535
16;534
16;534
16;533
16;533
16;532
16;532
16;531
16;531
16;530
16;530
16;529
16;529
16;528
16;528
16;527
16;527
16;526
16;526
16;525
16;525
16;524
16;524
16;523
16;523
16;522
16;522
16;521
16;521
16;520
16;520
16;519
16;519
16;518
16;518
16;517
16;517
16;516
16;516
16;515
16;515
16;514
16;514
16;513
16;513
16;512
16;512
16;511
16;511
16;510
16;510
16;509
16;509
16;508
16;508
16;507
16;507
16;506
16;506
16;505
16;505
16;504
16;504
16;503
16;503
16;502
16;502
16;501
16;501
16;500
16;500
16;499
16;499
16;498
16;498
16;497
16;497
16;496
16;496
16;495
16;495
16;494
16;494
16;493
16;493
16;492
16;492
16;491
16;491
16;490
16;490
16;489
16;489
16;488
16;488
16;487
16;487
16;486
16;486
16;485
16;485
16;484
16;484
16;483
16;483
16;482
16;482
16;481
16;481
16;480
16;480
16;479
16;479
16;478
16;478
16;477
16;477
16;476
16;476
16;475
16;475
16;474
16;474
16;473
16;473
16;472
16;472
16;471
16;471
16;470
16;470
16;469
16;469
16;468
16;468
16;467
16;467
16;466
16;466
16;465
16;465
16;464
16;464
16;463
16;463
16;462
16;462
16;461
16;461
16;460
16;460
16;459
16;459
16;458
16;458
16;457
16;457
16;456
16;456
16;455
16;455
16;454
16;454
16;453
16;453
16;452
16;452
16;451
16;451
16;450
16;450
16;449
16;449
16;448
16;448
16;447
16;447
16;446
16;446
16;445
16;445
16;444
16;444
16;443
16;443
16;442
16;442
16;441
16;441
16;440
16;440
16;439
16;439
16;438
16;438
16;437
16;437
16;436
16;436
16;435
16;435
16;434
16;434
16;433
16;433
16;432
16;432
16;431
16;431
16;430
16;430
16;429
16;429
16;428
16;428
16;427
16;427
16;426
16;426
16;425
16;425
16;424
16;424
16;423
16;423
16;422
16;422
16;421
16;421
16;420
16;420
16;419
16;419
16;418
16;418
16;417
16;417
16;416
16;416
16;415
16;415
16;414
16;414
16;413
16;413
16;412
16;412
16;411
16;411
16;410
16;410
16;409
16;409
16;408
16;408
16;407
16;407
16;406
16;406
16;405
16;405
16;404
16;404
16;403
16;403
16;402
16;402
16;401
16;401
16;400
16;400
16;399
16;399
16;398
16;398
16;397
16;397
16;396
16;396
16;395
16;395
16;394
16;394
16;393
16;393
16;392
16;392
16;391
16;391
16;390
16;390
16;389
16;389
16;388
16;388
16;387
16;387
16;386
16;386
16;385
16;385
16;384
16;384
16;383
16;383
16;382
16;382
16;381
16;381
16;380
16;380
16;379
16;379
16;378
16;378
16;377
16;377
16;376
16;376
16;375
16;375
16;374
16;374
16;373
16;373
16;372
16;372
16;371
16;371
16;370
16;370
16;369
16;369
16;368
16;368
16;367
16;367
16;366
16;366
16;365
16;365
16;364
16;364
16;363
16;363
16;362
16;362
16;361
16;361
16;360
16;360
16;359
16;359
16;358
16;358
16;357
16;357
16;356
16;356
16;355
16;355
16;354
16;354
16;353
16;353
16;352
16;352
16;351
16;351
16;350
16;350
16;349
16;349
16;348
16;348
16;347
16;347
16;346
16;346
16;345
16;345
16;344
16;344
16;343
16;343
16;342
16;342
16;341
16;341
16;340
16;340
16;339
16;339
16;338
16;338
16;337
16;337
16;336
16;336
16;335
16;335
16;334
16;334
16;333
16;333
16;332
16;332
16;331
16;331
16;330
16;330
16;329
16;329
16;328
16;328
16;327
16;327
16;326
16;326
16;325
16;325
16;324
16;324
16;323
16;323
16;322
16;322
16;321
16;321
16;320
16;320
16;319
16;319
16;318
16;318
16;317
16;317
16;316
16;316
16;315
16;315
16;314
16;314
16;313
16;313
16;312
16;312
16;311
16;311
16;310
16;310
16;309
16;309
16;308
16;308
16;307
16;307
16;306
16;306
16;305
16;305
16;304
16;304
16;303
16;303
16;302
16;302
16;301
16;301
16;300
16;300
16;299
16;299
16;298
16;298
16;297
16;297
16;296
16;296
16;295
16;295
16;294
16;294
16;293
16;293
16;292
16;292
16;291
16;291
16;290
16;290
16;289
16;289
16;288
16;288
16;287
16;287
16;286
16;286
16;285
16;285
16;284
16;284
16;283
16;283
16;282
16;282
16;281
16;281
16;280
16;280
16;279
16;279
16;278
16;278
16;277
16;277
16;276
16;276
16;275
16;275
16;274
16;274
16;273
16;273
16;272
16;272
16;271
16;271
16;270
16;270
16;269
16;269
16;268
16;268
16;267
16;267
16;266
16;266
16;265
16;265
16;264
16;264
16;263
16;263
16;262
16;262
16;261
16;261
16;260
16;260
16;259
16;259
16;258
16;258
16;257
16;257
16;256
16;256
16;255
16;255
16;254
16;254
16;253
16;253
16;252
16;252
16;251
16;251
16;250
16;250
16;249
16;249
16;248
16;248
16;247
16;247
16;246
16;246
16;245
16;245
16;244
16;244
16;243
16;243
16;242
16;242
16;241
16;241
16;240
16;240
16;239
16;239
16;238
16;238
16;237
16;237
16;236
16;236
16;235
16;235
16;234
16;234
16;233
16;233
16;232
16;232
16;231
16;231
16;230
16;230
16;229
16;229
16;228
16;228
16;227
16;227
16;226
16;226
16;225
16;225
16;224
16;224
16;223
16;223
16;222
16;222
16;221
16;221
16;220
16;220
16;219
16;219
16;218
16;218
16;217
16;217
16;216
16;216
16;215
16;215
16;214
16;214
16;213
16;213
16;212
16;212
16;211
16;211
16;210
16;210
16;209
16;209
16;208
16;208
16;207
16;207
16;206
16;206
16;205
16;205
16;204
16;204
16;203
16;203
16;202
16;202
16;201
16;201
16;200
16;200
16;199
16;199
16;198
16;198
16;197
16;197
16;196
16;196
16;195
16;195
16;194
16;194
16;193
16;193
16;192
16;192
16;191
16;191
16;190
16;190
16;189
16;189
16;188
16;188
16;187
16;187
16;186
16;186
16;185
16;185
16;184
16;184
16;183
16;183
16;182
16;182
16;181
16;181
16;180
16;180
16;179
16;179
16;178
16;178
16;177
16;177
16;176
16;176
16;175
16;175
16;174
16;174
16;173
16;173
16;172
16;172
16;171
16;171
16;170
16;170
16;169
16;169
16;168
16;168
16;167
16;167
16;166
16;166
16;165
16;165
16;164
16;164
16;163
16;163
16;162
16;162
16;161
16;161
16;160
16;160
16;159
16;159
16;158
16;158
16;157
16;157
16;156
16;156
16;155
16;155
16;154
16;154
16;153
16;153
16;152
16;152
16;151
16;151
16;150
16;150
16;149
16;149
16;148
16;148
16;147
16;147
16;146
16;146
16;145
16;145
16;144
16;144
16;143
16;143
16;142
16;142
16;141
16;141
16;140
16;140
16;139
16;139
16;138
16;138
16;137
16;137
16;136
16;136
16;135
16;135
16;134
16;134
16;133
16;133
16;132
16;132
16;131
16;131
16;130
16;130
16;129
16;129
16;128
16;128
16;127
16;127
16;126
16;126
16;125
16;125
16;124
16;124
16;123
16;123
16;122
16;122
16;121
16;121
16;120
16;120
16;119
16;119
16;118
16;118
16;117
16;117
16;116
16;116
16;115
16;115
16;114
16;114
16;113
16;113
16;112
16;112
16;111
16;111
16;110
16;110
16;109
16;109
16;108
16;108
16;107
16;107
16;106
16;106
16;105
16;105
16;104
16;104
16;103
16;103
16;102
16;102
16;101
16;101
16;100
16;100
16;99
16;99
16;98
16;98
16;97
16;97
16;96
16;96
16;95
16;95
16;94
16;94
16;93
16;93
16;92
16;92
16;91
16;91
16;90
16;90
16;89
16;89
16;88
16;88
16;87
16;87
16;86
16;86
16;85
16;85
16;84
16;84
16;83
16;83
16;82
16;82
16;81
16;81
16;80
16;80
16;79
16;79
16;78
16;78
16;77
16;77
16;76
16;76
16;75
16;75
16;74
16;74
16;73
16;73
16;72
16;72
16;71
16;71
16;70
16;70
16;69
16;69
16;68
16;68
16;67
16;67
16;66
16;66
16;65
16;65
16;64
16;64
16;63
16;63
16;62
16;62
16;61
16;61
16;60
16;60
16;59
16;59
16;58
16;58
16;57
16;57
16;56
16;56
16;55
16;55
16;54
16;54
16;53
16;53
16;52
16;52
16;51
16;51
16;50
16;50
16;49
16;49
16;48
16;48
16;47
16;47
16;46
16;46
16;45
16;45
16;44
16;44
16;43
16;43
16;42
16;42
16;41
16;41
16;40
16;40
16;39
16;39
16;38
16;38
16;37
16;37
16;36
16;36
16;35
16;35
16;34
16;34
16;33
16;33
16;32
16;32
16;31
16;31
16;30
16;30
16;29
16;29
16;28
16;28
16;27
16;27
16;26
16;26
16;25
16;25
16;24
16;24
16;23
16;23
16;22
16;22
16;21
16;21
16;20
16;20
16;19
16;19
16;18
16;18
16;17
16;17
16;16
16;16
16;15
16;15
16;14
16;14
16;13
16;13
16;12
16;12
16;11
16;11
16;10
16;10
16;9
16;9
16;8
16;8
16;7
16;7
16;6
16;6
16;5
16;5
16;4
16;4
16;3
16;3
16;2
16;2
16;1
16;1
17;2322
17;2322
17;2321
17;2321
17;2320
17;2320
17;2319
17;2319
17;2318
17;2318
17;2317
17;2317
17;2316
17;2316
17;2315
17;2315
17;2314
17;2314
17;2313
17;2313
17;2312
17;2312
17;2311
17;2311
17;2310
17;2310
17;2309
17;2309
17;2308
17;2308
17;2307
17;2307
17;2306
17;2306
17;2305
17;2305
17;2304
17;2304
17;2303
17;2303
17;2302
17;2302
17;2301
17;2301
17;2300
17;2300
17;2299
17;2299
17;2298
17;2298
17;2297
17;2297
17;2296
17;2296
17;2295
17;2295
17;2294
17;2294
17;2293
17;2293
17;2292
17;2292
17;2291
17;2291
17;2290
17;2290
17;2289
17;2289
17;2288
17;2288
17;2287
17;2287
17;2286
17;2286
17;2285
17;2285
17;2284
17;2284
17;2283
17;2283
17;2282
17;2282
17;2281
17;2281
17;2280
17;2280
17;2279
17;2279
17;2278
17;2278
17;2277
17;2277
17;2276
17;2276
17;2275
17;2275
17;2274
17;2274
17;2273
17;2273
17;2272
17;2272
17;2271
17;2271
17;2270
17;2270
17;2269
17;2269
17;2268
17;2268
17;2267
17;2267
17;2266
17;2266
17;2265
17;2265
17;2264
17;2264
17;2263
17;2263
17;2262
17;2262
17;2261
17;2261
17;2260
17;2260
17;2259
17;2259
17;2258
17;2258
17;2257
17;2257
17;2256
17;2256
17;2255
17;2255
17;2254
17;2254
17;2253
17;2253
17;2252
17;2252
17;2251
17;2251
17;2250
17;2250
17;2249
17;2249
17;2248
17;2248
17;2247
17;2247
17;2246
17;2246
17;2245
17;2245
17;2244
17;2244
17;2243
17;2243
17;2242
17;2242
17;2241
17;2241
17;2240
17;2240
17;2239
17;2239
17;2238
17;2238
17;2237
17;2237
17;2236
17;2236
17;2235
17;2235
17;2234
17;2234
17;2233
17;2233
17;2232
17;2232
17;2231
17;2231
17;2230
17;2230
17;2229
17;2229
17;2228
17;2228
17;2227
17;2227
17;2226
17;2226
17;2225
17;2225
17;2224
17;2224
17;2223
17;2223
17;2222
17;2222
17;2221
17;2221
17;2220
17;2220
17;2219
17;2219
17;2218
17;2218
17;2217
17;2217
17;2216
17;2216
17;2215
17;2215
17;2214
17;2214
17;2213
17;2213
17;2212
17;2212
17;2211
17;2211
17;2210
17;2210
17;2209
17;2209
17;2208
17;2208
17;2207
17;2207
17;2206
17;2206
17;2205
17;2205
17;2204
17;2204
17;2203
17;2203
17;2202
17;2202
17;2201
17;2201
17;2200
17;2200
17;2199
17;2199
17;2198
17;2198
17;2197
17;2197
17;2196
17;2196
17;2195
17;2195
17;2194
17;2194
17;2193
17;2193
17;2192
17;2192
17;2191
17;2191
17;2190
17;2190
17;2189
17;2189
17;2188
17;2188
17;2187
17;2187
17;2186
17;2186
17;2185
17;2185
17;2184
17;2184
17;2183
17;2183
17;2182
17;2182
17;2181
17;2181
17;2180
17;2180
17;2179
17;2179
17;2178
17;2178
17;2177
17;2177
17;2176
17;2176
17;2175
17;2175
17;2174
17;2174
17;2173
17;2173
17;2172
17;2172
17;2171
17;2171
17;2170
17;2170
17;2169
17;2169
17;2168
17;2168
17;2167
17;2167
17;2166
17;2166
17;2165
17;2165
17;2164
17;2164
17;2163
17;2163
17;2162
17;2162
17;2161
17;2161
17;2160
17;2160
17;2159
17;2159
17;2158
17;2158
17;2157
17;2157
17;2156
17;2156
17;2155
17;2155
17;2154
17;2154
17;2153
17;2153
17;2152
17;2152
17;2151
17;2151
17;2150
17;2150
17;2149
17;2149
17;2148
17;2148
17;2147
17;2147
17;2146
17;2146
17;2145
17;2145
17;2144
17;2144
17;2143
17;2143
17;2142
17;2142
17;2141
17;2141
17;2140
17;2140
17;2139
17;2139
17;2138
17;2138
17;2137
17;2137
17;2136
17;2136
17;2135
17;2135
17;2134
17;2134
17;2133
17;2133
17;2132
17;2132
17;2131
17;2131
17;2130
17;2130
17;2129
17;2129
17;2128
17;2128
17;2127
17;2127
17;2126
17;2126
17;2125
17;2125
17;2124
17;2124
17;2123
17;2123
17;2122
17;2122
17;2121
17;2121
17;2120
17;2120
17;2119
17;2119
17;2118
17;2118
17;2117
17;2117
17;2116
17;2116
17;2115
17;2115
17;2114
17;2114
17;2113
17;2113
17;2112
17;2112
17;2111
17;2111
17;2110
17;2110
17;2109
17;2109
17;2108
17;2108
17;2107
17;2107
17;2106
17;2106
17;2105
17;2105
17;2104
17;2104
17;2103
17;2103
17;2102
17;2102
17;2101
17;2101
17;2100
17;2100
17;2099
17;2099
17;2098
17;2098
17;2097
17;2097
17;2096
17;2096
17;2095
17;2095
17;2094
17;2094
17;2093
17;2093
17;2092
17;2092
17;2091
17;2091
17;2090
17;2090
17;2089
17;2089
17;2088
17;2088
17;2087
17;2087
17;2086
17;2086
17;2085
17;2085
17;2084
17;2084
17;2083
17;2083
17;2082
17;2082
17;2081
17;2081
17;2080
17;2080
17;2079
17;2079
17;2078
17;2078
17;2077
17;2077
17;2076
17;2076
17;2075
17;2075
17;2074
17;2074
17;2073
17;2073
17;2072
17;2072
17;2071
17;2071
17;2070
17;2070
17;2069
17;2069
17;2068
17;2068
17;2067
17;2067
17;2066
17;2066
17;2065
17;2065
17;2064
17;2064
17;2063
17;2063
17;2062
17;2062
17;2061
17;2061
17;2060
17;2060
17;2059
17;2059
17;2058
17;2058
17;2057
17;2057
17;2056
17;2056
17;2055
17;2055
17;2054
17;2054
17;2053
17;2053
17;2052
17;2052
17;2051
17;2051
17;2050
17;2050
17;2049
17;2049
17;2048
17;2048
17;2047
17;2047
17;2046
17;2046
17;2045
17;2045
17;2044
17;2044
17;2043
17;2043
17;2042
17;2042
17;2041
17;2041
17;2040
17;2040
17;2039
17;2039
17;2038
17;2038
17;2037
17;2037
17;2036
17;2036
17;2035
17;2035
17;2034
17;2034
17;2033
17;2033
17;2032
17;2032
17;2031
17;2031
17;2030
17;2030
17;2029
17;2029
17;2028
17;2028
17;2027
17;2027
17;2026
17;2026
17;2025
17;2025
17;2024
17;2024
17;2023
17;2023
17;2022
17;2022
17;2021
17;2021
17;2020
17;2020
17;2019
17;2019
17;2018
17;2018
17;2017
17;2017
17;2016
17;2016
17;2015
17;2015
17;2014
17;2014
17;2013
17;2013
17;2012
17;2012
17;2011
17;2011
17;2010
17;2010
17;2009
17;2009
17;2008
17;2008
17;2007
17;2007
17;2006
17;2006
17;2005
17;2005
17;2004
17;2004
17;2003
17;2003
17;2002
17;2002
17;2001
17;2001
17;2000
17;2000
17;1999
17;1999
17;1998
17;1998
17;1997
17;1997
17;1996
17;1996
17;1995
17;1995
17;1994
17;1994
17;1993
17;1993
17;1992
17;1992
17;1991
17;1991
17;1990
17;1990
17;1989
17;1989
17;1988
17;1988
17;1987
17;1987
17;1986
17;1986
17;1985
17;1985
17;1984
17;1984
17;1983
17;1983
17;1982
17;1982
17;1981
17;1981
17;1980
17;1980
17;1979
17;1979
17;1978
17;1978
17;1977
17;1977
17;1976
17;1976
17;1975
17;1975
17;1974
17;1974
17;1973
17;1973
17;1972
17;1972
17;1971
17;1971
17;1970
17;1970
17;1969
17;1969
17;1968
17;1968
17;1967
17;1967
17;1966
17;1966
17;1965
17;1965
17;1964
17;1964
17;1963
17;1963
17;1962
17;1962
17;1961
17;1961
17;1960
17;1960
17;1959
17;1959
17;1958
17;1958
17;1957
17;1957
17;1956
17;1956
17;1955
17;1955
17;1954
17;1954
17;1953
17;1953
17;1952
17;1952
17;1951
17;1951
17;1950
17;1950
17;1949
17;1949
17;1948
17;1948
17;1947
17;1947
17;1946
17;1946
17;1945
17;1945
17;1944
17;1944
17;1943
17;1943
17;1942
17;1942
17;1941
17;1941
17;1940
17;1940
17;1939
17;1939
17;1938
17;1938
17;1937
17;1937
17;1936
17;1936
17;1935
17;1935
17;1934
17;1934
17;1933
17;1933
17;1932
17;1932
17;1931
17;1931
17;1930
17;1930
17;1929
17;1929
17;1928
17;1928
17;1927
17;1927
17;1926
17;1926
17;1925
17;1925
17;1924
17;1924
17;1923
17;1923
17;1922
17;1922
17;1921
17;1921
17;1920
17;1920
17;1919
17;1919
17;1918
17;1918
17;1917
17;1917
17;1916
17;1916
17;1915
17;1915
17;1914
17;1914
17;1913
17;1913
17;1912
17;1912
17;1911
17;1911
17;1910
17;1910
17;1909
17;1909
17;1908
17;1908
17;1907
17;1907
17;1906
17;1906
17;1905
17;1905
17;1904
17;1904
17;1903
17;1903
17;1902
17;1902
17;1901
17;1901
17;1900
17;1900
17;1899
17;1899
17;1898
17;1898
17;1897
17;1897
17;1896
17;1896
17;1895
17;1895
17;1894
17;1894
17;1893
17;1893
17;1892
17;1892
17;1891
17;1891
17;1890
17;1890
17;1889
17;1889
17;1888
17;1888
17;1887
17;1887
17;1886
17;1886
17;1885
17;1885
17;1884
17;1884
17;1883
17;1883
17;1882
17;1882
17;1881
17;1881
17;1880
17;1880
17;1879
17;1879
17;1878
17;1878
17;1877
17;1877
17;1876
17;1876
17;1875
17;1875
17;1874
17;1874
17;1873
17;1873
17;1872
17;1872
17;1871
17;1871
17;1870
17;1870
17;1869
17;1869
17;1868
17;1868
17;1867
17;1867
17;1866
17;1866
17;1865
17;1865
17;1864
17;1864
17;1863
17;1863
17;1862
17;1862
17;1861
17;1861
17;1860
17;1860
17;1859
17;1859
17;1858
17;1858
17;1857
17;1857
17;1856
17;1856
17;1855
17;1855
17;1854
17;1854
17;1853
17;1853
17;1852
17;1852
17;1851
17;1851
17;1850
17;1850
17;1849
17;1849
17;1848
17;1848
17;1847
17;1847
17;1846
17;1846
17;1845
17;1845
17;1844
17;1844
17;1843
17;1843
17;1842
17;1842
17;1841
17;1841
17;1840
17;1840
17;1839
17;1839
17;1838
17;1838
17;1837
17;1837
17;1836
17;1836
17;1835
17;1835
17;1834
17;1834
17;1833
17;1833
17;1832
17;1832
17;1831
17;1831
17;1830
17;1830
17;1829
17;1829
17;1828
17;1828
17;1827
17;1827
17;1826
17;1826
17;1825
17;1825
17;1824
17;1824
17;1823
17;1823
17;1822
17;1822
17;1821
17;1821
17;1820
17;1820
17;1819
17;1819
17;1818
17;1818
17;1817
17;1817
17;1816
17;1816
17;1815
17;1815
17;1814
17;1814
17;1813
17;1813
17;1812
17;1812
17;1811
17;1811
17;1810
17;1810
17;1809
17;1809
17;1808
17;1808
17;1807
17;1807
17;1806
17;1806
17;1805
17;1805
17;1804
17;1804
17;1803
17;1803
17;1802
17;1802
17;1801
17;1801
17;1800
17;1800
17;1799
17;1799
17;1798
17;1798
17;1797
17;1797
17;1796
17;1796
17;1795
17;1795
17;1794
17;1794
17;1793
17;1793
17;1792
17;1792
17;1791
17;1791
17;1790
17;1790
17;1789
17;1789
17;1788
17;1788
17;1787
17;1787
17;1786
17;1786
17;1785
17;1785
17;1784
17;1784
17;1783
17;1783
17;1782
17;1782
17;1781
17;1781
17;1780
17;1780
17;1779
17;1779
17;1778
17;1778
17;1777
17;1777
17;1776
17;1776
17;1775
17;1775
17;1774
17;1774
17;1773
17;1773
17;1772
17;1772
17;1771
17;1771
17;1770
17;1770
17;1769
17;1769
17;1768
17;1768
17;1767
17;1767
17;1766
17;1766
17;1765
17;1765
17;1764
17;1764
17;1763
17;1763
17;1762
17;1762
17;1761
17;1761
17;1760
17;1760
17;1759
17;1759
17;1758
17;1758
17;1757
17;1757
17;1756
17;1756
17;1755
17;1755
17;1754
17;1754
17;1753
17;1753
17;1752
17;1752
17;1751
17;1751
17;1750
17;1750
17;1749
17;1749
17;1748
17;1748
17;1747
17;1747
17;1746
17;1746
17;1745
17;1745
17;1744
17;1744
17;1743
17;1743
17;1742
17;1742
17;1741
17;1741
17;1740
17;1740
17;1739
17;1739
17;1738
17;1738
17;1737
17;1737
17;1736
17;1736
17;1735
17;1735
17;1734
17;1734
17;1733
17;1733
17;1732
17;1732
17;1731
17;1731
17;1730
17;1730
17;1729
17;1729
17;1728
17;1728
17;1727
17;1727
17;1726
17;1726
17;1725
17;1725
17;1724
17;1724
17;1723
17;1723
17;1722
17;1722
17;1721
17;1721
17;1720
17;1720
17;1719
17;1719
17;1718
17;1718
17;1717
17;1717
17;1716
17;1716
17;1715
17;1715
17;1714
17;1714
17;1713
17;1713
17;1712
17;1712
17;1711
17;1711
17;1710
17;1710
17;1709
17;1709
17;1708
17;1708
17;1707
17;1707
17;1706
17;1706
17;1705
17;1705
17;1704
17;1704
17;1703
17;1703
17;1702
17;1702
17;1701
17;1701
17;1700
17;1700
17;1699
17;1699
17;1698
17;1698
17;1697
17;1697
17;1696
17;1696
17;1695
17;1695
17;1694
17;1694
17;1693
17;1693
17;1692
17;1692
17;1691
17;1691
17;1690
17;1690
17;1689
17;1689
17;1688
17;1688
17;1687
17;1687
17;1686
17;1686
17;1685
17;1685
17;1684
17;1684
17;1683
17;1683
17;1682
17;1682
17;1681
17;1681
17;1680
17;1680
17;1679
17;1679
17;1678
17;1678
17;1677
17;1677
17;1676
17;1676
17;1675
17;1675
17;1674
17;1674
17;1673
17;1673
17;1672
17;1672
17;1671
17;1671
17;1670
17;1670
17;1669
17;1669
17;1668
17;1668
17;1667
17;1667
17;1666
17;1666
17;1665
17;1665
17;1664
17;1664
17;1663
17;1663
17;1662
17;1662
17;1661
17;1661
17;1660
17;1660
17;1659
17;1659
17;1658
17;1658
17;1657
17;1657
17;1656
17;1656
17;1655
17;1655
17;1654
17;1654
17;1653
17;1653
17;1652
17;1652
17;1651
17;1651
17;1650
17;1650
17;1649
17;1649
17;1648
17;1648
17;1647
17;1647
17;1646
17;1646
17;1645
17;1645
17;1644
17;1644
17;1643
17;1643
17;1642
17;1642
17;1641
17;1641
17;1640
17;1640
17;1639
17;1639
17;1638
17;1638
17;1637
17;1637
17;1636
17;1636
17;1635
17;1635
17;1634
17;1634
17;1633
17;1633
17;1632
17;1632
17;1631
17;1631
17;1630
17;1630
17;1629
17;1629
17;1628
17;1628
17;1627
17;1627
17;1626
17;1626
17;1625
17;1625
17;1624
17;1624
17;1623
17;1623
17;1622
17;1622
17;1621
17;1621
17;1620
17;1620
17;1619
17;1619
17;1618
17;1618
17;1617
17;1617
17;1616
17;1616
17;1615
17;1615
17;1614
17;1614
17;1613
17;1613
17;1612
17;1612
17;1611
17;1611
17;1610
17;1610
17;1609
17;1609
17;1608
17;1608
17;1607
17;1607
17;1606
17;1606
17;1605
17;1605
17;1604
17;1604
17;1603
17;1603
17;1602
17;1602
17;1601
17;1601
17;1600
17;1600
17;1599
17;1599
17;1598
17;1598
17;1597
17;1597
17;1596
17;1596
17;1595
17;1595
17;1594
17;1594
17;1593
17;1593
17;1592
17;1592
17;1591
17;1591
17;1590
17;1590
17;1589
17;1589
17;1588
17;1588
17;1587
17;1587
17;1586
17;1586
17;1585
17;1585
17;1584
17;1584
17;1583
17;1583
17;1582
17;1582
17;1581
17;1581
17;1580
17;1580
17;1579
17;1579
17;1578
17;1578
17;1577
17;1577
17;1576
17;1576
17;1575
17;1575
17;1574
17;1574
17;1573
17;1573
17;1572
17;1572
17;1571
17;1571
17;1570
17;1570
17;1569
17;1569
17;1568
17;1568
17;1567
17;1567
17;1566
17;1566
17;1565
17;1565
17;1564
17;1564
17;1563
17;1563
17;1562
17;1562
17;1561
17;1561
17;1560
17;1560
17;1559
17;1559
17;1558
17;1558
17;1557
17;1557
17;1556
17;1556
17;1555
17;1555
17;1554
17;1554
17;1553
17;1553
17;1552
17;1552
17;1551
17;1551
17;1550
17;1550
17;1549
17;1549
17;1548
17;1548
17;1547
17;1547
17;1546
17;1546
17;1545
17;1545
17;1544
17;1544
17;1543
17;1543
17;1542
17;1542
17;1541
17;1541
17;1540
17;1540
17;1539
17;1539
17;1538
17;1538
17;1537
17;1537
17;1536
17;1536
17;1535
17;1535
17;1534
17;1534
17;1533
17;1533
17;1532
17;1532
17;1531
17;1531
17;1530
17;1530
17;1529
17;1529
17;1528
17;1528
17;1527
17;1527
17;1526
17;1526
17;1525
17;1525
17;1524
17;1524
17;1523
17;1523
17;1522
17;1522
17;1521
17;1521
17;1520
17;1520
17;1519
17;1519
17;1518
17;1518
17;1517
17;1517
17;1516
17;1516
17;1515
17;1515
17;1514
17;1514
17;1513
17;1513
17;1512
17;1512
17;1511
17;1511
17;1510
17;1510
17;1509
17;1509
17;1508
17;1508
17;1507
17;1507
17;1506
17;1506
17;1505
17;1505
17;1504
17;1504
17;1503
17;1503
17;1502
17;1502
17;1501
17;1501
17;1500
17;1500
17;1499
17;1499
17;1498
17;1498
17;1497
17;1497
17;1496
17;1496
17;1495
17;1495
17;1494
17;1494
17;1493
17;1493
17;1492
17;1492
17;1491
17;1491
17;1490
17;1490
17;1489
17;1489
17;1488
17;1488
17;1487
17;1487
17;1486
17;1486
17;1485
17;1485
17;1484
17;1484
17;1483
17;1483
17;1482
17;1482
17;1481
17;1481
17;1480
17;1480
17;1479
17;1479
17;1478
17;1478
17;1477
17;1477
17;1476
17;1476
17;1475
17;1475
17;1474
17;1474
17;1473
17;1473
17;1472
17;1472
17;1471
17;1471
17;1470
17;1470
17;1469
17;1469
17;1468
17;1468
17;1467
17;1467
17;1466
17;1466
17;1465
17;1465
17;1464
17;1464
17;1463
17;1463
17;1462
17;1462
17;1461
17;1461
17;1460
17;1460
17;1459
17;1459
17;1458
17;1458
17;1457
17;1457
17;1456
17;1456
17;1455
17;1455
17;1454
17;1454
17;1453
17;1453
17;1452
17;1452
17;1451
17;1451
17;1450
17;1450
17;1449
17;1449
17;1448
17;1448
17;1447
17;1447
17;1446
17;1446
17;1445
17;1445
17;1444
17;1444
17;1443
17;1443
17;1442
17;1442
17;1441
17;1441
17;1440
17;1440
17;1439
17;1439
17;1438
17;1438
17;1437
17;1437
17;1436
17;1436
17;1435
17;1435
17;1434
17;1434
17;1433
17;1433
17;1432
17;1432
17;1431
17;1431
17;1430
17;1430
17;1429
17;1429
17;1428
17;1428
17;1427
17;1427
17;1426
17;1426
17;1425
17;1425
17;1424
17;1424
17;1423
17;1423
17;1422
17;1422
17;1421
17;1421
17;1420
17;1420
17;1419
17;1419
17;1418
17;1418
17;1417
17;1417
17;1416
17;1416
17;1415
17;1415
17;1414
17;1414
17;1413
17;1413
17;1412
17;1412
17;1411
17;1411
17;1410
17;1410
17;1409
17;1409
17;1408
17;1408
17;1407
17;1407
17;1406
17;1406
17;1405
17;1405
17;1404
17;1404
17;1403
17;1403
17;1402
17;1402
17;1401
17;1401
17;1400
17;1400
17;1399
17;1399
17;1398
17;1398
17;1397
17;1397
17;1396
17;1396
17;1395
17;1395
17;1394
17;1394
17;1393
17;1393
17;1392
17;1392
17;1391
17;1391
17;1390
17;1390
17;1389
17;1389
17;1388
17;1388
17;1387
17;1387
17;1386
17;1386
17;1385
17;1385
17;1384
17;1384
17;1383
17;1383
17;1382
17;1382
17;1381
17;1381
17;1380
17;1380
17;1379
17;1379
17;1378
17;1378
17;1377
17;1377
17;1376
17;1376
17;1375
17;1375
17;1374
17;1374
17;1373
17;1373
17;1372
17;1372
17;1371
17;1371
17;1370
17;1370
17;1369
17;1369
17;1368
17;1368
17;1367
17;1367
17;1366
17;1366
17;1365
17;1365
17;1364
17;1364
17;1363
17;1363
17;1362
17;1362
17;1361
17;1361
17;1360
17;1360
17;1359
17;1359
17;1358
17;1358
17;1357
17;1357
17;1356
17;1356
17;1355
17;1355
17;1354
17;1354
17;1353
17;1353
17;1352
17;1352
17;1351
17;1351
17;1350
17;1350
17;1349
17;1349
17;1348
17;1348
17;1347
17;1347
17;1346
17;1346
17;1345
17;1345
17;1344
17;1344
17;1343
17;1343
17;1342
17;1342
17;1341
17;1341
17;1340
17;1340
17;1339
17;1339
17;1338
17;1338
17;1337
17;1337
17;1336
17;1336
17;1335
17;1335
17;1334
17;1334
17;1333
17;1333
17;1332
17;1332
17;1331
17;1331
17;1330
17;1330
17;1329
17;1329
17;1328
17;1328
17;1327
17;1327
17;1326
17;1326
17;1325
17;1325
17;1324
17;1324
17;1323
17;1323
17;1322
17;1322
17;1321
17;1321
17;1320
17;1320
17;1319
17;1319
17;1318
17;1318
17;1317
17;1317
17;1316
17;1316
17;1315
17;1315
17;1314
17;1314
17;1313
17;1313
17;1312
17;1312
17;1311
17;1311
17;1310
17;1310
17;1309
17;1309
17;1308
17;1308
17;1307
17;1307
17;1306
17;1306
17;1305
17;1305
17;1304
17;1304
17;1303
17;1303
17;1302
17;1302
17;1301
17;1301
17;1300
17;1300
17;1299
17;1299
17;1298
17;1298
17;1297
17;1297
17;1296
17;1296
17;1295
17;1295
17;1294
17;1294
17;1293
17;1293
17;1292
17;1292
17;1291
17;1291
17;1290
17;1290
17;1289
17;1289
17;1288
17;1288
17;1287
17;1287
17;1286
17;1286
17;1285
17;1285
17;1284
17;1284
17;1283
17;1283
17;1282
17;1282
17;1281
17;1281
17;1280
17;1280
17;1279
17;1279
17;1278
17;1278
17;1277
17;1277
17;1276
17;1276
17;1275
17;1275
17;1274
17;1274
17;1273
17;1273
17;1272
17;1272
17;1271
17;1271
17;1270
17;1270
17;1269
17;1269
17;1268
17;1268
17;1267
17;1267
17;1266
17;1266
17;1265
17;1265
17;1264
17;1264
17;1263
17;1263
17;1262
17;1262
17;1261
17;1261
17;1260
17;1260
17;1259
17;1259
17;1258
17;1258
17;1257
17;1257
17;1256
17;1256
17;1255
17;1255
17;1254
17;1254
17;1253
17;1253
17;1252
17;1252
17;1251
17;1251
17;1250
17;1250
17;1249
17;1249
17;1248
17;1248
17;1247
17;1247
17;1246
17;1246
17;1245
17;1245
17;1244
17;1244
17;1243
17;1243
17;1242
17;1242
17;1241
17;1241
17;1240
17;1240
17;1239
17;1239
17;1238
17;1238
17;1237
17;1237
17;1236
17;1236
17;1235
17;1235
17;1234
17;1234
17;1233
17;1233
17;1232
17;1232
17;1231
17;1231
17;1230
17;1230
17;1229
17;1229
17;1228
17;1228
17;1227
17;1227
17;1226
17;1226
17;1225
17;1225
17;1224
17;1224
17;1223
17;1223
17;1222
17;1222
17;1221
17;1221
17;1220
17;1220
17;1219
17;1219
17;1218
17;1218
17;1217
17;1217
17;1216
17;1216
17;1215
17;1215
17;1214
17;1214
17;1213
17;1213
17;1212
17;1212
17;1211
17;1211
17;1210
17;1210
17;1209
17;1209
17;1208
17;1208
17;1207
17;1207
17;1206
17;1206
17;1205
17;1205
17;1204
17;1204
17;1203
17;1203
17;1202
17;1202
17;1201
17;1201
17;1200
17;1200
17;1199
17;1199
17;1198
17;1198
17;1197
17;1197
17;1196
17;1196
17;1195
17;1195
17;1194
17;1194
17;1193
17;1193
17;1192
17;1192
17;1191
17;1191
17;1190
17;1190
17;1189
17;1189
17;1188
17;1188
17;1187
17;1187
17;1186
17;1186
17;1185
17;1185
17;1184
17;1184
17;1183
17;1183
17;1182
17;1182
17;1181
17;1181
17;1180
17;1180
17;1179
17;1179
17;1178
17;1178
17;1177
17;1177
17;1176
17;1176
17;1175
17;1175
17;1174
17;1174
17;1173
17;1173
17;1172
17;1172
17;1171
17;1171
17;1170
17;1170
17;1169
17;1169
17;1168
17;1168
17;1167
17;1167
17;1166
17;1166
17;1165
17;1165
17;1164
17;1164
17;1163
17;1163
17;1162
17;1162
17;1161
17;1161
17;1160
17;1160
17;1159
17;1159
17;1158
17;1158
17;1157
17;1157
17;1156
17;1156
17;1155
17;1155
17;1154
17;1154
17;1153
17;1153
17;1152
17;1152
17;1151
17;1151
17;1150
17;1150
17;1149
17;1149
17;1148
17;1148
17;1147
17;1147
17;1146
17;1146
17;1145
17;1145
17;1144
17;1144
17;1143
17;1143
17;1142
17;1142
17;1141
17;1141
17;1140
17;1140
17;1139
17;1139
17;1138
17;1138
17;1137
17;1137
17;1136
17;1136
17;1135
17;1135
17;1134
17;1134
17;1133
17;1133
17;1132
17;1132
17;1131
17;1131
17;1130
17;1130
17;1129
17;1129
17;1128
17;1128
17;1127
17;1127
17;1126
17;1126
17;1125
17;1125
17;1124
17;1124
17;1123
17;1123
17;1122
17;1122
17;1121
17;1121
17;1120
17;1120
17;1119
17;1119
17;1118
17;1118
17;1117
17;1117
17;1116
17;1116
17;1115
17;1115
17;1114
17;1114
17;1113
17;1113
17;1112
17;1112
17;1111
17;1111
17;1110
17;1110
17;1109
17;1109
17;1108
17;1108
17;1107
17;1107
17;1106
17;1106
17;1105
17;1105
17;1104
17;1104
17;1103
17;1103
17;1102
17;1102
17;1101
17;1101
17;1100
17;1100
17;1099
17;1099
17;1098
17;1098
17;1097
17;1097
17;1096
17;1096
17;1095
17;1095
17;1094
17;1094
17;1093
17;1093
17;1092
17;1092
17;1091
17;1091
17;1090
17;1090
17;1089
17;1089
17;1088
17;1088
17;1087
17;1087
17;1086
17;1086
17;1085
17;1085
17;1084
17;1084
17;1083
17;1083
17;1082
17;1082
17;1081
17;1081
17;1080
17;1080
17;1079
17;1079
17;1078
17;1078
17;1077
17;1077
17;1076
17;1076
17;1075
17;1075
17;1074
17;1074
17;1073
17;1073
17;1072
17;1072
17;1071
17;1071
17;1070
17;1070
17;1069
17;1069
17;1068
17;1068
17;1067
17;1067
17;1066
17;1066
17;1065
17;1065
17;1064
17;1064
17;1063
17;1063
17;1062
17;1062
17;1061
17;1061
17;1060
17;1060
17;1059
17;1059
17;1058
17;1058
17;1057
17;1057
17;1056
17;1056
17;1055
17;1055
17;1054
17;1054
17;1053
17;1053
17;1052
17;1052
17;1051
17;1051
17;1050
17;1050
17;1049
17;1049
17;1048
17;1048
17;1047
17;1047
17;1046
17;1046
17;1045
17;1045
17;1044
17;1044
17;1043
17;1043
17;1042
17;1042
17;1041
17;1041
17;1040
17;1040
17;1039
17;1039
17;1038
17;1038
17;1037
17;1037
17;1036
17;1036
17;1035
17;1035
17;1034
17;1034
17;1033
17;1033
17;1032
17;1032
17;1031
17;1031
17;1030
17;1030
17;1029
17;1029
17;1028
17;1028
17;1027
17;1027
17;1026
17;1026
17;1025
17;1025
17;1024
17;1024
17;1023
17;1023
17;1022
17;1022
17;1021
17;1021
17;1020
17;1020
17;1019
17;1019
17;1018
17;1018
17;1017
17;1017
17;1016
17;1016
17;1015
17;1015
17;1014
17;1014
17;1013
17;1013
17;1012
17;1012
17;1011
17;1011
17;1010
17;1010
17;1009
17;1009
17;1008
17;1008
17;1007
17;1007
17;1006
17;1006
17;1005
17;1005
17;1004
17;1004
17;1003
17;1003
17;1002
17;1002
17;1001
17;1001
17;1000
17;1000
17;999
17;999
17;998
17;998
17;997
17;997
17;996
17;996
17;995
17;995
17;994
17;994
17;993
17;993
17;992
17;992
17;991
17;991
17;990
17;990
17;989
17;989
17;988
17;988
17;987
17;987
17;986
17;986
17;985
17;985
17;984
17;984
17;983
17;983
17;982
17;982
17;981
17;981
17;980
17;980
17;979
17;979
17;978
17;978
17;977
17;977
17;976
17;976
17;975
17;975
17;974
17;974
17;973
17;973
17;972
17;972
17;971
17;971
17;970
17;970
17;969
17;969
17;968
17;968
17;967
17;967
17;966
17;966
17;965
17;965
17;964
17;964
17;963
17;963
17;962
17;962
17;961
17;961
17;960
17;960
17;959
17;959
17;958
17;958
17;957
17;957
17;956
17;956
17;955
17;955
17;954
17;954
17;953
17;953
17;952
17;952
17;951
17;951
17;950
17;950
17;949
17;949
17;948
17;948
17;947
17;947
17;946
17;946
17;945
17;945
17;944
17;944
17;943
17;943
17;942
17;942
17;941
17;941
17;940
17;940
17;939
17;939
17;938
17;938
17;937
17;937
17;936
17;936
17;935
17;935
17;934
17;934
17;933
17;933
17;932
17;932
17;931
17;931
17;930
17;930
17;929
17;929
17;928
17;928
17;927
17;927
17;926
17;926
17;925
17;925
17;924
17;924
17;923
17;923
17;922
17;922
17;921
17;921
17;920
17;920
17;919
17;919
17;918
17;918
17;917
17;917
17;916
17;916
17;915
17;915
17;914
17;914
17;913
17;913
17;912
17;912
17;911
17;911
17;910
17;910
17;909
17;909
17;908
17;908
17;907
17;907
17;906
17;906
17;905
17;905
17;904
17;904
17;903
17;903
17;902
17;902
17;901
17;901
17;900
17;900
17;899
17;899
17;898
17;898
17;897
17;897
17;896
17;896
17;895
17;895
17;894
17;894
17;893
17;893
17;892
17;892
17;891
17;891
17;890
17;890
17;889
17;889
17;888
17;888
17;887
17;887
17;886
17;886
17;885
17;885
17;884
17;884
17;883
17;883
17;882
17;882
17;881
17;881
17;880
17;880
17;879
17;879
17;878
17;878
17;877
17;877
17;876
17;876
17;875
17;875
17;874
17;874
17;873
17;873
17;872
17;872
17;871
17;871
17;870
17;870
17;869
17;869
17;868
17;868
17;867
17;867
17;866
17;866
17;865
17;865
17;864
17;864
17;863
17;863
17;862
17;862
17;861
17;861
17;860
17;860
17;859
17;859
17;858
17;858
17;857
17;857
17;856
17;856
17;855
17;855
17;854
17;854
17;853
17;853
17;852
17;852
17;851
17;851
17;850
17;850
17;849
17;849
17;848
17;848
17;847
17;847
17;846
17;846
17;845
17;845
17;844
17;844
17;843
17;843
17;842
17;842
17;841
17;841
17;840
17;840
17;839
17;839
17;838
17;838
17;837
17;837
17;836
17;836
17;835
17;835
17;834
17;834
17;833
17;833
17;832
17;832
17;831
17;831
17;830
17;830
17;829
17;829
17;828
17;828
17;827
17;827
17;826
17;826
17;825
17;825
17;824
17;824
17;823
17;823
17;822
17;822
17;821
17;821
17;820
17;820
17;819
17;819
17;818
17;818
17;817
17;817
17;816
17;816
17;815
17;815
17;814
17;814
17;813
17;813
17;812
17;812
17;811
17;811
17;810
17;810
17;809
17;809
17;808
17;808
17;807
17;807
17;806
17;806
17;805
17;805
17;804
17;804
17;803
17;803
17;802
17;802
17;801
17;801
17;800
17;800
17;799
17;799
17;798
17;798
17;797
17;797
17;796
17;796
17;795
17;795
17;794
17;794
17;793
17;793
17;792
17;792
17;791
17;791
17;790
17;790
17;789
17;789
17;788
17;788
17;787
17;787
17;786
17;786
17;785
17;785
17;784
17;784
17;783
17;783
17;782
17;782
17;781
17;781
17;780
17;780
17;779
17;779
17;778
17;778
17;777
17;777
17;776
17;776
17;775
17;775
17;774
17;774
17;773
17;773
17;772
17;772
17;771
17;771
17;770
17;770
17;769
17;769
17;768
17;768
17;767
17;767
17;766
17;766
17;765
17;765
17;764
17;764
17;763
17;763
17;762
17;762
17;761
17;761
17;760
17;760
17;759
17;759
17;758
17;758
17;757
17;757
17;756
17;756
17;755
17;755
17;754
17;754
17;753
17;753
17;752
17;752
17;751
17;751
17;750
17;750
17;749
17;749
17;748
17;748
17;747
17;747
17;746
17;746
17;745
17;745
17;744
17;744
17;743
17;743
17;742
17;742
17;741
17;741
17;740
17;740
17;739
17;739
17;738
17;738
17;737
17;737
17;736
17;736
17;735
17;735
17;734
17;734
17;733
17;733
17;732
17;732
17;731
17;731
17;730
17;730
17;729
17;729
17;728
17;728
17;727
17;727
17;726
17;726
17;725
17;725
17;724
17;724
17;723
17;723
17;722
17;722
17;721
17;721
17;720
17;720
17;719
17;719
17;718
17;718
17;717
17;717
17;716
17;716
17;715
17;715
17;714
17;714
17;713
17;713
17;712
17;712
17;711
17;711
17;710
17;710
17;709
17;709
17;708
17;708
17;707
17;707
17;706
17;706
17;705
17;705
17;704
17;704
17;703
17;703
17;702
17;702
17;701
17;701
17;700
17;700
17;699
17;699
17;698
17;698
17;697
17;697
17;696
17;696
17;695
17;695
17;694
17;694
17;693
17;693
17;692
17;692
17;691
17;691
17;690
17;690
17;689
17;689
17;688
17;688
17;687
17;687
17;686
17;686
17;685
17;685
17;684
17;684
17;683
17;683
17;682
17;682
17;681
17;681
17;680
17;680
17;679
17;679
17;678
17;678
17;677
17;677
17;676
17;676
17;675
17;675
17;674
17;674
17;673
17;673
17;672
17;672
17;671
17;671
17;670
17;670
17;669
17;669
17;668
17;668
17;667
17;667
17;666
17;666
17;665
17;665
17;664
17;664
17;663
17;663
17;662
17;662
17;661
17;661
17;660
17;660
17;659
17;659
17;658
17;658
17;657
17;657
17;656
17;656
17;655
17;655
17;654
17;654
17;653
17;653
17;652
17;652
17;651
17;651
17;650
17;650
17;649
17;649
17;648
17;648
17;647
17;647
17;646
17;646
17;645
17;645
17;644
17;644
17;643
17;643
17;642
17;642
17;641
17;641
17;640
17;640
17;639
17;639
17;638
17;638
17;637
17;637
17;636
17;636
17;635
17;635
17;634
17;634
17;633
17;633
17;632
17;632
17;631
17;631
17;630
17;630
17;629
17;629
17;628
17;628
17;627
17;627
17;626
17;626
17;625
17;625
17;624
17;624
17;623
17;623
17;622
17;622
17;621
17;621
17;620
17;620
17;619
17;619
17;618
17;618
17;617
17;617
17;616
17;616
17;615
17;615
17;614
17;614
17;613
17;613
17;612
17;612
17;611
17;611
17;610
17;610
17;609
17;609
17;608
17;608
17;607
17;607
17;606
17;606
17;605
17;605
17;604
17;604
17;603
17;603
17;602
17;602
17;601
17;601
17;600
17;600
17;599
17;599
17;598
17;598
17;597
17;597
17;596
17;596
17;595
17;595
17;594
17;594
17;593
17;593
17;592
17;592
17;591
17;591
17;590
17;590
17;589
17;589
17;588
17;588
17;587
17;587
17;586
17;586
17;585
17;585
17;584
17;584
17;583
17;583
17;582
17;582
17;581
17;581
17;580
17;580
17;579
17;579
17;578
17;578
17;577
17;577
17;576
17;576
17;575
17;575
17;574
17;574
17;573
17;573
17;572
17;572
17;571
17;571
17;570
17;570
17;569
17;569
17;568
17;568
17;567
17;567
17;566
17;566
17;565
17;565
17;564
17;564
17;563
17;563
17;562
17;562
17;561
17;561
17;560
17;560
17;559
17;559
17;558
17;558
17;557
17;557
17;556
17;556
17;555
17;555
17;554
17;554
17;553
17;553
17;552
17;552
17;551
17;551
17;550
17;550
17;549
17;549
17;548
17;548
17;547
17;547
17;546
17;546
17;545
17;545
17;544
17;544
17;543
17;543
17;542
17;542
17;541
17;541
17;540
17;540
17;539
17;539
17;538
17;538
17;537
17;537
17;536
17;536
17;535
17;535
17;534
17;534
17;533
17;533
17;532
17;532
17;531
17;531
17;530
17;530
17;529
17;529
17;528
17;528
17;527
17;527
17;526
17;526
17;525
17;525
17;524
17;524
17;523
17;523
17;522
17;522
17;521
17;521
17;520
17;520
17;519
17;519
17;518
17;518
17;517
17;517
17;516
17;516
17;515
17;515
17;514
17;514
17;513
17;513
17;512
17;512
17;511
17;511
17;510
17;510
17;509
17;509
17;508
17;508
17;507
17;507
17;506
17;506
17;505
17;505
17;504
17;504
17;503
17;503
17;502
17;502
17;501
17;501
17;500
17;500
17;499
17;499
17;498
17;498
17;497
17;497
17;496
17;496
17;495
17;495
17;494
17;494
17;493
17;493
17;492
17;492
17;491
17;491
17;490
17;490
17;489
17;489
17;488
17;488
17;487
17;487
17;486
17;486
17;485
17;485
17;484
17;484
17;483
17;483
17;482
17;482
17;481
17;481
17;480
17;480
17;479
17;479
17;478
17;478
17;477
17;477
17;476
17;476
17;475
17;475
17;474
17;474
17;473
17;473
17;472
17;472
17;471
17;471
17;470
17;470
17;469
17;469
17;468
17;468
17;467
17;467
17;466
17;466
17;465
17;465
17;464
17;464
17;463
17;463
17;462
17;462
17;461
17;461
17;460
17;460
17;459
17;459
17;458
17;458
17;457
17;457
17;456
17;456
17;455
17;455
17;454
17;454
17;453
17;453
17;452
17;452
17;451
17;451
17;450
17;450
17;449
17;449
17;448
17;448
17;447
17;447
17;446
17;446
17;445
17;445
17;444
17;444
17;443
17;443
17;442
17;442
17;441
17;441
17;440
17;440
17;439
17;439
17;438
17;438
17;437
17;437
17;436
17;436
17;435
17;435
17;434
17;434
17;433
17;433
17;432
17;432
17;431
17;431
17;430
17;430
17;429
17;429
17;428
17;428
17;427
17;427
17;426
17;426
17;425
17;425
17;424
17;424
17;423
17;423
17;422
17;422
17;421
17;421
17;420
17;420
17;419
17;419
17;418
17;418
17;417
17;417
17;416
17;416
17;415
17;415
17;414
17;414
17;413
17;413
17;412
17;412
17;411
17;411
17;410
17;410
17;409
17;409
17;408
17;408
17;407
17;407
17;406
17;406
17;405
17;405
17;404
17;404
17;403
17;403
17;402
17;402
17;401
17;401
17;400
17;400
17;399
17;399
17;398
17;398
17;397
17;397
17;396
17;396
17;395
17;395
17;394
17;394
17;393
17;393
17;392
17;392
17;391
17;391
17;390
17;390
17;389
17;389
17;388
17;388
17;387
17;387
17;386
17;386
17;385
17;385
17;384
17;384
17;383
17;383
17;382
17;382
17;381
17;381
17;380
17;380
17;379
17;379
17;378
17;378
17;377
17;377
17;376
17;376
17;375
17;375
17;374
17;374
17;373
17;373
17;372
17;372
17;371
17;371
17;370
17;370
17;369
17;369
17;368
17;368
17;367
17;367
17;366
17;366
17;365
17;365
17;364
17;364
17;363
17;363
17;362
17;362
17;361
17;361
17;360
17;360
17;359
17;359
17;358
17;358
17;357
17;357
17;356
17;356
17;355
17;355
17;354
17;354
17;353
17;353
17;352
17;352
17;351
17;351
17;350
17;350
17;349
17;349
17;348
17;348
17;347
17;347
17;346
17;346
17;345
17;345
17;344
17;344
17;343
17;343
17;342
17;342
17;341
17;341
17;340
17;340
17;339
17;339
17;338
17;338
17;337
17;337
17;336
17;336
17;335
17;335
17;334
17;334
17;333
17;333
17;332
17;332
17;331
17;331
17;330
17;330
17;329
17;329
17;328
17;328
17;327
17;327
17;326
17;326
17;325
17;325
17;324
17;324
17;323
17;323
17;322
17;322
17;321
17;321
17;320
17;320
17;319
17;319
17;318
17;318
17;317
17;317
17;316
17;316
17;315
17;315
17;314
17;314
17;313
17;313
17;312
17;312
17;311
17;311
17;310
17;310
17;309
17;309
17;308
17;308
17;307
17;307
17;306
17;306
17;305
17;305
17;304
17;304
17;303
17;303
17;302
17;302
17;301
17;301
17;300
17;300
17;299
17;299
17;298
17;298
17;297
17;297
17;296
17;296
17;295
17;295
17;294
17;294
17;293
17;293
17;292
17;292
17;291
17;291
17;290
17;290
17;289
17;289
17;288
17;288
17;287
17;287
17;286
17;286
17;285
17;285
17;284
17;284
17;283
17;283
17;282
17;282
17;281
17;281
17;280
17;280
17;279
17;279
17;278
17;278
17;277
17;277
17;276
17;276
17;275
17;275
17;274
17;274
17;273
17;273
17;272
17;272
17;271
17;271
17;270
17;270
17;269
17;269
17;268
17;268
17;267
17;267
17;266
17;266
17;265
17;265
17;264
17;264
17;263
17;263
17;262
17;262
17;261
17;261
17;260
17;260
17;259
17;259
17;258
17;258
17;257
17;257
17;256
17;256
17;255
17;255
17;254
17;254
17;253
17;253
17;252
17;252
17;251
17;251
17;250
17;250
17;249
17;249
17;248
17;248
17;247
17;247
17;246
17;246
17;245
17;245
17;244
17;244
17;243
17;243
17;242
17;242
17;241
17;241
17;240
17;240
17;239
17;239
17;238
17;238
17;237
17;237
17;236
17;236
17;235
17;235
17;234
17;234
17;233
17;233
17;232
17;232
17;231
17;231
17;230
17;230
17;229
17;229
17;228
17;228
17;227
17;227
17;226
17;226
17;225
17;225
17;224
17;224
17;223
17;223
17;222
17;222
17;221
17;221
17;220
17;220
17;219
17;219
17;218
17;218
17;217
17;217
17;216
17;216
17;215
17;215
17;214
17;214
17;213
17;213
17;212
17;212
17;211
17;211
17;210
17;210
17;209
17;209
17;208
17;208
17;207
17;207
17;206
17;206
17;205
17;205
17;204
17;204
17;203
17;203
17;202
17;202
17;201
17;201
17;200
17;200
17;199
17;199
17;198
17;198
17;197
17;197
17;196
17;196
17;195
17;195
17;194
17;194
17;193
17;193
17;192
17;192
17;191
17;191
17;190
17;190
17;189
17;189
17;188
17;188
17;187
17;187
17;186
17;186
17;185
17;185
17;184
17;184
17;183
17;183
17;182
17;182
17;181
17;181
17;180
17;180
17;179
17;179
17;178
17;178
17;177
17;177
17;176
17;176
17;175
17;175
17;174
17;174
17;173
17;173
17;172
17;172
17;171
17;171
17;170
17;170
17;169
17;169
17;168
17;168
17;167
17;167
17;166
17;166
17;165
17;165
17;164
17;164
17;163
17;163
17;162
17;162
17;161
17;161
17;160
17;160
17;159
17;159
17;158
17;158
17;157
17;157
17;156
17;156
17;155
17;155
17;154
17;154
17;153
17;153
17;152
17;152
17;151
17;151
17;150
17;150
17;149
17;149
17;148
17;148
17;147
17;147
17;146
17;146
17;145
17;145
17;144
17;144
17;143
17;143
17;142
17;142
17;141
17;141
17;140
17;140
17;139
17;139
17;138
17;138
17;137
17;137
17;136
17;136
17;135
17;135
17;134
17;134
17;133
17;133
17;132
17;132
17;131
17;131
17;130
17;130
17;129
17;129
17;128
17;128
17;127
17;127
17;126
17;126
17;125
17;125
17;124
17;124
17;123
17;123
17;122
17;122
17;121
17;121
17;120
17;120
17;119
17;119
17;118
17;118
17;117
17;117
17;116
17;116
17;115
17;115
17;114
17;114
17;113
17;113
17;112
17;112
17;111
17;111
17;110
17;110
17;109
17;109
17;108
17;108
17;107
17;107
17;106
17;106
17;105
17;105
17;104
17;104
17;103
17;103
17;102
17;102
17;101
17;101
17;100
17;100
17;99
17;99
17;98
17;98
17;97
17;97
17;96
17;96
17;95
17;95
17;94
17;94
17;93
17;93
17;92
17;92
17;91
17;91
17;90
17;90
17;89
17;89
17;88
17;88
17;87
17;87
17;86
17;86
17;85
17;85
17;84
17;84
17;83
17;83
17;82
17;82
17;81
17;81
17;80
17;80
17;79
17;79
17;78
17;78
17;77
17;77
17;76
17;76
17;75
17;75
17;74
17;74
17;73
17;73
17;72
17;72
17;71
17;71
17;70
17;70
17;69
17;69
17;68
17;68
17;67
17;67
17;66
17;66
17;65
17;65
17;64
17;64
17;63
17;63
17;62
17;62
17;61
17;61
17;60
17;60
17;59
17;59
17;58
17;58
17;57
17;57
17;56
17;56
17;55
17;55
17;54
17;54
17;53
17;53
17;52
17;52
17;51
17;51
17;50
17;50
17;49
17;49
17;48
17;48
17;47
17;47
17;46
17;46
17;45
17;45
17;44
17;44
17;43
17;43
17;42
17;42
17;41
17;41
17;40
17;40
17;39
17;39
17;38
17;38
17;37
17;37
17;36
17;36
17;35
17;35
17;34
17;34
17;33
17;33
17;32
17;32
17;31
17;31
17;30
17;30
17;29
17;29
17;28
17;28
17;27
17;27
17;26
17;26
17;25
17;25
17;24
17;24
17;23
17;23
17;22
17;22
17;21
17;21
17;20
17;20
17;19
17;19
17;18
17;18
17;17
17;17
17;16
17;16
17;15
17;15
17;14
17;14
17;13
17;13
17;12
17;12
17;11
17;11
17;10
17;10
17;9
17;9
17;8
17;8
17;7
17;7
17;6
17;6
17;5
17;5
17;4
17;4
17;3
17;3
17;2
17;2
17;1
17;1
18;2783
18;2783
18;2782
18;2782
18;2781
18;2781
18;2780
18;2780
18;2779
18;2779
18;2778
18;2778
18;2777
18;2777
18;2776
18;2776
18;2775
18;2775
18;2774
18;2774
18;2773
18;2773
18;2772
18;2772
18;2771
18;2771
18;2770
18;2770
18;2769
18;2769
18;2768
18;2768
18;2767
18;2767
18;2766
18;2766
18;2765
18;2765
18;2764
18;2764
18;2763
18;2763
18;2762
18;2762
18;2761
18;2761
18;2760
18;2760
18;2759
18;2759
18;2758
18;2758
18;2757
18;2757
18;2756
18;2756
18;2755
18;2755
18;2754
18;2754
18;2753
18;2753
18;2752
18;2752
18;2751
18;2751
18;2750
18;2750
18;2749
18;2749
18;2748
18;2748
18;2747
18;2747
18;2746
18;2746
18;2745
18;2745
18;2744
18;2744
18;2743
18;2743
18;2742
18;2742
18;2741
18;2741
18;2740
18;2740
18;2739
18;2739
18;2738
18;2738
18;2737
18;2737
18;2736
18;2736
18;2735
18;2735
18;2734
18;2734
18;2733
18;2733
18;2732
18;2732
18;2731
18;2731
18;2730
18;2730
18;2729
18;2729
18;2728
18;2728
18;2727
18;2727
18;2726
18;2726
18;2725
18;2725
18;2724
18;2724
18;2723
18;2723
18;2722
18;2722
18;2721
18;2721
18;2720
18;2720
18;2719
18;2719
18;2718
18;2718
18;2717
18;2717
18;2716
18;2716
18;2715
18;2715
18;2714
18;2714
18;2713
18;2713
18;2712
18;2712
18;2711
18;2711
18;2710
18;2710
18;2709
18;2709
18;2708
18;2708
18;2707
18;2707
18;2706
18;2706
18;2705
18;2705
18;2704
18;2704
18;2703
18;2703
18;2702
18;2702
18;2701
18;2701
18;2700
18;2700
18;2699
18;2699
18;2698
18;2698
18;2697
18;2697
18;2696
18;2696
18;2695
18;2695
18;2694
18;2694
18;2693
18;2693
18;2692
18;2692
18;2691
18;2691
18;2690
18;2690
18;2689
18;2689
18;2688
18;2688
18;2687
18;2687
18;2686
18;2686
18;2685
18;2685
18;2684
18;2684
18;2683
18;2683
18;2682
18;2682
18;2681
18;2681
18;2680
18;2680
18;2679
18;2679
18;2678
18;2678
18;2677
18;2677
18;2676
18;2676
18;2675
18;2675
18;2674
18;2674
18;2673
18;2673
18;2672
18;2672
18;2671
18;2671
18;2670
18;2670
18;2669
18;2669
18;2668
18;2668
18;2667
18;2667
18;2666
18;2666
18;2665
18;2665
18;2664
18;2664
18;2663
18;2663
18;2662
18;2662
18;2661
18;2661
18;2660
18;2660
18;2659
18;2659
18;2658
18;2658
18;2657
18;2657
18;2656
18;2656
18;2655
18;2655
18;2654
18;2654
18;2653
18;2653
18;2652
18;2652
18;2651
18;2651
18;2650
18;2650
18;2649
18;2649
18;2648
18;2648
18;2647
18;2647
18;2646
18;2646
18;2645
18;2645
18;2644
18;2644
18;2643
18;2643
18;2642
18;2642
18;2641
18;2641
18;2640
18;2640
18;2639
18;2639
18;2638
18;2638
18;2637
18;2637
18;2636
18;2636
18;2635
18;2635
18;2634
18;2634
18;2633
18;2633
18;2632
18;2632
18;2631
18;2631
18;2630
18;2630
18;2629
18;2629
18;2628
18;2628
18;2627
18;2627
18;2626
18;2626
18;2625
18;2625
18;2624
18;2624
18;2623
18;2623
18;2622
18;2622
18;2621
18;2621
18;2620
18;2620
18;2619
18;2619
18;2618
18;2618
18;2617
18;2617
18;2616
18;2616
18;2615
18;2615
18;2614
18;2614
18;2613
18;2613
18;2612
18;2612
18;2611
18;2611
18;2610
18;2610
18;2609
18;2609
18;2608
18;2608
18;2607
18;2607
18;2606
18;2606
18;2605
18;2605
18;2604
18;2604
18;2603
18;2603
18;2602
18;2602
18;2601
18;2601
18;2600
18;2600
18;2599
18;2599
18;2598
18;2598
18;2597
18;2597
18;2596
18;2596
18;2595
18;2595
18;2594
18;2594
18;2593
18;2593
18;2592
18;2592
18;2591
18;2591
18;2590
18;2590
18;2589
18;2589
18;2588
18;2588
18;2587
18;2587
18;2586
18;2586
18;2585
18;2585
18;2584
18;2584
18;2583
18;2583
18;2582
18;2582
18;2581
18;2581
18;2580
18;2580
18;2579
18;2579
18;2578
18;2578
18;2577
18;2577
18;2576
18;2576
18;2575
18;2575
18;2574
18;2574
18;2573
18;2573
18;2572
18;2572
18;2571
18;2571
18;2570
18;2570
18;2569
18;2569
18;2568
18;2568
18;2567
18;2567
18;2566
18;2566
18;2565
18;2565
18;2564
18;2564
18;2563
18;2563
18;2562
18;2562
18;2561
18;2561
18;2560
18;2560
18;2559
18;2559
18;2558
18;2558
18;2557
18;2557
18;2556
18;2556
18;2555
18;2555
18;2554
18;2554
18;2553
18;2553
18;2552
18;2552
18;2551
18;2551
18;2550
18;2550
18;2549
18;2549
18;2548
18;2548
18;2547
18;2547
18;2546
18;2546
18;2545
18;2545
18;2544
18;2544
18;2543
18;2543
18;2542
18;2542
18;2541
18;2541
18;2540
18;2540
18;2539
18;2539
18;2538
18;2538
18;2537
18;2537
18;2536
18;2536
18;2535
18;2535
18;2534
18;2534
18;2533
18;2533
18;2532
18;2532
18;2531
18;2531
18;2530
18;2530
18;2529
18;2529
18;2528
18;2528
18;2527
18;2527
18;2526
18;2526
18;2525
18;2525
18;2524
18;2524
18;2523
18;2523
18;2522
18;2522
18;2521
18;2521
18;2520
18;2520
18;2519
18;2519
18;2518
18;2518
18;2517
18;2517
18;2516
18;2516
18;2515
18;2515
18;2514
18;2514
18;2513
18;2513
18;2512
18;2512
18;2511
18;2511
18;2510
18;2510
18;2509
18;2509
18;2508
18;2508
18;2507
18;2507
18;2506
18;2506
18;2505
18;2505
18;2504
18;2504
18;2503
18;2503
18;2502
18;2502
18;2501
18;2501
18;2500
18;2500
18;2499
18;2499
18;2498
18;2498
18;2497
18;2497
18;2496
18;2496
18;2495
18;2495
18;2494
18;2494
18;2493
18;2493
18;2492
18;2492
18;2491
18;2491
18;2490
18;2490
18;2489
18;2489
18;2488
18;2488
18;2487
18;2487
18;2486
18;2486
18;2485
18;2485
18;2484
18;2484
18;2483
18;2483
18;2482
18;2482
18;2481
18;2481
18;2480
18;2480
18;2479
18;2479
18;2478
18;2478
18;2477
18;2477
18;2476
18;2476
18;2475
18;2475
18;2474
18;2474
18;2473
18;2473
18;2472
18;2472
18;2471
18;2471
18;2470
18;2470
18;2469
18;2469
18;2468
18;2468
18;2467
18;2467
18;2466
18;2466
18;2465
18;2465
18;2464
18;2464
18;2463
18;2463
18;2462
18;2462
18;2461
18;2461
18;2460
18;2460
18;2459
18;2459
18;2458
18;2458
18;2457
18;2457
18;2456
18;2456
18;2455
18;2455
18;2454
18;2454
18;2453
18;2453
18;2452
18;2452
18;2451
18;2451
18;2450
18;2450
18;2449
18;2449
18;2448
18;2448
18;2447
18;2447
18;2446
18;2446
18;2445
18;2445
18;2444
18;2444
18;2443
18;2443
18;2442
18;2442
18;2441
18;2441
18;2440
18;2440
18;2439
18;2439
18;2438
18;2438
18;2437
18;2437
18;2436
18;2436
18;2435
18;2435
18;2434
18;2434
18;2433
18;2433
18;2432
18;2432
18;2431
18;2431
18;2430
18;2430
18;2429
18;2429
18;2428
18;2428
18;2427
18;2427
18;2426
18;2426
18;2425
18;2425
18;2424
18;2424
18;2423
18;2423
18;2422
18;2422
18;2421
18;2421
18;2420
18;2420
18;2419
18;2419
18;2418
18;2418
18;2417
18;2417
18;2416
18;2416
18;2415
18;2415
18;2414
18;2414
18;2413
18;2413
18;2412
18;2412
18;2411
18;2411
18;2410
18;2410
18;2409
18;2409
18;2408
18;2408
18;2407
18;2407
18;2406
18;2406
18;2405
18;2405
18;2404
18;2404
18;2403
18;2403
18;2402
18;2402
18;2401
18;2401
18;2400
18;2400
18;2399
18;2399
18;2398
18;2398
18;2397
18;2397
18;2396
18;2396
18;2395
18;2395
18;2394
18;2394
18;2393
18;2393
18;2392
18;2392
18;2391
18;2391
18;2390
18;2390
18;2389
18;2389
18;2388
18;2388
18;2387
18;2387
18;2386
18;2386
18;2385
18;2385
18;2384
18;2384
18;2383
18;2383
18;2382
18;2382
18;2381
18;2381
18;2380
18;2380
18;2379
18;2379
18;2378
18;2378
18;2377
18;2377
18;2376
18;2376
18;2375
18;2375
18;2374
18;2374
18;2373
18;2373
18;2372
18;2372
18;2371
18;2371
18;2370
18;2370
18;2369
18;2369
18;2368
18;2368
18;2367
18;2367
18;2366
18;2366
18;2365
18;2365
18;2364
18;2364
18;2363
18;2363
18;2362
18;2362
18;2361
18;2361
18;2360
18;2360
18;2359
18;2359
18;2358
18;2358
18;2357
18;2357
18;2356
18;2356
18;2355
18;2355
18;2354
18;2354
18;2353
18;2353
18;2352
18;2352
18;2351
18;2351
18;2350
18;2350
18;2349
18;2349
18;2348
18;2348
18;2347
18;2347
18;2346
18;2346
18;2345
18;2345
18;2344
18;2344
18;2343
18;2343
18;2342
18;2342
18;2341
18;2341
18;2340
18;2340
18;2339
18;2339
18;2338
18;2338
18;2337
18;2337
18;2336
18;2336
18;2335
18;2335
18;2334
18;2334
18;2333
18;2333
18;2332
18;2332
18;2331
18;2331
18;2330
18;2330
18;2329
18;2329
18;2328
18;2328
18;2327
18;2327
18;2326
18;2326
18;2325
18;2325
18;2324
18;2324
18;2323
18;2323
18;2322
18;2322
18;2321
18;2321
18;2320
18;2320
18;2319
18;2319
18;2318
18;2318
18;2317
18;2317
18;2316
18;2316
18;2315
18;2315
18;2314
18;2314
18;2313
18;2313
18;2312
18;2312
18;2311
18;2311
18;2310
18;2310
18;2309
18;2309
18;2308
18;2308
18;2307
18;2307
18;2306
18;2306
18;2305
18;2305
18;2304
18;2304
18;2303
18;2303
18;2302
18;2302
18;2301
18;2301
18;2300
18;2300
18;2299
18;2299
18;2298
18;2298
18;2297
18;2297
18;2296
18;2296
18;2295
18;2295
18;2294
18;2294
18;2293
18;2293
18;2292
18;2292
18;2291
18;2291
18;2290
18;2290
18;2289
18;2289
18;2288
18;2288
18;2287
18;2287
18;2286
18;2286
18;2285
18;2285
18;2284
18;2284
18;2283
18;2283
18;2282
18;2282
18;2281
18;2281
18;2280
18;2280
18;2279
18;2279
18;2278
18;2278
18;2277
18;2277
18;2276
18;2276
18;2275
18;2275
18;2274
18;2274
18;2273
18;2273
18;2272
18;2272
18;2271
18;2271
18;2270
18;2270
18;2269
18;2269
18;2268
18;2268
18;2267
18;2267
18;2266
18;2266
18;2265
18;2265
18;2264
18;2264
18;2263
18;2263
18;2262
18;2262
18;2261
18;2261
18;2260
18;2260
18;2259
18;2259
18;2258
18;2258
18;2257
18;2257
18;2256
18;2256
18;2255
18;2255
18;2254
18;2254
18;2253
18;2253
18;2252
18;2252
18;2251
18;2251
18;2250
18;2250
18;2249
18;2249
18;2248
18;2248
18;2247
18;2247
18;2246
18;2246
18;2245
18;2245
18;2244
18;2244
18;2243
18;2243
18;2242
18;2242
18;2241
18;2241
18;2240
18;2240
18;2239
18;2239
18;2238
18;2238
18;2237
18;2237
18;2236
18;2236
18;2235
18;2235
18;2234
18;2234
18;2233
18;2233
18;2232
18;2232
18;2231
18;2231
18;2230
18;2230
18;2229
18;2229
18;2228
18;2228
18;2227
18;2227
18;2226
18;2226
18;2225
18;2225
18;2224
18;2224
18;2223
18;2223
18;2222
18;2222
18;2221
18;2221
18;2220
18;2220
18;2219
18;2219
18;2218
18;2218
18;2217
18;2217
18;2216
18;2216
18;2215
18;2215
18;2214
18;2214
18;2213
18;2213
18;2212
18;2212
18;2211
18;2211
18;2210
18;2210
18;2209
18;2209
18;2208
18;2208
18;2207
18;2207
18;2206
18;2206
18;2205
18;2205
18;2204
18;2204
18;2203
18;2203
18;2202
18;2202
18;2201
18;2201
18;2200
18;2200
18;2199
18;2199
18;2198
18;2198
18;2197
18;2197
18;2196
18;2196
18;2195
18;2195
18;2194
18;2194
18;2193
18;2193
18;2192
18;2192
18;2191
18;2191
18;2190
18;2190
18;2189
18;2189
18;2188
18;2188
18;2187
18;2187
18;2186
18;2186
18;2185
18;2185
18;2184
18;2184
18;2183
18;2183
18;2182
18;2182
18;2181
18;2181
18;2180
18;2180
18;2179
18;2179
18;2178
18;2178
18;2177
18;2177
18;2176
18;2176
18;2175
18;2175
18;2174
18;2174
18;2173
18;2173
18;2172
18;2172
18;2171
18;2171
18;2170
18;2170
18;2169
18;2169
18;2168
18;2168
18;2167
18;2167
18;2166
18;2166
18;2165
18;2165
18;2164
18;2164
18;2163
18;2163
18;2162
18;2162
18;2161
18;2161
18;2160
18;2160
18;2159
18;2159
18;2158
18;2158
18;2157
18;2157
18;2156
18;2156
18;2155
18;2155
18;2154
18;2154
18;2153
18;2153
18;2152
18;2152
18;2151
18;2151
18;2150
18;2150
18;2149
18;2149
18;2148
18;2148
18;2147
18;2147
18;2146
18;2146
18;2145
18;2145
18;2144
18;2144
18;2143
18;2143
18;2142
18;2142
18;2141
18;2141
18;2140
18;2140
18;2139
18;2139
18;2138
18;2138
18;2137
18;2137
18;2136
18;2136
18;2135
18;2135
18;2134
18;2134
18;2133
18;2133
18;2132
18;2132
18;2131
18;2131
18;2130
18;2130
18;2129
18;2129
18;2128
18;2128
18;2127
18;2127
18;2126
18;2126
18;2125
18;2125
18;2124
18;2124
18;2123
18;2123
18;2122
18;2122
18;2121
18;2121
18;2120
18;2120
18;2119
18;2119
18;2118
18;2118
18;2117
18;2117
18;2116
18;2116
18;2115
18;2115
18;2114
18;2114
18;2113
18;2113
18;2112
18;2112
18;2111
18;2111
18;2110
18;2110
18;2109
18;2109
18;2108
18;2108
18;2107
18;2107
18;2106
18;2106
18;2105
18;2105
18;2104
18;2104
18;2103
18;2103
18;2102
18;2102
18;2101
18;2101
18;2100
18;2100
18;2099
18;2099
18;2098
18;2098
18;2097
18;2097
18;2096
18;2096
18;2095
18;2095
18;2094
18;2094
18;2093
18;2093
18;2092
18;2092
18;2091
18;2091
18;2090
18;2090
18;2089
18;2089
18;2088
18;2088
18;2087
18;2087
18;2086
18;2086
18;2085
18;2085
18;2084
18;2084
18;2083
18;2083
18;2082
18;2082
18;2081
18;2081
18;2080
18;2080
18;2079
18;2079
18;2078
18;2078
18;2077
18;2077
18;2076
18;2076
18;2075
18;2075
18;2074
18;2074
18;2073
18;2073
18;2072
18;2072
18;2071
18;2071
18;2070
18;2070
18;2069
18;2069
18;2068
18;2068
18;2067
18;2067
18;2066
18;2066
18;2065
18;2065
18;2064
18;2064
18;2063
18;2063
18;2062
18;2062
18;2061
18;2061
18;2060
18;2060
18;2059
18;2059
18;2058
18;2058
18;2057
18;2057
18;2056
18;2056
18;2055
18;2055
18;2054
18;2054
18;2053
18;2053
18;2052
18;2052
18;2051
18;2051
18;2050
18;2050
18;2049
18;2049
18;2048
18;2048
18;2047
18;2047
18;2046
18;2046
18;2045
18;2045
18;2044
18;2044
18;2043
18;2043
18;2042
18;2042
18;2041
18;2041
18;2040
18;2040
18;2039
18;2039
18;2038
18;2038
18;2037
18;2037
18;2036
18;2036
18;2035
18;2035
18;2034
18;2034
18;2033
18;2033
18;2032
18;2032
18;2031
18;2031
18;2030
18;2030
18;2029
18;2029
18;2028
18;2028
18;2027
18;2027
18;2026
18;2026
18;2025
18;2025
18;2024
18;2024
18;2023
18;2023
18;2022
18;2022
18;2021
18;2021
18;2020
18;2020
18;2019
18;2019
18;2018
18;2018
18;2017
18;2017
18;2016
18;2016
18;2015
18;2015
18;2014
18;2014
18;2013
18;2013
18;2012
18;2012
18;2011
18;2011
18;2010
18;2010
18;2009
18;2009
18;2008
18;2008
18;2007
18;2007
18;2006
18;2006
18;2005
18;2005
18;2004
18;2004
18;2003
18;2003
18;2002
18;2002
18;2001
18;2001
18;2000
18;2000
18;1999
18;1999
18;1998
18;1998
18;1997
18;1997
18;1996
18;1996
18;1995
18;1995
18;1994
18;1994
18;1993
18;1993
18;1992
18;1992
18;1991
18;1991
18;1990
18;1990
18;1989
18;1989
18;1988
18;1988
18;1987
18;1987
18;1986
18;1986
18;1985
18;1985
18;1984
18;1984
18;1983
18;1983
18;1982
18;1982
18;1981
18;1981
18;1980
18;1980
18;1979
18;1979
18;1978
18;1978
18;1977
18;1977
18;1976
18;1976
18;1975
18;1975
18;1974
18;1974
18;1973
18;1973
18;1972
18;1972
18;1971
18;1971
18;1970
18;1970
18;1969
18;1969
18;1968
18;1968
18;1967
18;1967
18;1966
18;1966
18;1965
18;1965
18;1964
18;1964
18;1963
18;1963
18;1962
18;1962
18;1961
18;1961
18;1960
18;1960
18;1959
18;1959
18;1958
18;1958
18;1957
18;1957
18;1956
18;1956
18;1955
18;1955
18;1954
18;1954
18;1953
18;1953
18;1952
18;1952
18;1951
18;1951
18;1950
18;1950
18;1949
18;1949
18;1948
18;1948
18;1947
18;1947
18;1946
18;1946
18;1945
18;1945
18;1944
18;1944
18;1943
18;1943
18;1942
18;1942
18;1941
18;1941
18;1940
18;1940
18;1939
18;1939
18;1938
18;1938
18;1937
18;1937
18;1936
18;1936
18;1935
18;1935
18;1934
18;1934
18;1933
18;1933
18;1932
18;1932
18;1931
18;1931
18;1930
18;1930
18;1929
18;1929
18;1928
18;1928
18;1927
18;1927
18;1926
18;1926
18;1925
18;1925
18;1924
18;1924
18;1923
18;1923
18;1922
18;1922
18;1921
18;1921
18;1920
18;1920
18;1919
18;1919
18;1918
18;1918
18;1917
18;1917
18;1916
18;1916
18;1915
18;1915
18;1914
18;1914
18;1913
18;1913
18;1912
18;1912
18;1911
18;1911
18;1910
18;1910
18;1909
18;1909
18;1908
18;1908
18;1907
18;1907
18;1906
18;1906
18;1905
18;1905
18;1904
18;1904
18;1903
18;1903
18;1902
18;1902
18;1901
18;1901
18;1900
18;1900
18;1899
18;1899
18;1898
18;1898
18;1897
18;1897
18;1896
18;1896
18;1895
18;1895
18;1894
18;1894
18;1893
18;1893
18;1892
18;1892
18;1891
18;1891
18;1890
18;1890
18;1889
18;1889
18;1888
18;1888
18;1887
18;1887
18;1886
18;1886
18;1885
18;1885
18;1884
18;1884
18;1883
18;1883
18;1882
18;1882
18;1881
18;1881
18;1880
18;1880
18;1879
18;1879
18;1878
18;1878
18;1877
18;1877
18;1876
18;1876
18;1875
18;1875
18;1874
18;1874
18;1873
18;1873
18;1872
18;1872
18;1871
18;1871
18;1870
18;1870
18;1869
18;1869
18;1868
18;1868
18;1867
18;1867
18;1866
18;1866
18;1865
18;1865
18;1864
18;1864
18;1863
18;1863
18;1862
18;1862
18;1861
18;1861
18;1860
18;1860
18;1859
18;1859
18;1858
18;1858
18;1857
18;1857
18;1856
18;1856
18;1855
18;1855
18;1854
18;1854
18;1853
18;1853
18;1852
18;1852
18;1851
18;1851
18;1850
18;1850
18;1849
18;1849
18;1848
18;1848
18;1847
18;1847
18;1846
18;1846
18;1845
18;1845
18;1844
18;1844
18;1843
18;1843
18;1842
18;1842
18;1841
18;1841
18;1840
18;1840
18;1839
18;1839
18;1838
18;1838
18;1837
18;1837
18;1836
18;1836
18;1835
18;1835
18;1834
18;1834
18;1833
18;1833
18;1832
18;1832
18;1831
18;1831
18;1830
18;1830
18;1829
18;1829
18;1828
18;1828
18;1827
18;1827
18;1826
18;1826
18;1825
18;1825
18;1824
18;1824
18;1823
18;1823
18;1822
18;1822
18;1821
18;1821
18;1820
18;1820
18;1819
18;1819
18;1818
18;1818
18;1817
18;1817
18;1816
18;1816
18;1815
18;1815
18;1814
18;1814
18;1813
18;1813
18;1812
18;1812
18;1811
18;1811
18;1810
18;1810
18;1809
18;1809
18;1808
18;1808
18;1807
18;1807
18;1806
18;1806
18;1805
18;1805
18;1804
18;1804
18;1803
18;1803
18;1802
18;1802
18;1801
18;1801
18;1800
18;1800
18;1799
18;1799
18;1798
18;1798
18;1797
18;1797
18;1796
18;1796
18;1795
18;1795
18;1794
18;1794
18;1793
18;1793
18;1792
18;1792
18;1791
18;1791
18;1790
18;1790
18;1789
18;1789
18;1788
18;1788
18;1787
18;1787
18;1786
18;1786
18;1785
18;1785
18;1784
18;1784
18;1783
18;1783
18;1782
18;1782
18;1781
18;1781
18;1780
18;1780
18;1779
18;1779
18;1778
18;1778
18;1777
18;1777
18;1776
18;1776
18;1775
18;1775
18;1774
18;1774
18;1773
18;1773
18;1772
18;1772
18;1771
18;1771
18;1770
18;1770
18;1769
18;1769
18;1768
18;1768
18;1767
18;1767
18;1766
18;1766
18;1765
18;1765
18;1764
18;1764
18;1763
18;1763
18;1762
18;1762
18;1761
18;1761
18;1760
18;1760
18;1759
18;1759
18;1758
18;1758
18;1757
18;1757
18;1756
18;1756
18;1755
18;1755
18;1754
18;1754
18;1753
18;1753
18;1752
18;1752
18;1751
18;1751
18;1750
18;1750
18;1749
18;1749
18;1748
18;1748
18;1747
18;1747
18;1746
18;1746
18;1745
18;1745
18;1744
18;1744
18;1743
18;1743
18;1742
18;1742
18;1741
18;1741
18;1740
18;1740
18;1739
18;1739
18;1738
18;1738
18;1737
18;1737
18;1736
18;1736
18;1735
18;1735
18;1734
18;1734
18;1733
18;1733
18;1732
18;1732
18;1731
18;1731
18;1730
18;1730
18;1729
18;1729
18;1728
18;1728
18;1727
18;1727
18;1726
18;1726
18;1725
18;1725
18;1724
18;1724
18;1723
18;1723
18;1722
18;1722
18;1721
18;1721
18;1720
18;1720
18;1719
18;1719
18;1718
18;1718
18;1717
18;1717
18;1716
18;1716
18;1715
18;1715
18;1714
18;1714
18;1713
18;1713
18;1712
18;1712
18;1711
18;1711
18;1710
18;1710
18;1709
18;1709
18;1708
18;1708
18;1707
18;1707
18;1706
18;1706
18;1705
18;1705
18;1704
18;1704
18;1703
18;1703
18;1702
18;1702
18;1701
18;1701
18;1700
18;1700
18;1699
18;1699
18;1698
18;1698
18;1697
18;1697
18;1696
18;1696
18;1695
18;1695
18;1694
18;1694
18;1693
18;1693
18;1692
18;1692
18;1691
18;1691
18;1690
18;1690
18;1689
18;1689
18;1688
18;1688
18;1687
18;1687
18;1686
18;1686
18;1685
18;1685
18;1684
18;1684
18;1683
18;1683
18;1682
18;1682
18;1681
18;1681
18;1680
18;1680
18;1679
18;1679
18;1678
18;1678
18;1677
18;1677
18;1676
18;1676
18;1675
18;1675
18;1674
18;1674
18;1673
18;1673
18;1672
18;1672
18;1671
18;1671
18;1670
18;1670
18;1669
18;1669
18;1668
18;1668
18;1667
18;1667
18;1666
18;1666
18;1665
18;1665
18;1664
18;1664
18;1663
18;1663
18;1662
18;1662
18;1661
18;1661
18;1660
18;1660
18;1659
18;1659
18;1658
18;1658
18;1657
18;1657
18;1656
18;1656
18;1655
18;1655
18;1654
18;1654
18;1653
18;1653
18;1652
18;1652
18;1651
18;1651
18;1650
18;1650
18;1649
18;1649
18;1648
18;1648
18;1647
18;1647
18;1646
18;1646
18;1645
18;1645
18;1644
18;1644
18;1643
18;1643
18;1642
18;1642
18;1641
18;1641
18;1640
18;1640
18;1639
18;1639
18;1638
18;1638
18;1637
18;1637
18;1636
18;1636
18;1635
18;1635
18;1634
18;1634
18;1633
18;1633
18;1632
18;1632
18;1631
18;1631
18;1630
18;1630
18;1629
18;1629
18;1628
18;1628
18;1627
18;1627
18;1626
18;1626
18;1625
18;1625
18;1624
18;1624
18;1623
18;1623
18;1622
18;1622
18;1621
18;1621
18;1620
18;1620
18;1619
18;1619
18;1618
18;1618
18;1617
18;1617
18;1616
18;1616
18;1615
18;1615
18;1614
18;1614
18;1613
18;1613
18;1612
18;1612
18;1611
18;1611
18;1610
18;1610
18;1609
18;1609
18;1608
18;1608
18;1607
18;1607
18;1606
18;1606
18;1605
18;1605
18;1604
18;1604
18;1603
18;1603
18;1602
18;1602
18;1601
18;1601
18;1600
18;1600
18;1599
18;1599
18;1598
18;1598
18;1597
18;1597
18;1596
18;1596
18;1595
18;1595
18;1594
18;1594
18;1593
18;1593
18;1592
18;1592
18;1591
18;1591
18;1590
18;1590
18;1589
18;1589
18;1588
18;1588
18;1587
18;1587
18;1586
18;1586
18;1585
18;1585
18;1584
18;1584
18;1583
18;1583
18;1582
18;1582
18;1581
18;1581
18;1580
18;1580
18;1579
18;1579
18;1578
18;1578
18;1577
18;1577
18;1576
18;1576
18;1575
18;1575
18;1574
18;1574
18;1573
18;1573
18;1572
18;1572
18;1571
18;1571
18;1570
18;1570
18;1569
18;1569
18;1568
18;1568
18;1567
18;1567
18;1566
18;1566
18;1565
18;1565
18;1564
18;1564
18;1563
18;1563
18;1562
18;1562
18;1561
18;1561
18;1560
18;1560
18;1559
18;1559
18;1558
18;1558
18;1557
18;1557
18;1556
18;1556
18;1555
18;1555
18;1554
18;1554
18;1553
18;1553
18;1552
18;1552
18;1551
18;1551
18;1550
18;1550
18;1549
18;1549
18;1548
18;1548
18;1547
18;1547
18;1546
18;1546
18;1545
18;1545
18;1544
18;1544
18;1543
18;1543
18;1542
18;1542
18;1541
18;1541
18;1540
18;1540
18;1539
18;1539
18;1538
18;1538
18;1537
18;1537
18;1536
18;1536
18;1535
18;1535
18;1534
18;1534
18;1533
18;1533
18;1532
18;1532
18;1531
18;1531
18;1530
18;1530
18;1529
18;1529
18;1528
18;1528
18;1527
18;1527
18;1526
18;1526
18;1525
18;1525
18;1524
18;1524
18;1523
18;1523
18;1522
18;1522
18;1521
18;1521
18;1520
18;1520
18;1519
18;1519
18;1518
18;1518
18;1517
18;1517
18;1516
18;1516
18;1515
18;1515
18;1514
18;1514
18;1513
18;1513
18;1512
18;1512
18;1511
18;1511
18;1510
18;1510
18;1509
18;1509
18;1508
18;1508
18;1507
18;1507
18;1506
18;1506
18;1505
18;1505
18;1504
18;1504
18;1503
18;1503
18;1502
18;1502
18;1501
18;1501
18;1500
18;1500
18;1499
18;1499
18;1498
18;1498
18;1497
18;1497
18;1496
18;1496
18;1495
18;1495
18;1494
18;1494
18;1493
18;1493
18;1492
18;1492
18;1491
18;1491
18;1490
18;1490
18;1489
18;1489
18;1488
18;1488
18;1487
18;1487
18;1486
18;1486
18;1485
18;1485
18;1484
18;1484
18;1483
18;1483
18;1482
18;1482
18;1481
18;1481
18;1480
18;1480
18;1479
18;1479
18;1478
18;1478
18;1477
18;1477
18;1476
18;1476
18;1475
18;1475
18;1474
18;1474
18;1473
18;1473
18;1472
18;1472
18;1471
18;1471
18;1470
18;1470
18;1469
18;1469
18;1468
18;1468
18;1467
18;1467
18;1466
18;1466
18;1465
18;1465
18;1464
18;1464
18;1463
18;1463
18;1462
18;1462
18;1461
18;1461
18;1460
18;1460
18;1459
18;1459
18;1458
18;1458
18;1457
18;1457
18;1456
18;1456
18;1455
18;1455
18;1454
18;1454
18;1453
18;1453
18;1452
18;1452
18;1451
18;1451
18;1450
18;1450
18;1449
18;1449
18;1448
18;1448
18;1447
18;1447
18;1446
18;1446
18;1445
18;1445
18;1444
18;1444
18;1443
18;1443
18;1442
18;1442
18;1441
18;1441
18;1440
18;1440
18;1439
18;1439
18;1438
18;1438
18;1437
18;1437
18;1436
18;1436
18;1435
18;1435
18;1434
18;1434
18;1433
18;1433
18;1432
18;1432
18;1431
18;1431
18;1430
18;1430
18;1429
18;1429
18;1428
18;1428
18;1427
18;1427
18;1426
18;1426
18;1425
18;1425
18;1424
18;1424
18;1423
18;1423
18;1422
18;1422
18;1421
18;1421
18;1420
18;1420
18;1419
18;1419
18;1418
18;1418
18;1417
18;1417
18;1416
18;1416
18;1415
18;1415
18;1414
18;1414
18;1413
18;1413
18;1412
18;1412
18;1411
18;1411
18;1410
18;1410
18;1409
18;1409
18;1408
18;1408
18;1407
18;1407
18;1406
18;1406
18;1405
18;1405
18;1404
18;1404
18;1403
18;1403
18;1402
18;1402
18;1401
18;1401
18;1400
18;1400
18;1399
18;1399
18;1398
18;1398
18;1397
18;1397
18;1396
18;1396
18;1395
18;1395
18;1394
18;1394
18;1393
18;1393
18;1392
18;1392
18;1391
18;1391
18;1390
18;1390
18;1389
18;1389
18;1388
18;1388
18;1387
18;1387
18;1386
18;1386
18;1385
18;1385
18;1384
18;1384
18;1383
18;1383
18;1382
18;1382
18;1381
18;1381
18;1380
18;1380
18;1379
18;1379
18;1378
18;1378
18;1377
18;1377
18;1376
18;1376
18;1375
18;1375
18;1374
18;1374
18;1373
18;1373
18;1372
18;1372
18;1371
18;1371
18;1370
18;1370
18;1369
18;1369
18;1368
18;1368
18;1367
18;1367
18;1366
18;1366
18;1365
18;1365
18;1364
18;1364
18;1363
18;1363
18;1362
18;1362
18;1361
18;1361
18;1360
18;1360
18;1359
18;1359
18;1358
18;1358
18;1357
18;1357
18;1356
18;1356
18;1355
18;1355
18;1354
18;1354
18;1353
18;1353
18;1352
18;1352
18;1351
18;1351
18;1350
18;1350
18;1349
18;1349
18;1348
18;1348
18;1347
18;1347
18;1346
18;1346
18;1345
18;1345
18;1344
18;1344
18;1343
18;1343
18;1342
18;1342
18;1341
18;1341
18;1340
18;1340
18;1339
18;1339
18;1338
18;1338
18;1337
18;1337
18;1336
18;1336
18;1335
18;1335
18;1334
18;1334
18;1333
18;1333
18;1332
18;1332
18;1331
18;1331
18;1330
18;1330
18;1329
18;1329
18;1328
18;1328
18;1327
18;1327
18;1326
18;1326
18;1325
18;1325
18;1324
18;1324
18;1323
18;1323
18;1322
18;1322
18;1321
18;1321
18;1320
18;1320
18;1319
18;1319
18;1318
18;1318
18;1317
18;1317
18;1316
18;1316
18;1315
18;1315
18;1314
18;1314
18;1313
18;1313
18;1312
18;1312
18;1311
18;1311
18;1310
18;1310
18;1309
18;1309
18;1308
18;1308
18;1307
18;1307
18;1306
18;1306
18;1305
18;1305
18;1304
18;1304
18;1303
18;1303
18;1302
18;1302
18;1301
18;1301
18;1300
18;1300
18;1299
18;1299
18;1298
18;1298
18;1297
18;1297
18;1296
18;1296
18;1295
18;1295
18;1294
18;1294
18;1293
18;1293
18;1292
18;1292
18;1291
18;1291
18;1290
18;1290
18;1289
18;1289
18;1288
18;1288
18;1287
18;1287
18;1286
18;1286
18;1285
18;1285
18;1284
18;1284
18;1283
18;1283
18;1282
18;1282
18;1281
18;1281
18;1280
18;1280
18;1279
18;1279
18;1278
18;1278
18;1277
18;1277
18;1276
18;1276
18;1275
18;1275
18;1274
18;1274
18;1273
18;1273
18;1272
18;1272
18;1271
18;1271
18;1270
18;1270
18;1269
18;1269
18;1268
18;1268
18;1267
18;1267
18;1266
18;1266
18;1265
18;1265
18;1264
18;1264
18;1263
18;1263
18;1262
18;1262
18;1261
18;1261
18;1260
18;1260
18;1259
18;1259
18;1258
18;1258
18;1257
18;1257
18;1256
18;1256
18;1255
18;1255
18;1254
18;1254
18;1253
18;1253
18;1252
18;1252
18;1251
18;1251
18;1250
18;1250
18;1249
18;1249
18;1248
18;1248
18;1247
18;1247
18;1246
18;1246
18;1245
18;1245
18;1244
18;1244
18;1243
18;1243
18;1242
18;1242
18;1241
18;1241
18;1240
18;1240
18;1239
18;1239
18;1238
18;1238
18;1237
18;1237
18;1236
18;1236
18;1235
18;1235
18;1234
18;1234
18;1233
18;1233
18;1232
18;1232
18;1231
18;1231
18;1230
18;1230
18;1229
18;1229
18;1228
18;1228
18;1227
18;1227
18;1226
18;1226
18;1225
18;1225
18;1224
18;1224
18;1223
18;1223
18;1222
18;1222
18;1221
18;1221
18;1220
18;1220
18;1219
18;1219
18;1218
18;1218
18;1217
18;1217
18;1216
18;1216
18;1215
18;1215
18;1214
18;1214
18;1213
18;1213
18;1212
18;1212
18;1211
18;1211
18;1210
18;1210
18;1209
18;1209
18;1208
18;1208
18;1207
18;1207
18;1206
18;1206
18;1205
18;1205
18;1204
18;1204
18;1203
18;1203
18;1202
18;1202
18;1201
18;1201
18;1200
18;1200
18;1199
18;1199
18;1198
18;1198
18;1197
18;1197
18;1196
18;1196
18;1195
18;1195
18;1194
18;1194
18;1193
18;1193
18;1192
18;1192
18;1191
18;1191
18;1190
18;1190
18;1189
18;1189
18;1188
18;1188
18;1187
18;1187
18;1186
18;1186
18;1185
18;1185
18;1184
18;1184
18;1183
18;1183
18;1182
18;1182
18;1181
18;1181
18;1180
18;1180
18;1179
18;1179
18;1178
18;1178
18;1177
18;1177
18;1176
18;1176
18;1175
18;1175
18;1174
18;1174
18;1173
18;1173
18;1172
18;1172
18;1171
18;1171
18;1170
18;1170
18;1169
18;1169
18;1168
18;1168
18;1167
18;1167
18;1166
18;1166
18;1165
18;1165
18;1164
18;1164
18;1163
18;1163
18;1162
18;1162
18;1161
18;1161
18;1160
18;1160
18;1159
18;1159
18;1158
18;1158
18;1157
18;1157
18;1156
18;1156
18;1155
18;1155
18;1154
18;1154
18;1153
18;1153
18;1152
18;1152
18;1151
18;1151
18;1150
18;1150
18;1149
18;1149
18;1148
18;1148
18;1147
18;1147
18;1146
18;1146
18;1145
18;1145
18;1144
18;1144
18;1143
18;1143
18;1142
18;1142
18;1141
18;1141
18;1140
18;1140
18;1139
18;1139
18;1138
18;1138
18;1137
18;1137
18;1136
18;1136
18;1135
18;1135
18;1134
18;1134
18;1133
18;1133
18;1132
18;1132
18;1131
18;1131
18;1130
18;1130
18;1129
18;1129
18;1128
18;1128
18;1127
18;1127
18;1126
18;1126
18;1125
18;1125
18;1124
18;1124
18;1123
18;1123
18;1122
18;1122
18;1121
18;1121
18;1120
18;1120
18;1119
18;1119
18;1118
18;1118
18;1117
18;1117
18;1116
18;1116
18;1115
18;1115
18;1114
18;1114
18;1113
18;1113
18;1112
18;1112
18;1111
18;1111
18;1110
18;1110
18;1109
18;1109
18;1108
18;1108
18;1107
18;1107
18;1106
18;1106
18;1105
18;1105
18;1104
18;1104
18;1103
18;1103
18;1102
18;1102
18;1101
18;1101
18;1100
18;1100
18;1099
18;1099
18;1098
18;1098
18;1097
18;1097
18;1096
18;1096
18;1095
18;1095
18;1094
18;1094
18;1093
18;1093
18;1092
18;1092
18;1091
18;1091
18;1090
18;1090
18;1089
18;1089
18;1088
18;1088
18;1087
18;1087
18;1086
18;1086
18;1085
18;1085
18;1084
18;1084
18;1083
18;1083
18;1082
18;1082
18;1081
18;1081
18;1080
18;1080
18;1079
18;1079
18;1078
18;1078
18;1077
18;1077
18;1076
18;1076
18;1075
18;1075
18;1074
18;1074
18;1073
18;1073
18;1072
18;1072
18;1071
18;1071
18;1070
18;1070
18;1069
18;1069
18;1068
18;1068
18;1067
18;1067
18;1066
18;1066
18;1065
18;1065
18;1064
18;1064
18;1063
18;1063
18;1062
18;1062
18;1061
18;1061
18;1060
18;1060
18;1059
18;1059
18;1058
18;1058
18;1057
18;1057
18;1056
18;1056
18;1055
18;1055
18;1054
18;1054
18;1053
18;1053
18;1052
18;1052
18;1051
18;1051
18;1050
18;1050
18;1049
18;1049
18;1048
18;1048
18;1047
18;1047
18;1046
18;1046
18;1045
18;1045
18;1044
18;1044
18;1043
18;1043
18;1042
18;1042
18;1041
18;1041
18;1040
18;1040
18;1039
18;1039
18;1038
18;1038
18;1037
18;1037
18;1036
18;1036
18;1035
18;1035
18;1034
18;1034
18;1033
18;1033
18;1032
18;1032
18;1031
18;1031
18;1030
18;1030
18;1029
18;1029
18;1028
18;1028
18;1027
18;1027
18;1026
18;1026
18;1025
18;1025
18;1024
18;1024
18;1023
18;1023
18;1022
18;1022
18;1021
18;1021
18;1020
18;1020
18;1019
18;1019
18;1018
18;1018
18;1017
18;1017
18;1016
18;1016
18;1015
18;1015
18;1014
18;1014
18;1013
18;1013
18;1012
18;1012
18;1011
18;1011
18;1010
18;1010
18;1009
18;1009
18;1008
18;1008
18;1007
18;1007
18;1006
18;1006
18;1005
18;1005
18;1004
18;1004
18;1003
18;1003
18;1002
18;1002
18;1001
18;1001
18;1000
18;1000
18;999
18;999
18;998
18;998
18;997
18;997
18;996
18;996
18;995
18;995
18;994
18;994
18;993
18;993
18;992
18;992
18;991
18;991
18;990
18;990
18;989
18;989
18;988
18;988
18;987
18;987
18;986
18;986
18;985
18;985
18;984
18;984
18;983
18;983
18;982
18;982
18;981
18;981
18;980
18;980
18;979
18;979
18;978
18;978
18;977
18;977
18;976
18;976
18;975
18;975
18;974
18;974
18;973
18;973
18;972
18;972
18;971
18;971
18;970
18;970
18;969
18;969
18;968
18;968
18;967
18;967
18;966
18;966
18;965
18;965
18;964
18;964
18;963
18;963
18;962
18;962
18;961
18;961
18;960
18;960
18;959
18;959
18;958
18;958
18;957
18;957
18;956
18;956
18;955
18;955
18;954
18;954
18;953
18;953
18;952
18;952
18;951
18;951
18;950
18;950
18;949
18;949
18;948
18;948
18;947
18;947
18;946
18;946
18;945
18;945
18;944
18;944
18;943
18;943
18;942
18;942
18;941
18;941
18;940
18;940
18;939
18;939
18;938
18;938
18;937
18;937
18;936
18;936
18;935
18;935
18;934
18;934
18;933
18;933
18;932
18;932
18;931
18;931
18;930
18;930
18;929
18;929
18;928
18;928
18;927
18;927
18;926
18;926
18;925
18;925
18;924
18;924
18;923
18;923
18;922
18;922
18;921
18;921
18;920
18;920
18;919
18;919
18;918
18;918
18;917
18;917
18;916
18;916
18;915
18;915
18;914
18;914
18;913
18;913
18;912
18;912
18;911
18;911
18;910
18;910
18;909
18;909
18;908
18;908
18;907
18;907
18;906
18;906
18;905
18;905
18;904
18;904
18;903
18;903
18;902
18;902
18;901
18;901
18;900
18;900
18;899
18;899
18;898
18;898
18;897
18;897
18;896
18;896
18;895
18;895
18;894
18;894
18;893
18;893
18;892
18;892
18;891
18;891
18;890
18;890
18;889
18;889
18;888
18;888
18;887
18;887
18;886
18;886
18;885
18;885
18;884
18;884
18;883
18;883
18;882
18;882
18;881
18;881
18;880
18;880
18;879
18;879
18;878
18;878
18;877
18;877
18;876
18;876
18;875
18;875
18;874
18;874
18;873
18;873
18;872
18;872
18;871
18;871
18;870
18;870
18;869
18;869
18;868
18;868
18;867
18;867
18;866
18;866
18;865
18;865
18;864
18;864
18;863
18;863
18;862
18;862
18;861
18;861
18;860
18;860
18;859
18;859
18;858
18;858
18;857
18;857
18;856
18;856
18;855
18;855
18;854
18;854
18;853
18;853
18;852
18;852
18;851
18;851
18;850
18;850
18;849
18;849
18;848
18;848
18;847
18;847
18;846
18;846
18;845
18;845
18;844
18;844
18;843
18;843
18;842
18;842
18;841
18;841
18;840
18;840
18;839
18;839
18;838
18;838
18;837
18;837
18;836
18;836
18;835
18;835
18;834
18;834
18;833
18;833
18;832
18;832
18;831
18;831
18;830
18;830
18;829
18;829
18;828
18;828
18;827
18;827
18;826
18;826
18;825
18;825
18;824
18;824
18;823
18;823
18;822
18;822
18;821
18;821
18;820
18;820
18;819
18;819
18;818
18;818
18;817
18;817
18;816
18;816
18;815
18;815
18;814
18;814
18;813
18;813
18;812
18;812
18;811
18;811
18;810
18;810
18;809
18;809
18;808
18;808
18;807
18;807
18;806
18;806
18;805
18;805
18;804
18;804
18;803
18;803
18;802
18;802
18;801
18;801
18;800
18;800
18;799
18;799
18;798
18;798
18;797
18;797
18;796
18;796
18;795
18;795
18;794
18;794
18;793
18;793
18;792
18;792
18;791
18;791
18;790
18;790
18;789
18;789
18;788
18;788
18;787
18;787
18;786
18;786
18;785
18;785
18;784
18;784
18;783
18;783
18;782
18;782
18;781
18;781
18;780
18;780
18;779
18;779
18;778
18;778
18;777
18;777
18;776
18;776
18;775
18;775
18;774
18;774
18;773
18;773
18;772
18;772
18;771
18;771
18;770
18;770
18;769
18;769
18;768
18;768
18;767
18;767
18;766
18;766
18;765
18;765
18;764
18;764
18;763
18;763
18;762
18;762
18;761
18;761
18;760
18;760
18;759
18;759
18;758
18;758
18;757
18;757
18;756
18;756
18;755
18;755
18;754
18;754
18;753
18;753
18;752
18;752
18;751
18;751
18;750
18;750
18;749
18;749
18;748
18;748
18;747
18;747
18;746
18;746
18;745
18;745
18;744
18;744
18;743
18;743
18;742
18;742
18;741
18;741
18;740
18;740
18;739
18;739
18;738
18;738
18;737
18;737
18;736
18;736
18;735
18;735
18;734
18;734
18;733
18;733
18;732
18;732
18;731
18;731
18;730
18;730
18;729
18;729
18;728
18;728
18;727
18;727
18;726
18;726
18;725
18;725
18;724
18;724
18;723
18;723
18;722
18;722
18;721
18;721
18;720
18;720
18;719
18;719
18;718
18;718
18;717
18;717
18;716
18;716
18;715
18;715
18;714
18;714
18;713
18;713
18;712
18;712
18;711
18;711
18;710
18;710
18;709
18;709
18;708
18;708
18;707
18;707
18;706
18;706
18;705
18;705
18;704
18;704
18;703
18;703
18;702
18;702
18;701
18;701
18;700
18;700
18;699
18;699
18;698
18;698
18;697
18;697
18;696
18;696
18;695
18;695
18;694
18;694
18;693
18;693
18;692
18;692
18;691
18;691
18;690
18;690
18;689
18;689
18;688
18;688
18;687
18;687
18;686
18;686
18;685
18;685
18;684
18;684
18;683
18;683
18;682
18;682
18;681
18;681
18;680
18;680
18;679
18;679
18;678
18;678
18;677
18;677
18;676
18;676
18;675
18;675
18;674
18;674
18;673
18;673
18;672
18;672
18;671
18;671
18;670
18;670
18;669
18;669
18;668
18;668
18;667
18;667
18;666
18;666
18;665
18;665
18;664
18;664
18;663
18;663
18;662
18;662
18;661
18;661
18;660
18;660
18;659
18;659
18;658
18;658
18;657
18;657
18;656
18;656
18;655
18;655
18;654
18;654
18;653
18;653
18;652
18;652
18;651
18;651
18;650
18;650
18;649
18;649
18;648
18;648
18;647
18;647
18;646
18;646
18;645
18;645
18;644
18;644
18;643
18;643
18;642
18;642
18;641
18;641
18;640
18;640
18;639
18;639
18;638
18;638
18;637
18;637
18;636
18;636
18;635
18;635
18;634
18;634
18;633
18;633
18;632
18;632
18;631
18;631
18;630
18;630
18;629
18;629
18;628
18;628
18;627
18;627
18;626
18;626
18;625
18;625
18;624
18;624
18;623
18;623
18;622
18;622
18;621
18;621
18;620
18;620
18;619
18;619
18;618
18;618
18;617
18;617
18;616
18;616
18;615
18;615
18;614
18;614
18;613
18;613
18;612
18;612
18;611
18;611
18;610
18;610
18;609
18;609
18;608
18;608
18;607
18;607
18;606
18;606
18;605
18;605
18;604
18;604
18;603
18;603
18;602
18;602
18;601
18;601
18;600
18;600
18;599
18;599
18;598
18;598
18;597
18;597
18;596
18;596
18;595
18;595
18;594
18;594
18;593
18;593
18;592
18;592
18;591
18;591
18;590
18;590
18;589
18;589
18;588
18;588
18;587
18;587
18;586
18;586
18;585
18;585
18;584
18;584
18;583
18;583
18;582
18;582
18;581
18;581
18;580
18;580
18;579
18;579
18;578
18;578
18;577
18;577
18;576
18;576
18;575
18;575
18;574
18;574
18;573
18;573
18;572
18;572
18;571
18;571
18;570
18;570
18;569
18;569
18;568
18;568
18;567
18;567
18;566
18;566
18;565
18;565
18;564
18;564
18;563
18;563
18;562
18;562
18;561
18;561
18;560
18;560
18;559
18;559
18;558
18;558
18;557
18;557
18;556
18;556
18;555
18;555
18;554
18;554
18;553
18;553
18;552
18;552
18;551
18;551
18;550
18;550
18;549
18;549
18;548
18;548
18;547
18;547
18;546
18;546
18;545
18;545
18;544
18;544
18;543
18;543
18;542
18;542
18;541
18;541
18;540
18;540
18;539
18;539
18;538
18;538
18;537
18;537
18;536
18;536
18;535
18;535
18;534
18;534
18;533
18;533
18;532
18;532
18;531
18;531
18;530
18;530
18;529
18;529
18;528
18;528
18;527
18;527
18;526
18;526
18;525
18;525
18;524
18;524
18;523
18;523
18;522
18;522
18;521
18;521
18;520
18;520
18;519
18;519
18;518
18;518
18;517
18;517
18;516
18;516
18;515
18;515
18;514
18;514
18;513
18;513
18;512
18;512
18;511
18;511
18;510
18;510
18;509
18;509
18;508
18;508
18;507
18;507
18;506
18;506
18;505
18;505
18;504
18;504
18;503
18;503
18;502
18;502
18;501
18;501
18;500
18;500
18;499
18;499
18;498
18;498
18;497
18;497
18;496
18;496
18;495
18;495
18;494
18;494
18;493
18;493
18;492
18;492
18;491
18;491
18;490
18;490
18;489
18;489
18;488
18;488
18;487
18;487
18;486
18;486
18;485
18;485
18;484
18;484
18;483
18;483
18;482
18;482
18;481
18;481
18;480
18;480
18;479
18;479
18;478
18;478
18;477
18;477
18;476
18;476
18;475
18;475
18;474
18;474
18;473
18;473
18;472
18;472
18;471
18;471
18;470
18;470
18;469
18;469
18;468
18;468
18;467
18;467
18;466
18;466
18;465
18;465
18;464
18;464
18;463
18;463
18;462
18;462
18;461
18;461
18;460
18;460
18;459
18;459
18;458
18;458
18;457
18;457
18;456
18;456
18;455
18;455
18;454
18;454
18;453
18;453
18;452
18;452
18;451
18;451
18;450
18;450
18;449
18;449
18;448
18;448
18;447
18;447
18;446
18;446
18;445
18;445
18;444
18;444
18;443
18;443
18;442
18;442
18;441
18;441
18;440
18;440
18;439
18;439
18;438
18;438
18;437
18;437
18;436
18;436
18;435
18;435
18;434
18;434
18;433
18;433
18;432
18;432
18;431
18;431
18;430
18;430
18;429
18;429
18;428
18;428
18;427
18;427
18;426
18;426
18;425
18;425
18;424
18;424
18;423
18;423
18;422
18;422
18;421
18;421
18;420
18;420
18;419
18;419
18;418
18;418
18;417
18;417
18;416
18;416
18;415
18;415
18;414
18;414
18;413
18;413
18;412
18;412
18;411
18;411
18;410
18;410
18;409
18;409
18;408
18;408
18;407
18;407
18;406
18;406
18;405
18;405
18;404
18;404
18;403
18;403
18;402
18;402
18;401
18;401
18;400
18;400
18;399
18;399
18;398
18;398
18;397
18;397
18;396
18;396
18;395
18;395
18;394
18;394
18;393
18;393
18;392
18;392
18;391
18;391
18;390
18;390
18;389
18;389
18;388
18;388
18;387
18;387
18;386
18;386
18;385
18;385
18;384
18;384
18;383
18;383
18;382
18;382
18;381
18;381
18;380
18;380
18;379
18;379
18;378
18;378
18;377
18;377
18;376
18;376
18;375
18;375
18;374
18;374
18;373
18;373
18;372
18;372
18;371
18;371
18;370
18;370
18;369
18;369
18;368
18;368
18;367
18;367
18;366
18;366
18;365
18;365
18;364
18;364
18;363
18;363
18;362
18;362
18;361
18;361
18;360
18;360
18;359
18;359
18;358
18;358
18;357
18;357
18;356
18;356
18;355
18;355
18;354
18;354
18;353
18;353
18;352
18;352
18;351
18;351
18;350
18;350
18;349
18;349
18;348
18;348
18;347
18;347
18;346
18;346
18;345
18;345
18;344
18;344
18;343
18;343
18;342
18;342
18;341
18;341
18;340
18;340
18;339
18;339
18;338
18;338
18;337
18;337
18;336
18;336
18;335
18;335
18;334
18;334
18;333
18;333
18;332
18;332
18;331
18;331
18;330
18;330
18;329
18;329
18;328
18;328
18;327
18;327
18;326
18;326
18;325
18;325
18;324
18;324
18;323
18;323
18;322
18;322
18;321
18;321
18;320
18;320
18;319
18;319
18;318
18;318
18;317
18;317
18;316
18;316
18;315
18;315
18;314
18;314
18;313
18;313
18;312
18;312
18;311
18;311
18;310
18;310
18;309
18;309
18;308
18;308
18;307
18;307
18;306
18;306
18;305
18;305
18;304
18;304
18;303
18;303
18;302
18;302
18;301
18;301
18;300
18;300
18;299
18;299
18;298
18;298
18;297
18;297
18;296
18;296
18;295
18;295
18;294
18;294
18;293
18;293
18;292
18;292
18;291
18;291
18;290
18;290
18;289
18;289
18;288
18;288
18;287
18;287
18;286
18;286
18;285
18;285
18;284
18;284
18;283
18;283
18;282
18;282
18;281
18;281
18;280
18;280
18;279
18;279
18;278
18;278
18;277
18;277
18;276
18;276
18;275
18;275
18;274
18;274
18;273
18;273
18;272
18;272
18;271
18;271
18;270
18;270
18;269
18;269
18;268
18;268
18;267
18;267
18;266
18;266
18;265
18;265
18;264
18;264
18;263
18;263
18;262
18;262
18;261
18;261
18;260
18;260
18;259
18;259
18;258
18;258
18;257
18;257
18;256
18;256
18;255
18;255
18;254
18;254
18;253
18;253
18;252
18;252
18;251
18;251
18;250
18;250
18;249
18;249
18;248
18;248
18;247
18;247
18;246
18;246
18;245
18;245
18;244
18;244
18;243
18;243
18;242
18;242
18;241
18;241
18;240
18;240
18;239
18;239
18;238
18;238
18;237
18;237
18;236
18;236
18;235
18;235
18;234
18;234
18;233
18;233
18;232
18;232
18;231
18;231
18;230
18;230
18;229
18;229
18;228
18;228
18;227
18;227
18;226
18;226
18;225
18;225
18;224
18;224
18;223
18;223
18;222
18;222
18;221
18;221
18;220
18;220
18;219
18;219
18;218
18;218
18;217
18;217
18;216
18;216
18;215
18;215
18;214
18;214
18;213
18;213
18;212
18;212
18;211
18;211
18;210
18;210
18;209
18;209
18;208
18;208
18;207
18;207
18;206
18;206
18;205
18;205
18;204
18;204
18;203
18;203
18;202
18;202
18;201
18;201
18;200
18;200
18;199
18;199
18;198
18;198
18;197
18;197
18;196
18;196
18;195
18;195
18;194
18;194
18;193
18;193
18;192
18;192
18;191
18;191
18;190
18;190
18;189
18;189
18;188
18;188
18;187
18;187
18;186
18;186
18;185
18;185
18;184
18;184
18;183
18;183
18;182
18;182
18;181
18;181
18;180
18;180
18;179
18;179
18;178
18;178
18;177
18;177
18;176
18;176
18;175
18;175
18;174
18;174
18;173
18;173
18;172
18;172
18;171
18;171
18;170
18;170
18;169
18;169
18;168
18;168
18;167
18;167
18;166
18;166
18;165
18;165
18;164
18;164
18;163
18;163
18;162
18;162
18;161
18;161
18;160
18;160
18;159
18;159
18;158
18;158
18;157
18;157
18;156
18;156
18;155
18;155
18;154
18;154
18;153
18;153
18;152
18;152
18;151
18;151
18;150
18;150
18;149
18;149
18;148
18;148
18;147
18;147
18;146
18;146
18;145
18;145
18;144
18;144
18;143
18;143
18;142
18;142
18;141
18;141
18;140
18;140
18;139
18;139
18;138
18;138
18;137
18;137
18;136
18;136
18;135
18;135
18;134
18;134
18;133
18;133
18;132
18;132
18;131
18;131
18;130
18;130
18;129
18;129
18;128
18;128
18;127
18;127
18;126
18;126
18;125
18;125
18;124
18;124
18;123
18;123
18;122
18;122
18;121
18;121
18;120
18;120
18;119
18;119
18;118
18;118
18;117
18;117
18;116
18;116
18;115
18;115
18;114
18;114
18;113
18;113
18;112
18;112
18;111
18;111
18;110
18;110
18;109
18;109
18;108
18;108
18;107
18;107
18;106
18;106
18;105
18;105
18;104
18;104
18;103
18;103
18;102
18;102
18;101
18;101
18;100
18;100
18;99
18;99
18;98
18;98
18;97
18;97
18;96
18;96
18;95
18;95
18;94
18;94
18;93
18;93
18;92
18;92
18;91
18;91
18;90
18;90
18;89
18;89
18;88
18;88
18;87
18;87
18;86
18;86
18;85
18;85
18;84
18;84
18;83
18;83
18;82
18;82
18;81
18;81
18;80
18;80
18;79
18;79
18;78
18;78
18;77
18;77
18;76
18;76
18;75
18;75
18;74
18;74
18;73
18;73
18;72
18;72
18;71
18;71
18;70
18;70
18;69
18;69
18;68
18;68
18;67
18;67
18;66
18;66
18;65
18;65
18;64
18;64
18;63
18;63
18;62
18;62
18;61
18;61
18;60
18;60
18;59
18;59
18;58
18;58
18;57
18;57
18;56
18;56
18;55
18;55
18;54
18;54
18;53
18;53
18;52
18;52
18;51
18;51
18;50
18;50
18;49
18;49
18;48
18;48
18;47
18;47
18;46
18;46
18;45
18;45
18;44
18;44
18;43
18;43
18;42
18;42
18;41
18;41
18;40
18;40
18;39
18;39
18;38
18;38
18;37
18;37
18;36
18;36
18;35
18;35
18;34
18;34
18;33
18;33
18;32
18;32
18;31
18;31
18;30
18;30
18;29
18;29
18;28
18;28
18;27
18;27
18;26
18;26
18;25
18;25
18;24
18;24
18;23
18;23
18;22
18;22
18;21
18;21
18;20
18;20
18;19
18;19
18;18
18;18
18;17
18;17
18;16
18;16
18;15
18;15
18;14
18;14
18;13
18;13
18;12
18;12
18;11
18;11
18;10
18;10
18;9
18;9
18;8
18;8
18;7
18;7
18;6
18;6
18;5
18;5
18;4
18;4
18;3
18;3
18;2
18;2
18;1
18;1
19;1515
19;1515
19;1514
19;1514
19;1513
19;1513
19;1512
19;1512
19;1511
19;1511
19;1510
19;1510
19;1509
19;1509
19;1508
19;1508
19;1507
19;1507
19;1506
19;1506
19;1505
19;1505
19;1504
19;1504
19;1503
19;1503
19;1502
19;1502
19;1501
19;1501
19;1500
19;1500
19;1499
19;1499
19;1498
19;1498
19;1497
19;1497
19;1496
19;1496
19;1495
19;1495
19;1494
19;1494
19;1493
19;1493
19;1492
19;1492
19;1491
19;1491
19;1490
19;1490
19;1489
19;1489
19;1488
19;1488
19;1487
19;1487
19;1486
19;1486
19;1485
19;1485
19;1484
19;1484
19;1483
19;1483
19;1482
19;1482
19;1481
19;1481
19;1480
19;1480
19;1479
19;1479
19;1478
19;1478
19;1477
19;1477
19;1476
19;1476
19;1475
19;1475
19;1474
19;1474
19;1473
19;1473
19;1472
19;1472
19;1471
19;1471
19;1470
19;1470
19;1469
19;1469
19;1468
19;1468
19;1467
19;1467
19;1466
19;1466
19;1465
19;1465
19;1464
19;1464
19;1463
19;1463
19;1462
19;1462
19;1461
19;1461
19;1460
19;1460
19;1459
19;1459
19;1458
19;1458
19;1457
19;1457
19;1456
19;1456
19;1455
19;1455
19;1454
19;1454
19;1453
19;1453
19;1452
19;1452
19;1451
19;1451
19;1450
19;1450
19;1449
19;1449
19;1448
19;1448
19;1447
19;1447
19;1446
19;1446
19;1445
19;1445
19;1444
19;1444
19;1443
19;1443
19;1442
19;1442
19;1441
19;1441
19;1440
19;1440
19;1439
19;1439
19;1438
19;1438
19;1437
19;1437
19;1436
19;1436
19;1435
19;1435
19;1434
19;1434
19;1433
19;1433
19;1432
19;1432
19;1431
19;1431
19;1430
19;1430
19;1429
19;1429
19;1428
19;1428
19;1427
19;1427
19;1426
19;1426
19;1425
19;1425
19;1424
19;1424
19;1423
19;1423
19;1422
19;1422
19;1421
19;1421
19;1420
19;1420
19;1419
19;1419
19;1418
19;1418
19;1417
19;1417
19;1416
19;1416
19;1415
19;1415
19;1414
19;1414
19;1413
19;1413
19;1412
19;1412
19;1411
19;1411
19;1410
19;1410
19;1409
19;1409
19;1408
19;1408
19;1407
19;1407
19;1406
19;1406
19;1405
19;1405
19;1404
19;1404
19;1403
19;1403
19;1402
19;1402
19;1401
19;1401
19;1400
19;1400
19;1399
19;1399
19;1398
19;1398
19;1397
19;1397
19;1396
19;1396
19;1395
19;1395
19;1394
19;1394
19;1393
19;1393
19;1392
19;1392
19;1391
19;1391
19;1390
19;1390
19;1389
19;1389
19;1388
19;1388
19;1387
19;1387
19;1386
19;1386
19;1385
19;1385
19;1384
19;1384
19;1383
19;1383
19;1382
19;1382
19;1381
19;1381
19;1380
19;1380
19;1379
19;1379
19;1378
19;1378
19;1377
19;1377
19;1376
19;1376
19;1375
19;1375
19;1374
19;1374
19;1373
19;1373
19;1372
19;1372
19;1371
19;1371
19;1370
19;1370
19;1369
19;1369
19;1368
19;1368
19;1367
19;1367
19;1366
19;1366
19;1365
19;1365
19;1364
19;1364
19;1363
19;1363
19;1362
19;1362
19;1361
19;1361
19;1360
19;1360
19;1359
19;1359
19;1358
19;1358
19;1357
19;1357
19;1356
19;1356
19;1355
19;1355
19;1354
19;1354
19;1353
19;1353
19;1352
19;1352
19;1351
19;1351
19;1350
19;1350
19;1349
19;1349
19;1348
19;1348
19;1347
19;1347
19;1346
19;1346
19;1345
19;1345
19;1344
19;1344
19;1343
19;1343
19;1342
19;1342
19;1341
19;1341
19;1340
19;1340
19;1339
19;1339
19;1338
19;1338
19;1337
19;1337
19;1336
19;1336
19;1335
19;1335
19;1334
19;1334
19;1333
19;1333
19;1332
19;1332
19;1331
19;1331
19;1330
19;1330
19;1329
19;1329
19;1328
19;1328
19;1327
19;1327
19;1326
19;1326
19;1325
19;1325
19;1324
19;1324
19;1323
19;1323
19;1322
19;1322
19;1321
19;1321
19;1320
19;1320
19;1319
19;1319
19;1318
19;1318
19;1317
19;1317
19;1316
19;1316
19;1315
19;1315
19;1314
19;1314
19;1313
19;1313
19;1312
19;1312
19;1311
19;1311
19;1310
19;1310
19;1309
19;1309
19;1308
19;1308
19;1307
19;1307
19;1306
19;1306
19;1305
19;1305
19;1304
19;1304
19;1303
19;1303
19;1302
19;1302
19;1301
19;1301
19;1300
19;1300
19;1299
19;1299
19;1298
19;1298
19;1297
19;1297
19;1296
19;1296
19;1295
19;1295
19;1294
19;1294
19;1293
19;1293
19;1292
19;1292
19;1291
19;1291
19;1290
19;1290
19;1289
19;1289
19;1288
19;1288
19;1287
19;1287
19;1286
19;1286
19;1285
19;1285
19;1284
19;1284
19;1283
19;1283
19;1282
19;1282
19;1281
19;1281
19;1280
19;1280
19;1279
19;1279
19;1278
19;1278
19;1277
19;1277
19;1276
19;1276
19;1275
19;1275
19;1274
19;1274
19;1273
19;1273
19;1272
19;1272
19;1271
19;1271
19;1270
19;1270
19;1269
19;1269
19;1268
19;1268
19;1267
19;1267
19;1266
19;1266
19;1265
19;1265
19;1264
19;1264
19;1263
19;1263
19;1262
19;1262
19;1261
19;1261
19;1260
19;1260
19;1259
19;1259
19;1258
19;1258
19;1257
19;1257
19;1256
19;1256
19;1255
19;1255
19;1254
19;1254
19;1253
19;1253
19;1252
19;1252
19;1251
19;1251
19;1250
19;1250
19;1249
19;1249
19;1248
19;1248
19;1247
19;1247
19;1246
19;1246
19;1245
19;1245
19;1244
19;1244
19;1243
19;1243
19;1242
19;1242
19;1241
19;1241
19;1240
19;1240
19;1239
19;1239
19;1238
19;1238
19;1237
19;1237
19;1236
19;1236
19;1235
19;1235
19;1234
19;1234
19;1233
19;1233
19;1232
19;1232
19;1231
19;1231
19;1230
19;1230
19;1229
19;1229
19;1228
19;1228
19;1227
19;1227
19;1226
19;1226
19;1225
19;1225
19;1224
19;1224
19;1223
19;1223
19;1222
19;1222
19;1221
19;1221
19;1220
19;1220
19;1219
19;1219
19;1218
19;1218
19;1217
19;1217
19;1216
19;1216
19;1215
19;1215
19;1214
19;1214
19;1213
19;1213
19;1212
19;1212
19;1211
19;1211
19;1210
19;1210
19;1209
19;1209
19;1208
19;1208
19;1207
19;1207
19;1206
19;1206
19;1205
19;1205
19;1204
19;1204
19;1203
19;1203
19;1202
19;1202
19;1201
19;1201
19;1200
19;1200
19;1199
19;1199
19;1198
19;1198
19;1197
19;1197
19;1196
19;1196
19;1195
19;1195
19;1194
19;1194
19;1193
19;1193
19;1192
19;1192
19;1191
19;1191
19;1190
19;1190
19;1189
19;1189
19;1188
19;1188
19;1187
19;1187
19;1186
19;1186
19;1185
19;1185
19;1184
19;1184
19;1183
19;1183
19;1182
19;1182
19;1181
19;1181
19;1180
19;1180
19;1179
19;1179
19;1178
19;1178
19;1177
19;1177
19;1176
19;1176
19;1175
19;1175
19;1174
19;1174
19;1173
19;1173
19;1172
19;1172
19;1171
19;1171
19;1170
19;1170
19;1169
19;1169
19;1168
19;1168
19;1167
19;1167
19;1166
19;1166
19;1165
19;1165
19;1164
19;1164
19;1163
19;1163
19;1162
19;1162
19;1161
19;1161
19;1160
19;1160
19;1159
19;1159
19;1158
19;1158
19;1157
19;1157
19;1156
19;1156
19;1155
19;1155
19;1154
19;1154
19;1153
19;1153
19;1152
19;1152
19;1151
19;1151
19;1150
19;1150
19;1149
19;1149
19;1148
19;1148
19;1147
19;1147
19;1146
19;1146
19;1145
19;1145
19;1144
19;1144
19;1143
19;1143
19;1142
19;1142
19;1141
19;1141
19;1140
19;1140
19;1139
19;1139
19;1138
19;1138
19;1137
19;1137
19;1136
19;1136
19;1135
19;1135
19;1134
19;1134
19;1133
19;1133
19;1132
19;1132
19;1131
19;1131
19;1130
19;1130
19;1129
19;1129
19;1128
19;1128
19;1127
19;1127
19;1126
19;1126
19;1125
19;1125
19;1124
19;1124
19;1123
19;1123
19;1122
19;1122
19;1121
19;1121
19;1120
19;1120
19;1119
19;1119
19;1118
19;1118
19;1117
19;1117
19;1116
19;1116
19;1115
19;1115
19;1114
19;1114
19;1113
19;1113
19;1112
19;1112
19;1111
19;1111
19;1110
19;1110
19;1109
19;1109
19;1108
19;1108
19;1107
19;1107
19;1106
19;1106
19;1105
19;1105
19;1104
19;1104
19;1103
19;1103
19;1102
19;1102
19;1101
19;1101
19;1100
19;1100
19;1099
19;1099
19;1098
19;1098
19;1097
19;1097
19;1096
19;1096
19;1095
19;1095
19;1094
19;1094
19;1093
19;1093
19;1092
19;1092
19;1091
19;1091
19;1090
19;1090
19;1089
19;1089
19;1088
19;1088
19;1087
19;1087
19;1086
19;1086
19;1085
19;1085
19;1084
19;1084
19;1083
19;1083
19;1082
19;1082
19;1081
19;1081
19;1080
19;1080
19;1079
19;1079
19;1078
19;1078
19;1077
19;1077
19;1076
19;1076
19;1075
19;1075
19;1074
19;1074
19;1073
19;1073
19;1072
19;1072
19;1071
19;1071
19;1070
19;1070
19;1069
19;1069
19;1068
19;1068
19;1067
19;1067
19;1066
19;1066
19;1065
19;1065
19;1064
19;1064
19;1063
19;1063
19;1062
19;1062
19;1061
19;1061
19;1060
19;1060
19;1059
19;1059
19;1058
19;1058
19;1057
19;1057
19;1056
19;1056
19;1055
19;1055
19;1054
19;1054
19;1053
19;1053
19;1052
19;1052
19;1051
19;1051
19;1050
19;1050
19;1049
19;1049
19;1048
19;1048
19;1047
19;1047
19;1046
19;1046
19;1045
19;1045
19;1044
19;1044
19;1043
19;1043
19;1042
19;1042
19;1041
19;1041
19;1040
19;1040
19;1039
19;1039
19;1038
19;1038
19;1037
19;1037
19;1036
19;1036
19;1035
19;1035
19;1034
19;1034
19;1033
19;1033
19;1032
19;1032
19;1031
19;1031
19;1030
19;1030
19;1029
19;1029
19;1028
19;1028
19;1027
19;1027
19;1026
19;1026
19;1025
19;1025
19;1024
19;1024
19;1023
19;1023
19;1022
19;1022
19;1021
19;1021
19;1020
19;1020
19;1019
19;1019
19;1018
19;1018
19;1017
19;1017
19;1016
19;1016
19;1015
19;1015
19;1014
19;1014
19;1013
19;1013
19;1012
19;1012
19;1011
19;1011
19;1010
19;1010
19;1009
19;1009
19;1008
19;1008
19;1007
19;1007
19;1006
19;1006
19;1005
19;1005
19;1004
19;1004
19;1003
19;1003
19;1002
19;1002
19;1001
19;1001
19;1000
19;1000
19;999
19;999
19;998
19;998
19;997
19;997
19;996
19;996
19;995
19;995
19;994
19;994
19;993
19;993
19;992
19;992
19;991
19;991
19;990
19;990
19;989
19;989
19;988
19;988
19;987
19;987
19;986
19;986
19;985
19;985
19;984
19;984
19;983
19;983
19;982
19;982
19;981
19;981
19;980
19;980
19;979
19;979
19;978
19;978
19;977
19;977
19;976
19;976
19;975
19;975
19;974
19;974
19;973
19;973
19;972
19;972
19;971
19;971
19;970
19;970
19;969
19;969
19;968
19;968
19;967
19;967
19;966
19;966
19;965
19;965
19;964
19;964
19;963
19;963
19;962
19;962
19;961
19;961
19;960
19;960
19;959
19;959
19;958
19;958
19;957
19;957
19;956
19;956
19;955
19;955
19;954
19;954
19;953
19;953
19;952
19;952
19;951
19;951
19;950
19;950
19;949
19;949
19;948
19;948
19;947
19;947
19;946
19;946
19;945
19;945
19;944
19;944
19;943
19;943
19;942
19;942
19;941
19;941
19;940
19;940
19;939
19;939
19;938
19;938
19;937
19;937
19;936
19;936
19;935
19;935
19;934
19;934
19;933
19;933
19;932
19;932
19;931
19;931
19;930
19;930
19;929
19;929
19;928
19;928
19;927
19;927
19;926
19;926
19;925
19;925
19;924
19;924
19;923
19;923
19;922
19;922
19;921
19;921
19;920
19;920
19;919
19;919
19;918
19;918
19;917
19;917
19;916
19;916
19;915
19;915
19;914
19;914
19;913
19;913
19;912
19;912
19;911
19;911
19;910
19;910
19;909
19;909
19;908
19;908
19;907
19;907
19;906
19;906
19;905
19;905
19;904
19;904
19;903
19;903
19;902
19;902
19;901
19;901
19;900
19;900
19;899
19;899
19;898
19;898
19;897
19;897
19;896
19;896
19;895
19;895
19;894
19;894
19;893
19;893
19;892
19;892
19;891
19;891
19;890
19;890
19;889
19;889
19;888
19;888
19;887
19;887
19;886
19;886
19;885
19;885
19;884
19;884
19;883
19;883
19;882
19;882
19;881
19;881
19;880
19;880
19;879
19;879
19;878
19;878
19;877
19;877
19;876
19;876
19;875
19;875
19;874
19;874
19;873
19;873
19;872
19;872
19;871
19;871
19;870
19;870
19;869
19;869
19;868
19;868
19;867
19;867
19;866
19;866
19;865
19;865
19;864
19;864
19;863
19;863
19;862
19;862
19;861
19;861
19;860
19;860
19;859
19;859
19;858
19;858
19;857
19;857
19;856
19;856
19;855
19;855
19;854
19;854
19;853
19;853
19;852
19;852
19;851
19;851
19;850
19;850
19;849
19;849
19;848
19;848
19;847
19;847
19;846
19;846
19;845
19;845
19;844
19;844
19;843
19;843
19;842
19;842
19;841
19;841
19;840
19;840
19;839
19;839
19;838
19;838
19;837
19;837
19;836
19;836
19;835
19;835
19;834
19;834
19;833
19;833
19;832
19;832
19;831
19;831
19;830
19;830
19;829
19;829
19;828
19;828
19;827
19;827
19;826
19;826
19;825
19;825
19;824
19;824
19;823
19;823
19;822
19;822
19;821
19;821
19;820
19;820
19;819
19;819
19;818
19;818
19;817
19;817
19;816
19;816
19;815
19;815
19;814
19;814
19;813
19;813
19;812
19;812
19;811
19;811
19;810
19;810
19;809
19;809
19;808
19;808
19;807
19;807
19;806
19;806
19;805
19;805
19;804
19;804
19;803
19;803
19;802
19;802
19;801
19;801
19;800
19;800
19;799
19;799
19;798
19;798
19;797
19;797
19;796
19;796
19;795
19;795
19;794
19;794
19;793
19;793
19;792
19;792
19;791
19;791
19;790
19;790
19;789
19;789
19;788
19;788
19;787
19;787
19;786
19;786
19;785
19;785
19;784
19;784
19;783
19;783
19;782
19;782
19;781
19;781
19;780
19;780
19;779
19;779
19;778
19;778
19;777
19;777
19;776
19;776
19;775
19;775
19;774
19;774
19;773
19;773
19;772
19;772
19;771
19;771
19;770
19;770
19;769
19;769
19;768
19;768
19;767
19;767
19;766
19;766
19;765
19;765
19;764
19;764
19;763
19;763
19;762
19;762
19;761
19;761
19;760
19;760
19;759
19;759
19;758
19;758
19;757
19;757
19;756
19;756
19;755
19;755
19;754
19;754
19;753
19;753
19;752
19;752
19;751
19;751
19;750
19;750
19;749
19;749
19;748
19;748
19;747
19;747
19;746
19;746
19;745
19;745
19;744
19;744
19;743
19;743
19;742
19;742
19;741
19;741
19;740
19;740
19;739
19;739
19;738
19;738
19;737
19;737
19;736
19;736
19;735
19;735
19;734
19;734
19;733
19;733
19;732
19;732
19;731
19;731
19;730
19;730
19;729
19;729
19;728
19;728
19;727
19;727
19;726
19;726
19;725
19;725
19;724
19;724
19;723
19;723
19;722
19;722
19;721
19;721
19;720
19;720
19;719
19;719
19;718
19;718
19;717
19;717
19;716
19;716
19;715
19;715
19;714
19;714
19;713
19;713
19;712
19;712
19;711
19;711
19;710
19;710
19;709
19;709
19;708
19;708
19;707
19;707
19;706
19;706
19;705
19;705
19;704
19;704
19;703
19;703
19;702
19;702
19;701
19;701
19;700
19;700
19;699
19;699
19;698
19;698
19;697
19;697
19;696
19;696
19;695
19;695
19;694
19;694
19;693
19;693
19;692
19;692
19;691
19;691
19;690
19;690
19;689
19;689
19;688
19;688
19;687
19;687
19;686
19;686
19;685
19;685
19;684
19;684
19;683
19;683
19;682
19;682
19;681
19;681
19;680
19;680
19;679
19;679
19;678
19;678
19;677
19;677
19;676
19;676
19;675
19;675
19;674
19;674
19;673
19;673
19;672
19;672
19;671
19;671
19;670
19;670
19;669
19;669
19;668
19;668
19;667
19;667
19;666
19;666
19;665
19;665
19;664
19;664
19;663
19;663
19;662
19;662
19;661
19;661
19;660
19;660
19;659
19;659
19;658
19;658
19;657
19;657
19;656
19;656
19;655
19;655
19;654
19;654
19;653
19;653
19;652
19;652
19;651
19;651
19;650
19;650
19;649
19;649
19;648
19;648
19;647
19;647
19;646
19;646
19;645
19;645
19;644
19;644
19;643
19;643
19;642
19;642
19;641
19;641
19;640
19;640
19;639
19;639
19;638
19;638
19;637
19;637
19;636
19;636
19;635
19;635
19;634
19;634
19;633
19;633
19;632
19;632
19;631
19;631
19;630
19;630
19;629
19;629
19;628
19;628
19;627
19;627
19;626
19;626
19;625
19;625
19;624
19;624
19;623
19;623
19;622
19;622
19;621
19;621
19;620
19;620
19;619
19;619
19;618
19;618
19;617
19;617
19;616
19;616
19;615
19;615
19;614
19;614
19;613
19;613
19;612
19;612
19;611
19;611
19;610
19;610
19;609
19;609
19;608
19;608
19;607
19;607
19;606
19;606
19;605
19;605
19;604
19;604
19;603
19;603
19;602
19;602
19;601
19;601
19;600
19;600
19;599
19;599
19;598
19;598
19;597
19;597
19;596
19;596
19;595
19;595
19;594
19;594
19;593
19;593
19;592
19;592
19;591
19;591
19;590
19;590
19;589
19;589
19;588
19;588
19;587
19;587
19;586
19;586
19;585
19;585
19;584
19;584
19;583
19;583
19;582
19;582
19;581
19;581
19;580
19;580
19;579
19;579
19;578
19;578
19;577
19;577
19;576
19;576
19;575
19;575
19;574
19;574
19;573
19;573
19;572
19;572
19;571
19;571
19;570
19;570
19;569
19;569
19;568
19;568
19;567
19;567
19;566
19;566
19;565
19;565
19;564
19;564
19;563
19;563
19;562
19;562
19;561
19;561
19;560
19;560
19;559
19;559
19;558
19;558
19;557
19;557
19;556
19;556
19;555
19;555
19;554
19;554
19;553
19;553
19;552
19;552
19;551
19;551
19;550
19;550
19;549
19;549
19;548
19;548
19;547
19;547
19;546
19;546
19;545
19;545
19;544
19;544
19;543
19;543
19;542
19;542
19;541
19;541
19;540
19;540
19;539
19;539
19;538
19;538
19;537
19;537
19;536
19;536
19;535
19;535
19;534
19;534
19;533
19;533
19;532
19;532
19;531
19;531
19;530
19;530
19;529
19;529
19;528
19;528
19;527
19;527
19;526
19;526
19;525
19;525
19;524
19;524
19;523
19;523
19;522
19;522
19;521
19;521
19;520
19;520
19;519
19;519
19;518
19;518
19;517
19;517
19;516
19;516
19;515
19;515
19;514
19;514
19;513
19;513
19;512
19;512
19;511
19;511
19;510
19;510
19;509
19;509
19;508
19;508
19;507
19;507
19;506
19;506
19;505
19;505
19;504
19;504
19;503
19;503
19;502
19;502
19;501
19;501
19;500
19;500
19;499
19;499
19;498
19;498
19;497
19;497
19;496
19;496
19;495
19;495
19;494
19;494
19;493
19;493
19;492
19;492
19;491
19;491
19;490
19;490
19;489
19;489
19;488
19;488
19;487
19;487
19;486
19;486
19;485
19;485
19;484
19;484
19;483
19;483
19;482
19;482
19;481
19;481
19;480
19;480
19;479
19;479
19;478
19;478
19;477
19;477
19;476
19;476
19;475
19;475
19;474
19;474
19;473
19;473
19;472
19;472
19;471
19;471
19;470
19;470
19;469
19;469
19;468
19;468
19;467
19;467
19;466
19;466
19;465
19;465
19;464
19;464
19;463
19;463
19;462
19;462
19;461
19;461
19;460
19;460
19;459
19;459
19;458
19;458
19;457
19;457
19;456
19;456
19;455
19;455
19;454
19;454
19;453
19;453
19;452
19;452
19;451
19;451
19;450
19;450
19;449
19;449
19;448
19;448
19;447
19;447
19;446
19;446
19;445
19;445
19;444
19;444
19;443
19;443
19;442
19;442
19;441
19;441
19;440
19;440
19;439
19;439
19;438
19;438
19;437
19;437
19;436
19;436
19;435
19;435
19;434
19;434
19;433
19;433
19;432
19;432
19;431
19;431
19;430
19;430
19;429
19;429
19;428
19;428
19;427
19;427
19;426
19;426
19;425
19;425
19;424
19;424
19;423
19;423
19;422
19;422
19;421
19;421
19;420
19;420
19;419
19;419
19;418
19;418
19;417
19;417
19;416
19;416
19;415
19;415
19;414
19;414
19;413
19;413
19;412
19;412
19;411
19;411
19;410
19;410
19;409
19;409
19;408
19;408
19;407
19;407
19;406
19;406
19;405
19;405
19;404
19;404
19;403
19;403
19;402
19;402
19;401
19;401
19;400
19;400
19;399
19;399
19;398
19;398
19;397
19;397
19;396
19;396
19;395
19;395
19;394
19;394
19;393
19;393
19;392
19;392
19;391
19;391
19;390
19;390
19;389
19;389
19;388
19;388
19;387
19;387
19;386
19;386
19;385
19;385
19;384
19;384
19;383
19;383
19;382
19;382
19;381
19;381
19;380
19;380
19;379
19;379
19;378
19;378
19;377
19;377
19;376
19;376
19;375
19;375
19;374
19;374
19;373
19;373
19;372
19;372
19;371
19;371
19;370
19;370
19;369
19;369
19;368
19;368
19;367
19;367
19;366
19;366
19;365
19;365
19;364
19;364
19;363
19;363
19;362
19;362
19;361
19;361
19;360
19;360
19;359
19;359
19;358
19;358
19;357
19;357
19;356
19;356
19;355
19;355
19;354
19;354
19;353
19;353
19;352
19;352
19;351
19;351
19;350
19;350
19;349
19;349
19;348
19;348
19;347
19;347
19;346
19;346
19;345
19;345
19;344
19;344
19;343
19;343
19;342
19;342
19;341
19;341
19;340
19;340
19;339
19;339
19;338
19;338
19;337
19;337
19;336
19;336
19;335
19;335
19;334
19;334
19;333
19;333
19;332
19;332
19;331
19;331
19;330
19;330
19;329
19;329
19;328
19;328
19;327
19;327
19;326
19;326
19;325
19;325
19;324
19;324
19;323
19;323
19;322
19;322
19;321
19;321
19;320
19;320
19;319
19;319
19;318
19;318
19;317
19;317
19;316
19;316
19;315
19;315
19;314
19;314
19;313
19;313
19;312
19;312
19;311
19;311
19;310
19;310
19;309
19;309
19;308
19;308
19;307
19;307
19;306
19;306
19;305
19;305
19;304
19;304
19;303
19;303
19;302
19;302
19;301
19;301
19;300
19;300
19;299
19;299
19;298
19;298
19;297
19;297
19;296
19;296
19;295
19;295
19;294
19;294
19;293
19;293
19;292
19;292
19;291
19;291
19;290
19;290
19;289
19;289
19;288
19;288
19;287
19;287
19;286
19;286
19;285
19;285
19;284
19;284
19;283
19;283
19;282
19;282
19;281
19;281
19;280
19;280
19;279
19;279
19;278
19;278
19;277
19;277
19;276
19;276
19;275
19;275
19;274
19;274
19;273
19;273
19;272
19;272
19;271
19;271
19;270
19;270
19;269
19;269
19;268
19;268
19;267
19;267
19;266
19;266
19;265
19;265
19;264
19;264
19;263
19;263
19;262
19;262
19;261
19;261
19;260
19;260
19;259
19;259
19;258
19;258
19;257
19;257
19;256
19;256
19;255
19;255
19;254
19;254
19;253
19;253
19;252
19;252
19;251
19;251
19;250
19;250
19;249
19;249
19;248
19;248
19;247
19;247
19;246
19;246
19;245
19;245
19;244
19;244
19;243
19;243
19;242
19;242
19;241
19;241
19;240
19;240
19;239
19;239
19;238
19;238
19;237
19;237
19;236
19;236
19;235
19;235
19;234
19;234
19;233
19;233
19;232
19;232
19;231
19;231
19;230
19;230
19;229
19;229
19;228
19;228
19;227
19;227
19;226
19;226
19;225
19;225
19;224
19;224
19;223
19;223
19;222
19;222
19;221
19;221
19;220
19;220
19;219
19;219
19;218
19;218
19;217
19;217
19;216
19;216
19;215
19;215
19;214
19;214
19;213
19;213
19;212
19;212
19;211
19;211
19;210
19;210
19;209
19;209
19;208
19;208
19;207
19;207
19;206
19;206
19;205
19;205
19;204
19;204
19;203
19;203
19;202
19;202
19;201
19;201
19;200
19;200
19;199
19;199
19;198
19;198
19;197
19;197
19;196
19;196
19;195
19;195
19;194
19;194
19;193
19;193
19;192
19;192
19;191
19;191
19;190
19;190
19;189
19;189
19;188
19;188
19;187
19;187
19;186
19;186
19;185
19;185
19;184
19;184
19;183
19;183
19;182
19;182
19;181
19;181
19;180
19;180
19;179
19;179
19;178
19;178
19;177
19;177
19;176
19;176
19;175
19;175
19;174
19;174
19;173
19;173
19;172
19;172
19;171
19;171
19;170
19;170
19;169
19;169
19;168
19;168
19;167
19;167
19;166
19;166
19;165
19;165
19;164
19;164
19;163
19;163
19;162
19;162
19;161
19;161
19;160
19;160
19;159
19;159
19;158
19;158
19;157
19;157
19;156
19;156
19;155
19;155
19;154
19;154
19;153
19;153
19;152
19;152
19;151
19;151
19;150
19;150
19;149
19;149
19;148
19;148
19;147
19;147
19;146
19;146
19;145
19;145
19;144
19;144
19;143
19;143
19;142
19;142
19;141
19;141
19;140
19;140
19;139
19;139
19;138
19;138
19;137
19;137
19;136
19;136
19;135
19;135
19;134
19;134
19;133
19;133
19;132
19;132
19;131
19;131
19;130
19;130
19;129
19;129
19;128
19;128
19;127
19;127
19;126
19;126
19;125
19;125
19;124
19;124
19;123
19;123
19;122
19;122
19;121
19;121
19;120
19;120
19;119
19;119
19;118
19;118
19;117
19;117
19;116
19;116
19;115
19;115
19;114
19;114
19;113
19;113
19;112
19;112
19;111
19;111
19;110
19;110
19;109
19;109
19;108
19;108
19;107
19;107
19;106
19;106
19;105
19;105
19;104
19;104
19;103
19;103
19;102
19;102
19;101
19;101
19;100
19;100
19;99
19;99
19;98
19;98
19;97
19;97
19;96
19;96
19;95
19;95
19;94
19;94
19;93
19;93
19;92
19;92
19;91
19;91
19;90
19;90
19;89
19;89
19;88
19;88
19;87
19;87
19;86
19;86
19;85
19;85
19;84
19;84
19;83
19;83
19;82
19;82
19;81
19;81
19;80
19;80
19;79
19;79
19;78
19;78
19;77
19;77
19;76
19;76
19;75
19;75
19;74
19;74
19;73
19;73
19;72
19;72
19;71
19;71
19;70
19;70
19;69
19;69
19;68
19;68
19;67
19;67
19;66
19;66
19;65
19;65
19;64
19;64
19;63
19;63
19;62
19;62
19;61
19;61
19;60
19;60
19;59
19;59
19;58
19;58
19;57
19;57
19;56
19;56
19;55
19;55
19;54
19;54
19;53
19;53
19;52
19;52
19;51
19;51
19;50
19;50
19;49
19;49
19;48
19;48
19;47
19;47
19;46
19;46
19;45
19;45
19;44
19;44
19;43
19;43
19;42
19;42
19;41
19;41
19;40
19;40
19;39
19;39
19;38
19;38
19;37
19;37
19;36
19;36
19;35
19;35
19;34
19;34
19;33
19;33
19;32
19;32
19;31
19;31
19;30
19;30
19;29
19;29
19;28
19;28
19;27
19;27
19;26
19;26
19;25
19;25
19;24
19;24
19;23
19;23
19;22
19;22
19;21
19;21
19;20
19;20
19;19
19;19
19;18
19;18
19;17
19;17
19;16
19;16
19;15
19;15
19;14
19;14
19;13
19;13
19;12
19;12
19;11
19;11
19;10
19;10
19;9
19;9
19;8
19;8
19;7
19;7
19;6
19;6
19;5
19;5
19;4
19;4
19;3
19;3
19;2
19;2
19;1
19;1
